Density,Region,Metric_Value,Group,Method,Parcellation,Feature,Mean_Metric,SD_Metric,High_Threshold,Is_High_Node,Mapping_Region,Von_Economo_Class,Von_Economo_Label,Broad_Category,Is_Association_Cortex
0.05,lh_caudalmiddlefrontal_part1,0.7254204439427533,Control,maxSW,500.aparc,Node Versatility,0.41028301774323506,0.23965331352553246,0.6499363312687675,True,lh_caudalmiddlefrontal_part1,2,Association cortex - type 1,Association,True
0.05,lh_entorhinal_part1,0.9341076506060848,Control,maxSW,500.aparc,Node Versatility,0.41028301774323506,0.23965331352553246,0.6499363312687675,True,lh_entorhinal_part1,6,Limbic cortex,Limbic,False
0.05,lh_fusiform_part2,0.7559495919312886,Control,maxSW,500.aparc,Node Versatility,0.41028301774323506,0.23965331352553246,0.6499363312687675,True,lh_fusiform_part2,2,Association cortex - type 1,Association,True
0.05,lh_fusiform_part4,0.6901364635587853,Control,maxSW,500.aparc,Node Versatility,0.41028301774323506,0.23965331352553246,0.6499363312687675,True,lh_fusiform_part4,2,Association cortex - type 1,Association,True
0.05,lh_inferiortemporal_part3,0.683493816329299,Control,maxSW,500.aparc,Node Versatility,0.41028301774323506,0.23965331352553246,0.6499363312687675,True,lh_inferiortemporal_part3,2,Association cortex - type 1,Association,True
0.05,lh_inferiortemporal_part4,0.7455114804774523,Control,maxSW,500.aparc,Node Versatility,0.41028301774323506,0.23965331352553246,0.6499363312687675,True,lh_inferiortemporal_part4,2,Association cortex - type 1,Association,True
0.05,lh_inferiortemporal_part5,0.7797091491296059,Control,maxSW,500.aparc,Node Versatility,0.41028301774323506,0.23965331352553246,0.6499363312687675,True,lh_inferiortemporal_part5,2,Association cortex - type 1,Association,True
0.05,lh_inferiortemporal_part6,0.7132162442569226,Control,maxSW,500.aparc,Node Versatility,0.41028301774323506,0.23965331352553246,0.6499363312687675,True,lh_inferiortemporal_part6,2,Association cortex - type 1,Association,True
0.05,lh_insula_part2,0.9412602517496026,Control,maxSW,500.aparc,Node Versatility,0.41028301774323506,0.23965331352553246,0.6499363312687675,True,lh_insula_part2,7,Insular cortex,Insular,False
0.05,lh_isthmuscingulate_part1,0.712940374340756,Control,maxSW,500.aparc,Node Versatility,0.41028301774323506,0.23965331352553246,0.6499363312687675,True,lh_isthmuscingulate_part1,6,Limbic cortex,Limbic,False
0.05,lh_lateraloccipital_part7,0.6663336006897638,Control,maxSW,500.aparc,Node Versatility,0.41028301774323506,0.23965331352553246,0.6499363312687675,True,lh_lateraloccipital_part7,4,Secondary sensory cortex,Secondary,False
0.05,lh_lateralorbitofrontal_part1,0.7232084138205964,Control,maxSW,500.aparc,Node Versatility,0.41028301774323506,0.23965331352553246,0.6499363312687675,True,lh_lateralorbitofrontal_part1,4,Secondary sensory cortex,Secondary,False
0.05,lh_lateralorbitofrontal_part2,0.7704739182029978,Control,maxSW,500.aparc,Node Versatility,0.41028301774323506,0.23965331352553246,0.6499363312687675,True,lh_lateralorbitofrontal_part2,4,Secondary sensory cortex,Secondary,False
0.05,lh_lateralorbitofrontal_part3,0.6928606488462489,Control,maxSW,500.aparc,Node Versatility,0.41028301774323506,0.23965331352553246,0.6499363312687675,True,lh_lateralorbitofrontal_part3,4,Secondary sensory cortex,Secondary,False
0.05,lh_medialorbitofrontal_part1,0.9035836824064364,Control,maxSW,500.aparc,Node Versatility,0.41028301774323506,0.23965331352553246,0.6499363312687675,True,lh_medialorbitofrontal_part1,4,Secondary sensory cortex,Secondary,False
0.05,lh_middletemporal_part5,0.7086861374616849,Control,maxSW,500.aparc,Node Versatility,0.41028301774323506,0.23965331352553246,0.6499363312687675,True,lh_middletemporal_part5,2,Association cortex - type 1,Association,True
0.05,lh_paracentral_part3,0.940473620105446,Control,maxSW,500.aparc,Node Versatility,0.41028301774323506,0.23965331352553246,0.6499363312687675,True,lh_paracentral_part3,1,Primary motor cortex,Primary,False
0.05,lh_parahippocampal_part1,0.7274195920929357,Control,maxSW,500.aparc,Node Versatility,0.41028301774323506,0.23965331352553246,0.6499363312687675,True,lh_parahippocampal_part1,6,Limbic cortex,Limbic,False
0.05,lh_precentral_part5,0.8342954408902064,Control,maxSW,500.aparc,Node Versatility,0.41028301774323506,0.23965331352553246,0.6499363312687675,True,lh_precentral_part5,1,Primary motor cortex,Primary,False
0.05,lh_precentral_part7,0.6642002031725406,Control,maxSW,500.aparc,Node Versatility,0.41028301774323506,0.23965331352553246,0.6499363312687675,True,lh_precentral_part7,1,Primary motor cortex,Primary,False
0.05,lh_precuneus_part6,0.8802614313271406,Control,maxSW,500.aparc,Node Versatility,0.41028301774323506,0.23965331352553246,0.6499363312687675,True,lh_precuneus_part6,2,Association cortex - type 1,Association,True
0.05,lh_precuneus_part7,0.8225481398945822,Control,maxSW,500.aparc,Node Versatility,0.41028301774323506,0.23965331352553246,0.6499363312687675,True,lh_precuneus_part7,2,Association cortex - type 1,Association,True
0.05,lh_rostralanteriorcingulate_part1,0.7233678299923916,Control,maxSW,500.aparc,Node Versatility,0.41028301774323506,0.23965331352553246,0.6499363312687675,True,lh_rostralanteriorcingulate_part1,6,Limbic cortex,Limbic,False
0.05,lh_rostralmiddlefrontal_part10,0.8824333362482125,Control,maxSW,500.aparc,Node Versatility,0.41028301774323506,0.23965331352553246,0.6499363312687675,True,lh_rostralmiddlefrontal_part10,3,Association cortex - type 2,Association,True
0.05,lh_superiorfrontal_part10,0.677914638799555,Control,maxSW,500.aparc,Node Versatility,0.41028301774323506,0.23965331352553246,0.6499363312687675,True,lh_superiorfrontal_part10,2,Association cortex - type 1,Association,True
0.05,lh_superiorfrontal_part11,0.7292566062886704,Control,maxSW,500.aparc,Node Versatility,0.41028301774323506,0.23965331352553246,0.6499363312687675,True,lh_superiorfrontal_part11,2,Association cortex - type 1,Association,True
0.05,lh_superiorfrontal_part12,0.6798527314143429,Control,maxSW,500.aparc,Node Versatility,0.41028301774323506,0.23965331352553246,0.6499363312687675,True,lh_superiorfrontal_part12,2,Association cortex - type 1,Association,True
0.05,lh_superiorfrontal_part3,0.6898090274089832,Control,maxSW,500.aparc,Node Versatility,0.41028301774323506,0.23965331352553246,0.6499363312687675,True,lh_superiorfrontal_part3,2,Association cortex - type 1,Association,True
0.05,lh_superiorfrontal_part4,0.7290923846402105,Control,maxSW,500.aparc,Node Versatility,0.41028301774323506,0.23965331352553246,0.6499363312687675,True,lh_superiorfrontal_part4,2,Association cortex - type 1,Association,True
0.05,lh_superiorfrontal_part7,0.7083492647677133,Control,maxSW,500.aparc,Node Versatility,0.41028301774323506,0.23965331352553246,0.6499363312687675,True,lh_superiorfrontal_part7,2,Association cortex - type 1,Association,True
0.05,lh_superiorfrontal_part9,0.6798301695470795,Control,maxSW,500.aparc,Node Versatility,0.41028301774323506,0.23965331352553246,0.6499363312687675,True,lh_superiorfrontal_part9,2,Association cortex - type 1,Association,True
0.05,lh_supramarginal_part6,0.8151554067020422,Control,maxSW,500.aparc,Node Versatility,0.41028301774323506,0.23965331352553246,0.6499363312687675,True,lh_supramarginal_part6,3,Association cortex - type 2,Association,True
0.05,rh_caudalmiddlefrontal_part2,0.8962253868022172,Control,maxSW,500.aparc,Node Versatility,0.41028301774323506,0.23965331352553246,0.6499363312687675,True,rh_caudalmiddlefrontal_part2,2,Association cortex - type 1,Association,True
0.05,rh_entorhinal_part1,0.9341076506060848,Control,maxSW,500.aparc,Node Versatility,0.41028301774323506,0.23965331352553246,0.6499363312687675,True,rh_entorhinal_part1,6,Limbic cortex,Limbic,False
0.05,rh_fusiform_part2,0.7559495919312886,Control,maxSW,500.aparc,Node Versatility,0.41028301774323506,0.23965331352553246,0.6499363312687675,True,rh_fusiform_part2,2,Association cortex - type 1,Association,True
0.05,rh_fusiform_part3,0.991954490741618,Control,maxSW,500.aparc,Node Versatility,0.41028301774323506,0.23965331352553246,0.6499363312687675,True,rh_fusiform_part3,2,Association cortex - type 1,Association,True
0.05,rh_fusiform_part4,0.7203549325915845,Control,maxSW,500.aparc,Node Versatility,0.41028301774323506,0.23965331352553246,0.6499363312687675,True,rh_fusiform_part4,2,Association cortex - type 1,Association,True
0.05,rh_inferiorparietal_part3,0.855209147478628,Control,maxSW,500.aparc,Node Versatility,0.41028301774323506,0.23965331352553246,0.6499363312687675,True,rh_inferiorparietal_part3,3,Association cortex - type 2,Association,True
0.05,rh_inferiortemporal_part2,0.7970089939108672,Control,maxSW,500.aparc,Node Versatility,0.41028301774323506,0.23965331352553246,0.6499363312687675,True,rh_inferiortemporal_part2,2,Association cortex - type 1,Association,True
0.05,rh_inferiortemporal_part4,0.8678446599224778,Control,maxSW,500.aparc,Node Versatility,0.41028301774323506,0.23965331352553246,0.6499363312687675,True,rh_inferiortemporal_part4,2,Association cortex - type 1,Association,True
0.05,rh_inferiortemporal_part5,0.7824712310790894,Control,maxSW,500.aparc,Node Versatility,0.41028301774323506,0.23965331352553246,0.6499363312687675,True,rh_inferiortemporal_part5,2,Association cortex - type 1,Association,True
0.05,rh_insula_part1,0.9412602517496026,Control,maxSW,500.aparc,Node Versatility,0.41028301774323506,0.23965331352553246,0.6499363312687675,True,rh_insula_part1,7,Insular cortex,Insular,False
0.05,rh_isthmuscingulate_part1,0.8663876019127202,Control,maxSW,500.aparc,Node Versatility,0.41028301774323506,0.23965331352553246,0.6499363312687675,True,rh_isthmuscingulate_part1,6,Limbic cortex,Limbic,False
0.05,rh_lateraloccipital_part6,0.6516733906556527,Control,maxSW,500.aparc,Node Versatility,0.41028301774323506,0.23965331352553246,0.6499363312687675,True,rh_lateraloccipital_part6,4,Secondary sensory cortex,Secondary,False
0.05,rh_lateralorbitofrontal_part1,0.7132162442569226,Control,maxSW,500.aparc,Node Versatility,0.41028301774323506,0.23965331352553246,0.6499363312687675,True,rh_lateralorbitofrontal_part1,4,Secondary sensory cortex,Secondary,False
0.05,rh_lateralorbitofrontal_part2,0.8266809956738251,Control,maxSW,500.aparc,Node Versatility,0.41028301774323506,0.23965331352553246,0.6499363312687675,True,rh_lateralorbitofrontal_part2,4,Secondary sensory cortex,Secondary,False
0.05,rh_lateralorbitofrontal_part3,0.7044028835039282,Control,maxSW,500.aparc,Node Versatility,0.41028301774323506,0.23965331352553246,0.6499363312687675,True,rh_lateralorbitofrontal_part3,4,Secondary sensory cortex,Secondary,False
0.05,rh_medialorbitofrontal_part2,0.9064993139795312,Control,maxSW,500.aparc,Node Versatility,0.41028301774323506,0.23965331352553246,0.6499363312687675,True,rh_medialorbitofrontal_part2,4,Secondary sensory cortex,Secondary,False
0.05,rh_medialorbitofrontal_part3,0.9370255264296764,Control,maxSW,500.aparc,Node Versatility,0.41028301774323506,0.23965331352553246,0.6499363312687675,True,rh_medialorbitofrontal_part3,4,Secondary sensory cortex,Secondary,False
0.05,rh_middletemporal_part1,0.7222566019226688,Control,maxSW,500.aparc,Node Versatility,0.41028301774323506,0.23965331352553246,0.6499363312687675,True,rh_middletemporal_part1,2,Association cortex - type 1,Association,True
0.05,rh_middletemporal_part6,0.7348849806287787,Control,maxSW,500.aparc,Node Versatility,0.41028301774323506,0.23965331352553246,0.6499363312687675,True,rh_middletemporal_part6,2,Association cortex - type 1,Association,True
0.05,rh_parahippocampal_part2,0.7274195920929357,Control,maxSW,500.aparc,Node Versatility,0.41028301774323506,0.23965331352553246,0.6499363312687675,True,rh_parahippocampal_part2,6,Limbic cortex,Limbic,False
0.05,rh_precuneus_part5,0.696373759539862,Control,maxSW,500.aparc,Node Versatility,0.41028301774323506,0.23965331352553246,0.6499363312687675,True,rh_precuneus_part5,2,Association cortex - type 1,Association,True
0.05,rh_rostralanteriorcingulate_part1,0.6921520171013212,Control,maxSW,500.aparc,Node Versatility,0.41028301774323506,0.23965331352553246,0.6499363312687675,True,rh_rostralanteriorcingulate_part1,6,Limbic cortex,Limbic,False
0.05,rh_superiorfrontal_part12,0.8155000452451808,Control,maxSW,500.aparc,Node Versatility,0.41028301774323506,0.23965331352553246,0.6499363312687675,True,rh_superiorfrontal_part12,2,Association cortex - type 1,Association,True
0.05,rh_superiorfrontal_part4,0.8291714759183155,Control,maxSW,500.aparc,Node Versatility,0.41028301774323506,0.23965331352553246,0.6499363312687675,True,rh_superiorfrontal_part4,2,Association cortex - type 1,Association,True
0.05,rh_superiorfrontal_part5,0.7362474579614061,Control,maxSW,500.aparc,Node Versatility,0.41028301774323506,0.23965331352553246,0.6499363312687675,True,rh_superiorfrontal_part5,2,Association cortex - type 1,Association,True
0.05,rh_superiorfrontal_part9,0.7974131091991629,Control,maxSW,500.aparc,Node Versatility,0.41028301774323506,0.23965331352553246,0.6499363312687675,True,rh_superiorfrontal_part9,2,Association cortex - type 1,Association,True
0.05,rh_superiorparietal_part1,0.6663336006897638,Control,maxSW,500.aparc,Node Versatility,0.41028301774323506,0.23965331352553246,0.6499363312687675,True,rh_superiorparietal_part1,2,Association cortex - type 1,Association,True
0.05,rh_superiortemporal_part4,0.7590300362407673,Control,maxSW,500.aparc,Node Versatility,0.41028301774323506,0.23965331352553246,0.6499363312687675,True,rh_superiortemporal_part4,3,Association cortex - type 2,Association,True
0.1,lh_caudalmiddlefrontal_part1,0.7603622867538617,Control,maxSW,500.aparc,Node Versatility,0.3862759738315114,0.25129767332982805,0.6375736471613395,True,lh_caudalmiddlefrontal_part1,2,Association cortex - type 1,Association,True
0.1,lh_caudalmiddlefrontal_part2,0.7557184948339014,Control,maxSW,500.aparc,Node Versatility,0.3862759738315114,0.25129767332982805,0.6375736471613395,True,lh_caudalmiddlefrontal_part2,2,Association cortex - type 1,Association,True
0.1,lh_fusiform_part2,0.7339263087722344,Control,maxSW,500.aparc,Node Versatility,0.3862759738315114,0.25129767332982805,0.6375736471613395,True,lh_fusiform_part2,2,Association cortex - type 1,Association,True
0.1,lh_inferiorparietal_part1,0.6822943787955408,Control,maxSW,500.aparc,Node Versatility,0.3862759738315114,0.25129767332982805,0.6375736471613395,True,lh_inferiorparietal_part1,3,Association cortex - type 2,Association,True
0.1,lh_inferiorparietal_part2,0.702355005909727,Control,maxSW,500.aparc,Node Versatility,0.3862759738315114,0.25129767332982805,0.6375736471613395,True,lh_inferiorparietal_part2,3,Association cortex - type 2,Association,True
0.1,lh_inferiorparietal_part4,0.6942699535384348,Control,maxSW,500.aparc,Node Versatility,0.3862759738315114,0.25129767332982805,0.6375736471613395,True,lh_inferiorparietal_part4,3,Association cortex - type 2,Association,True
0.1,lh_inferiortemporal_part4,0.8386970653728587,Control,maxSW,500.aparc,Node Versatility,0.3862759738315114,0.25129767332982805,0.6375736471613395,True,lh_inferiortemporal_part4,2,Association cortex - type 1,Association,True
0.1,lh_inferiortemporal_part6,0.7247788390736645,Control,maxSW,500.aparc,Node Versatility,0.3862759738315114,0.25129767332982805,0.6375736471613395,True,lh_inferiortemporal_part6,2,Association cortex - type 1,Association,True
0.1,lh_insula_part2,1.0,Control,maxSW,500.aparc,Node Versatility,0.3862759738315114,0.25129767332982805,0.6375736471613395,True,lh_insula_part2,7,Insular cortex,Insular,False
0.1,lh_lateraloccipital_part2,0.8514210185129577,Control,maxSW,500.aparc,Node Versatility,0.3862759738315114,0.25129767332982805,0.6375736471613395,True,lh_lateraloccipital_part2,4,Secondary sensory cortex,Secondary,False
0.1,lh_lateraloccipital_part4,0.9186963703140568,Control,maxSW,500.aparc,Node Versatility,0.3862759738315114,0.25129767332982805,0.6375736471613395,True,lh_lateraloccipital_part4,4,Secondary sensory cortex,Secondary,False
0.1,lh_lateraloccipital_part7,0.9204556809516116,Control,maxSW,500.aparc,Node Versatility,0.3862759738315114,0.25129767332982805,0.6375736471613395,True,lh_lateraloccipital_part7,4,Secondary sensory cortex,Secondary,False
0.1,lh_lateralorbitofrontal_part2,0.7838694805622801,Control,maxSW,500.aparc,Node Versatility,0.3862759738315114,0.25129767332982805,0.6375736471613395,True,lh_lateralorbitofrontal_part2,4,Secondary sensory cortex,Secondary,False
0.1,lh_lateralorbitofrontal_part3,0.7695568144345628,Control,maxSW,500.aparc,Node Versatility,0.3862759738315114,0.25129767332982805,0.6375736471613395,True,lh_lateralorbitofrontal_part3,4,Secondary sensory cortex,Secondary,False
0.1,lh_middletemporal_part5,0.6959174918711062,Control,maxSW,500.aparc,Node Versatility,0.3862759738315114,0.25129767332982805,0.6375736471613395,True,lh_middletemporal_part5,2,Association cortex - type 1,Association,True
0.1,lh_paracentral_part3,0.8173968447612889,Control,maxSW,500.aparc,Node Versatility,0.3862759738315114,0.25129767332982805,0.6375736471613395,True,lh_paracentral_part3,1,Primary motor cortex,Primary,False
0.1,lh_parahippocampal_part1,0.7662273637928516,Control,maxSW,500.aparc,Node Versatility,0.3862759738315114,0.25129767332982805,0.6375736471613395,True,lh_parahippocampal_part1,6,Limbic cortex,Limbic,False
0.1,lh_postcentral_part2,0.7223906622580585,Control,maxSW,500.aparc,Node Versatility,0.3862759738315114,0.25129767332982805,0.6375736471613395,True,lh_postcentral_part2,5,Primary sensory cortex,Primary,False
0.1,lh_precentral_part2,0.6966433954784933,Control,maxSW,500.aparc,Node Versatility,0.3862759738315114,0.25129767332982805,0.6375736471613395,True,lh_precentral_part2,1,Primary motor cortex,Primary,False
0.1,lh_precentral_part5,0.7908363787370889,Control,maxSW,500.aparc,Node Versatility,0.3862759738315114,0.25129767332982805,0.6375736471613395,True,lh_precentral_part5,1,Primary motor cortex,Primary,False
0.1,lh_precentral_part7,0.6475511323945032,Control,maxSW,500.aparc,Node Versatility,0.3862759738315114,0.25129767332982805,0.6375736471613395,True,lh_precentral_part7,1,Primary motor cortex,Primary,False
0.1,lh_precentral_part9,0.6727416650350939,Control,maxSW,500.aparc,Node Versatility,0.3862759738315114,0.25129767332982805,0.6375736471613395,True,lh_precentral_part9,1,Primary motor cortex,Primary,False
0.1,lh_precuneus_part2,0.8314141826649439,Control,maxSW,500.aparc,Node Versatility,0.3862759738315114,0.25129767332982805,0.6375736471613395,True,lh_precuneus_part2,2,Association cortex - type 1,Association,True
0.1,lh_precuneus_part5,0.897582036150844,Control,maxSW,500.aparc,Node Versatility,0.3862759738315114,0.25129767332982805,0.6375736471613395,True,lh_precuneus_part5,2,Association cortex - type 1,Association,True
0.1,lh_rostralanteriorcingulate_part1,0.6750244011894517,Control,maxSW,500.aparc,Node Versatility,0.3862759738315114,0.25129767332982805,0.6375736471613395,True,lh_rostralanteriorcingulate_part1,6,Limbic cortex,Limbic,False
0.1,lh_superiorfrontal_part10,0.6827726511804751,Control,maxSW,500.aparc,Node Versatility,0.3862759738315114,0.25129767332982805,0.6375736471613395,True,lh_superiorfrontal_part10,2,Association cortex - type 1,Association,True
0.1,lh_superiorfrontal_part4,0.6467208617096495,Control,maxSW,500.aparc,Node Versatility,0.3862759738315114,0.25129767332982805,0.6375736471613395,True,lh_superiorfrontal_part4,2,Association cortex - type 1,Association,True
0.1,lh_superiorfrontal_part6,0.707322561137225,Control,maxSW,500.aparc,Node Versatility,0.3862759738315114,0.25129767332982805,0.6375736471613395,True,lh_superiorfrontal_part6,2,Association cortex - type 1,Association,True
0.1,lh_superiorfrontal_part9,0.6525723331855368,Control,maxSW,500.aparc,Node Versatility,0.3862759738315114,0.25129767332982805,0.6375736471613395,True,lh_superiorfrontal_part9,2,Association cortex - type 1,Association,True
0.1,lh_superiorparietal_part1,0.6944350282679729,Control,maxSW,500.aparc,Node Versatility,0.3862759738315114,0.25129767332982805,0.6375736471613395,True,lh_superiorparietal_part1,2,Association cortex - type 1,Association,True
0.1,lh_superiorparietal_part7,0.8899167025650457,Control,maxSW,500.aparc,Node Versatility,0.3862759738315114,0.25129767332982805,0.6375736471613395,True,lh_superiorparietal_part7,2,Association cortex - type 1,Association,True
0.1,lh_superiorparietal_part9,0.7706813675143387,Control,maxSW,500.aparc,Node Versatility,0.3862759738315114,0.25129767332982805,0.6375736471613395,True,lh_superiorparietal_part9,2,Association cortex - type 1,Association,True
0.1,lh_temporalpole_part1,0.7026545086291052,Control,maxSW,500.aparc,Node Versatility,0.3862759738315114,0.25129767332982805,0.6375736471613395,True,lh_temporalpole_part1,2,Association cortex - type 1,Association,True
0.1,rh_caudalmiddlefrontal_part2,0.8192053158190508,Control,maxSW,500.aparc,Node Versatility,0.3862759738315114,0.25129767332982805,0.6375736471613395,True,rh_caudalmiddlefrontal_part2,2,Association cortex - type 1,Association,True
0.1,rh_fusiform_part2,0.7339263087722344,Control,maxSW,500.aparc,Node Versatility,0.3862759738315114,0.25129767332982805,0.6375736471613395,True,rh_fusiform_part2,2,Association cortex - type 1,Association,True
0.1,rh_fusiform_part3,0.8479068199194858,Control,maxSW,500.aparc,Node Versatility,0.3862759738315114,0.25129767332982805,0.6375736471613395,True,rh_fusiform_part3,2,Association cortex - type 1,Association,True
0.1,rh_fusiform_part4,0.6955579909555332,Control,maxSW,500.aparc,Node Versatility,0.3862759738315114,0.25129767332982805,0.6375736471613395,True,rh_fusiform_part4,2,Association cortex - type 1,Association,True
0.1,rh_inferiorparietal_part10,0.7355879451556899,Control,maxSW,500.aparc,Node Versatility,0.3862759738315114,0.25129767332982805,0.6375736471613395,True,rh_inferiorparietal_part10,3,Association cortex - type 2,Association,True
0.1,rh_inferiorparietal_part2,0.7112480309643006,Control,maxSW,500.aparc,Node Versatility,0.3862759738315114,0.25129767332982805,0.6375736471613395,True,rh_inferiorparietal_part2,3,Association cortex - type 2,Association,True
0.1,rh_inferiorparietal_part3,0.7804199655470978,Control,maxSW,500.aparc,Node Versatility,0.3862759738315114,0.25129767332982805,0.6375736471613395,True,rh_inferiorparietal_part3,3,Association cortex - type 2,Association,True
0.1,rh_inferiorparietal_part4,0.8050553068502967,Control,maxSW,500.aparc,Node Versatility,0.3862759738315114,0.25129767332982805,0.6375736471613395,True,rh_inferiorparietal_part4,3,Association cortex - type 2,Association,True
0.1,rh_inferiortemporal_part2,0.7751804777959883,Control,maxSW,500.aparc,Node Versatility,0.3862759738315114,0.25129767332982805,0.6375736471613395,True,rh_inferiortemporal_part2,2,Association cortex - type 1,Association,True
0.1,rh_inferiortemporal_part3,0.6756960794113102,Control,maxSW,500.aparc,Node Versatility,0.3862759738315114,0.25129767332982805,0.6375736471613395,True,rh_inferiortemporal_part3,2,Association cortex - type 1,Association,True
0.1,rh_inferiortemporal_part5,0.8259049958363612,Control,maxSW,500.aparc,Node Versatility,0.3862759738315114,0.25129767332982805,0.6375736471613395,True,rh_inferiortemporal_part5,2,Association cortex - type 1,Association,True
0.1,rh_insula_part1,1.0,Control,maxSW,500.aparc,Node Versatility,0.3862759738315114,0.25129767332982805,0.6375736471613395,True,rh_insula_part1,7,Insular cortex,Insular,False
0.1,rh_lateralorbitofrontal_part1,0.645896340957101,Control,maxSW,500.aparc,Node Versatility,0.3862759738315114,0.25129767332982805,0.6375736471613395,True,rh_lateralorbitofrontal_part1,4,Secondary sensory cortex,Secondary,False
0.1,rh_lateralorbitofrontal_part2,0.702550374396584,Control,maxSW,500.aparc,Node Versatility,0.3862759738315114,0.25129767332982805,0.6375736471613395,True,rh_lateralorbitofrontal_part2,4,Secondary sensory cortex,Secondary,False
0.1,rh_lateralorbitofrontal_part3,0.6631977048544402,Control,maxSW,500.aparc,Node Versatility,0.3862759738315114,0.25129767332982805,0.6375736471613395,True,rh_lateralorbitofrontal_part3,4,Secondary sensory cortex,Secondary,False
0.1,rh_medialorbitofrontal_part2,0.9005127281391402,Control,maxSW,500.aparc,Node Versatility,0.3862759738315114,0.25129767332982805,0.6375736471613395,True,rh_medialorbitofrontal_part2,4,Secondary sensory cortex,Secondary,False
0.1,rh_medialorbitofrontal_part3,0.835020768165497,Control,maxSW,500.aparc,Node Versatility,0.3862759738315114,0.25129767332982805,0.6375736471613395,True,rh_medialorbitofrontal_part3,4,Secondary sensory cortex,Secondary,False
0.1,rh_middletemporal_part4,0.6637263258362582,Control,maxSW,500.aparc,Node Versatility,0.3862759738315114,0.25129767332982805,0.6375736471613395,True,rh_middletemporal_part4,2,Association cortex - type 1,Association,True
0.1,rh_parahippocampal_part2,0.763885680990519,Control,maxSW,500.aparc,Node Versatility,0.3862759738315114,0.25129767332982805,0.6375736471613395,True,rh_parahippocampal_part2,6,Limbic cortex,Limbic,False
0.1,rh_postcentral_part2,0.6677570051032049,Control,maxSW,500.aparc,Node Versatility,0.3862759738315114,0.25129767332982805,0.6375736471613395,True,rh_postcentral_part2,5,Primary sensory cortex,Primary,False
0.1,rh_precentral_part4,0.6920588937766675,Control,maxSW,500.aparc,Node Versatility,0.3862759738315114,0.25129767332982805,0.6375736471613395,True,rh_precentral_part4,1,Primary motor cortex,Primary,False
0.1,rh_precentral_part5,0.7551735077034427,Control,maxSW,500.aparc,Node Versatility,0.3862759738315114,0.25129767332982805,0.6375736471613395,True,rh_precentral_part5,1,Primary motor cortex,Primary,False
0.1,rh_precuneus_part2,0.7451740017307851,Control,maxSW,500.aparc,Node Versatility,0.3862759738315114,0.25129767332982805,0.6375736471613395,True,rh_precuneus_part2,2,Association cortex - type 1,Association,True
0.1,rh_precuneus_part5,0.7204124054134685,Control,maxSW,500.aparc,Node Versatility,0.3862759738315114,0.25129767332982805,0.6375736471613395,True,rh_precuneus_part5,2,Association cortex - type 1,Association,True
0.1,rh_rostralanteriorcingulate_part1,0.7880234489335388,Control,maxSW,500.aparc,Node Versatility,0.3862759738315114,0.25129767332982805,0.6375736471613395,True,rh_rostralanteriorcingulate_part1,6,Limbic cortex,Limbic,False
0.1,rh_superiorfrontal_part10,0.7127595992462443,Control,maxSW,500.aparc,Node Versatility,0.3862759738315114,0.25129767332982805,0.6375736471613395,True,rh_superiorfrontal_part10,2,Association cortex - type 1,Association,True
0.1,rh_superiorfrontal_part12,0.8595745741489359,Control,maxSW,500.aparc,Node Versatility,0.3862759738315114,0.25129767332982805,0.6375736471613395,True,rh_superiorfrontal_part12,2,Association cortex - type 1,Association,True
0.1,rh_superiorfrontal_part9,0.789992608496073,Control,maxSW,500.aparc,Node Versatility,0.3862759738315114,0.25129767332982805,0.6375736471613395,True,rh_superiorfrontal_part9,2,Association cortex - type 1,Association,True
0.1,rh_superiorparietal_part2,0.6464504226603502,Control,maxSW,500.aparc,Node Versatility,0.3862759738315114,0.25129767332982805,0.6375736471613395,True,rh_superiorparietal_part2,2,Association cortex - type 1,Association,True
0.1,rh_temporalpole_part1,0.7026545086291052,Control,maxSW,500.aparc,Node Versatility,0.3862759738315114,0.25129767332982805,0.6375736471613395,True,rh_temporalpole_part1,2,Association cortex - type 1,Association,True
0.15,lh_fusiform_part1,0.6528008221687936,Control,maxSW,500.aparc,Node Versatility,0.3328961332551405,0.2390298881605048,0.5719260214156453,True,lh_fusiform_part1,2,Association cortex - type 1,Association,True
0.15,lh_fusiform_part2,0.9340560673785866,Control,maxSW,500.aparc,Node Versatility,0.3328961332551405,0.2390298881605048,0.5719260214156453,True,lh_fusiform_part2,2,Association cortex - type 1,Association,True
0.15,lh_fusiform_part5,0.6812997128252237,Control,maxSW,500.aparc,Node Versatility,0.3328961332551405,0.2390298881605048,0.5719260214156453,True,lh_fusiform_part5,2,Association cortex - type 1,Association,True
0.15,lh_inferiortemporal_part4,0.9450731507540844,Control,maxSW,500.aparc,Node Versatility,0.3328961332551405,0.2390298881605048,0.5719260214156453,True,lh_inferiortemporal_part4,2,Association cortex - type 1,Association,True
0.15,lh_insula_part1,0.9368765681500906,Control,maxSW,500.aparc,Node Versatility,0.3328961332551405,0.2390298881605048,0.5719260214156453,True,lh_insula_part1,7,Insular cortex,Insular,False
0.15,lh_insula_part2,0.7833538566339862,Control,maxSW,500.aparc,Node Versatility,0.3328961332551405,0.2390298881605048,0.5719260214156453,True,lh_insula_part2,7,Insular cortex,Insular,False
0.15,lh_lateraloccipital_part2,0.5829987541723468,Control,maxSW,500.aparc,Node Versatility,0.3328961332551405,0.2390298881605048,0.5719260214156453,True,lh_lateraloccipital_part2,4,Secondary sensory cortex,Secondary,False
0.15,lh_lateraloccipital_part7,1.0,Control,maxSW,500.aparc,Node Versatility,0.3328961332551405,0.2390298881605048,0.5719260214156453,True,lh_lateraloccipital_part7,4,Secondary sensory cortex,Secondary,False
0.15,lh_lateralorbitofrontal_part2,0.7368209074341141,Control,maxSW,500.aparc,Node Versatility,0.3328961332551405,0.2390298881605048,0.5719260214156453,True,lh_lateralorbitofrontal_part2,4,Secondary sensory cortex,Secondary,False
0.15,lh_middletemporal_part5,0.6817820494438696,Control,maxSW,500.aparc,Node Versatility,0.3328961332551405,0.2390298881605048,0.5719260214156453,True,lh_middletemporal_part5,2,Association cortex - type 1,Association,True
0.15,lh_paracentral_part3,0.600685030122308,Control,maxSW,500.aparc,Node Versatility,0.3328961332551405,0.2390298881605048,0.5719260214156453,True,lh_paracentral_part3,1,Primary motor cortex,Primary,False
0.15,lh_parahippocampal_part1,0.5944571216564573,Control,maxSW,500.aparc,Node Versatility,0.3328961332551405,0.2390298881605048,0.5719260214156453,True,lh_parahippocampal_part1,6,Limbic cortex,Limbic,False
0.15,lh_parahippocampal_part2,0.6104962389764567,Control,maxSW,500.aparc,Node Versatility,0.3328961332551405,0.2390298881605048,0.5719260214156453,True,lh_parahippocampal_part2,6,Limbic cortex,Limbic,False
0.15,lh_posteriorcingulate_part1,0.6310821642296525,Control,maxSW,500.aparc,Node Versatility,0.3328961332551405,0.2390298881605048,0.5719260214156453,True,lh_posteriorcingulate_part1,6,Limbic cortex,Limbic,False
0.15,lh_precentral_part2,0.5812976469989275,Control,maxSW,500.aparc,Node Versatility,0.3328961332551405,0.2390298881605048,0.5719260214156453,True,lh_precentral_part2,1,Primary motor cortex,Primary,False
0.15,lh_precentral_part5,0.8824922226151658,Control,maxSW,500.aparc,Node Versatility,0.3328961332551405,0.2390298881605048,0.5719260214156453,True,lh_precentral_part5,1,Primary motor cortex,Primary,False
0.15,lh_precentral_part7,0.5756930677974514,Control,maxSW,500.aparc,Node Versatility,0.3328961332551405,0.2390298881605048,0.5719260214156453,True,lh_precentral_part7,1,Primary motor cortex,Primary,False
0.15,lh_precentral_part9,0.6887093409313801,Control,maxSW,500.aparc,Node Versatility,0.3328961332551405,0.2390298881605048,0.5719260214156453,True,lh_precentral_part9,1,Primary motor cortex,Primary,False
0.15,lh_precuneus_part5,0.6061133210629199,Control,maxSW,500.aparc,Node Versatility,0.3328961332551405,0.2390298881605048,0.5719260214156453,True,lh_precuneus_part5,2,Association cortex - type 1,Association,True
0.15,lh_precuneus_part6,0.6736772867559299,Control,maxSW,500.aparc,Node Versatility,0.3328961332551405,0.2390298881605048,0.5719260214156453,True,lh_precuneus_part6,2,Association cortex - type 1,Association,True
0.15,lh_superiorfrontal_part10,0.6939605660779857,Control,maxSW,500.aparc,Node Versatility,0.3328961332551405,0.2390298881605048,0.5719260214156453,True,lh_superiorfrontal_part10,2,Association cortex - type 1,Association,True
0.15,lh_superiorfrontal_part4,0.7107727803829229,Control,maxSW,500.aparc,Node Versatility,0.3328961332551405,0.2390298881605048,0.5719260214156453,True,lh_superiorfrontal_part4,2,Association cortex - type 1,Association,True
0.15,lh_superiorfrontal_part6,0.7816117617370445,Control,maxSW,500.aparc,Node Versatility,0.3328961332551405,0.2390298881605048,0.5719260214156453,True,lh_superiorfrontal_part6,2,Association cortex - type 1,Association,True
0.15,lh_superiorfrontal_part9,0.7055298482851183,Control,maxSW,500.aparc,Node Versatility,0.3328961332551405,0.2390298881605048,0.5719260214156453,True,lh_superiorfrontal_part9,2,Association cortex - type 1,Association,True
0.15,lh_superiorparietal_part9,0.8052564369698073,Control,maxSW,500.aparc,Node Versatility,0.3328961332551405,0.2390298881605048,0.5719260214156453,True,lh_superiorparietal_part9,2,Association cortex - type 1,Association,True
0.15,lh_temporalpole_part1,0.757063429598803,Control,maxSW,500.aparc,Node Versatility,0.3328961332551405,0.2390298881605048,0.5719260214156453,True,lh_temporalpole_part1,2,Association cortex - type 1,Association,True
0.15,rh_fusiform_part2,0.9340560673785866,Control,maxSW,500.aparc,Node Versatility,0.3328961332551405,0.2390298881605048,0.5719260214156453,True,rh_fusiform_part2,2,Association cortex - type 1,Association,True
0.15,rh_fusiform_part3,0.6837565203785335,Control,maxSW,500.aparc,Node Versatility,0.3328961332551405,0.2390298881605048,0.5719260214156453,True,rh_fusiform_part3,2,Association cortex - type 1,Association,True
0.15,rh_fusiform_part4,0.71948382926243,Control,maxSW,500.aparc,Node Versatility,0.3328961332551405,0.2390298881605048,0.5719260214156453,True,rh_fusiform_part4,2,Association cortex - type 1,Association,True
0.15,rh_inferiorparietal_part3,0.9237009245688722,Control,maxSW,500.aparc,Node Versatility,0.3328961332551405,0.2390298881605048,0.5719260214156453,True,rh_inferiorparietal_part3,3,Association cortex - type 2,Association,True
0.15,rh_inferiorparietal_part4,0.8712447293547442,Control,maxSW,500.aparc,Node Versatility,0.3328961332551405,0.2390298881605048,0.5719260214156453,True,rh_inferiorparietal_part4,3,Association cortex - type 2,Association,True
0.15,rh_inferiortemporal_part2,0.7436734305139032,Control,maxSW,500.aparc,Node Versatility,0.3328961332551405,0.2390298881605048,0.5719260214156453,True,rh_inferiortemporal_part2,2,Association cortex - type 1,Association,True
0.15,rh_inferiortemporal_part5,0.7202981628806151,Control,maxSW,500.aparc,Node Versatility,0.3328961332551405,0.2390298881605048,0.5719260214156453,True,rh_inferiortemporal_part5,2,Association cortex - type 1,Association,True
0.15,rh_insula_part1,0.7833538566339862,Control,maxSW,500.aparc,Node Versatility,0.3328961332551405,0.2390298881605048,0.5719260214156453,True,rh_insula_part1,7,Insular cortex,Insular,False
0.15,rh_insula_part2,0.9368765681500906,Control,maxSW,500.aparc,Node Versatility,0.3328961332551405,0.2390298881605048,0.5719260214156453,True,rh_insula_part2,7,Insular cortex,Insular,False
0.15,rh_lateralorbitofrontal_part2,0.6117064414331411,Control,maxSW,500.aparc,Node Versatility,0.3328961332551405,0.2390298881605048,0.5719260214156453,True,rh_lateralorbitofrontal_part2,4,Secondary sensory cortex,Secondary,False
0.15,rh_lateralorbitofrontal_part3,0.6661991679663186,Control,maxSW,500.aparc,Node Versatility,0.3328961332551405,0.2390298881605048,0.5719260214156453,True,rh_lateralorbitofrontal_part3,4,Secondary sensory cortex,Secondary,False
0.15,rh_medialorbitofrontal_part3,0.6976087137033269,Control,maxSW,500.aparc,Node Versatility,0.3328961332551405,0.2390298881605048,0.5719260214156453,True,rh_medialorbitofrontal_part3,4,Secondary sensory cortex,Secondary,False
0.15,rh_middletemporal_part4,0.7409934224727411,Control,maxSW,500.aparc,Node Versatility,0.3328961332551405,0.2390298881605048,0.5719260214156453,True,rh_middletemporal_part4,2,Association cortex - type 1,Association,True
0.15,rh_parahippocampal_part1,0.6108296601443101,Control,maxSW,500.aparc,Node Versatility,0.3328961332551405,0.2390298881605048,0.5719260214156453,True,rh_parahippocampal_part1,6,Limbic cortex,Limbic,False
0.15,rh_parahippocampal_part2,0.7039758798460563,Control,maxSW,500.aparc,Node Versatility,0.3328961332551405,0.2390298881605048,0.5719260214156453,True,rh_parahippocampal_part2,6,Limbic cortex,Limbic,False
0.15,rh_postcentral_part2,0.7419311436916396,Control,maxSW,500.aparc,Node Versatility,0.3328961332551405,0.2390298881605048,0.5719260214156453,True,rh_postcentral_part2,5,Primary sensory cortex,Primary,False
0.15,rh_precentral_part4,0.6748128552015743,Control,maxSW,500.aparc,Node Versatility,0.3328961332551405,0.2390298881605048,0.5719260214156453,True,rh_precentral_part4,1,Primary motor cortex,Primary,False
0.15,rh_precentral_part6,0.6693963864710033,Control,maxSW,500.aparc,Node Versatility,0.3328961332551405,0.2390298881605048,0.5719260214156453,True,rh_precentral_part6,1,Primary motor cortex,Primary,False
0.15,rh_precentral_part7,0.6082878469916428,Control,maxSW,500.aparc,Node Versatility,0.3328961332551405,0.2390298881605048,0.5719260214156453,True,rh_precentral_part7,1,Primary motor cortex,Primary,False
0.15,rh_precuneus_part2,0.7510117270803406,Control,maxSW,500.aparc,Node Versatility,0.3328961332551405,0.2390298881605048,0.5719260214156453,True,rh_precuneus_part2,2,Association cortex - type 1,Association,True
0.15,rh_rostralanteriorcingulate_part1,0.7654592049663694,Control,maxSW,500.aparc,Node Versatility,0.3328961332551405,0.2390298881605048,0.5719260214156453,True,rh_rostralanteriorcingulate_part1,6,Limbic cortex,Limbic,False
0.15,rh_rostralmiddlefrontal_part3,0.7111924497393176,Control,maxSW,500.aparc,Node Versatility,0.3328961332551405,0.2390298881605048,0.5719260214156453,True,rh_rostralmiddlefrontal_part3,3,Association cortex - type 2,Association,True
0.15,rh_superiorfrontal_part10,0.7398315542649971,Control,maxSW,500.aparc,Node Versatility,0.3328961332551405,0.2390298881605048,0.5719260214156453,True,rh_superiorfrontal_part10,2,Association cortex - type 1,Association,True
0.15,rh_superiorfrontal_part9,0.6468523008204141,Control,maxSW,500.aparc,Node Versatility,0.3328961332551405,0.2390298881605048,0.5719260214156453,True,rh_superiorfrontal_part9,2,Association cortex - type 1,Association,True
0.15,rh_supramarginal_part4,0.7281482504391077,Control,maxSW,500.aparc,Node Versatility,0.3328961332551405,0.2390298881605048,0.5719260214156453,True,rh_supramarginal_part4,3,Association cortex - type 2,Association,True
0.15,rh_temporalpole_part1,0.757063429598803,Control,maxSW,500.aparc,Node Versatility,0.3328961332551405,0.2390298881605048,0.5719260214156453,True,rh_temporalpole_part1,2,Association cortex - type 1,Association,True
0.2,lh_fusiform_part2,0.6082278813290092,Control,maxSW,500.aparc,Node Versatility,0.2760842096240883,0.24218067835176924,0.5182648879758576,True,lh_fusiform_part2,2,Association cortex - type 1,Association,True
0.2,lh_inferiorparietal_part1,0.7117531723875123,Control,maxSW,500.aparc,Node Versatility,0.2760842096240883,0.24218067835176924,0.5182648879758576,True,lh_inferiorparietal_part1,3,Association cortex - type 2,Association,True
0.2,lh_inferiortemporal_part3,0.5558283749901508,Control,maxSW,500.aparc,Node Versatility,0.2760842096240883,0.24218067835176924,0.5182648879758576,True,lh_inferiortemporal_part3,2,Association cortex - type 1,Association,True
0.2,lh_inferiortemporal_part4,0.6340966140915224,Control,maxSW,500.aparc,Node Versatility,0.2760842096240883,0.24218067835176924,0.5182648879758576,True,lh_inferiortemporal_part4,2,Association cortex - type 1,Association,True
0.2,lh_inferiortemporal_part5,0.5567927357367486,Control,maxSW,500.aparc,Node Versatility,0.2760842096240883,0.24218067835176924,0.5182648879758576,True,lh_inferiortemporal_part5,2,Association cortex - type 1,Association,True
0.2,lh_inferiortemporal_part6,0.7066459428047976,Control,maxSW,500.aparc,Node Versatility,0.2760842096240883,0.24218067835176924,0.5182648879758576,True,lh_inferiortemporal_part6,2,Association cortex - type 1,Association,True
0.2,lh_insula_part2,0.8733002198588172,Control,maxSW,500.aparc,Node Versatility,0.2760842096240883,0.24218067835176924,0.5182648879758576,True,lh_insula_part2,7,Insular cortex,Insular,False
0.2,lh_isthmuscingulate_part1,0.5626463533744375,Control,maxSW,500.aparc,Node Versatility,0.2760842096240883,0.24218067835176924,0.5182648879758576,True,lh_isthmuscingulate_part1,6,Limbic cortex,Limbic,False
0.2,lh_isthmuscingulate_part2,0.5206649759967561,Control,maxSW,500.aparc,Node Versatility,0.2760842096240883,0.24218067835176924,0.5182648879758576,True,lh_isthmuscingulate_part2,6,Limbic cortex,Limbic,False
0.2,lh_lateralorbitofrontal_part1,0.6371665685219626,Control,maxSW,500.aparc,Node Versatility,0.2760842096240883,0.24218067835176924,0.5182648879758576,True,lh_lateralorbitofrontal_part1,4,Secondary sensory cortex,Secondary,False
0.2,lh_lateralorbitofrontal_part2,0.5755632580645909,Control,maxSW,500.aparc,Node Versatility,0.2760842096240883,0.24218067835176924,0.5182648879758576,True,lh_lateralorbitofrontal_part2,4,Secondary sensory cortex,Secondary,False
0.2,lh_lateralorbitofrontal_part3,0.6215630400876413,Control,maxSW,500.aparc,Node Versatility,0.2760842096240883,0.24218067835176924,0.5182648879758576,True,lh_lateralorbitofrontal_part3,4,Secondary sensory cortex,Secondary,False
0.2,lh_medialorbitofrontal_part3,0.5585740875757493,Control,maxSW,500.aparc,Node Versatility,0.2760842096240883,0.24218067835176924,0.5182648879758576,True,lh_medialorbitofrontal_part3,4,Secondary sensory cortex,Secondary,False
0.2,lh_middletemporal_part5,0.6032679660549674,Control,maxSW,500.aparc,Node Versatility,0.2760842096240883,0.24218067835176924,0.5182648879758576,True,lh_middletemporal_part5,2,Association cortex - type 1,Association,True
0.2,lh_paracentral_part3,0.6389147846386517,Control,maxSW,500.aparc,Node Versatility,0.2760842096240883,0.24218067835176924,0.5182648879758576,True,lh_paracentral_part3,1,Primary motor cortex,Primary,False
0.2,lh_parahippocampal_part1,0.7095312892398064,Control,maxSW,500.aparc,Node Versatility,0.2760842096240883,0.24218067835176924,0.5182648879758576,True,lh_parahippocampal_part1,6,Limbic cortex,Limbic,False
0.2,lh_parsopercularis_part2,0.7048816307880028,Control,maxSW,500.aparc,Node Versatility,0.2760842096240883,0.24218067835176924,0.5182648879758576,True,lh_parsopercularis_part2,2,Association cortex - type 1,Association,True
0.2,lh_postcentral_part2,0.6209420404079905,Control,maxSW,500.aparc,Node Versatility,0.2760842096240883,0.24218067835176924,0.5182648879758576,True,lh_postcentral_part2,5,Primary sensory cortex,Primary,False
0.2,lh_precentral_part2,0.5359060131823931,Control,maxSW,500.aparc,Node Versatility,0.2760842096240883,0.24218067835176924,0.5182648879758576,True,lh_precentral_part2,1,Primary motor cortex,Primary,False
0.2,lh_precentral_part5,0.7683598306050268,Control,maxSW,500.aparc,Node Versatility,0.2760842096240883,0.24218067835176924,0.5182648879758576,True,lh_precentral_part5,1,Primary motor cortex,Primary,False
0.2,lh_precentral_part9,0.5369794532707586,Control,maxSW,500.aparc,Node Versatility,0.2760842096240883,0.24218067835176924,0.5182648879758576,True,lh_precentral_part9,1,Primary motor cortex,Primary,False
0.2,lh_precuneus_part6,0.5459592390448939,Control,maxSW,500.aparc,Node Versatility,0.2760842096240883,0.24218067835176924,0.5182648879758576,True,lh_precuneus_part6,2,Association cortex - type 1,Association,True
0.2,lh_rostralmiddlefrontal_part5,0.5288324981135225,Control,maxSW,500.aparc,Node Versatility,0.2760842096240883,0.24218067835176924,0.5182648879758576,True,lh_rostralmiddlefrontal_part5,3,Association cortex - type 2,Association,True
0.2,lh_superiorfrontal_part10,0.5828325808852562,Control,maxSW,500.aparc,Node Versatility,0.2760842096240883,0.24218067835176924,0.5182648879758576,True,lh_superiorfrontal_part10,2,Association cortex - type 1,Association,True
0.2,lh_superiorfrontal_part13,0.6187580593144204,Control,maxSW,500.aparc,Node Versatility,0.2760842096240883,0.24218067835176924,0.5182648879758576,True,lh_superiorfrontal_part13,2,Association cortex - type 1,Association,True
0.2,lh_superiorfrontal_part3,0.6206093032334002,Control,maxSW,500.aparc,Node Versatility,0.2760842096240883,0.24218067835176924,0.5182648879758576,True,lh_superiorfrontal_part3,2,Association cortex - type 1,Association,True
0.2,lh_superiorfrontal_part4,0.5668300947202509,Control,maxSW,500.aparc,Node Versatility,0.2760842096240883,0.24218067835176924,0.5182648879758576,True,lh_superiorfrontal_part4,2,Association cortex - type 1,Association,True
0.2,lh_superiorfrontal_part6,0.8054350355117251,Control,maxSW,500.aparc,Node Versatility,0.2760842096240883,0.24218067835176924,0.5182648879758576,True,lh_superiorfrontal_part6,2,Association cortex - type 1,Association,True
0.2,lh_superiorfrontal_part9,0.6308949919110525,Control,maxSW,500.aparc,Node Versatility,0.2760842096240883,0.24218067835176924,0.5182648879758576,True,lh_superiorfrontal_part9,2,Association cortex - type 1,Association,True
0.2,lh_superiortemporal_part5,0.5722474030106778,Control,maxSW,500.aparc,Node Versatility,0.2760842096240883,0.24218067835176924,0.5182648879758576,True,lh_superiortemporal_part5,3,Association cortex - type 2,Association,True
0.2,lh_superiortemporal_part6,0.5824169549958135,Control,maxSW,500.aparc,Node Versatility,0.2760842096240883,0.24218067835176924,0.5182648879758576,True,lh_superiortemporal_part6,3,Association cortex - type 2,Association,True
0.2,lh_temporalpole_part1,1.0,Control,maxSW,500.aparc,Node Versatility,0.2760842096240883,0.24218067835176924,0.5182648879758576,True,lh_temporalpole_part1,2,Association cortex - type 1,Association,True
0.2,rh_fusiform_part2,0.6082278813290092,Control,maxSW,500.aparc,Node Versatility,0.2760842096240883,0.24218067835176924,0.5182648879758576,True,rh_fusiform_part2,2,Association cortex - type 1,Association,True
0.2,rh_fusiform_part4,0.716183176575369,Control,maxSW,500.aparc,Node Versatility,0.2760842096240883,0.24218067835176924,0.5182648879758576,True,rh_fusiform_part4,2,Association cortex - type 1,Association,True
0.2,rh_inferiorparietal_part3,0.7885302801207703,Control,maxSW,500.aparc,Node Versatility,0.2760842096240883,0.24218067835176924,0.5182648879758576,True,rh_inferiorparietal_part3,3,Association cortex - type 2,Association,True
0.2,rh_inferiortemporal_part2,0.7346150852640716,Control,maxSW,500.aparc,Node Versatility,0.2760842096240883,0.24218067835176924,0.5182648879758576,True,rh_inferiortemporal_part2,2,Association cortex - type 1,Association,True
0.2,rh_inferiortemporal_part4,0.5728008829146122,Control,maxSW,500.aparc,Node Versatility,0.2760842096240883,0.24218067835176924,0.5182648879758576,True,rh_inferiortemporal_part4,2,Association cortex - type 1,Association,True
0.2,rh_inferiortemporal_part5,0.6599264307765453,Control,maxSW,500.aparc,Node Versatility,0.2760842096240883,0.24218067835176924,0.5182648879758576,True,rh_inferiortemporal_part5,2,Association cortex - type 1,Association,True
0.2,rh_insula_part1,0.8733002198588172,Control,maxSW,500.aparc,Node Versatility,0.2760842096240883,0.24218067835176924,0.5182648879758576,True,rh_insula_part1,7,Insular cortex,Insular,False
0.2,rh_isthmuscingulate_part2,0.6564164978846911,Control,maxSW,500.aparc,Node Versatility,0.2760842096240883,0.24218067835176924,0.5182648879758576,True,rh_isthmuscingulate_part2,6,Limbic cortex,Limbic,False
0.2,rh_lateralorbitofrontal_part2,0.7578992276289873,Control,maxSW,500.aparc,Node Versatility,0.2760842096240883,0.24218067835176924,0.5182648879758576,True,rh_lateralorbitofrontal_part2,4,Secondary sensory cortex,Secondary,False
0.2,rh_lateralorbitofrontal_part3,0.5675908080048157,Control,maxSW,500.aparc,Node Versatility,0.2760842096240883,0.24218067835176924,0.5182648879758576,True,rh_lateralorbitofrontal_part3,4,Secondary sensory cortex,Secondary,False
0.2,rh_middletemporal_part1,0.6375308658799298,Control,maxSW,500.aparc,Node Versatility,0.2760842096240883,0.24218067835176924,0.5182648879758576,True,rh_middletemporal_part1,2,Association cortex - type 1,Association,True
0.2,rh_parahippocampal_part2,0.7292906779499965,Control,maxSW,500.aparc,Node Versatility,0.2760842096240883,0.24218067835176924,0.5182648879758576,True,rh_parahippocampal_part2,6,Limbic cortex,Limbic,False
0.2,rh_parsopercularis_part1,0.5817056353744983,Control,maxSW,500.aparc,Node Versatility,0.2760842096240883,0.24218067835176924,0.5182648879758576,True,rh_parsopercularis_part1,2,Association cortex - type 1,Association,True
0.2,rh_postcentral_part2,0.7384941643204223,Control,maxSW,500.aparc,Node Versatility,0.2760842096240883,0.24218067835176924,0.5182648879758576,True,rh_postcentral_part2,5,Primary sensory cortex,Primary,False
0.2,rh_posteriorcingulate_part1,0.5917264940623591,Control,maxSW,500.aparc,Node Versatility,0.2760842096240883,0.24218067835176924,0.5182648879758576,True,rh_posteriorcingulate_part1,6,Limbic cortex,Limbic,False
0.2,rh_precuneus_part2,0.6685031960104941,Control,maxSW,500.aparc,Node Versatility,0.2760842096240883,0.24218067835176924,0.5182648879758576,True,rh_precuneus_part2,2,Association cortex - type 1,Association,True
0.2,rh_rostralanteriorcingulate_part1,0.6731331894393188,Control,maxSW,500.aparc,Node Versatility,0.2760842096240883,0.24218067835176924,0.5182648879758576,True,rh_rostralanteriorcingulate_part1,6,Limbic cortex,Limbic,False
0.2,rh_rostralmiddlefrontal_part10,0.6686185243347302,Control,maxSW,500.aparc,Node Versatility,0.2760842096240883,0.24218067835176924,0.5182648879758576,True,rh_rostralmiddlefrontal_part10,3,Association cortex - type 2,Association,True
0.2,rh_rostralmiddlefrontal_part2,0.639640975648978,Control,maxSW,500.aparc,Node Versatility,0.2760842096240883,0.24218067835176924,0.5182648879758576,True,rh_rostralmiddlefrontal_part2,3,Association cortex - type 2,Association,True
0.2,rh_rostralmiddlefrontal_part3,0.6451535680077507,Control,maxSW,500.aparc,Node Versatility,0.2760842096240883,0.24218067835176924,0.5182648879758576,True,rh_rostralmiddlefrontal_part3,3,Association cortex - type 2,Association,True
0.2,rh_rostralmiddlefrontal_part7,0.6211035773258683,Control,maxSW,500.aparc,Node Versatility,0.2760842096240883,0.24218067835176924,0.5182648879758576,True,rh_rostralmiddlefrontal_part7,3,Association cortex - type 2,Association,True
0.2,rh_rostralmiddlefrontal_part8,0.6656964985708853,Control,maxSW,500.aparc,Node Versatility,0.2760842096240883,0.24218067835176924,0.5182648879758576,True,rh_rostralmiddlefrontal_part8,3,Association cortex - type 2,Association,True
0.2,rh_superiorfrontal_part10,0.7247144076486352,Control,maxSW,500.aparc,Node Versatility,0.2760842096240883,0.24218067835176924,0.5182648879758576,True,rh_superiorfrontal_part10,2,Association cortex - type 1,Association,True
0.2,rh_superiorfrontal_part13,0.5676239520199098,Control,maxSW,500.aparc,Node Versatility,0.2760842096240883,0.24218067835176924,0.5182648879758576,True,rh_superiorfrontal_part13,2,Association cortex - type 1,Association,True
0.2,rh_superiorfrontal_part5,0.536975930017532,Control,maxSW,500.aparc,Node Versatility,0.2760842096240883,0.24218067835176924,0.5182648879758576,True,rh_superiorfrontal_part5,2,Association cortex - type 1,Association,True
0.2,rh_superiorfrontal_part9,0.7457660282486905,Control,maxSW,500.aparc,Node Versatility,0.2760842096240883,0.24218067835176924,0.5182648879758576,True,rh_superiorfrontal_part9,2,Association cortex - type 1,Association,True
0.2,rh_superiortemporal_part3,0.6235550025085868,Control,maxSW,500.aparc,Node Versatility,0.2760842096240883,0.24218067835176924,0.5182648879758576,True,rh_superiortemporal_part3,3,Association cortex - type 2,Association,True
0.2,rh_superiortemporal_part4,0.6039369476241795,Control,maxSW,500.aparc,Node Versatility,0.2760842096240883,0.24218067835176924,0.5182648879758576,True,rh_superiortemporal_part4,3,Association cortex - type 2,Association,True
0.2,rh_superiortemporal_part5,0.6202088075876343,Control,maxSW,500.aparc,Node Versatility,0.2760842096240883,0.24218067835176924,0.5182648879758576,True,rh_superiortemporal_part5,3,Association cortex - type 2,Association,True
0.2,rh_supramarginal_part4,0.6517160796311254,Control,maxSW,500.aparc,Node Versatility,0.2760842096240883,0.24218067835176924,0.5182648879758576,True,rh_supramarginal_part4,3,Association cortex - type 2,Association,True
0.2,rh_temporalpole_part1,1.0,Control,maxSW,500.aparc,Node Versatility,0.2760842096240883,0.24218067835176924,0.5182648879758576,True,rh_temporalpole_part1,2,Association cortex - type 1,Association,True
0.3,lh_fusiform_part1,0.4855968633114724,Control,maxSW,500.aparc,Node Versatility,0.22183165566645005,0.21820836986445694,0.440040025530907,True,lh_fusiform_part1,2,Association cortex - type 1,Association,True
0.3,lh_fusiform_part2,0.6025294977975628,Control,maxSW,500.aparc,Node Versatility,0.22183165566645005,0.21820836986445694,0.440040025530907,True,lh_fusiform_part2,2,Association cortex - type 1,Association,True
0.3,lh_fusiform_part4,0.5243629774739301,Control,maxSW,500.aparc,Node Versatility,0.22183165566645005,0.21820836986445694,0.440040025530907,True,lh_fusiform_part4,2,Association cortex - type 1,Association,True
0.3,lh_inferiortemporal_part3,0.5283669328210459,Control,maxSW,500.aparc,Node Versatility,0.22183165566645005,0.21820836986445694,0.440040025530907,True,lh_inferiortemporal_part3,2,Association cortex - type 1,Association,True
0.3,lh_inferiortemporal_part4,0.5486040891655101,Control,maxSW,500.aparc,Node Versatility,0.22183165566645005,0.21820836986445694,0.440040025530907,True,lh_inferiortemporal_part4,2,Association cortex - type 1,Association,True
0.3,lh_inferiortemporal_part6,0.4799754927742775,Control,maxSW,500.aparc,Node Versatility,0.22183165566645005,0.21820836986445694,0.440040025530907,True,lh_inferiortemporal_part6,2,Association cortex - type 1,Association,True
0.3,lh_insula_part2,0.680057511848975,Control,maxSW,500.aparc,Node Versatility,0.22183165566645005,0.21820836986445694,0.440040025530907,True,lh_insula_part2,7,Insular cortex,Insular,False
0.3,lh_lingual_part5,0.6817929565602757,Control,maxSW,500.aparc,Node Versatility,0.22183165566645005,0.21820836986445694,0.440040025530907,True,lh_lingual_part5,4,Secondary sensory cortex,Secondary,False
0.3,lh_middletemporal_part5,0.7413128434015883,Control,maxSW,500.aparc,Node Versatility,0.22183165566645005,0.21820836986445694,0.440040025530907,True,lh_middletemporal_part5,2,Association cortex - type 1,Association,True
0.3,lh_parahippocampal_part1,0.5959845229791667,Control,maxSW,500.aparc,Node Versatility,0.22183165566645005,0.21820836986445694,0.440040025530907,True,lh_parahippocampal_part1,6,Limbic cortex,Limbic,False
0.3,lh_parsopercularis_part2,0.640883659520116,Control,maxSW,500.aparc,Node Versatility,0.22183165566645005,0.21820836986445694,0.440040025530907,True,lh_parsopercularis_part2,2,Association cortex - type 1,Association,True
0.3,lh_pericalcarine_part1,0.4749292857041475,Control,maxSW,500.aparc,Node Versatility,0.22183165566645005,0.21820836986445694,0.440040025530907,True,lh_pericalcarine_part1,5,Primary sensory cortex,Primary,False
0.3,lh_pericalcarine_part2,0.4749292857041475,Control,maxSW,500.aparc,Node Versatility,0.22183165566645005,0.21820836986445694,0.440040025530907,True,lh_pericalcarine_part2,5,Primary sensory cortex,Primary,False
0.3,lh_posteriorcingulate_part2,0.4636067156591598,Control,maxSW,500.aparc,Node Versatility,0.22183165566645005,0.21820836986445694,0.440040025530907,True,lh_posteriorcingulate_part2,6,Limbic cortex,Limbic,False
0.3,lh_precuneus_part5,0.8347086483563199,Control,maxSW,500.aparc,Node Versatility,0.22183165566645005,0.21820836986445694,0.440040025530907,True,lh_precuneus_part5,2,Association cortex - type 1,Association,True
0.3,lh_rostralanteriorcingulate_part1,0.729315701960421,Control,maxSW,500.aparc,Node Versatility,0.22183165566645005,0.21820836986445694,0.440040025530907,True,lh_rostralanteriorcingulate_part1,6,Limbic cortex,Limbic,False
0.3,lh_rostralmiddlefrontal_part5,0.617675122829665,Control,maxSW,500.aparc,Node Versatility,0.22183165566645005,0.21820836986445694,0.440040025530907,True,lh_rostralmiddlefrontal_part5,3,Association cortex - type 2,Association,True
0.3,lh_superiorfrontal_part10,0.7396798307242463,Control,maxSW,500.aparc,Node Versatility,0.22183165566645005,0.21820836986445694,0.440040025530907,True,lh_superiorfrontal_part10,2,Association cortex - type 1,Association,True
0.3,lh_superiorfrontal_part11,0.6081725434932911,Control,maxSW,500.aparc,Node Versatility,0.22183165566645005,0.21820836986445694,0.440040025530907,True,lh_superiorfrontal_part11,2,Association cortex - type 1,Association,True
0.3,lh_superiorfrontal_part12,0.5744367428140454,Control,maxSW,500.aparc,Node Versatility,0.22183165566645005,0.21820836986445694,0.440040025530907,True,lh_superiorfrontal_part12,2,Association cortex - type 1,Association,True
0.3,lh_superiorfrontal_part13,0.4509582801242063,Control,maxSW,500.aparc,Node Versatility,0.22183165566645005,0.21820836986445694,0.440040025530907,True,lh_superiorfrontal_part13,2,Association cortex - type 1,Association,True
0.3,lh_superiorfrontal_part3,0.7026355361722476,Control,maxSW,500.aparc,Node Versatility,0.22183165566645005,0.21820836986445694,0.440040025530907,True,lh_superiorfrontal_part3,2,Association cortex - type 1,Association,True
0.3,lh_superiorfrontal_part7,0.7305734126950651,Control,maxSW,500.aparc,Node Versatility,0.22183165566645005,0.21820836986445694,0.440040025530907,True,lh_superiorfrontal_part7,2,Association cortex - type 1,Association,True
0.3,lh_superiorparietal_part9,0.6279811696039284,Control,maxSW,500.aparc,Node Versatility,0.22183165566645005,0.21820836986445694,0.440040025530907,True,lh_superiorparietal_part9,2,Association cortex - type 1,Association,True
0.3,lh_superiortemporal_part2,0.4422113102476396,Control,maxSW,500.aparc,Node Versatility,0.22183165566645005,0.21820836986445694,0.440040025530907,True,lh_superiortemporal_part2,3,Association cortex - type 2,Association,True
0.3,lh_superiortemporal_part5,0.4409551202846835,Control,maxSW,500.aparc,Node Versatility,0.22183165566645005,0.21820836986445694,0.440040025530907,True,lh_superiortemporal_part5,3,Association cortex - type 2,Association,True
0.3,lh_superiortemporal_part6,0.5913713529245731,Control,maxSW,500.aparc,Node Versatility,0.22183165566645005,0.21820836986445694,0.440040025530907,True,lh_superiortemporal_part6,3,Association cortex - type 2,Association,True
0.3,lh_temporalpole_part1,0.930143368803643,Control,maxSW,500.aparc,Node Versatility,0.22183165566645005,0.21820836986445694,0.440040025530907,True,lh_temporalpole_part1,2,Association cortex - type 1,Association,True
0.3,rh_fusiform_part2,0.6830219007448346,Control,maxSW,500.aparc,Node Versatility,0.22183165566645005,0.21820836986445694,0.440040025530907,True,rh_fusiform_part2,2,Association cortex - type 1,Association,True
0.3,rh_insula_part1,0.680057511848975,Control,maxSW,500.aparc,Node Versatility,0.22183165566645005,0.21820836986445694,0.440040025530907,True,rh_insula_part1,7,Insular cortex,Insular,False
0.3,rh_isthmuscingulate_part2,0.6214288324139259,Control,maxSW,500.aparc,Node Versatility,0.22183165566645005,0.21820836986445694,0.440040025530907,True,rh_isthmuscingulate_part2,6,Limbic cortex,Limbic,False
0.3,rh_lingual_part5,0.597565433416206,Control,maxSW,500.aparc,Node Versatility,0.22183165566645005,0.21820836986445694,0.440040025530907,True,rh_lingual_part5,4,Secondary sensory cortex,Secondary,False
0.3,rh_medialorbitofrontal_part2,0.8257360597201541,Control,maxSW,500.aparc,Node Versatility,0.22183165566645005,0.21820836986445694,0.440040025530907,True,rh_medialorbitofrontal_part2,4,Secondary sensory cortex,Secondary,False
0.3,rh_middletemporal_part1,0.6952897540475873,Control,maxSW,500.aparc,Node Versatility,0.22183165566645005,0.21820836986445694,0.440040025530907,True,rh_middletemporal_part1,2,Association cortex - type 1,Association,True
0.3,rh_middletemporal_part6,0.6163560458161208,Control,maxSW,500.aparc,Node Versatility,0.22183165566645005,0.21820836986445694,0.440040025530907,True,rh_middletemporal_part6,2,Association cortex - type 1,Association,True
0.3,rh_parahippocampal_part2,0.5230032478483391,Control,maxSW,500.aparc,Node Versatility,0.22183165566645005,0.21820836986445694,0.440040025530907,True,rh_parahippocampal_part2,6,Limbic cortex,Limbic,False
0.3,rh_parsopercularis_part1,0.5146116754350146,Control,maxSW,500.aparc,Node Versatility,0.22183165566645005,0.21820836986445694,0.440040025530907,True,rh_parsopercularis_part1,2,Association cortex - type 1,Association,True
0.3,rh_pericalcarine_part1,0.4749292857041475,Control,maxSW,500.aparc,Node Versatility,0.22183165566645005,0.21820836986445694,0.440040025530907,True,rh_pericalcarine_part1,5,Primary sensory cortex,Primary,False
0.3,rh_pericalcarine_part2,0.4749292857041475,Control,maxSW,500.aparc,Node Versatility,0.22183165566645005,0.21820836986445694,0.440040025530907,True,rh_pericalcarine_part2,5,Primary sensory cortex,Primary,False
0.3,rh_pericalcarine_part3,0.4749292857041475,Control,maxSW,500.aparc,Node Versatility,0.22183165566645005,0.21820836986445694,0.440040025530907,True,rh_pericalcarine_part3,5,Primary sensory cortex,Primary,False
0.3,rh_precentral_part4,0.7569169528160932,Control,maxSW,500.aparc,Node Versatility,0.22183165566645005,0.21820836986445694,0.440040025530907,True,rh_precentral_part4,1,Primary motor cortex,Primary,False
0.3,rh_precentral_part7,0.478383116768135,Control,maxSW,500.aparc,Node Versatility,0.22183165566645005,0.21820836986445694,0.440040025530907,True,rh_precentral_part7,1,Primary motor cortex,Primary,False
0.3,rh_rostralanteriorcingulate_part1,0.7745780381788913,Control,maxSW,500.aparc,Node Versatility,0.22183165566645005,0.21820836986445694,0.440040025530907,True,rh_rostralanteriorcingulate_part1,6,Limbic cortex,Limbic,False
0.3,rh_rostralmiddlefrontal_part2,0.5342046331808359,Control,maxSW,500.aparc,Node Versatility,0.22183165566645005,0.21820836986445694,0.440040025530907,True,rh_rostralmiddlefrontal_part2,3,Association cortex - type 2,Association,True
0.3,rh_rostralmiddlefrontal_part3,0.4646224019212996,Control,maxSW,500.aparc,Node Versatility,0.22183165566645005,0.21820836986445694,0.440040025530907,True,rh_rostralmiddlefrontal_part3,3,Association cortex - type 2,Association,True
0.3,rh_superiorfrontal_part10,0.7207539124921261,Control,maxSW,500.aparc,Node Versatility,0.22183165566645005,0.21820836986445694,0.440040025530907,True,rh_superiorfrontal_part10,2,Association cortex - type 1,Association,True
0.3,rh_superiorfrontal_part13,0.7349133918965766,Control,maxSW,500.aparc,Node Versatility,0.22183165566645005,0.21820836986445694,0.440040025530907,True,rh_superiorfrontal_part13,2,Association cortex - type 1,Association,True
0.3,rh_superiorfrontal_part4,0.7128501285442528,Control,maxSW,500.aparc,Node Versatility,0.22183165566645005,0.21820836986445694,0.440040025530907,True,rh_superiorfrontal_part4,2,Association cortex - type 1,Association,True
0.3,rh_superiorfrontal_part9,0.7376708220519155,Control,maxSW,500.aparc,Node Versatility,0.22183165566645005,0.21820836986445694,0.440040025530907,True,rh_superiorfrontal_part9,2,Association cortex - type 1,Association,True
0.3,rh_superiortemporal_part2,0.5092644746339374,Control,maxSW,500.aparc,Node Versatility,0.22183165566645005,0.21820836986445694,0.440040025530907,True,rh_superiortemporal_part2,3,Association cortex - type 2,Association,True
0.3,rh_superiortemporal_part3,0.5600146539008234,Control,maxSW,500.aparc,Node Versatility,0.22183165566645005,0.21820836986445694,0.440040025530907,True,rh_superiortemporal_part3,3,Association cortex - type 2,Association,True
0.3,rh_superiortemporal_part4,0.4991519500602361,Control,maxSW,500.aparc,Node Versatility,0.22183165566645005,0.21820836986445694,0.440040025530907,True,rh_superiortemporal_part4,3,Association cortex - type 2,Association,True
0.3,rh_temporalpole_part1,0.930143368803643,Control,maxSW,500.aparc,Node Versatility,0.22183165566645005,0.21820836986445694,0.440040025530907,True,rh_temporalpole_part1,2,Association cortex - type 1,Association,True
0.4,lh_fusiform_part2,0.4595505546348037,Control,maxSW,500.aparc,Node Versatility,0.10643073145418994,0.1342864870249304,0.24071721847912034,True,lh_fusiform_part2,2,Association cortex - type 1,Association,True
0.4,lh_fusiform_part4,0.4132355921095995,Control,maxSW,500.aparc,Node Versatility,0.10643073145418994,0.1342864870249304,0.24071721847912034,True,lh_fusiform_part4,2,Association cortex - type 1,Association,True
0.4,lh_inferiortemporal_part3,0.3192418434564428,Control,maxSW,500.aparc,Node Versatility,0.10643073145418994,0.1342864870249304,0.24071721847912034,True,lh_inferiortemporal_part3,2,Association cortex - type 1,Association,True
0.4,lh_insula_part2,0.4399627484073884,Control,maxSW,500.aparc,Node Versatility,0.10643073145418994,0.1342864870249304,0.24071721847912034,True,lh_insula_part2,7,Insular cortex,Insular,False
0.4,lh_middletemporal_part5,0.5278890962587562,Control,maxSW,500.aparc,Node Versatility,0.10643073145418994,0.1342864870249304,0.24071721847912034,True,lh_middletemporal_part5,2,Association cortex - type 1,Association,True
0.4,lh_parahippocampal_part1,0.3260066691769105,Control,maxSW,500.aparc,Node Versatility,0.10643073145418994,0.1342864870249304,0.24071721847912034,True,lh_parahippocampal_part1,6,Limbic cortex,Limbic,False
0.4,lh_pericalcarine_part1,0.6448672857692175,Control,maxSW,500.aparc,Node Versatility,0.10643073145418994,0.1342864870249304,0.24071721847912034,True,lh_pericalcarine_part1,5,Primary sensory cortex,Primary,False
0.4,lh_pericalcarine_part2,0.6448672857692175,Control,maxSW,500.aparc,Node Versatility,0.10643073145418994,0.1342864870249304,0.24071721847912034,True,lh_pericalcarine_part2,5,Primary sensory cortex,Primary,False
0.4,lh_posteriorcingulate_part1,0.3369608276045764,Control,maxSW,500.aparc,Node Versatility,0.10643073145418994,0.1342864870249304,0.24071721847912034,True,lh_posteriorcingulate_part1,6,Limbic cortex,Limbic,False
0.4,lh_rostralanteriorcingulate_part1,0.4254298872390887,Control,maxSW,500.aparc,Node Versatility,0.10643073145418994,0.1342864870249304,0.24071721847912034,True,lh_rostralanteriorcingulate_part1,6,Limbic cortex,Limbic,False
0.4,lh_rostralmiddlefrontal_part10,0.252917817118775,Control,maxSW,500.aparc,Node Versatility,0.10643073145418994,0.1342864870249304,0.24071721847912034,True,lh_rostralmiddlefrontal_part10,3,Association cortex - type 2,Association,True
0.4,lh_rostralmiddlefrontal_part2,0.3557776601760683,Control,maxSW,500.aparc,Node Versatility,0.10643073145418994,0.1342864870249304,0.24071721847912034,True,lh_rostralmiddlefrontal_part2,3,Association cortex - type 2,Association,True
0.4,lh_rostralmiddlefrontal_part3,0.4910843204030951,Control,maxSW,500.aparc,Node Versatility,0.10643073145418994,0.1342864870249304,0.24071721847912034,True,lh_rostralmiddlefrontal_part3,3,Association cortex - type 2,Association,True
0.4,lh_rostralmiddlefrontal_part6,0.3041840870531148,Control,maxSW,500.aparc,Node Versatility,0.10643073145418994,0.1342864870249304,0.24071721847912034,True,lh_rostralmiddlefrontal_part6,3,Association cortex - type 2,Association,True
0.4,lh_rostralmiddlefrontal_part8,0.2925619666714588,Control,maxSW,500.aparc,Node Versatility,0.10643073145418994,0.1342864870249304,0.24071721847912034,True,lh_rostralmiddlefrontal_part8,3,Association cortex - type 2,Association,True
0.4,lh_superiorfrontal_part10,0.4282541541788981,Control,maxSW,500.aparc,Node Versatility,0.10643073145418994,0.1342864870249304,0.24071721847912034,True,lh_superiorfrontal_part10,2,Association cortex - type 1,Association,True
0.4,lh_superiorfrontal_part11,0.3395942154184642,Control,maxSW,500.aparc,Node Versatility,0.10643073145418994,0.1342864870249304,0.24071721847912034,True,lh_superiorfrontal_part11,2,Association cortex - type 1,Association,True
0.4,lh_superiorfrontal_part13,0.3140211180400053,Control,maxSW,500.aparc,Node Versatility,0.10643073145418994,0.1342864870249304,0.24071721847912034,True,lh_superiorfrontal_part13,2,Association cortex - type 1,Association,True
0.4,lh_superiorfrontal_part3,0.5171330916720251,Control,maxSW,500.aparc,Node Versatility,0.10643073145418994,0.1342864870249304,0.24071721847912034,True,lh_superiorfrontal_part3,2,Association cortex - type 1,Association,True
0.4,lh_superiorfrontal_part7,0.4977149157749326,Control,maxSW,500.aparc,Node Versatility,0.10643073145418994,0.1342864870249304,0.24071721847912034,True,lh_superiorfrontal_part7,2,Association cortex - type 1,Association,True
0.4,rh_fusiform_part2,0.598594358224889,Control,maxSW,500.aparc,Node Versatility,0.10643073145418994,0.1342864870249304,0.24071721847912034,True,rh_fusiform_part2,2,Association cortex - type 1,Association,True
0.4,rh_inferiortemporal_part3,0.3171731740792368,Control,maxSW,500.aparc,Node Versatility,0.10643073145418994,0.1342864870249304,0.24071721847912034,True,rh_inferiortemporal_part3,2,Association cortex - type 1,Association,True
0.4,rh_insula_part1,0.4399627484073884,Control,maxSW,500.aparc,Node Versatility,0.10643073145418994,0.1342864870249304,0.24071721847912034,True,rh_insula_part1,7,Insular cortex,Insular,False
0.4,rh_lingual_part5,0.42392937437938,Control,maxSW,500.aparc,Node Versatility,0.10643073145418994,0.1342864870249304,0.24071721847912034,True,rh_lingual_part5,4,Secondary sensory cortex,Secondary,False
0.4,rh_lingual_part6,0.3456469909758367,Control,maxSW,500.aparc,Node Versatility,0.10643073145418994,0.1342864870249304,0.24071721847912034,True,rh_lingual_part6,4,Secondary sensory cortex,Secondary,False
0.4,rh_middletemporal_part1,0.4554830624273832,Control,maxSW,500.aparc,Node Versatility,0.10643073145418994,0.1342864870249304,0.24071721847912034,True,rh_middletemporal_part1,2,Association cortex - type 1,Association,True
0.4,rh_middletemporal_part6,0.2804858463583035,Control,maxSW,500.aparc,Node Versatility,0.10643073145418994,0.1342864870249304,0.24071721847912034,True,rh_middletemporal_part6,2,Association cortex - type 1,Association,True
0.4,rh_parahippocampal_part2,0.2875971790238094,Control,maxSW,500.aparc,Node Versatility,0.10643073145418994,0.1342864870249304,0.24071721847912034,True,rh_parahippocampal_part2,6,Limbic cortex,Limbic,False
0.4,rh_pericalcarine_part1,0.6448672857692175,Control,maxSW,500.aparc,Node Versatility,0.10643073145418994,0.1342864870249304,0.24071721847912034,True,rh_pericalcarine_part1,5,Primary sensory cortex,Primary,False
0.4,rh_pericalcarine_part2,0.6448672857692175,Control,maxSW,500.aparc,Node Versatility,0.10643073145418994,0.1342864870249304,0.24071721847912034,True,rh_pericalcarine_part2,5,Primary sensory cortex,Primary,False
0.4,rh_pericalcarine_part3,0.6448672857692175,Control,maxSW,500.aparc,Node Versatility,0.10643073145418994,0.1342864870249304,0.24071721847912034,True,rh_pericalcarine_part3,5,Primary sensory cortex,Primary,False
0.4,rh_precentral_part4,0.2998147901014533,Control,maxSW,500.aparc,Node Versatility,0.10643073145418994,0.1342864870249304,0.24071721847912034,True,rh_precentral_part4,1,Primary motor cortex,Primary,False
0.4,rh_precentral_part6,0.2978827276241197,Control,maxSW,500.aparc,Node Versatility,0.10643073145418994,0.1342864870249304,0.24071721847912034,True,rh_precentral_part6,1,Primary motor cortex,Primary,False
0.4,rh_rostralanteriorcingulate_part1,0.4691544498539196,Control,maxSW,500.aparc,Node Versatility,0.10643073145418994,0.1342864870249304,0.24071721847912034,True,rh_rostralanteriorcingulate_part1,6,Limbic cortex,Limbic,False
0.4,rh_rostralmiddlefrontal_part2,0.294508003374948,Control,maxSW,500.aparc,Node Versatility,0.10643073145418994,0.1342864870249304,0.24071721847912034,True,rh_rostralmiddlefrontal_part2,3,Association cortex - type 2,Association,True
0.4,rh_rostralmiddlefrontal_part6,0.3338650673610816,Control,maxSW,500.aparc,Node Versatility,0.10643073145418994,0.1342864870249304,0.24071721847912034,True,rh_rostralmiddlefrontal_part6,3,Association cortex - type 2,Association,True
0.4,rh_rostralmiddlefrontal_part8,0.2863493811254858,Control,maxSW,500.aparc,Node Versatility,0.10643073145418994,0.1342864870249304,0.24071721847912034,True,rh_rostralmiddlefrontal_part8,3,Association cortex - type 2,Association,True
0.4,rh_rostralmiddlefrontal_part9,0.267322765255573,Control,maxSW,500.aparc,Node Versatility,0.10643073145418994,0.1342864870249304,0.24071721847912034,True,rh_rostralmiddlefrontal_part9,3,Association cortex - type 2,Association,True
0.4,rh_superiorfrontal_part10,0.3215888163540267,Control,maxSW,500.aparc,Node Versatility,0.10643073145418994,0.1342864870249304,0.24071721847912034,True,rh_superiorfrontal_part10,2,Association cortex - type 1,Association,True
0.4,rh_superiorfrontal_part4,0.4119862727372128,Control,maxSW,500.aparc,Node Versatility,0.10643073145418994,0.1342864870249304,0.24071721847912034,True,rh_superiorfrontal_part4,2,Association cortex - type 1,Association,True
0.4,rh_superiortemporal_part2,0.3698335453304775,Control,maxSW,500.aparc,Node Versatility,0.10643073145418994,0.1342864870249304,0.24071721847912034,True,rh_superiortemporal_part2,3,Association cortex - type 2,Association,True
0.5,lh_fusiform_part2,0.7310203068613381,Control,maxSW,500.aparc,Node Versatility,0.12208115849476846,0.18508298543746127,0.30716414393222974,True,lh_fusiform_part2,2,Association cortex - type 1,Association,True
0.5,lh_inferiortemporal_part3,0.6459001635617382,Control,maxSW,500.aparc,Node Versatility,0.12208115849476846,0.18508298543746127,0.30716414393222974,True,lh_inferiortemporal_part3,2,Association cortex - type 1,Association,True
0.5,lh_insula_part2,0.8677399384307262,Control,maxSW,500.aparc,Node Versatility,0.12208115849476846,0.18508298543746127,0.30716414393222974,True,lh_insula_part2,7,Insular cortex,Insular,False
0.5,lh_middletemporal_part5,0.6279621152681765,Control,maxSW,500.aparc,Node Versatility,0.12208115849476846,0.18508298543746127,0.30716414393222974,True,lh_middletemporal_part5,2,Association cortex - type 1,Association,True
0.5,lh_pericalcarine_part1,0.9051200688875912,Control,maxSW,500.aparc,Node Versatility,0.12208115849476846,0.18508298543746127,0.30716414393222974,True,lh_pericalcarine_part1,5,Primary sensory cortex,Primary,False
0.5,lh_pericalcarine_part2,0.9029879463431894,Control,maxSW,500.aparc,Node Versatility,0.12208115849476846,0.18508298543746127,0.30716414393222974,True,lh_pericalcarine_part2,5,Primary sensory cortex,Primary,False
0.5,lh_postcentral_part7,0.3822659049685802,Control,maxSW,500.aparc,Node Versatility,0.12208115849476846,0.18508298543746127,0.30716414393222974,True,lh_postcentral_part7,5,Primary sensory cortex,Primary,False
0.5,lh_rostralanteriorcingulate_part1,0.6265539887229101,Control,maxSW,500.aparc,Node Versatility,0.12208115849476846,0.18508298543746127,0.30716414393222974,True,lh_rostralanteriorcingulate_part1,6,Limbic cortex,Limbic,False
0.5,lh_rostralmiddlefrontal_part2,0.3752219196483392,Control,maxSW,500.aparc,Node Versatility,0.12208115849476846,0.18508298543746127,0.30716414393222974,True,lh_rostralmiddlefrontal_part2,3,Association cortex - type 2,Association,True
0.5,lh_rostralmiddlefrontal_part3,0.3992156631999777,Control,maxSW,500.aparc,Node Versatility,0.12208115849476846,0.18508298543746127,0.30716414393222974,True,lh_rostralmiddlefrontal_part3,3,Association cortex - type 2,Association,True
0.5,lh_rostralmiddlefrontal_part6,0.5631781308078067,Control,maxSW,500.aparc,Node Versatility,0.12208115849476846,0.18508298543746127,0.30716414393222974,True,lh_rostralmiddlefrontal_part6,3,Association cortex - type 2,Association,True
0.5,lh_rostralmiddlefrontal_part8,0.6119466931009596,Control,maxSW,500.aparc,Node Versatility,0.12208115849476846,0.18508298543746127,0.30716414393222974,True,lh_rostralmiddlefrontal_part8,3,Association cortex - type 2,Association,True
0.5,lh_superiorfrontal_part10,0.5410708581871011,Control,maxSW,500.aparc,Node Versatility,0.12208115849476846,0.18508298543746127,0.30716414393222974,True,lh_superiorfrontal_part10,2,Association cortex - type 1,Association,True
0.5,lh_superiorfrontal_part13,0.7400461481188239,Control,maxSW,500.aparc,Node Versatility,0.12208115849476846,0.18508298543746127,0.30716414393222974,True,lh_superiorfrontal_part13,2,Association cortex - type 1,Association,True
0.5,lh_superiorfrontal_part7,0.5353207867110278,Control,maxSW,500.aparc,Node Versatility,0.12208115849476846,0.18508298543746127,0.30716414393222974,True,lh_superiorfrontal_part7,2,Association cortex - type 1,Association,True
0.5,lh_superiorparietal_part9,0.3086551194633423,Control,maxSW,500.aparc,Node Versatility,0.12208115849476846,0.18508298543746127,0.30716414393222974,True,lh_superiorparietal_part9,2,Association cortex - type 1,Association,True
0.5,rh_fusiform_part2,0.7557389948641342,Control,maxSW,500.aparc,Node Versatility,0.12208115849476846,0.18508298543746127,0.30716414393222974,True,rh_fusiform_part2,2,Association cortex - type 1,Association,True
0.5,rh_inferiortemporal_part3,0.772784531989729,Control,maxSW,500.aparc,Node Versatility,0.12208115849476846,0.18508298543746127,0.30716414393222974,True,rh_inferiortemporal_part3,2,Association cortex - type 1,Association,True
0.5,rh_insula_part1,0.8677399384307262,Control,maxSW,500.aparc,Node Versatility,0.12208115849476846,0.18508298543746127,0.30716414393222974,True,rh_insula_part1,7,Insular cortex,Insular,False
0.5,rh_lingual_part5,0.7006638110886857,Control,maxSW,500.aparc,Node Versatility,0.12208115849476846,0.18508298543746127,0.30716414393222974,True,rh_lingual_part5,4,Secondary sensory cortex,Secondary,False
0.5,rh_middletemporal_part1,0.6650984311672362,Control,maxSW,500.aparc,Node Versatility,0.12208115849476846,0.18508298543746127,0.30716414393222974,True,rh_middletemporal_part1,2,Association cortex - type 1,Association,True
0.5,rh_pericalcarine_part1,0.9051200688875912,Control,maxSW,500.aparc,Node Versatility,0.12208115849476846,0.18508298543746127,0.30716414393222974,True,rh_pericalcarine_part1,5,Primary sensory cortex,Primary,False
0.5,rh_pericalcarine_part2,0.9051200688875912,Control,maxSW,500.aparc,Node Versatility,0.12208115849476846,0.18508298543746127,0.30716414393222974,True,rh_pericalcarine_part2,5,Primary sensory cortex,Primary,False
0.5,rh_pericalcarine_part3,0.9051200688875912,Control,maxSW,500.aparc,Node Versatility,0.12208115849476846,0.18508298543746127,0.30716414393222974,True,rh_pericalcarine_part3,5,Primary sensory cortex,Primary,False
0.5,rh_precentral_part6,0.442170336402686,Control,maxSW,500.aparc,Node Versatility,0.12208115849476846,0.18508298543746127,0.30716414393222974,True,rh_precentral_part6,1,Primary motor cortex,Primary,False
0.5,rh_rostralanteriorcingulate_part1,0.4674962594334234,Control,maxSW,500.aparc,Node Versatility,0.12208115849476846,0.18508298543746127,0.30716414393222974,True,rh_rostralanteriorcingulate_part1,6,Limbic cortex,Limbic,False
0.5,rh_rostralmiddlefrontal_part2,0.56546671784007,Control,maxSW,500.aparc,Node Versatility,0.12208115849476846,0.18508298543746127,0.30716414393222974,True,rh_rostralmiddlefrontal_part2,3,Association cortex - type 2,Association,True
0.5,rh_rostralmiddlefrontal_part9,0.4236716047564436,Control,maxSW,500.aparc,Node Versatility,0.12208115849476846,0.18508298543746127,0.30716414393222974,True,rh_rostralmiddlefrontal_part9,3,Association cortex - type 2,Association,True
0.5,rh_superiortemporal_part3,0.5143497186792398,Control,maxSW,500.aparc,Node Versatility,0.12208115849476846,0.18508298543746127,0.30716414393222974,True,rh_superiortemporal_part3,3,Association cortex - type 2,Association,True
0.6,lh_entorhinal_part1,0.5731290710907632,Control,maxSW,500.aparc,Node Versatility,0.09227436596925126,0.16824223516106543,0.2605166011303167,True,lh_entorhinal_part1,6,Limbic cortex,Limbic,False
0.6,lh_fusiform_part2,0.366802652235668,Control,maxSW,500.aparc,Node Versatility,0.09227436596925126,0.16824223516106543,0.2605166011303167,True,lh_fusiform_part2,2,Association cortex - type 1,Association,True
0.6,lh_inferiorparietal_part6,0.4843365207738965,Control,maxSW,500.aparc,Node Versatility,0.09227436596925126,0.16824223516106543,0.2605166011303167,True,lh_inferiorparietal_part6,3,Association cortex - type 2,Association,True
0.6,lh_inferiortemporal_part3,0.5698978278684492,Control,maxSW,500.aparc,Node Versatility,0.09227436596925126,0.16824223516106543,0.2605166011303167,True,lh_inferiortemporal_part3,2,Association cortex - type 1,Association,True
0.6,lh_lingual_part6,0.3990336440509551,Control,maxSW,500.aparc,Node Versatility,0.09227436596925126,0.16824223516106543,0.2605166011303167,True,lh_lingual_part6,4,Secondary sensory cortex,Secondary,False
0.6,lh_medialorbitofrontal_part1,0.3111351551301105,Control,maxSW,500.aparc,Node Versatility,0.09227436596925126,0.16824223516106543,0.2605166011303167,True,lh_medialorbitofrontal_part1,4,Secondary sensory cortex,Secondary,False
0.6,lh_pericalcarine_part1,1.0,Control,maxSW,500.aparc,Node Versatility,0.09227436596925126,0.16824223516106543,0.2605166011303167,True,lh_pericalcarine_part1,5,Primary sensory cortex,Primary,False
0.6,lh_pericalcarine_part2,1.0,Control,maxSW,500.aparc,Node Versatility,0.09227436596925126,0.16824223516106543,0.2605166011303167,True,lh_pericalcarine_part2,5,Primary sensory cortex,Primary,False
0.6,lh_postcentral_part3,0.3707474745874964,Control,maxSW,500.aparc,Node Versatility,0.09227436596925126,0.16824223516106543,0.2605166011303167,True,lh_postcentral_part3,5,Primary sensory cortex,Primary,False
0.6,lh_postcentral_part6,0.3830154473580571,Control,maxSW,500.aparc,Node Versatility,0.09227436596925126,0.16824223516106543,0.2605166011303167,True,lh_postcentral_part6,5,Primary sensory cortex,Primary,False
0.6,lh_rostralanteriorcingulate_part1,0.386680166831585,Control,maxSW,500.aparc,Node Versatility,0.09227436596925126,0.16824223516106543,0.2605166011303167,True,lh_rostralanteriorcingulate_part1,6,Limbic cortex,Limbic,False
0.6,lh_superiorfrontal_part13,0.3327659454441479,Control,maxSW,500.aparc,Node Versatility,0.09227436596925126,0.16824223516106543,0.2605166011303167,True,lh_superiorfrontal_part13,2,Association cortex - type 1,Association,True
0.6,lh_superiorparietal_part9,0.3564870744872013,Control,maxSW,500.aparc,Node Versatility,0.09227436596925126,0.16824223516106543,0.2605166011303167,True,lh_superiorparietal_part9,2,Association cortex - type 1,Association,True
0.6,lh_supramarginal_part3,0.2790189272069767,Control,maxSW,500.aparc,Node Versatility,0.09227436596925126,0.16824223516106543,0.2605166011303167,True,lh_supramarginal_part3,3,Association cortex - type 2,Association,True
0.6,rh_caudalmiddlefrontal_part3,0.2803916067597825,Control,maxSW,500.aparc,Node Versatility,0.09227436596925126,0.16824223516106543,0.2605166011303167,True,rh_caudalmiddlefrontal_part3,2,Association cortex - type 1,Association,True
0.6,rh_entorhinal_part1,0.5731290710907632,Control,maxSW,500.aparc,Node Versatility,0.09227436596925126,0.16824223516106543,0.2605166011303167,True,rh_entorhinal_part1,6,Limbic cortex,Limbic,False
0.6,rh_fusiform_part2,0.7795834485110235,Control,maxSW,500.aparc,Node Versatility,0.09227436596925126,0.16824223516106543,0.2605166011303167,True,rh_fusiform_part2,2,Association cortex - type 1,Association,True
0.6,rh_lateraloccipital_part5,0.5905887256993223,Control,maxSW,500.aparc,Node Versatility,0.09227436596925126,0.16824223516106543,0.2605166011303167,True,rh_lateraloccipital_part5,4,Secondary sensory cortex,Secondary,False
0.6,rh_lingual_part5,0.7439896811440155,Control,maxSW,500.aparc,Node Versatility,0.09227436596925126,0.16824223516106543,0.2605166011303167,True,rh_lingual_part5,4,Secondary sensory cortex,Secondary,False
0.6,rh_lingual_part6,0.5548061871355314,Control,maxSW,500.aparc,Node Versatility,0.09227436596925126,0.16824223516106543,0.2605166011303167,True,rh_lingual_part6,4,Secondary sensory cortex,Secondary,False
0.6,rh_pericalcarine_part1,0.9827809612730014,Control,maxSW,500.aparc,Node Versatility,0.09227436596925126,0.16824223516106543,0.2605166011303167,True,rh_pericalcarine_part1,5,Primary sensory cortex,Primary,False
0.6,rh_pericalcarine_part2,1.0,Control,maxSW,500.aparc,Node Versatility,0.09227436596925126,0.16824223516106543,0.2605166011303167,True,rh_pericalcarine_part2,5,Primary sensory cortex,Primary,False
0.6,rh_pericalcarine_part3,0.9827809612730014,Control,maxSW,500.aparc,Node Versatility,0.09227436596925126,0.16824223516106543,0.2605166011303167,True,rh_pericalcarine_part3,5,Primary sensory cortex,Primary,False
0.6,rh_postcentral_part4,0.4015512212028754,Control,maxSW,500.aparc,Node Versatility,0.09227436596925126,0.16824223516106543,0.2605166011303167,True,rh_postcentral_part4,5,Primary sensory cortex,Primary,False
0.6,rh_postcentral_part8,0.2942006074915938,Control,maxSW,500.aparc,Node Versatility,0.09227436596925126,0.16824223516106543,0.2605166011303167,True,rh_postcentral_part8,5,Primary sensory cortex,Primary,False
0.6,rh_superiorparietal_part7,0.6580737618505518,Control,maxSW,500.aparc,Node Versatility,0.09227436596925126,0.16824223516106543,0.2605166011303167,True,rh_superiorparietal_part7,2,Association cortex - type 1,Association,True
0.6,rh_superiortemporal_part3,0.2636365901981696,Control,maxSW,500.aparc,Node Versatility,0.09227436596925126,0.16824223516106543,0.2605166011303167,True,rh_superiortemporal_part3,3,Association cortex - type 2,Association,True
0.7,lh_entorhinal_part1,1.0,Control,maxSW,500.aparc,Node Versatility,0.11311149752578468,0.17098280835440982,0.2840943058801945,True,lh_entorhinal_part1,6,Limbic cortex,Limbic,False
0.7,lh_fusiform_part2,0.3258899114863371,Control,maxSW,500.aparc,Node Versatility,0.11311149752578468,0.17098280835440982,0.2840943058801945,True,lh_fusiform_part2,2,Association cortex - type 1,Association,True
0.7,lh_inferiorparietal_part6,0.3039900776341044,Control,maxSW,500.aparc,Node Versatility,0.11311149752578468,0.17098280835440982,0.2840943058801945,True,lh_inferiorparietal_part6,3,Association cortex - type 2,Association,True
0.7,lh_inferiortemporal_part3,0.2937962523763501,Control,maxSW,500.aparc,Node Versatility,0.11311149752578468,0.17098280835440982,0.2840943058801945,True,lh_inferiortemporal_part3,2,Association cortex - type 1,Association,True
0.7,lh_insula_part2,0.4220183909015756,Control,maxSW,500.aparc,Node Versatility,0.11311149752578468,0.17098280835440982,0.2840943058801945,True,lh_insula_part2,7,Insular cortex,Insular,False
0.7,lh_lateraloccipital_part1,0.2861514446886792,Control,maxSW,500.aparc,Node Versatility,0.11311149752578468,0.17098280835440982,0.2840943058801945,True,lh_lateraloccipital_part1,4,Secondary sensory cortex,Secondary,False
0.7,lh_lateraloccipital_part7,0.4474773907673252,Control,maxSW,500.aparc,Node Versatility,0.11311149752578468,0.17098280835440982,0.2840943058801945,True,lh_lateraloccipital_part7,4,Secondary sensory cortex,Secondary,False
0.7,lh_lateralorbitofrontal_part1,0.626064230955812,Control,maxSW,500.aparc,Node Versatility,0.11311149752578468,0.17098280835440982,0.2840943058801945,True,lh_lateralorbitofrontal_part1,4,Secondary sensory cortex,Secondary,False
0.7,lh_lateralorbitofrontal_part2,0.7038301617539007,Control,maxSW,500.aparc,Node Versatility,0.11311149752578468,0.17098280835440982,0.2840943058801945,True,lh_lateralorbitofrontal_part2,4,Secondary sensory cortex,Secondary,False
0.7,lh_medialorbitofrontal_part1,0.6357523190060631,Control,maxSW,500.aparc,Node Versatility,0.11311149752578468,0.17098280835440982,0.2840943058801945,True,lh_medialorbitofrontal_part1,4,Secondary sensory cortex,Secondary,False
0.7,lh_middletemporal_part4,0.3057526100887958,Control,maxSW,500.aparc,Node Versatility,0.11311149752578468,0.17098280835440982,0.2840943058801945,True,lh_middletemporal_part4,2,Association cortex - type 1,Association,True
0.7,lh_pericalcarine_part1,0.8753302660211079,Control,maxSW,500.aparc,Node Versatility,0.11311149752578468,0.17098280835440982,0.2840943058801945,True,lh_pericalcarine_part1,5,Primary sensory cortex,Primary,False
0.7,lh_pericalcarine_part2,0.7241783208486889,Control,maxSW,500.aparc,Node Versatility,0.11311149752578468,0.17098280835440982,0.2840943058801945,True,lh_pericalcarine_part2,5,Primary sensory cortex,Primary,False
0.7,lh_postcentral_part3,0.4303542242955274,Control,maxSW,500.aparc,Node Versatility,0.11311149752578468,0.17098280835440982,0.2840943058801945,True,lh_postcentral_part3,5,Primary sensory cortex,Primary,False
0.7,lh_postcentral_part4,0.6213111758543187,Control,maxSW,500.aparc,Node Versatility,0.11311149752578468,0.17098280835440982,0.2840943058801945,True,lh_postcentral_part4,5,Primary sensory cortex,Primary,False
0.7,lh_postcentral_part6,0.3904949671938374,Control,maxSW,500.aparc,Node Versatility,0.11311149752578468,0.17098280835440982,0.2840943058801945,True,lh_postcentral_part6,5,Primary sensory cortex,Primary,False
0.7,lh_postcentral_part8,0.3453715805147525,Control,maxSW,500.aparc,Node Versatility,0.11311149752578468,0.17098280835440982,0.2840943058801945,True,lh_postcentral_part8,5,Primary sensory cortex,Primary,False
0.7,rh_entorhinal_part1,0.9988636497648652,Control,maxSW,500.aparc,Node Versatility,0.11311149752578468,0.17098280835440982,0.2840943058801945,True,rh_entorhinal_part1,6,Limbic cortex,Limbic,False
0.7,rh_fusiform_part2,0.4796838757526156,Control,maxSW,500.aparc,Node Versatility,0.11311149752578468,0.17098280835440982,0.2840943058801945,True,rh_fusiform_part2,2,Association cortex - type 1,Association,True
0.7,rh_insula_part1,0.4220183909015756,Control,maxSW,500.aparc,Node Versatility,0.11311149752578468,0.17098280835440982,0.2840943058801945,True,rh_insula_part1,7,Insular cortex,Insular,False
0.7,rh_lateraloccipital_part5,0.2958692337782312,Control,maxSW,500.aparc,Node Versatility,0.11311149752578468,0.17098280835440982,0.2840943058801945,True,rh_lateraloccipital_part5,4,Secondary sensory cortex,Secondary,False
0.7,rh_lateraloccipital_part6,0.2858891123447586,Control,maxSW,500.aparc,Node Versatility,0.11311149752578468,0.17098280835440982,0.2840943058801945,True,rh_lateraloccipital_part6,4,Secondary sensory cortex,Secondary,False
0.7,rh_lateraloccipital_part7,0.2853026897393028,Control,maxSW,500.aparc,Node Versatility,0.11311149752578468,0.17098280835440982,0.2840943058801945,True,rh_lateraloccipital_part7,4,Secondary sensory cortex,Secondary,False
0.7,rh_lateralorbitofrontal_part2,0.5331250676042074,Control,maxSW,500.aparc,Node Versatility,0.11311149752578468,0.17098280835440982,0.2840943058801945,True,rh_lateralorbitofrontal_part2,4,Secondary sensory cortex,Secondary,False
0.7,rh_lingual_part5,0.716570925517501,Control,maxSW,500.aparc,Node Versatility,0.11311149752578468,0.17098280835440982,0.2840943058801945,True,rh_lingual_part5,4,Secondary sensory cortex,Secondary,False
0.7,rh_lingual_part6,0.3705825684848772,Control,maxSW,500.aparc,Node Versatility,0.11311149752578468,0.17098280835440982,0.2840943058801945,True,rh_lingual_part6,4,Secondary sensory cortex,Secondary,False
0.7,rh_medialorbitofrontal_part2,0.6267354389115432,Control,maxSW,500.aparc,Node Versatility,0.11311149752578468,0.17098280835440982,0.2840943058801945,True,rh_medialorbitofrontal_part2,4,Secondary sensory cortex,Secondary,False
0.7,rh_medialorbitofrontal_part3,0.331424590682423,Control,maxSW,500.aparc,Node Versatility,0.11311149752578468,0.17098280835440982,0.2840943058801945,True,rh_medialorbitofrontal_part3,4,Secondary sensory cortex,Secondary,False
0.7,rh_middletemporal_part3,0.3309054938170922,Control,maxSW,500.aparc,Node Versatility,0.11311149752578468,0.17098280835440982,0.2840943058801945,True,rh_middletemporal_part3,2,Association cortex - type 1,Association,True
0.7,rh_pericalcarine_part1,0.5475732997743067,Control,maxSW,500.aparc,Node Versatility,0.11311149752578468,0.17098280835440982,0.2840943058801945,True,rh_pericalcarine_part1,5,Primary sensory cortex,Primary,False
0.7,rh_pericalcarine_part2,0.8753302660211079,Control,maxSW,500.aparc,Node Versatility,0.11311149752578468,0.17098280835440982,0.2840943058801945,True,rh_pericalcarine_part2,5,Primary sensory cortex,Primary,False
0.7,rh_pericalcarine_part3,0.5475732997743067,Control,maxSW,500.aparc,Node Versatility,0.11311149752578468,0.17098280835440982,0.2840943058801945,True,rh_pericalcarine_part3,5,Primary sensory cortex,Primary,False
0.7,rh_postcentral_part4,0.7032498724611278,Control,maxSW,500.aparc,Node Versatility,0.11311149752578468,0.17098280835440982,0.2840943058801945,True,rh_postcentral_part4,5,Primary sensory cortex,Primary,False
0.7,rh_superiorparietal_part1,0.3365359914863843,Control,maxSW,500.aparc,Node Versatility,0.11311149752578468,0.17098280835440982,0.2840943058801945,True,rh_superiorparietal_part1,2,Association cortex - type 1,Association,True
0.7,rh_superiorparietal_part10,0.3209614926568345,Control,maxSW,500.aparc,Node Versatility,0.11311149752578468,0.17098280835440982,0.2840943058801945,True,rh_superiorparietal_part10,2,Association cortex - type 1,Association,True
0.7,rh_superiorparietal_part7,0.4804204555940318,Control,maxSW,500.aparc,Node Versatility,0.11311149752578468,0.17098280835440982,0.2840943058801945,True,rh_superiorparietal_part7,2,Association cortex - type 1,Association,True
0.8,lh_entorhinal_part1,0.6487989999708554,Control,maxSW,500.aparc,Node Versatility,0.11246088257608636,0.16810822440491155,0.2805691069809979,True,lh_entorhinal_part1,6,Limbic cortex,Limbic,False
0.8,lh_lateraloccipital_part7,0.4853933587901569,Control,maxSW,500.aparc,Node Versatility,0.11246088257608636,0.16810822440491155,0.2805691069809979,True,lh_lateraloccipital_part7,4,Secondary sensory cortex,Secondary,False
0.8,lh_lingual_part5,0.5746576902998506,Control,maxSW,500.aparc,Node Versatility,0.11246088257608636,0.16810822440491155,0.2805691069809979,True,lh_lingual_part5,4,Secondary sensory cortex,Secondary,False
0.8,lh_lingual_part6,0.3063553654224488,Control,maxSW,500.aparc,Node Versatility,0.11246088257608636,0.16810822440491155,0.2805691069809979,True,lh_lingual_part6,4,Secondary sensory cortex,Secondary,False
0.8,lh_pericalcarine_part1,0.9191084030332374,Control,maxSW,500.aparc,Node Versatility,0.11246088257608636,0.16810822440491155,0.2805691069809979,True,lh_pericalcarine_part1,5,Primary sensory cortex,Primary,False
0.8,lh_pericalcarine_part2,0.5261433332587664,Control,maxSW,500.aparc,Node Versatility,0.11246088257608636,0.16810822440491155,0.2805691069809979,True,lh_pericalcarine_part2,5,Primary sensory cortex,Primary,False
0.8,lh_postcentral_part3,0.5477012686422374,Control,maxSW,500.aparc,Node Versatility,0.11246088257608636,0.16810822440491155,0.2805691069809979,True,lh_postcentral_part3,5,Primary sensory cortex,Primary,False
0.8,lh_postcentral_part6,0.6490584319398738,Control,maxSW,500.aparc,Node Versatility,0.11246088257608636,0.16810822440491155,0.2805691069809979,True,lh_postcentral_part6,5,Primary sensory cortex,Primary,False
0.8,lh_postcentral_part8,0.6412991328010652,Control,maxSW,500.aparc,Node Versatility,0.11246088257608636,0.16810822440491155,0.2805691069809979,True,lh_postcentral_part8,5,Primary sensory cortex,Primary,False
0.8,lh_rostralmiddlefrontal_part1,0.3258743699027523,Control,maxSW,500.aparc,Node Versatility,0.11246088257608636,0.16810822440491155,0.2805691069809979,True,lh_rostralmiddlefrontal_part1,3,Association cortex - type 2,Association,True
0.8,lh_superiorparietal_part10,0.4246156520509223,Control,maxSW,500.aparc,Node Versatility,0.11246088257608636,0.16810822440491155,0.2805691069809979,True,lh_superiorparietal_part10,2,Association cortex - type 1,Association,True
0.8,lh_superiorparietal_part5,0.3844816391983516,Control,maxSW,500.aparc,Node Versatility,0.11246088257608636,0.16810822440491155,0.2805691069809979,True,lh_superiorparietal_part5,2,Association cortex - type 1,Association,True
0.8,rh_entorhinal_part1,0.5181819860137534,Control,maxSW,500.aparc,Node Versatility,0.11246088257608636,0.16810822440491155,0.2805691069809979,True,rh_entorhinal_part1,6,Limbic cortex,Limbic,False
0.8,rh_inferiorparietal_part8,0.3240559716232464,Control,maxSW,500.aparc,Node Versatility,0.11246088257608636,0.16810822440491155,0.2805691069809979,True,rh_inferiorparietal_part8,3,Association cortex - type 2,Association,True
0.8,rh_insula_part1,0.3199836668534135,Control,maxSW,500.aparc,Node Versatility,0.11246088257608636,0.16810822440491155,0.2805691069809979,True,rh_insula_part1,7,Insular cortex,Insular,False
0.8,rh_lateraloccipital_part6,0.6229559100500344,Control,maxSW,500.aparc,Node Versatility,0.11246088257608636,0.16810822440491155,0.2805691069809979,True,rh_lateraloccipital_part6,4,Secondary sensory cortex,Secondary,False
0.8,rh_lateraloccipital_part7,0.3673248522344632,Control,maxSW,500.aparc,Node Versatility,0.11246088257608636,0.16810822440491155,0.2805691069809979,True,rh_lateraloccipital_part7,4,Secondary sensory cortex,Secondary,False
0.8,rh_lingual_part5,0.9440635029169082,Control,maxSW,500.aparc,Node Versatility,0.11246088257608636,0.16810822440491155,0.2805691069809979,True,rh_lingual_part5,4,Secondary sensory cortex,Secondary,False
0.8,rh_lingual_part6,0.3337685420414201,Control,maxSW,500.aparc,Node Versatility,0.11246088257608636,0.16810822440491155,0.2805691069809979,True,rh_lingual_part6,4,Secondary sensory cortex,Secondary,False
0.8,rh_middletemporal_part3,0.3021988505076323,Control,maxSW,500.aparc,Node Versatility,0.11246088257608636,0.16810822440491155,0.2805691069809979,True,rh_middletemporal_part3,2,Association cortex - type 1,Association,True
0.8,rh_pericalcarine_part1,1.0,Control,maxSW,500.aparc,Node Versatility,0.11246088257608636,0.16810822440491155,0.2805691069809979,True,rh_pericalcarine_part1,5,Primary sensory cortex,Primary,False
0.8,rh_pericalcarine_part2,0.9191084030332374,Control,maxSW,500.aparc,Node Versatility,0.11246088257608636,0.16810822440491155,0.2805691069809979,True,rh_pericalcarine_part2,5,Primary sensory cortex,Primary,False
0.8,rh_pericalcarine_part3,0.850244863028137,Control,maxSW,500.aparc,Node Versatility,0.11246088257608636,0.16810822440491155,0.2805691069809979,True,rh_pericalcarine_part3,5,Primary sensory cortex,Primary,False
0.8,rh_postcentral_part3,0.648362055260481,Control,maxSW,500.aparc,Node Versatility,0.11246088257608636,0.16810822440491155,0.2805691069809979,True,rh_postcentral_part3,5,Primary sensory cortex,Primary,False
0.8,rh_postcentral_part4,0.3652517319287096,Control,maxSW,500.aparc,Node Versatility,0.11246088257608636,0.16810822440491155,0.2805691069809979,True,rh_postcentral_part4,5,Primary sensory cortex,Primary,False
0.8,rh_postcentral_part7,0.3963158151604926,Control,maxSW,500.aparc,Node Versatility,0.11246088257608636,0.16810822440491155,0.2805691069809979,True,rh_postcentral_part7,5,Primary sensory cortex,Primary,False
0.8,rh_superiorparietal_part1,0.4393512819207656,Control,maxSW,500.aparc,Node Versatility,0.11246088257608636,0.16810822440491155,0.2805691069809979,True,rh_superiorparietal_part1,2,Association cortex - type 1,Association,True
0.8,rh_superiorparietal_part10,0.3792467358751648,Control,maxSW,500.aparc,Node Versatility,0.11246088257608636,0.16810822440491155,0.2805691069809979,True,rh_superiorparietal_part10,2,Association cortex - type 1,Association,True
0.8,rh_superiorparietal_part4,0.3030642656776104,Control,maxSW,500.aparc,Node Versatility,0.11246088257608636,0.16810822440491155,0.2805691069809979,True,rh_superiorparietal_part4,2,Association cortex - type 1,Association,True
0.8,rh_superiorparietal_part7,0.709722130268027,Control,maxSW,500.aparc,Node Versatility,0.11246088257608636,0.16810822440491155,0.2805691069809979,True,rh_superiorparietal_part7,2,Association cortex - type 1,Association,True
0.9,lh_cuneus_part1,0.308117302811868,Control,maxSW,500.aparc,Node Versatility,0.11226334690117243,0.15019639393193315,0.2624597408331056,True,lh_cuneus_part1,4,Secondary sensory cortex,Secondary,False
0.9,lh_insula_part2,0.3582540786704478,Control,maxSW,500.aparc,Node Versatility,0.11226334690117243,0.15019639393193315,0.2624597408331056,True,lh_insula_part2,7,Insular cortex,Insular,False
0.9,lh_lateraloccipital_part7,0.4440211031274265,Control,maxSW,500.aparc,Node Versatility,0.11226334690117243,0.15019639393193315,0.2624597408331056,True,lh_lateraloccipital_part7,4,Secondary sensory cortex,Secondary,False
0.9,lh_lingual_part5,0.4840626203872294,Control,maxSW,500.aparc,Node Versatility,0.11226334690117243,0.15019639393193315,0.2624597408331056,True,lh_lingual_part5,4,Secondary sensory cortex,Secondary,False
0.9,lh_pericalcarine_part1,1.0,Control,maxSW,500.aparc,Node Versatility,0.11226334690117243,0.15019639393193315,0.2624597408331056,True,lh_pericalcarine_part1,5,Primary sensory cortex,Primary,False
0.9,lh_pericalcarine_part2,0.8472553819253036,Control,maxSW,500.aparc,Node Versatility,0.11226334690117243,0.15019639393193315,0.2624597408331056,True,lh_pericalcarine_part2,5,Primary sensory cortex,Primary,False
0.9,lh_postcentral_part3,0.3408245923996367,Control,maxSW,500.aparc,Node Versatility,0.11226334690117243,0.15019639393193315,0.2624597408331056,True,lh_postcentral_part3,5,Primary sensory cortex,Primary,False
0.9,lh_postcentral_part6,0.3860567741589713,Control,maxSW,500.aparc,Node Versatility,0.11226334690117243,0.15019639393193315,0.2624597408331056,True,lh_postcentral_part6,5,Primary sensory cortex,Primary,False
0.9,lh_postcentral_part8,0.4558496347676735,Control,maxSW,500.aparc,Node Versatility,0.11226334690117243,0.15019639393193315,0.2624597408331056,True,lh_postcentral_part8,5,Primary sensory cortex,Primary,False
0.9,lh_superiorparietal_part10,0.2961127981816574,Control,maxSW,500.aparc,Node Versatility,0.11226334690117243,0.15019639393193315,0.2624597408331056,True,lh_superiorparietal_part10,2,Association cortex - type 1,Association,True
0.9,lh_superiortemporal_part2,0.3278917027664929,Control,maxSW,500.aparc,Node Versatility,0.11226334690117243,0.15019639393193315,0.2624597408331056,True,lh_superiortemporal_part2,3,Association cortex - type 2,Association,True
0.9,lh_superiortemporal_part4,0.3451197395108851,Control,maxSW,500.aparc,Node Versatility,0.11226334690117243,0.15019639393193315,0.2624597408331056,True,lh_superiortemporal_part4,3,Association cortex - type 2,Association,True
0.9,rh_inferiortemporal_part1,0.3144839180762219,Control,maxSW,500.aparc,Node Versatility,0.11226334690117243,0.15019639393193315,0.2624597408331056,True,rh_inferiortemporal_part1,2,Association cortex - type 1,Association,True
0.9,rh_insula_part1,0.3582540786704478,Control,maxSW,500.aparc,Node Versatility,0.11226334690117243,0.15019639393193315,0.2624597408331056,True,rh_insula_part1,7,Insular cortex,Insular,False
0.9,rh_lateraloccipital_part6,0.3253513514435631,Control,maxSW,500.aparc,Node Versatility,0.11226334690117243,0.15019639393193315,0.2624597408331056,True,rh_lateraloccipital_part6,4,Secondary sensory cortex,Secondary,False
0.9,rh_lingual_part5,0.8160533874545638,Control,maxSW,500.aparc,Node Versatility,0.11226334690117243,0.15019639393193315,0.2624597408331056,True,rh_lingual_part5,4,Secondary sensory cortex,Secondary,False
0.9,rh_lingual_part6,0.2693835393943448,Control,maxSW,500.aparc,Node Versatility,0.11226334690117243,0.15019639393193315,0.2624597408331056,True,rh_lingual_part6,4,Secondary sensory cortex,Secondary,False
0.9,rh_pericalcarine_part1,1.0,Control,maxSW,500.aparc,Node Versatility,0.11226334690117243,0.15019639393193315,0.2624597408331056,True,rh_pericalcarine_part1,5,Primary sensory cortex,Primary,False
0.9,rh_pericalcarine_part2,1.0,Control,maxSW,500.aparc,Node Versatility,0.11226334690117243,0.15019639393193315,0.2624597408331056,True,rh_pericalcarine_part2,5,Primary sensory cortex,Primary,False
0.9,rh_pericalcarine_part3,1.0,Control,maxSW,500.aparc,Node Versatility,0.11226334690117243,0.15019639393193315,0.2624597408331056,True,rh_pericalcarine_part3,5,Primary sensory cortex,Primary,False
0.9,rh_postcentral_part3,0.2744902138112196,Control,maxSW,500.aparc,Node Versatility,0.11226334690117243,0.15019639393193315,0.2624597408331056,True,rh_postcentral_part3,5,Primary sensory cortex,Primary,False
0.9,rh_postcentral_part7,0.3859130137196901,Control,maxSW,500.aparc,Node Versatility,0.11226334690117243,0.15019639393193315,0.2624597408331056,True,rh_postcentral_part7,5,Primary sensory cortex,Primary,False
0.9,rh_superiorparietal_part1,0.3612719017111541,Control,maxSW,500.aparc,Node Versatility,0.11226334690117243,0.15019639393193315,0.2624597408331056,True,rh_superiorparietal_part1,2,Association cortex - type 1,Association,True
0.9,rh_superiorparietal_part3,0.3895726035409519,Control,maxSW,500.aparc,Node Versatility,0.11226334690117243,0.15019639393193315,0.2624597408331056,True,rh_superiorparietal_part3,2,Association cortex - type 1,Association,True
0.9,rh_superiorparietal_part7,0.3753366770191262,Control,maxSW,500.aparc,Node Versatility,0.11226334690117243,0.15019639393193315,0.2624597408331056,True,rh_superiorparietal_part7,2,Association cortex - type 1,Association,True
1.0,lh_caudalmiddlefrontal_part3,0.3285787069822801,Control,maxSW,500.aparc,Node Versatility,0.13876979349002458,0.17320493086644273,0.31197472435646734,True,lh_caudalmiddlefrontal_part3,2,Association cortex - type 1,Association,True
1.0,lh_frontalpole_part1,0.4648766549764204,Control,maxSW,500.aparc,Node Versatility,0.13876979349002458,0.17320493086644273,0.31197472435646734,True,lh_frontalpole_part1,3,Association cortex - type 2,Association,True
1.0,lh_inferiortemporal_part1,0.7635445009606017,Control,maxSW,500.aparc,Node Versatility,0.13876979349002458,0.17320493086644273,0.31197472435646734,True,lh_inferiortemporal_part1,2,Association cortex - type 1,Association,True
1.0,lh_insula_part2,0.6620770622581026,Control,maxSW,500.aparc,Node Versatility,0.13876979349002458,0.17320493086644273,0.31197472435646734,True,lh_insula_part2,7,Insular cortex,Insular,False
1.0,lh_insula_part3,0.3983558043296104,Control,maxSW,500.aparc,Node Versatility,0.13876979349002458,0.17320493086644273,0.31197472435646734,True,lh_insula_part3,7,Insular cortex,Insular,False
1.0,lh_insula_part4,0.3983558043296104,Control,maxSW,500.aparc,Node Versatility,0.13876979349002458,0.17320493086644273,0.31197472435646734,True,lh_insula_part4,7,Insular cortex,Insular,False
1.0,lh_middletemporal_part1,0.7564081482405556,Control,maxSW,500.aparc,Node Versatility,0.13876979349002458,0.17320493086644273,0.31197472435646734,True,lh_middletemporal_part1,2,Association cortex - type 1,Association,True
1.0,lh_middletemporal_part3,0.4030602743541755,Control,maxSW,500.aparc,Node Versatility,0.13876979349002458,0.17320493086644273,0.31197472435646734,True,lh_middletemporal_part3,2,Association cortex - type 1,Association,True
1.0,lh_parsorbitalis_part1,0.4648766549764204,Control,maxSW,500.aparc,Node Versatility,0.13876979349002458,0.17320493086644273,0.31197472435646734,True,lh_parsorbitalis_part1,4,Secondary sensory cortex,Secondary,False
1.0,lh_pericalcarine_part1,0.5506565568079237,Control,maxSW,500.aparc,Node Versatility,0.13876979349002458,0.17320493086644273,0.31197472435646734,True,lh_pericalcarine_part1,5,Primary sensory cortex,Primary,False
1.0,lh_pericalcarine_part2,0.5506565568079237,Control,maxSW,500.aparc,Node Versatility,0.13876979349002458,0.17320493086644273,0.31197472435646734,True,lh_pericalcarine_part2,5,Primary sensory cortex,Primary,False
1.0,lh_rostralanteriorcingulate_part1,0.4291032791829386,Control,maxSW,500.aparc,Node Versatility,0.13876979349002458,0.17320493086644273,0.31197472435646734,True,lh_rostralanteriorcingulate_part1,6,Limbic cortex,Limbic,False
1.0,lh_rostralmiddlefrontal_part4,0.3617178364768043,Control,maxSW,500.aparc,Node Versatility,0.13876979349002458,0.17320493086644273,0.31197472435646734,True,lh_rostralmiddlefrontal_part4,3,Association cortex - type 2,Association,True
1.0,lh_superiorfrontal_part1,0.479234393050677,Control,maxSW,500.aparc,Node Versatility,0.13876979349002458,0.17320493086644273,0.31197472435646734,True,lh_superiorfrontal_part1,2,Association cortex - type 1,Association,True
1.0,lh_superiorfrontal_part5,0.4341677524796112,Control,maxSW,500.aparc,Node Versatility,0.13876979349002458,0.17320493086644273,0.31197472435646734,True,lh_superiorfrontal_part5,2,Association cortex - type 1,Association,True
1.0,lh_superiorparietal_part10,0.3750639131347723,Control,maxSW,500.aparc,Node Versatility,0.13876979349002458,0.17320493086644273,0.31197472435646734,True,lh_superiorparietal_part10,2,Association cortex - type 1,Association,True
1.0,lh_superiortemporal_part2,0.5177847217396733,Control,maxSW,500.aparc,Node Versatility,0.13876979349002458,0.17320493086644273,0.31197472435646734,True,lh_superiortemporal_part2,3,Association cortex - type 2,Association,True
1.0,lh_superiortemporal_part4,0.3641804307342266,Control,maxSW,500.aparc,Node Versatility,0.13876979349002458,0.17320493086644273,0.31197472435646734,True,lh_superiortemporal_part4,3,Association cortex - type 2,Association,True
1.0,lh_temporalpole_part1,1.0,Control,maxSW,500.aparc,Node Versatility,0.13876979349002458,0.17320493086644273,0.31197472435646734,True,lh_temporalpole_part1,2,Association cortex - type 1,Association,True
1.0,rh_bankssts_part1,0.3381652382327511,Control,maxSW,500.aparc,Node Versatility,0.13876979349002458,0.17320493086644273,0.31197472435646734,True,rh_bankssts_part1,3,Association cortex - type 2,Association,True
1.0,rh_frontalpole_part1,0.4648766549764204,Control,maxSW,500.aparc,Node Versatility,0.13876979349002458,0.17320493086644273,0.31197472435646734,True,rh_frontalpole_part1,3,Association cortex - type 2,Association,True
1.0,rh_inferiorparietal_part8,0.3671489230887763,Control,maxSW,500.aparc,Node Versatility,0.13876979349002458,0.17320493086644273,0.31197472435646734,True,rh_inferiorparietal_part8,3,Association cortex - type 2,Association,True
1.0,rh_inferiortemporal_part1,0.4678459379547082,Control,maxSW,500.aparc,Node Versatility,0.13876979349002458,0.17320493086644273,0.31197472435646734,True,rh_inferiortemporal_part1,2,Association cortex - type 1,Association,True
1.0,rh_insula_part1,0.6620770622581026,Control,maxSW,500.aparc,Node Versatility,0.13876979349002458,0.17320493086644273,0.31197472435646734,True,rh_insula_part1,7,Insular cortex,Insular,False
1.0,rh_insula_part3,0.3753607457799467,Control,maxSW,500.aparc,Node Versatility,0.13876979349002458,0.17320493086644273,0.31197472435646734,True,rh_insula_part3,7,Insular cortex,Insular,False
1.0,rh_insula_part4,0.3753607457799467,Control,maxSW,500.aparc,Node Versatility,0.13876979349002458,0.17320493086644273,0.31197472435646734,True,rh_insula_part4,7,Insular cortex,Insular,False
1.0,rh_lingual_part5,0.525406724625053,Control,maxSW,500.aparc,Node Versatility,0.13876979349002458,0.17320493086644273,0.31197472435646734,True,rh_lingual_part5,4,Secondary sensory cortex,Secondary,False
1.0,rh_middletemporal_part2,0.8500387621592204,Control,maxSW,500.aparc,Node Versatility,0.13876979349002458,0.17320493086644273,0.31197472435646734,True,rh_middletemporal_part2,2,Association cortex - type 1,Association,True
1.0,rh_parsorbitalis_part1,0.4648766549764204,Control,maxSW,500.aparc,Node Versatility,0.13876979349002458,0.17320493086644273,0.31197472435646734,True,rh_parsorbitalis_part1,4,Secondary sensory cortex,Secondary,False
1.0,rh_pericalcarine_part1,0.5506565568079237,Control,maxSW,500.aparc,Node Versatility,0.13876979349002458,0.17320493086644273,0.31197472435646734,True,rh_pericalcarine_part1,5,Primary sensory cortex,Primary,False
1.0,rh_pericalcarine_part2,0.5506565568079237,Control,maxSW,500.aparc,Node Versatility,0.13876979349002458,0.17320493086644273,0.31197472435646734,True,rh_pericalcarine_part2,5,Primary sensory cortex,Primary,False
1.0,rh_pericalcarine_part3,0.5506565568079237,Control,maxSW,500.aparc,Node Versatility,0.13876979349002458,0.17320493086644273,0.31197472435646734,True,rh_pericalcarine_part3,5,Primary sensory cortex,Primary,False
1.0,rh_postcentral_part4,0.3882766347663535,Control,maxSW,500.aparc,Node Versatility,0.13876979349002458,0.17320493086644273,0.31197472435646734,True,rh_postcentral_part4,5,Primary sensory cortex,Primary,False
1.0,rh_rostralanteriorcingulate_part1,0.3737005378971391,Control,maxSW,500.aparc,Node Versatility,0.13876979349002458,0.17320493086644273,0.31197472435646734,True,rh_rostralanteriorcingulate_part1,6,Limbic cortex,Limbic,False
1.0,rh_rostralmiddlefrontal_part1,0.5354351357842597,Control,maxSW,500.aparc,Node Versatility,0.13876979349002458,0.17320493086644273,0.31197472435646734,True,rh_rostralmiddlefrontal_part1,3,Association cortex - type 2,Association,True
1.0,rh_superiorfrontal_part2,0.5569965286242625,Control,maxSW,500.aparc,Node Versatility,0.13876979349002458,0.17320493086644273,0.31197472435646734,True,rh_superiorfrontal_part2,2,Association cortex - type 1,Association,True
1.0,rh_superiorfrontal_part6,0.3319065014554222,Control,maxSW,500.aparc,Node Versatility,0.13876979349002458,0.17320493086644273,0.31197472435646734,True,rh_superiorfrontal_part6,2,Association cortex - type 1,Association,True
1.0,rh_superiorparietal_part7,0.5632955744986309,Control,maxSW,500.aparc,Node Versatility,0.13876979349002458,0.17320493086644273,0.31197472435646734,True,rh_superiorparietal_part7,2,Association cortex - type 1,Association,True
1.0,rh_superiortemporal_part1,0.4839325699569698,Control,maxSW,500.aparc,Node Versatility,0.13876979349002458,0.17320493086644273,0.31197472435646734,True,rh_superiortemporal_part1,3,Association cortex - type 2,Association,True
1.0,rh_supramarginal_part1,0.3817744457603336,Control,maxSW,500.aparc,Node Versatility,0.13876979349002458,0.17320493086644273,0.31197472435646734,True,rh_supramarginal_part1,3,Association cortex - type 2,Association,True
1.0,rh_supramarginal_part2,0.3366603868851187,Control,maxSW,500.aparc,Node Versatility,0.13876979349002458,0.17320493086644273,0.31197472435646734,True,rh_supramarginal_part2,3,Association cortex - type 2,Association,True
1.0,rh_temporalpole_part1,1.0,Control,maxSW,500.aparc,Node Versatility,0.13876979349002458,0.17320493086644273,0.31197472435646734,True,rh_temporalpole_part1,2,Association cortex - type 1,Association,True
0.05,lh_caudalmiddlefrontal_part1,0.7539394244403503,Gifted,maxSW,500.aparc,Node Versatility,0.47993781101370325,0.2460219359742667,0.72595974698797,True,lh_caudalmiddlefrontal_part1,2,Association cortex - type 1,Association,True
0.05,lh_caudalmiddlefrontal_part2,0.7734009620250692,Gifted,maxSW,500.aparc,Node Versatility,0.47993781101370325,0.2460219359742667,0.72595974698797,True,lh_caudalmiddlefrontal_part2,2,Association cortex - type 1,Association,True
0.05,lh_entorhinal_part1,0.9192779984613288,Gifted,maxSW,500.aparc,Node Versatility,0.47993781101370325,0.2460219359742667,0.72595974698797,True,lh_entorhinal_part1,6,Limbic cortex,Limbic,False
0.05,lh_fusiform_part4,0.8285024888403607,Gifted,maxSW,500.aparc,Node Versatility,0.47993781101370325,0.2460219359742667,0.72595974698797,True,lh_fusiform_part4,2,Association cortex - type 1,Association,True
0.05,lh_fusiform_part5,0.8639699234454191,Gifted,maxSW,500.aparc,Node Versatility,0.47993781101370325,0.2460219359742667,0.72595974698797,True,lh_fusiform_part5,2,Association cortex - type 1,Association,True
0.05,lh_inferiorparietal_part1,0.9073846305215963,Gifted,maxSW,500.aparc,Node Versatility,0.47993781101370325,0.2460219359742667,0.72595974698797,True,lh_inferiorparietal_part1,3,Association cortex - type 2,Association,True
0.05,lh_inferiorparietal_part8,0.8509074516506369,Gifted,maxSW,500.aparc,Node Versatility,0.47993781101370325,0.2460219359742667,0.72595974698797,True,lh_inferiorparietal_part8,3,Association cortex - type 2,Association,True
0.05,lh_inferiortemporal_part2,0.7294615402301312,Gifted,maxSW,500.aparc,Node Versatility,0.47993781101370325,0.2460219359742667,0.72595974698797,True,lh_inferiortemporal_part2,2,Association cortex - type 1,Association,True
0.05,lh_inferiortemporal_part5,0.8356648689810467,Gifted,maxSW,500.aparc,Node Versatility,0.47993781101370325,0.2460219359742667,0.72595974698797,True,lh_inferiortemporal_part5,2,Association cortex - type 1,Association,True
0.05,lh_isthmuscingulate_part1,0.8434503513808769,Gifted,maxSW,500.aparc,Node Versatility,0.47993781101370325,0.2460219359742667,0.72595974698797,True,lh_isthmuscingulate_part1,6,Limbic cortex,Limbic,False
0.05,lh_lateralorbitofrontal_part1,0.7613221907124981,Gifted,maxSW,500.aparc,Node Versatility,0.47993781101370325,0.2460219359742667,0.72595974698797,True,lh_lateralorbitofrontal_part1,4,Secondary sensory cortex,Secondary,False
0.05,lh_paracentral_part3,0.7597978926318751,Gifted,maxSW,500.aparc,Node Versatility,0.47993781101370325,0.2460219359742667,0.72595974698797,True,lh_paracentral_part3,1,Primary motor cortex,Primary,False
0.05,lh_postcentral_part7,0.7677824748432042,Gifted,maxSW,500.aparc,Node Versatility,0.47993781101370325,0.2460219359742667,0.72595974698797,True,lh_postcentral_part7,5,Primary sensory cortex,Primary,False
0.05,lh_precentral_part2,0.7718049144776848,Gifted,maxSW,500.aparc,Node Versatility,0.47993781101370325,0.2460219359742667,0.72595974698797,True,lh_precentral_part2,1,Primary motor cortex,Primary,False
0.05,lh_precentral_part3,0.7546007036476049,Gifted,maxSW,500.aparc,Node Versatility,0.47993781101370325,0.2460219359742667,0.72595974698797,True,lh_precentral_part3,1,Primary motor cortex,Primary,False
0.05,lh_precentral_part5,0.7482504999356784,Gifted,maxSW,500.aparc,Node Versatility,0.47993781101370325,0.2460219359742667,0.72595974698797,True,lh_precentral_part5,1,Primary motor cortex,Primary,False
0.05,lh_precentral_part7,0.7380505399789026,Gifted,maxSW,500.aparc,Node Versatility,0.47993781101370325,0.2460219359742667,0.72595974698797,True,lh_precentral_part7,1,Primary motor cortex,Primary,False
0.05,lh_precuneus_part5,0.8568864206302745,Gifted,maxSW,500.aparc,Node Versatility,0.47993781101370325,0.2460219359742667,0.72595974698797,True,lh_precuneus_part5,2,Association cortex - type 1,Association,True
0.05,lh_rostralanteriorcingulate_part1,0.8129665054568525,Gifted,maxSW,500.aparc,Node Versatility,0.47993781101370325,0.2460219359742667,0.72595974698797,True,lh_rostralanteriorcingulate_part1,6,Limbic cortex,Limbic,False
0.05,lh_rostralmiddlefrontal_part1,0.8100463371792337,Gifted,maxSW,500.aparc,Node Versatility,0.47993781101370325,0.2460219359742667,0.72595974698797,True,lh_rostralmiddlefrontal_part1,3,Association cortex - type 2,Association,True
0.05,lh_superiorparietal_part1,0.85995899475323,Gifted,maxSW,500.aparc,Node Versatility,0.47993781101370325,0.2460219359742667,0.72595974698797,True,lh_superiorparietal_part1,2,Association cortex - type 1,Association,True
0.05,lh_superiorparietal_part7,0.8407251478507174,Gifted,maxSW,500.aparc,Node Versatility,0.47993781101370325,0.2460219359742667,0.72595974698797,True,lh_superiorparietal_part7,2,Association cortex - type 1,Association,True
0.05,lh_supramarginal_part1,0.9680214481338936,Gifted,maxSW,500.aparc,Node Versatility,0.47993781101370325,0.2460219359742667,0.72595974698797,True,lh_supramarginal_part1,3,Association cortex - type 2,Association,True
0.05,lh_supramarginal_part2,0.7341534753835038,Gifted,maxSW,500.aparc,Node Versatility,0.47993781101370325,0.2460219359742667,0.72595974698797,True,lh_supramarginal_part2,3,Association cortex - type 2,Association,True
0.05,lh_supramarginal_part6,0.913577496644666,Gifted,maxSW,500.aparc,Node Versatility,0.47993781101370325,0.2460219359742667,0.72595974698797,True,lh_supramarginal_part6,3,Association cortex - type 2,Association,True
0.05,rh_caudalmiddlefrontal_part2,0.7720638314282108,Gifted,maxSW,500.aparc,Node Versatility,0.47993781101370325,0.2460219359742667,0.72595974698797,True,rh_caudalmiddlefrontal_part2,2,Association cortex - type 1,Association,True
0.05,rh_caudalmiddlefrontal_part4,0.894889246728161,Gifted,maxSW,500.aparc,Node Versatility,0.47993781101370325,0.2460219359742667,0.72595974698797,True,rh_caudalmiddlefrontal_part4,2,Association cortex - type 1,Association,True
0.05,rh_entorhinal_part1,0.9192779984613288,Gifted,maxSW,500.aparc,Node Versatility,0.47993781101370325,0.2460219359742667,0.72595974698797,True,rh_entorhinal_part1,6,Limbic cortex,Limbic,False
0.05,rh_fusiform_part3,0.7672801611546023,Gifted,maxSW,500.aparc,Node Versatility,0.47993781101370325,0.2460219359742667,0.72595974698797,True,rh_fusiform_part3,2,Association cortex - type 1,Association,True
0.05,rh_inferiorparietal_part10,0.7810006049606265,Gifted,maxSW,500.aparc,Node Versatility,0.47993781101370325,0.2460219359742667,0.72595974698797,True,rh_inferiorparietal_part10,3,Association cortex - type 2,Association,True
0.05,rh_inferiorparietal_part3,0.8029705838482782,Gifted,maxSW,500.aparc,Node Versatility,0.47993781101370325,0.2460219359742667,0.72595974698797,True,rh_inferiorparietal_part3,3,Association cortex - type 2,Association,True
0.05,rh_inferiorparietal_part7,0.8959900225716179,Gifted,maxSW,500.aparc,Node Versatility,0.47993781101370325,0.2460219359742667,0.72595974698797,True,rh_inferiorparietal_part7,3,Association cortex - type 2,Association,True
0.05,rh_inferiorparietal_part9,0.8803169347579489,Gifted,maxSW,500.aparc,Node Versatility,0.47993781101370325,0.2460219359742667,0.72595974698797,True,rh_inferiorparietal_part9,3,Association cortex - type 2,Association,True
0.05,rh_inferiortemporal_part2,0.7294615402301312,Gifted,maxSW,500.aparc,Node Versatility,0.47993781101370325,0.2460219359742667,0.72595974698797,True,rh_inferiortemporal_part2,2,Association cortex - type 1,Association,True
0.05,rh_isthmuscingulate_part1,0.842485406232363,Gifted,maxSW,500.aparc,Node Versatility,0.47993781101370325,0.2460219359742667,0.72595974698797,True,rh_isthmuscingulate_part1,6,Limbic cortex,Limbic,False
0.05,rh_lateraloccipital_part9,0.7728747134354718,Gifted,maxSW,500.aparc,Node Versatility,0.47993781101370325,0.2460219359742667,0.72595974698797,True,rh_lateraloccipital_part9,4,Secondary sensory cortex,Secondary,False
0.05,rh_lateralorbitofrontal_part3,0.7570756784094028,Gifted,maxSW,500.aparc,Node Versatility,0.47993781101370325,0.2460219359742667,0.72595974698797,True,rh_lateralorbitofrontal_part3,4,Secondary sensory cortex,Secondary,False
0.05,rh_middletemporal_part4,0.7451741436055167,Gifted,maxSW,500.aparc,Node Versatility,0.47993781101370325,0.2460219359742667,0.72595974698797,True,rh_middletemporal_part4,2,Association cortex - type 1,Association,True
0.05,rh_parsopercularis_part3,0.7397347482744359,Gifted,maxSW,500.aparc,Node Versatility,0.47993781101370325,0.2460219359742667,0.72595974698797,True,rh_parsopercularis_part3,2,Association cortex - type 1,Association,True
0.05,rh_precentral_part1,0.7831907904112232,Gifted,maxSW,500.aparc,Node Versatility,0.47993781101370325,0.2460219359742667,0.72595974698797,True,rh_precentral_part1,1,Primary motor cortex,Primary,False
0.05,rh_precentral_part2,0.7559521262840467,Gifted,maxSW,500.aparc,Node Versatility,0.47993781101370325,0.2460219359742667,0.72595974698797,True,rh_precentral_part2,1,Primary motor cortex,Primary,False
0.05,rh_precentral_part4,0.753552292598477,Gifted,maxSW,500.aparc,Node Versatility,0.47993781101370325,0.2460219359742667,0.72595974698797,True,rh_precentral_part4,1,Primary motor cortex,Primary,False
0.05,rh_precentral_part5,0.7356671320644721,Gifted,maxSW,500.aparc,Node Versatility,0.47993781101370325,0.2460219359742667,0.72595974698797,True,rh_precentral_part5,1,Primary motor cortex,Primary,False
0.05,rh_precentral_part6,0.8145182319219286,Gifted,maxSW,500.aparc,Node Versatility,0.47993781101370325,0.2460219359742667,0.72595974698797,True,rh_precentral_part6,1,Primary motor cortex,Primary,False
0.05,rh_precentral_part7,0.974403241685625,Gifted,maxSW,500.aparc,Node Versatility,0.47993781101370325,0.2460219359742667,0.72595974698797,True,rh_precentral_part7,1,Primary motor cortex,Primary,False
0.05,rh_precuneus_part6,0.7641002314019639,Gifted,maxSW,500.aparc,Node Versatility,0.47993781101370325,0.2460219359742667,0.72595974698797,True,rh_precuneus_part6,2,Association cortex - type 1,Association,True
0.05,rh_rostralanteriorcingulate_part1,0.8129665054568525,Gifted,maxSW,500.aparc,Node Versatility,0.47993781101370325,0.2460219359742667,0.72595974698797,True,rh_rostralanteriorcingulate_part1,6,Limbic cortex,Limbic,False
0.05,rh_rostralmiddlefrontal_part7,0.8100463371792337,Gifted,maxSW,500.aparc,Node Versatility,0.47993781101370325,0.2460219359742667,0.72595974698797,True,rh_rostralmiddlefrontal_part7,3,Association cortex - type 2,Association,True
0.05,rh_superiorfrontal_part4,0.8296181209580835,Gifted,maxSW,500.aparc,Node Versatility,0.47993781101370325,0.2460219359742667,0.72595974698797,True,rh_superiorfrontal_part4,2,Association cortex - type 1,Association,True
0.05,rh_superiorfrontal_part9,0.7611621965615264,Gifted,maxSW,500.aparc,Node Versatility,0.47993781101370325,0.2460219359742667,0.72595974698797,True,rh_superiorfrontal_part9,2,Association cortex - type 1,Association,True
0.05,rh_superiorparietal_part1,0.7436271284350158,Gifted,maxSW,500.aparc,Node Versatility,0.47993781101370325,0.2460219359742667,0.72595974698797,True,rh_superiorparietal_part1,2,Association cortex - type 1,Association,True
0.05,rh_superiorparietal_part10,0.8150167397989754,Gifted,maxSW,500.aparc,Node Versatility,0.47993781101370325,0.2460219359742667,0.72595974698797,True,rh_superiorparietal_part10,2,Association cortex - type 1,Association,True
0.05,rh_superiorparietal_part2,0.8908648434216657,Gifted,maxSW,500.aparc,Node Versatility,0.47993781101370325,0.2460219359742667,0.72595974698797,True,rh_superiorparietal_part2,2,Association cortex - type 1,Association,True
0.05,rh_superiorparietal_part9,0.8218572787939352,Gifted,maxSW,500.aparc,Node Versatility,0.47993781101370325,0.2460219359742667,0.72595974698797,True,rh_superiorparietal_part9,2,Association cortex - type 1,Association,True
0.05,rh_supramarginal_part3,1.0,Gifted,maxSW,500.aparc,Node Versatility,0.47993781101370325,0.2460219359742667,0.72595974698797,True,rh_supramarginal_part3,3,Association cortex - type 2,Association,True
0.1,lh_caudalmiddlefrontal_part2,0.6296871472078573,Gifted,maxSW,500.aparc,Node Versatility,0.39168998437169106,0.22493696677438824,0.6166269511460793,True,lh_caudalmiddlefrontal_part2,2,Association cortex - type 1,Association,True
0.1,lh_entorhinal_part1,0.7025356156766236,Gifted,maxSW,500.aparc,Node Versatility,0.39168998437169106,0.22493696677438824,0.6166269511460793,True,lh_entorhinal_part1,6,Limbic cortex,Limbic,False
0.1,lh_fusiform_part1,0.6507062373182823,Gifted,maxSW,500.aparc,Node Versatility,0.39168998437169106,0.22493696677438824,0.6166269511460793,True,lh_fusiform_part1,2,Association cortex - type 1,Association,True
0.1,lh_fusiform_part5,0.7442878681641094,Gifted,maxSW,500.aparc,Node Versatility,0.39168998437169106,0.22493696677438824,0.6166269511460793,True,lh_fusiform_part5,2,Association cortex - type 1,Association,True
0.1,lh_inferiorparietal_part1,0.840045509610407,Gifted,maxSW,500.aparc,Node Versatility,0.39168998437169106,0.22493696677438824,0.6166269511460793,True,lh_inferiorparietal_part1,3,Association cortex - type 2,Association,True
0.1,lh_inferiorparietal_part5,0.8207869076137028,Gifted,maxSW,500.aparc,Node Versatility,0.39168998437169106,0.22493696677438824,0.6166269511460793,True,lh_inferiorparietal_part5,3,Association cortex - type 2,Association,True
0.1,lh_inferiorparietal_part8,0.7677068767307226,Gifted,maxSW,500.aparc,Node Versatility,0.39168998437169106,0.22493696677438824,0.6166269511460793,True,lh_inferiorparietal_part8,3,Association cortex - type 2,Association,True
0.1,lh_inferiortemporal_part2,0.6187793603141347,Gifted,maxSW,500.aparc,Node Versatility,0.39168998437169106,0.22493696677438824,0.6166269511460793,True,lh_inferiortemporal_part2,2,Association cortex - type 1,Association,True
0.1,lh_insula_part2,0.6261997561700877,Gifted,maxSW,500.aparc,Node Versatility,0.39168998437169106,0.22493696677438824,0.6166269511460793,True,lh_insula_part2,7,Insular cortex,Insular,False
0.1,lh_lateraloccipital_part4,0.6181225632239962,Gifted,maxSW,500.aparc,Node Versatility,0.39168998437169106,0.22493696677438824,0.6166269511460793,True,lh_lateraloccipital_part4,4,Secondary sensory cortex,Secondary,False
0.1,lh_lateralorbitofrontal_part2,0.856531166001638,Gifted,maxSW,500.aparc,Node Versatility,0.39168998437169106,0.22493696677438824,0.6166269511460793,True,lh_lateralorbitofrontal_part2,4,Secondary sensory cortex,Secondary,False
0.1,lh_medialorbitofrontal_part1,0.627113865327813,Gifted,maxSW,500.aparc,Node Versatility,0.39168998437169106,0.22493696677438824,0.6166269511460793,True,lh_medialorbitofrontal_part1,4,Secondary sensory cortex,Secondary,False
0.1,lh_paracentral_part3,0.9099897005781802,Gifted,maxSW,500.aparc,Node Versatility,0.39168998437169106,0.22493696677438824,0.6166269511460793,True,lh_paracentral_part3,1,Primary motor cortex,Primary,False
0.1,lh_parahippocampal_part1,0.6449982442944121,Gifted,maxSW,500.aparc,Node Versatility,0.39168998437169106,0.22493696677438824,0.6166269511460793,True,lh_parahippocampal_part1,6,Limbic cortex,Limbic,False
0.1,lh_parahippocampal_part2,0.6499145363665199,Gifted,maxSW,500.aparc,Node Versatility,0.39168998437169106,0.22493696677438824,0.6166269511460793,True,lh_parahippocampal_part2,6,Limbic cortex,Limbic,False
0.1,lh_parstriangularis_part2,0.6292178507996861,Gifted,maxSW,500.aparc,Node Versatility,0.39168998437169106,0.22493696677438824,0.6166269511460793,True,lh_parstriangularis_part2,2,Association cortex - type 1,Association,True
0.1,lh_postcentral_part4,0.72082706232383,Gifted,maxSW,500.aparc,Node Versatility,0.39168998437169106,0.22493696677438824,0.6166269511460793,True,lh_postcentral_part4,5,Primary sensory cortex,Primary,False
0.1,lh_precentral_part5,0.7369183735983653,Gifted,maxSW,500.aparc,Node Versatility,0.39168998437169106,0.22493696677438824,0.6166269511460793,True,lh_precentral_part5,1,Primary motor cortex,Primary,False
0.1,lh_precentral_part6,0.6602895908862885,Gifted,maxSW,500.aparc,Node Versatility,0.39168998437169106,0.22493696677438824,0.6166269511460793,True,lh_precentral_part6,1,Primary motor cortex,Primary,False
0.1,lh_precentral_part7,0.7644837051878851,Gifted,maxSW,500.aparc,Node Versatility,0.39168998437169106,0.22493696677438824,0.6166269511460793,True,lh_precentral_part7,1,Primary motor cortex,Primary,False
0.1,lh_precentral_part9,0.7587906760955999,Gifted,maxSW,500.aparc,Node Versatility,0.39168998437169106,0.22493696677438824,0.6166269511460793,True,lh_precentral_part9,1,Primary motor cortex,Primary,False
0.1,lh_precuneus_part5,0.6336850378563166,Gifted,maxSW,500.aparc,Node Versatility,0.39168998437169106,0.22493696677438824,0.6166269511460793,True,lh_precuneus_part5,2,Association cortex - type 1,Association,True
0.1,lh_precuneus_part6,0.6222463965909049,Gifted,maxSW,500.aparc,Node Versatility,0.39168998437169106,0.22493696677438824,0.6166269511460793,True,lh_precuneus_part6,2,Association cortex - type 1,Association,True
0.1,lh_rostralmiddlefrontal_part1,0.7835836860991459,Gifted,maxSW,500.aparc,Node Versatility,0.39168998437169106,0.22493696677438824,0.6166269511460793,True,lh_rostralmiddlefrontal_part1,3,Association cortex - type 2,Association,True
0.1,lh_rostralmiddlefrontal_part7,0.778861334913879,Gifted,maxSW,500.aparc,Node Versatility,0.39168998437169106,0.22493696677438824,0.6166269511460793,True,lh_rostralmiddlefrontal_part7,3,Association cortex - type 2,Association,True
0.1,lh_superiorparietal_part1,0.7279216184023931,Gifted,maxSW,500.aparc,Node Versatility,0.39168998437169106,0.22493696677438824,0.6166269511460793,True,lh_superiorparietal_part1,2,Association cortex - type 1,Association,True
0.1,lh_superiorparietal_part10,0.7206960963770935,Gifted,maxSW,500.aparc,Node Versatility,0.39168998437169106,0.22493696677438824,0.6166269511460793,True,lh_superiorparietal_part10,2,Association cortex - type 1,Association,True
0.1,lh_superiorparietal_part6,0.7878467138248241,Gifted,maxSW,500.aparc,Node Versatility,0.39168998437169106,0.22493696677438824,0.6166269511460793,True,lh_superiorparietal_part6,2,Association cortex - type 1,Association,True
0.1,lh_superiorparietal_part7,0.6403014155295164,Gifted,maxSW,500.aparc,Node Versatility,0.39168998437169106,0.22493696677438824,0.6166269511460793,True,lh_superiorparietal_part7,2,Association cortex - type 1,Association,True
0.1,lh_superiortemporal_part5,0.822555162350064,Gifted,maxSW,500.aparc,Node Versatility,0.39168998437169106,0.22493696677438824,0.6166269511460793,True,lh_superiortemporal_part5,3,Association cortex - type 2,Association,True
0.1,lh_superiortemporal_part6,0.6317259918256433,Gifted,maxSW,500.aparc,Node Versatility,0.39168998437169106,0.22493696677438824,0.6166269511460793,True,lh_superiortemporal_part6,3,Association cortex - type 2,Association,True
0.1,lh_supramarginal_part1,0.8041526606288297,Gifted,maxSW,500.aparc,Node Versatility,0.39168998437169106,0.22493696677438824,0.6166269511460793,True,lh_supramarginal_part1,3,Association cortex - type 2,Association,True
0.1,rh_bankssts_part2,0.6970016598589598,Gifted,maxSW,500.aparc,Node Versatility,0.39168998437169106,0.22493696677438824,0.6166269511460793,True,rh_bankssts_part2,3,Association cortex - type 2,Association,True
0.1,rh_caudalmiddlefrontal_part2,0.6269647735238093,Gifted,maxSW,500.aparc,Node Versatility,0.39168998437169106,0.22493696677438824,0.6166269511460793,True,rh_caudalmiddlefrontal_part2,2,Association cortex - type 1,Association,True
0.1,rh_entorhinal_part1,0.7025356156766236,Gifted,maxSW,500.aparc,Node Versatility,0.39168998437169106,0.22493696677438824,0.6166269511460793,True,rh_entorhinal_part1,6,Limbic cortex,Limbic,False
0.1,rh_fusiform_part1,0.6593292341735248,Gifted,maxSW,500.aparc,Node Versatility,0.39168998437169106,0.22493696677438824,0.6166269511460793,True,rh_fusiform_part1,2,Association cortex - type 1,Association,True
0.1,rh_fusiform_part5,0.7024638958060322,Gifted,maxSW,500.aparc,Node Versatility,0.39168998437169106,0.22493696677438824,0.6166269511460793,True,rh_fusiform_part5,2,Association cortex - type 1,Association,True
0.1,rh_inferiorparietal_part10,0.7621932941153429,Gifted,maxSW,500.aparc,Node Versatility,0.39168998437169106,0.22493696677438824,0.6166269511460793,True,rh_inferiorparietal_part10,3,Association cortex - type 2,Association,True
0.1,rh_inferiorparietal_part7,0.7054556718447457,Gifted,maxSW,500.aparc,Node Versatility,0.39168998437169106,0.22493696677438824,0.6166269511460793,True,rh_inferiorparietal_part7,3,Association cortex - type 2,Association,True
0.1,rh_inferiorparietal_part9,0.7556660472273962,Gifted,maxSW,500.aparc,Node Versatility,0.39168998437169106,0.22493696677438824,0.6166269511460793,True,rh_inferiorparietal_part9,3,Association cortex - type 2,Association,True
0.1,rh_inferiortemporal_part2,0.6187793603141347,Gifted,maxSW,500.aparc,Node Versatility,0.39168998437169106,0.22493696677438824,0.6166269511460793,True,rh_inferiortemporal_part2,2,Association cortex - type 1,Association,True
0.1,rh_insula_part1,0.6261997561700877,Gifted,maxSW,500.aparc,Node Versatility,0.39168998437169106,0.22493696677438824,0.6166269511460793,True,rh_insula_part1,7,Insular cortex,Insular,False
0.1,rh_lateraloccipital_part5,0.7217373972291986,Gifted,maxSW,500.aparc,Node Versatility,0.39168998437169106,0.22493696677438824,0.6166269511460793,True,rh_lateraloccipital_part5,4,Secondary sensory cortex,Secondary,False
0.1,rh_lateraloccipital_part9,0.6572936150806004,Gifted,maxSW,500.aparc,Node Versatility,0.39168998437169106,0.22493696677438824,0.6166269511460793,True,rh_lateraloccipital_part9,4,Secondary sensory cortex,Secondary,False
0.1,rh_medialorbitofrontal_part2,0.6484804673114357,Gifted,maxSW,500.aparc,Node Versatility,0.39168998437169106,0.22493696677438824,0.6166269511460793,True,rh_medialorbitofrontal_part2,4,Secondary sensory cortex,Secondary,False
0.1,rh_paracentral_part2,0.6797893514568336,Gifted,maxSW,500.aparc,Node Versatility,0.39168998437169106,0.22493696677438824,0.6166269511460793,True,rh_paracentral_part2,1,Primary motor cortex,Primary,False
0.1,rh_parahippocampal_part1,0.6477379881033252,Gifted,maxSW,500.aparc,Node Versatility,0.39168998437169106,0.22493696677438824,0.6166269511460793,True,rh_parahippocampal_part1,6,Limbic cortex,Limbic,False
0.1,rh_parahippocampal_part2,0.6391435511490612,Gifted,maxSW,500.aparc,Node Versatility,0.39168998437169106,0.22493696677438824,0.6166269511460793,True,rh_parahippocampal_part2,6,Limbic cortex,Limbic,False
0.1,rh_postcentral_part4,0.722104472871404,Gifted,maxSW,500.aparc,Node Versatility,0.39168998437169106,0.22493696677438824,0.6166269511460793,True,rh_postcentral_part4,5,Primary sensory cortex,Primary,False
0.1,rh_posteriorcingulate_part1,0.6186603435069554,Gifted,maxSW,500.aparc,Node Versatility,0.39168998437169106,0.22493696677438824,0.6166269511460793,True,rh_posteriorcingulate_part1,6,Limbic cortex,Limbic,False
0.1,rh_precentral_part4,0.9065187595255598,Gifted,maxSW,500.aparc,Node Versatility,0.39168998437169106,0.22493696677438824,0.6166269511460793,True,rh_precentral_part4,1,Primary motor cortex,Primary,False
0.1,rh_precentral_part5,0.774841604807475,Gifted,maxSW,500.aparc,Node Versatility,0.39168998437169106,0.22493696677438824,0.6166269511460793,True,rh_precentral_part5,1,Primary motor cortex,Primary,False
0.1,rh_precentral_part6,0.8362590367242089,Gifted,maxSW,500.aparc,Node Versatility,0.39168998437169106,0.22493696677438824,0.6166269511460793,True,rh_precentral_part6,1,Primary motor cortex,Primary,False
0.1,rh_precentral_part7,0.8314981379009947,Gifted,maxSW,500.aparc,Node Versatility,0.39168998437169106,0.22493696677438824,0.6166269511460793,True,rh_precentral_part7,1,Primary motor cortex,Primary,False
0.1,rh_precuneus_part3,0.6355117272488677,Gifted,maxSW,500.aparc,Node Versatility,0.39168998437169106,0.22493696677438824,0.6166269511460793,True,rh_precuneus_part3,2,Association cortex - type 1,Association,True
0.1,rh_precuneus_part5,0.627332451706532,Gifted,maxSW,500.aparc,Node Versatility,0.39168998437169106,0.22493696677438824,0.6166269511460793,True,rh_precuneus_part5,2,Association cortex - type 1,Association,True
0.1,rh_rostralmiddlefrontal_part3,0.758220412751176,Gifted,maxSW,500.aparc,Node Versatility,0.39168998437169106,0.22493696677438824,0.6166269511460793,True,rh_rostralmiddlefrontal_part3,3,Association cortex - type 2,Association,True
0.1,rh_rostralmiddlefrontal_part7,0.621733994934406,Gifted,maxSW,500.aparc,Node Versatility,0.39168998437169106,0.22493696677438824,0.6166269511460793,True,rh_rostralmiddlefrontal_part7,3,Association cortex - type 2,Association,True
0.1,rh_superiorparietal_part1,0.7205531691208823,Gifted,maxSW,500.aparc,Node Versatility,0.39168998437169106,0.22493696677438824,0.6166269511460793,True,rh_superiorparietal_part1,2,Association cortex - type 1,Association,True
0.1,rh_superiorparietal_part2,0.6639867979165777,Gifted,maxSW,500.aparc,Node Versatility,0.39168998437169106,0.22493696677438824,0.6166269511460793,True,rh_superiorparietal_part2,2,Association cortex - type 1,Association,True
0.1,rh_superiorparietal_part3,0.8806696037492725,Gifted,maxSW,500.aparc,Node Versatility,0.39168998437169106,0.22493696677438824,0.6166269511460793,True,rh_superiorparietal_part3,2,Association cortex - type 1,Association,True
0.1,rh_superiorparietal_part4,0.6984696073816111,Gifted,maxSW,500.aparc,Node Versatility,0.39168998437169106,0.22493696677438824,0.6166269511460793,True,rh_superiorparietal_part4,2,Association cortex - type 1,Association,True
0.1,rh_superiorparietal_part7,0.7218133855115977,Gifted,maxSW,500.aparc,Node Versatility,0.39168998437169106,0.22493696677438824,0.6166269511460793,True,rh_superiorparietal_part7,2,Association cortex - type 1,Association,True
0.1,rh_superiorparietal_part9,0.6368060590495073,Gifted,maxSW,500.aparc,Node Versatility,0.39168998437169106,0.22493696677438824,0.6166269511460793,True,rh_superiorparietal_part9,2,Association cortex - type 1,Association,True
0.1,rh_superiortemporal_part2,0.7736831861693052,Gifted,maxSW,500.aparc,Node Versatility,0.39168998437169106,0.22493696677438824,0.6166269511460793,True,rh_superiortemporal_part2,3,Association cortex - type 2,Association,True
0.1,rh_superiortemporal_part4,0.7139827756226568,Gifted,maxSW,500.aparc,Node Versatility,0.39168998437169106,0.22493696677438824,0.6166269511460793,True,rh_superiortemporal_part4,3,Association cortex - type 2,Association,True
0.1,rh_supramarginal_part3,0.649581867880291,Gifted,maxSW,500.aparc,Node Versatility,0.39168998437169106,0.22493696677438824,0.6166269511460793,True,rh_supramarginal_part3,3,Association cortex - type 2,Association,True
0.15,lh_caudalmiddlefrontal_part1,0.6906284464250717,Gifted,maxSW,500.aparc,Node Versatility,0.4055168988006442,0.23187316417768034,0.6373900629783245,True,lh_caudalmiddlefrontal_part1,2,Association cortex - type 1,Association,True
0.15,lh_entorhinal_part1,0.6532223504055169,Gifted,maxSW,500.aparc,Node Versatility,0.4055168988006442,0.23187316417768034,0.6373900629783245,True,lh_entorhinal_part1,6,Limbic cortex,Limbic,False
0.15,lh_fusiform_part4,0.6383307839799409,Gifted,maxSW,500.aparc,Node Versatility,0.4055168988006442,0.23187316417768034,0.6373900629783245,True,lh_fusiform_part4,2,Association cortex - type 1,Association,True
0.15,lh_fusiform_part5,0.7619152628951606,Gifted,maxSW,500.aparc,Node Versatility,0.4055168988006442,0.23187316417768034,0.6373900629783245,True,lh_fusiform_part5,2,Association cortex - type 1,Association,True
0.15,lh_inferiorparietal_part5,0.7831369862915648,Gifted,maxSW,500.aparc,Node Versatility,0.4055168988006442,0.23187316417768034,0.6373900629783245,True,lh_inferiorparietal_part5,3,Association cortex - type 2,Association,True
0.15,lh_inferiortemporal_part2,0.6764114464069596,Gifted,maxSW,500.aparc,Node Versatility,0.4055168988006442,0.23187316417768034,0.6373900629783245,True,lh_inferiortemporal_part2,2,Association cortex - type 1,Association,True
0.15,lh_inferiortemporal_part4,0.6659228551000668,Gifted,maxSW,500.aparc,Node Versatility,0.4055168988006442,0.23187316417768034,0.6373900629783245,True,lh_inferiortemporal_part4,2,Association cortex - type 1,Association,True
0.15,lh_inferiortemporal_part5,0.6480942042580106,Gifted,maxSW,500.aparc,Node Versatility,0.4055168988006442,0.23187316417768034,0.6373900629783245,True,lh_inferiortemporal_part5,2,Association cortex - type 1,Association,True
0.15,lh_insula_part1,0.660095677543239,Gifted,maxSW,500.aparc,Node Versatility,0.4055168988006442,0.23187316417768034,0.6373900629783245,True,lh_insula_part1,7,Insular cortex,Insular,False
0.15,lh_insula_part2,0.938931828423636,Gifted,maxSW,500.aparc,Node Versatility,0.4055168988006442,0.23187316417768034,0.6373900629783245,True,lh_insula_part2,7,Insular cortex,Insular,False
0.15,lh_lateralorbitofrontal_part2,0.7106473797833626,Gifted,maxSW,500.aparc,Node Versatility,0.4055168988006442,0.23187316417768034,0.6373900629783245,True,lh_lateralorbitofrontal_part2,4,Secondary sensory cortex,Secondary,False
0.15,lh_lateralorbitofrontal_part3,0.6408853430802408,Gifted,maxSW,500.aparc,Node Versatility,0.4055168988006442,0.23187316417768034,0.6373900629783245,True,lh_lateralorbitofrontal_part3,4,Secondary sensory cortex,Secondary,False
0.15,lh_paracentral_part3,0.8006144096362208,Gifted,maxSW,500.aparc,Node Versatility,0.4055168988006442,0.23187316417768034,0.6373900629783245,True,lh_paracentral_part3,1,Primary motor cortex,Primary,False
0.15,lh_postcentral_part4,0.7881046581922317,Gifted,maxSW,500.aparc,Node Versatility,0.4055168988006442,0.23187316417768034,0.6373900629783245,True,lh_postcentral_part4,5,Primary sensory cortex,Primary,False
0.15,lh_precentral_part6,0.6737105776720514,Gifted,maxSW,500.aparc,Node Versatility,0.4055168988006442,0.23187316417768034,0.6373900629783245,True,lh_precentral_part6,1,Primary motor cortex,Primary,False
0.15,lh_precentral_part9,0.6849493488874475,Gifted,maxSW,500.aparc,Node Versatility,0.4055168988006442,0.23187316417768034,0.6373900629783245,True,lh_precentral_part9,1,Primary motor cortex,Primary,False
0.15,lh_precuneus_part2,0.6685172760745675,Gifted,maxSW,500.aparc,Node Versatility,0.4055168988006442,0.23187316417768034,0.6373900629783245,True,lh_precuneus_part2,2,Association cortex - type 1,Association,True
0.15,lh_rostralanteriorcingulate_part1,0.6469088930197551,Gifted,maxSW,500.aparc,Node Versatility,0.4055168988006442,0.23187316417768034,0.6373900629783245,True,lh_rostralanteriorcingulate_part1,6,Limbic cortex,Limbic,False
0.15,lh_rostralmiddlefrontal_part7,0.841546845094062,Gifted,maxSW,500.aparc,Node Versatility,0.4055168988006442,0.23187316417768034,0.6373900629783245,True,lh_rostralmiddlefrontal_part7,3,Association cortex - type 2,Association,True
0.15,lh_rostralmiddlefrontal_part9,0.765571847367036,Gifted,maxSW,500.aparc,Node Versatility,0.4055168988006442,0.23187316417768034,0.6373900629783245,True,lh_rostralmiddlefrontal_part9,3,Association cortex - type 2,Association,True
0.15,lh_superiorfrontal_part10,0.6413471434044372,Gifted,maxSW,500.aparc,Node Versatility,0.4055168988006442,0.23187316417768034,0.6373900629783245,True,lh_superiorfrontal_part10,2,Association cortex - type 1,Association,True
0.15,lh_superiorfrontal_part11,0.722851398659642,Gifted,maxSW,500.aparc,Node Versatility,0.4055168988006442,0.23187316417768034,0.6373900629783245,True,lh_superiorfrontal_part11,2,Association cortex - type 1,Association,True
0.15,lh_superiorfrontal_part4,0.7621744573522513,Gifted,maxSW,500.aparc,Node Versatility,0.4055168988006442,0.23187316417768034,0.6373900629783245,True,lh_superiorfrontal_part4,2,Association cortex - type 1,Association,True
0.15,lh_superiorparietal_part10,0.7846591779257073,Gifted,maxSW,500.aparc,Node Versatility,0.4055168988006442,0.23187316417768034,0.6373900629783245,True,lh_superiorparietal_part10,2,Association cortex - type 1,Association,True
0.15,lh_superiorparietal_part6,0.6762519378242151,Gifted,maxSW,500.aparc,Node Versatility,0.4055168988006442,0.23187316417768034,0.6373900629783245,True,lh_superiorparietal_part6,2,Association cortex - type 1,Association,True
0.15,lh_superiortemporal_part5,0.7431841467656852,Gifted,maxSW,500.aparc,Node Versatility,0.4055168988006442,0.23187316417768034,0.6373900629783245,True,lh_superiortemporal_part5,3,Association cortex - type 2,Association,True
0.15,lh_superiortemporal_part6,0.6623668293947161,Gifted,maxSW,500.aparc,Node Versatility,0.4055168988006442,0.23187316417768034,0.6373900629783245,True,lh_superiortemporal_part6,3,Association cortex - type 2,Association,True
0.15,lh_supramarginal_part1,0.8325964859777715,Gifted,maxSW,500.aparc,Node Versatility,0.4055168988006442,0.23187316417768034,0.6373900629783245,True,lh_supramarginal_part1,3,Association cortex - type 2,Association,True
0.15,lh_temporalpole_part1,0.8343545773245937,Gifted,maxSW,500.aparc,Node Versatility,0.4055168988006442,0.23187316417768034,0.6373900629783245,True,lh_temporalpole_part1,2,Association cortex - type 1,Association,True
0.15,rh_entorhinal_part1,0.6532223504055169,Gifted,maxSW,500.aparc,Node Versatility,0.4055168988006442,0.23187316417768034,0.6373900629783245,True,rh_entorhinal_part1,6,Limbic cortex,Limbic,False
0.15,rh_fusiform_part1,0.7749149851105734,Gifted,maxSW,500.aparc,Node Versatility,0.4055168988006442,0.23187316417768034,0.6373900629783245,True,rh_fusiform_part1,2,Association cortex - type 1,Association,True
0.15,rh_inferiorparietal_part3,0.6976973051105937,Gifted,maxSW,500.aparc,Node Versatility,0.4055168988006442,0.23187316417768034,0.6373900629783245,True,rh_inferiorparietal_part3,3,Association cortex - type 2,Association,True
0.15,rh_inferiorparietal_part9,0.777238971613844,Gifted,maxSW,500.aparc,Node Versatility,0.4055168988006442,0.23187316417768034,0.6373900629783245,True,rh_inferiorparietal_part9,3,Association cortex - type 2,Association,True
0.15,rh_inferiortemporal_part2,0.6764114464069596,Gifted,maxSW,500.aparc,Node Versatility,0.4055168988006442,0.23187316417768034,0.6373900629783245,True,rh_inferiortemporal_part2,2,Association cortex - type 1,Association,True
0.15,rh_inferiortemporal_part5,0.6586894879000641,Gifted,maxSW,500.aparc,Node Versatility,0.4055168988006442,0.23187316417768034,0.6373900629783245,True,rh_inferiortemporal_part5,2,Association cortex - type 1,Association,True
0.15,rh_insula_part1,0.938931828423636,Gifted,maxSW,500.aparc,Node Versatility,0.4055168988006442,0.23187316417768034,0.6373900629783245,True,rh_insula_part1,7,Insular cortex,Insular,False
0.15,rh_insula_part2,0.660095677543239,Gifted,maxSW,500.aparc,Node Versatility,0.4055168988006442,0.23187316417768034,0.6373900629783245,True,rh_insula_part2,7,Insular cortex,Insular,False
0.15,rh_lateraloccipital_part5,0.7881046581922317,Gifted,maxSW,500.aparc,Node Versatility,0.4055168988006442,0.23187316417768034,0.6373900629783245,True,rh_lateraloccipital_part5,4,Secondary sensory cortex,Secondary,False
0.15,rh_medialorbitofrontal_part3,0.704148447136299,Gifted,maxSW,500.aparc,Node Versatility,0.4055168988006442,0.23187316417768034,0.6373900629783245,True,rh_medialorbitofrontal_part3,4,Secondary sensory cortex,Secondary,False
0.15,rh_paracentral_part2,0.6782441618658033,Gifted,maxSW,500.aparc,Node Versatility,0.4055168988006442,0.23187316417768034,0.6373900629783245,True,rh_paracentral_part2,1,Primary motor cortex,Primary,False
0.15,rh_postcentral_part4,0.7883219101288614,Gifted,maxSW,500.aparc,Node Versatility,0.4055168988006442,0.23187316417768034,0.6373900629783245,True,rh_postcentral_part4,5,Primary sensory cortex,Primary,False
0.15,rh_posteriorcingulate_part1,0.7026195254075689,Gifted,maxSW,500.aparc,Node Versatility,0.4055168988006442,0.23187316417768034,0.6373900629783245,True,rh_posteriorcingulate_part1,6,Limbic cortex,Limbic,False
0.15,rh_precentral_part4,0.7607114618925815,Gifted,maxSW,500.aparc,Node Versatility,0.4055168988006442,0.23187316417768034,0.6373900629783245,True,rh_precentral_part4,1,Primary motor cortex,Primary,False
0.15,rh_precuneus_part3,0.8056889929454764,Gifted,maxSW,500.aparc,Node Versatility,0.4055168988006442,0.23187316417768034,0.6373900629783245,True,rh_precuneus_part3,2,Association cortex - type 1,Association,True
0.15,rh_rostralanteriorcingulate_part1,0.6423352979521592,Gifted,maxSW,500.aparc,Node Versatility,0.4055168988006442,0.23187316417768034,0.6373900629783245,True,rh_rostralanteriorcingulate_part1,6,Limbic cortex,Limbic,False
0.15,rh_rostralmiddlefrontal_part3,0.7098066080458048,Gifted,maxSW,500.aparc,Node Versatility,0.4055168988006442,0.23187316417768034,0.6373900629783245,True,rh_rostralmiddlefrontal_part3,3,Association cortex - type 2,Association,True
0.15,rh_superiorfrontal_part4,0.6656364601728034,Gifted,maxSW,500.aparc,Node Versatility,0.4055168988006442,0.23187316417768034,0.6373900629783245,True,rh_superiorfrontal_part4,2,Association cortex - type 1,Association,True
0.15,rh_superiorfrontal_part5,0.721379212487707,Gifted,maxSW,500.aparc,Node Versatility,0.4055168988006442,0.23187316417768034,0.6373900629783245,True,rh_superiorfrontal_part5,2,Association cortex - type 1,Association,True
0.15,rh_superiorfrontal_part9,0.714291553810619,Gifted,maxSW,500.aparc,Node Versatility,0.4055168988006442,0.23187316417768034,0.6373900629783245,True,rh_superiorfrontal_part9,2,Association cortex - type 1,Association,True
0.15,rh_superiorparietal_part1,0.7365753199195281,Gifted,maxSW,500.aparc,Node Versatility,0.4055168988006442,0.23187316417768034,0.6373900629783245,True,rh_superiorparietal_part1,2,Association cortex - type 1,Association,True
0.15,rh_superiorparietal_part3,0.8779890665153098,Gifted,maxSW,500.aparc,Node Versatility,0.4055168988006442,0.23187316417768034,0.6373900629783245,True,rh_superiorparietal_part3,2,Association cortex - type 1,Association,True
0.15,rh_superiorparietal_part7,0.7883219101288614,Gifted,maxSW,500.aparc,Node Versatility,0.4055168988006442,0.23187316417768034,0.6373900629783245,True,rh_superiorparietal_part7,2,Association cortex - type 1,Association,True
0.15,rh_superiortemporal_part4,0.8226407122325778,Gifted,maxSW,500.aparc,Node Versatility,0.4055168988006442,0.23187316417768034,0.6373900629783245,True,rh_superiortemporal_part4,3,Association cortex - type 2,Association,True
0.15,rh_supramarginal_part3,0.7121569385067211,Gifted,maxSW,500.aparc,Node Versatility,0.4055168988006442,0.23187316417768034,0.6373900629783245,True,rh_supramarginal_part3,3,Association cortex - type 2,Association,True
0.15,rh_temporalpole_part1,0.8343545773245937,Gifted,maxSW,500.aparc,Node Versatility,0.4055168988006442,0.23187316417768034,0.6373900629783245,True,rh_temporalpole_part1,2,Association cortex - type 1,Association,True
0.2,lh_caudalmiddlefrontal_part2,0.6899697993938306,Gifted,maxSW,500.aparc,Node Versatility,0.39488870082219213,0.24184668512109392,0.636735385943286,True,lh_caudalmiddlefrontal_part2,2,Association cortex - type 1,Association,True
0.2,lh_entorhinal_part1,0.9269302359704484,Gifted,maxSW,500.aparc,Node Versatility,0.39488870082219213,0.24184668512109392,0.636735385943286,True,lh_entorhinal_part1,6,Limbic cortex,Limbic,False
0.2,lh_frontalpole_part1,0.6816257294728929,Gifted,maxSW,500.aparc,Node Versatility,0.39488870082219213,0.24184668512109392,0.636735385943286,True,lh_frontalpole_part1,3,Association cortex - type 2,Association,True
0.2,lh_fusiform_part1,0.7371398769304067,Gifted,maxSW,500.aparc,Node Versatility,0.39488870082219213,0.24184668512109392,0.636735385943286,True,lh_fusiform_part1,2,Association cortex - type 1,Association,True
0.2,lh_fusiform_part4,0.6802405276912463,Gifted,maxSW,500.aparc,Node Versatility,0.39488870082219213,0.24184668512109392,0.636735385943286,True,lh_fusiform_part4,2,Association cortex - type 1,Association,True
0.2,lh_fusiform_part5,0.6699524767773456,Gifted,maxSW,500.aparc,Node Versatility,0.39488870082219213,0.24184668512109392,0.636735385943286,True,lh_fusiform_part5,2,Association cortex - type 1,Association,True
0.2,lh_inferiorparietal_part5,0.6762816424531425,Gifted,maxSW,500.aparc,Node Versatility,0.39488870082219213,0.24184668512109392,0.636735385943286,True,lh_inferiorparietal_part5,3,Association cortex - type 2,Association,True
0.2,lh_inferiorparietal_part8,0.6514344542137676,Gifted,maxSW,500.aparc,Node Versatility,0.39488870082219213,0.24184668512109392,0.636735385943286,True,lh_inferiorparietal_part8,3,Association cortex - type 2,Association,True
0.2,lh_inferiortemporal_part2,0.851222926383909,Gifted,maxSW,500.aparc,Node Versatility,0.39488870082219213,0.24184668512109392,0.636735385943286,True,lh_inferiortemporal_part2,2,Association cortex - type 1,Association,True
0.2,lh_insula_part2,0.99191483015974,Gifted,maxSW,500.aparc,Node Versatility,0.39488870082219213,0.24184668512109392,0.636735385943286,True,lh_insula_part2,7,Insular cortex,Insular,False
0.2,lh_lateraloccipital_part4,0.8227253283867912,Gifted,maxSW,500.aparc,Node Versatility,0.39488870082219213,0.24184668512109392,0.636735385943286,True,lh_lateraloccipital_part4,4,Secondary sensory cortex,Secondary,False
0.2,lh_medialorbitofrontal_part1,0.7283158340694186,Gifted,maxSW,500.aparc,Node Versatility,0.39488870082219213,0.24184668512109392,0.636735385943286,True,lh_medialorbitofrontal_part1,4,Secondary sensory cortex,Secondary,False
0.2,lh_middletemporal_part2,0.6441136240508943,Gifted,maxSW,500.aparc,Node Versatility,0.39488870082219213,0.24184668512109392,0.636735385943286,True,lh_middletemporal_part2,2,Association cortex - type 1,Association,True
0.2,lh_middletemporal_part5,0.7180826778898751,Gifted,maxSW,500.aparc,Node Versatility,0.39488870082219213,0.24184668512109392,0.636735385943286,True,lh_middletemporal_part5,2,Association cortex - type 1,Association,True
0.2,lh_parahippocampal_part1,0.6870987568791184,Gifted,maxSW,500.aparc,Node Versatility,0.39488870082219213,0.24184668512109392,0.636735385943286,True,lh_parahippocampal_part1,6,Limbic cortex,Limbic,False
0.2,lh_posteriorcingulate_part1,0.7167554959324335,Gifted,maxSW,500.aparc,Node Versatility,0.39488870082219213,0.24184668512109392,0.636735385943286,True,lh_posteriorcingulate_part1,6,Limbic cortex,Limbic,False
0.2,lh_precuneus_part5,0.6979937141366115,Gifted,maxSW,500.aparc,Node Versatility,0.39488870082219213,0.24184668512109392,0.636735385943286,True,lh_precuneus_part5,2,Association cortex - type 1,Association,True
0.2,lh_rostralanteriorcingulate_part1,0.7190072374242921,Gifted,maxSW,500.aparc,Node Versatility,0.39488870082219213,0.24184668512109392,0.636735385943286,True,lh_rostralanteriorcingulate_part1,6,Limbic cortex,Limbic,False
0.2,lh_rostralmiddlefrontal_part7,0.6677483783611861,Gifted,maxSW,500.aparc,Node Versatility,0.39488870082219213,0.24184668512109392,0.636735385943286,True,lh_rostralmiddlefrontal_part7,3,Association cortex - type 2,Association,True
0.2,lh_superiorfrontal_part10,0.779726767584067,Gifted,maxSW,500.aparc,Node Versatility,0.39488870082219213,0.24184668512109392,0.636735385943286,True,lh_superiorfrontal_part10,2,Association cortex - type 1,Association,True
0.2,lh_superiorfrontal_part11,0.7335685555709945,Gifted,maxSW,500.aparc,Node Versatility,0.39488870082219213,0.24184668512109392,0.636735385943286,True,lh_superiorfrontal_part11,2,Association cortex - type 1,Association,True
0.2,lh_superiorfrontal_part6,0.7728365338477098,Gifted,maxSW,500.aparc,Node Versatility,0.39488870082219213,0.24184668512109392,0.636735385943286,True,lh_superiorfrontal_part6,2,Association cortex - type 1,Association,True
0.2,lh_superiorfrontal_part8,0.6551584972725966,Gifted,maxSW,500.aparc,Node Versatility,0.39488870082219213,0.24184668512109392,0.636735385943286,True,lh_superiorfrontal_part8,2,Association cortex - type 1,Association,True
0.2,lh_superiorparietal_part1,0.6817665286323565,Gifted,maxSW,500.aparc,Node Versatility,0.39488870082219213,0.24184668512109392,0.636735385943286,True,lh_superiorparietal_part1,2,Association cortex - type 1,Association,True
0.2,lh_superiorparietal_part6,0.8178848019176123,Gifted,maxSW,500.aparc,Node Versatility,0.39488870082219213,0.24184668512109392,0.636735385943286,True,lh_superiorparietal_part6,2,Association cortex - type 1,Association,True
0.2,lh_superiorparietal_part7,0.7168650233352941,Gifted,maxSW,500.aparc,Node Versatility,0.39488870082219213,0.24184668512109392,0.636735385943286,True,lh_superiorparietal_part7,2,Association cortex - type 1,Association,True
0.2,lh_superiortemporal_part5,0.7119663382977298,Gifted,maxSW,500.aparc,Node Versatility,0.39488870082219213,0.24184668512109392,0.636735385943286,True,lh_superiortemporal_part5,3,Association cortex - type 2,Association,True
0.2,lh_superiortemporal_part7,0.7796816480131038,Gifted,maxSW,500.aparc,Node Versatility,0.39488870082219213,0.24184668512109392,0.636735385943286,True,lh_superiortemporal_part7,3,Association cortex - type 2,Association,True
0.2,lh_supramarginal_part1,0.7005303104418207,Gifted,maxSW,500.aparc,Node Versatility,0.39488870082219213,0.24184668512109392,0.636735385943286,True,lh_supramarginal_part1,3,Association cortex - type 2,Association,True
0.2,lh_temporalpole_part1,0.9004190846393305,Gifted,maxSW,500.aparc,Node Versatility,0.39488870082219213,0.24184668512109392,0.636735385943286,True,lh_temporalpole_part1,2,Association cortex - type 1,Association,True
0.2,rh_caudalmiddlefrontal_part2,0.7079530934766299,Gifted,maxSW,500.aparc,Node Versatility,0.39488870082219213,0.24184668512109392,0.636735385943286,True,rh_caudalmiddlefrontal_part2,2,Association cortex - type 1,Association,True
0.2,rh_entorhinal_part1,0.9269302359704484,Gifted,maxSW,500.aparc,Node Versatility,0.39488870082219213,0.24184668512109392,0.636735385943286,True,rh_entorhinal_part1,6,Limbic cortex,Limbic,False
0.2,rh_frontalpole_part1,0.6816257294728929,Gifted,maxSW,500.aparc,Node Versatility,0.39488870082219213,0.24184668512109392,0.636735385943286,True,rh_frontalpole_part1,3,Association cortex - type 2,Association,True
0.2,rh_fusiform_part3,0.7681874175325574,Gifted,maxSW,500.aparc,Node Versatility,0.39488870082219213,0.24184668512109392,0.636735385943286,True,rh_fusiform_part3,2,Association cortex - type 1,Association,True
0.2,rh_fusiform_part4,0.7103620060421091,Gifted,maxSW,500.aparc,Node Versatility,0.39488870082219213,0.24184668512109392,0.636735385943286,True,rh_fusiform_part4,2,Association cortex - type 1,Association,True
0.2,rh_inferiorparietal_part3,0.7855316824684518,Gifted,maxSW,500.aparc,Node Versatility,0.39488870082219213,0.24184668512109392,0.636735385943286,True,rh_inferiorparietal_part3,3,Association cortex - type 2,Association,True
0.2,rh_inferiortemporal_part2,0.745761241411798,Gifted,maxSW,500.aparc,Node Versatility,0.39488870082219213,0.24184668512109392,0.636735385943286,True,rh_inferiortemporal_part2,2,Association cortex - type 1,Association,True
0.2,rh_inferiortemporal_part5,0.7913078041962551,Gifted,maxSW,500.aparc,Node Versatility,0.39488870082219213,0.24184668512109392,0.636735385943286,True,rh_inferiortemporal_part5,2,Association cortex - type 1,Association,True
0.2,rh_insula_part1,0.99191483015974,Gifted,maxSW,500.aparc,Node Versatility,0.39488870082219213,0.24184668512109392,0.636735385943286,True,rh_insula_part1,7,Insular cortex,Insular,False
0.2,rh_isthmuscingulate_part2,0.6778201361649482,Gifted,maxSW,500.aparc,Node Versatility,0.39488870082219213,0.24184668512109392,0.636735385943286,True,rh_isthmuscingulate_part2,6,Limbic cortex,Limbic,False
0.2,rh_lateraloccipital_part9,0.8870710294407892,Gifted,maxSW,500.aparc,Node Versatility,0.39488870082219213,0.24184668512109392,0.636735385943286,True,rh_lateraloccipital_part9,4,Secondary sensory cortex,Secondary,False
0.2,rh_lateralorbitofrontal_part3,0.6677461469229423,Gifted,maxSW,500.aparc,Node Versatility,0.39488870082219213,0.24184668512109392,0.636735385943286,True,rh_lateralorbitofrontal_part3,4,Secondary sensory cortex,Secondary,False
0.2,rh_medialorbitofrontal_part2,0.6656388644880084,Gifted,maxSW,500.aparc,Node Versatility,0.39488870082219213,0.24184668512109392,0.636735385943286,True,rh_medialorbitofrontal_part2,4,Secondary sensory cortex,Secondary,False
0.2,rh_medialorbitofrontal_part3,0.7357592766999747,Gifted,maxSW,500.aparc,Node Versatility,0.39488870082219213,0.24184668512109392,0.636735385943286,True,rh_medialorbitofrontal_part3,4,Secondary sensory cortex,Secondary,False
0.2,rh_middletemporal_part1,0.6702482898742244,Gifted,maxSW,500.aparc,Node Versatility,0.39488870082219213,0.24184668512109392,0.636735385943286,True,rh_middletemporal_part1,2,Association cortex - type 1,Association,True
0.2,rh_postcentral_part2,0.6697588136557406,Gifted,maxSW,500.aparc,Node Versatility,0.39488870082219213,0.24184668512109392,0.636735385943286,True,rh_postcentral_part2,5,Primary sensory cortex,Primary,False
0.2,rh_posteriorcingulate_part1,0.6747017258941551,Gifted,maxSW,500.aparc,Node Versatility,0.39488870082219213,0.24184668512109392,0.636735385943286,True,rh_posteriorcingulate_part1,6,Limbic cortex,Limbic,False
0.2,rh_precentral_part3,0.6591165709329745,Gifted,maxSW,500.aparc,Node Versatility,0.39488870082219213,0.24184668512109392,0.636735385943286,True,rh_precentral_part3,1,Primary motor cortex,Primary,False
0.2,rh_precuneus_part5,0.6401480349454567,Gifted,maxSW,500.aparc,Node Versatility,0.39488870082219213,0.24184668512109392,0.636735385943286,True,rh_precuneus_part5,2,Association cortex - type 1,Association,True
0.2,rh_precuneus_part6,0.7002306002362333,Gifted,maxSW,500.aparc,Node Versatility,0.39488870082219213,0.24184668512109392,0.636735385943286,True,rh_precuneus_part6,2,Association cortex - type 1,Association,True
0.2,rh_rostralanteriorcingulate_part1,0.7183346968750083,Gifted,maxSW,500.aparc,Node Versatility,0.39488870082219213,0.24184668512109392,0.636735385943286,True,rh_rostralanteriorcingulate_part1,6,Limbic cortex,Limbic,False
0.2,rh_superiorfrontal_part10,0.7218716774600359,Gifted,maxSW,500.aparc,Node Versatility,0.39488870082219213,0.24184668512109392,0.636735385943286,True,rh_superiorfrontal_part10,2,Association cortex - type 1,Association,True
0.2,rh_superiorfrontal_part11,0.6667429693285575,Gifted,maxSW,500.aparc,Node Versatility,0.39488870082219213,0.24184668512109392,0.636735385943286,True,rh_superiorfrontal_part11,2,Association cortex - type 1,Association,True
0.2,rh_superiorfrontal_part5,0.749374948726258,Gifted,maxSW,500.aparc,Node Versatility,0.39488870082219213,0.24184668512109392,0.636735385943286,True,rh_superiorfrontal_part5,2,Association cortex - type 1,Association,True
0.2,rh_superiorfrontal_part9,0.747561920941419,Gifted,maxSW,500.aparc,Node Versatility,0.39488870082219213,0.24184668512109392,0.636735385943286,True,rh_superiorfrontal_part9,2,Association cortex - type 1,Association,True
0.2,rh_superiorparietal_part2,0.7153808737298604,Gifted,maxSW,500.aparc,Node Versatility,0.39488870082219213,0.24184668512109392,0.636735385943286,True,rh_superiorparietal_part2,2,Association cortex - type 1,Association,True
0.2,rh_superiorparietal_part3,0.7871972528688103,Gifted,maxSW,500.aparc,Node Versatility,0.39488870082219213,0.24184668512109392,0.636735385943286,True,rh_superiorparietal_part3,2,Association cortex - type 1,Association,True
0.2,rh_superiorparietal_part4,0.8038497515611737,Gifted,maxSW,500.aparc,Node Versatility,0.39488870082219213,0.24184668512109392,0.636735385943286,True,rh_superiorparietal_part4,2,Association cortex - type 1,Association,True
0.2,rh_superiorparietal_part9,0.6994424132537295,Gifted,maxSW,500.aparc,Node Versatility,0.39488870082219213,0.24184668512109392,0.636735385943286,True,rh_superiorparietal_part9,2,Association cortex - type 1,Association,True
0.2,rh_superiortemporal_part4,0.7450033499632028,Gifted,maxSW,500.aparc,Node Versatility,0.39488870082219213,0.24184668512109392,0.636735385943286,True,rh_superiortemporal_part4,3,Association cortex - type 2,Association,True
0.2,rh_temporalpole_part1,0.9004190846393305,Gifted,maxSW,500.aparc,Node Versatility,0.39488870082219213,0.24184668512109392,0.636735385943286,True,rh_temporalpole_part1,2,Association cortex - type 1,Association,True
0.3,lh_entorhinal_part1,0.5895159912292705,Gifted,maxSW,500.aparc,Node Versatility,0.35496554379557715,0.2344469953402493,0.5894125391358265,True,lh_entorhinal_part1,6,Limbic cortex,Limbic,False
0.3,lh_fusiform_part2,0.6428129284002629,Gifted,maxSW,500.aparc,Node Versatility,0.35496554379557715,0.2344469953402493,0.5894125391358265,True,lh_fusiform_part2,2,Association cortex - type 1,Association,True
0.3,lh_inferiortemporal_part2,1.0,Gifted,maxSW,500.aparc,Node Versatility,0.35496554379557715,0.2344469953402493,0.5894125391358265,True,lh_inferiortemporal_part2,2,Association cortex - type 1,Association,True
0.3,lh_inferiortemporal_part3,0.6416919463124439,Gifted,maxSW,500.aparc,Node Versatility,0.35496554379557715,0.2344469953402493,0.5894125391358265,True,lh_inferiortemporal_part3,2,Association cortex - type 1,Association,True
0.3,lh_inferiortemporal_part4,0.6517943943450288,Gifted,maxSW,500.aparc,Node Versatility,0.35496554379557715,0.2344469953402493,0.5894125391358265,True,lh_inferiortemporal_part4,2,Association cortex - type 1,Association,True
0.3,lh_inferiortemporal_part6,0.590709082508249,Gifted,maxSW,500.aparc,Node Versatility,0.35496554379557715,0.2344469953402493,0.5894125391358265,True,lh_inferiortemporal_part6,2,Association cortex - type 1,Association,True
0.3,lh_insula_part2,0.8944004211675152,Gifted,maxSW,500.aparc,Node Versatility,0.35496554379557715,0.2344469953402493,0.5894125391358265,True,lh_insula_part2,7,Insular cortex,Insular,False
0.3,lh_lateraloccipital_part4,0.7521316572575077,Gifted,maxSW,500.aparc,Node Versatility,0.35496554379557715,0.2344469953402493,0.5894125391358265,True,lh_lateraloccipital_part4,4,Secondary sensory cortex,Secondary,False
0.3,lh_lingual_part5,0.798712155980135,Gifted,maxSW,500.aparc,Node Versatility,0.35496554379557715,0.2344469953402493,0.5894125391358265,True,lh_lingual_part5,4,Secondary sensory cortex,Secondary,False
0.3,lh_middletemporal_part5,0.6156186317193738,Gifted,maxSW,500.aparc,Node Versatility,0.35496554379557715,0.2344469953402493,0.5894125391358265,True,lh_middletemporal_part5,2,Association cortex - type 1,Association,True
0.3,lh_parahippocampal_part1,0.5963389414293222,Gifted,maxSW,500.aparc,Node Versatility,0.35496554379557715,0.2344469953402493,0.5894125391358265,True,lh_parahippocampal_part1,6,Limbic cortex,Limbic,False
0.3,lh_pericalcarine_part1,0.94725777323473,Gifted,maxSW,500.aparc,Node Versatility,0.35496554379557715,0.2344469953402493,0.5894125391358265,True,lh_pericalcarine_part1,5,Primary sensory cortex,Primary,False
0.3,lh_pericalcarine_part2,0.94725777323473,Gifted,maxSW,500.aparc,Node Versatility,0.35496554379557715,0.2344469953402493,0.5894125391358265,True,lh_pericalcarine_part2,5,Primary sensory cortex,Primary,False
0.3,lh_posteriorcingulate_part1,0.5940720055431331,Gifted,maxSW,500.aparc,Node Versatility,0.35496554379557715,0.2344469953402493,0.5894125391358265,True,lh_posteriorcingulate_part1,6,Limbic cortex,Limbic,False
0.3,lh_posteriorcingulate_part2,0.5894463561297005,Gifted,maxSW,500.aparc,Node Versatility,0.35496554379557715,0.2344469953402493,0.5894125391358265,True,lh_posteriorcingulate_part2,6,Limbic cortex,Limbic,False
0.3,lh_precuneus_part5,0.736778723695986,Gifted,maxSW,500.aparc,Node Versatility,0.35496554379557715,0.2344469953402493,0.5894125391358265,True,lh_precuneus_part5,2,Association cortex - type 1,Association,True
0.3,lh_precuneus_part6,0.7498687866314746,Gifted,maxSW,500.aparc,Node Versatility,0.35496554379557715,0.2344469953402493,0.5894125391358265,True,lh_precuneus_part6,2,Association cortex - type 1,Association,True
0.3,lh_rostralanteriorcingulate_part1,0.6207499244799646,Gifted,maxSW,500.aparc,Node Versatility,0.35496554379557715,0.2344469953402493,0.5894125391358265,True,lh_rostralanteriorcingulate_part1,6,Limbic cortex,Limbic,False
0.3,lh_rostralmiddlefrontal_part7,0.8796381681856844,Gifted,maxSW,500.aparc,Node Versatility,0.35496554379557715,0.2344469953402493,0.5894125391358265,True,lh_rostralmiddlefrontal_part7,3,Association cortex - type 2,Association,True
0.3,lh_superiorfrontal_part10,0.611521247998304,Gifted,maxSW,500.aparc,Node Versatility,0.35496554379557715,0.2344469953402493,0.5894125391358265,True,lh_superiorfrontal_part10,2,Association cortex - type 1,Association,True
0.3,lh_superiorfrontal_part13,0.6927599193474692,Gifted,maxSW,500.aparc,Node Versatility,0.35496554379557715,0.2344469953402493,0.5894125391358265,True,lh_superiorfrontal_part13,2,Association cortex - type 1,Association,True
0.3,lh_superiorfrontal_part3,0.7848080534227215,Gifted,maxSW,500.aparc,Node Versatility,0.35496554379557715,0.2344469953402493,0.5894125391358265,True,lh_superiorfrontal_part3,2,Association cortex - type 1,Association,True
0.3,lh_superiorfrontal_part6,0.6552624712967322,Gifted,maxSW,500.aparc,Node Versatility,0.35496554379557715,0.2344469953402493,0.5894125391358265,True,lh_superiorfrontal_part6,2,Association cortex - type 1,Association,True
0.3,lh_superiorfrontal_part7,0.664227286823602,Gifted,maxSW,500.aparc,Node Versatility,0.35496554379557715,0.2344469953402493,0.5894125391358265,True,lh_superiorfrontal_part7,2,Association cortex - type 1,Association,True
0.3,lh_superiorparietal_part1,0.9083321925776068,Gifted,maxSW,500.aparc,Node Versatility,0.35496554379557715,0.2344469953402493,0.5894125391358265,True,lh_superiorparietal_part1,2,Association cortex - type 1,Association,True
0.3,lh_superiorparietal_part6,0.8379198985107679,Gifted,maxSW,500.aparc,Node Versatility,0.35496554379557715,0.2344469953402493,0.5894125391358265,True,lh_superiorparietal_part6,2,Association cortex - type 1,Association,True
0.3,lh_superiorparietal_part7,0.7288320818926346,Gifted,maxSW,500.aparc,Node Versatility,0.35496554379557715,0.2344469953402493,0.5894125391358265,True,lh_superiorparietal_part7,2,Association cortex - type 1,Association,True
0.3,lh_superiortemporal_part7,0.6491161581015681,Gifted,maxSW,500.aparc,Node Versatility,0.35496554379557715,0.2344469953402493,0.5894125391358265,True,lh_superiortemporal_part7,3,Association cortex - type 2,Association,True
0.3,lh_temporalpole_part1,0.832171288619756,Gifted,maxSW,500.aparc,Node Versatility,0.35496554379557715,0.2344469953402493,0.5894125391358265,True,lh_temporalpole_part1,2,Association cortex - type 1,Association,True
0.3,rh_entorhinal_part1,0.5895159912292705,Gifted,maxSW,500.aparc,Node Versatility,0.35496554379557715,0.2344469953402493,0.5894125391358265,True,rh_entorhinal_part1,6,Limbic cortex,Limbic,False
0.3,rh_fusiform_part2,0.5894628545376337,Gifted,maxSW,500.aparc,Node Versatility,0.35496554379557715,0.2344469953402493,0.5894125391358265,True,rh_fusiform_part2,2,Association cortex - type 1,Association,True
0.3,rh_inferiortemporal_part4,0.687109528654856,Gifted,maxSW,500.aparc,Node Versatility,0.35496554379557715,0.2344469953402493,0.5894125391358265,True,rh_inferiortemporal_part4,2,Association cortex - type 1,Association,True
0.3,rh_insula_part1,0.8944004211675152,Gifted,maxSW,500.aparc,Node Versatility,0.35496554379557715,0.2344469953402493,0.5894125391358265,True,rh_insula_part1,7,Insular cortex,Insular,False
0.3,rh_isthmuscingulate_part2,0.8622641006115992,Gifted,maxSW,500.aparc,Node Versatility,0.35496554379557715,0.2344469953402493,0.5894125391358265,True,rh_isthmuscingulate_part2,6,Limbic cortex,Limbic,False
0.3,rh_lateralorbitofrontal_part2,0.6197062901612653,Gifted,maxSW,500.aparc,Node Versatility,0.35496554379557715,0.2344469953402493,0.5894125391358265,True,rh_lateralorbitofrontal_part2,4,Secondary sensory cortex,Secondary,False
0.3,rh_medialorbitofrontal_part2,0.9054021232618936,Gifted,maxSW,500.aparc,Node Versatility,0.35496554379557715,0.2344469953402493,0.5894125391358265,True,rh_medialorbitofrontal_part2,4,Secondary sensory cortex,Secondary,False
0.3,rh_medialorbitofrontal_part3,0.949498725473582,Gifted,maxSW,500.aparc,Node Versatility,0.35496554379557715,0.2344469953402493,0.5894125391358265,True,rh_medialorbitofrontal_part3,4,Secondary sensory cortex,Secondary,False
0.3,rh_middletemporal_part1,0.6433968303966955,Gifted,maxSW,500.aparc,Node Versatility,0.35496554379557715,0.2344469953402493,0.5894125391358265,True,rh_middletemporal_part1,2,Association cortex - type 1,Association,True
0.3,rh_middletemporal_part6,0.6887715696839491,Gifted,maxSW,500.aparc,Node Versatility,0.35496554379557715,0.2344469953402493,0.5894125391358265,True,rh_middletemporal_part6,2,Association cortex - type 1,Association,True
0.3,rh_paracentral_part2,0.6202555931911435,Gifted,maxSW,500.aparc,Node Versatility,0.35496554379557715,0.2344469953402493,0.5894125391358265,True,rh_paracentral_part2,1,Primary motor cortex,Primary,False
0.3,rh_parsopercularis_part1,0.6895601324448563,Gifted,maxSW,500.aparc,Node Versatility,0.35496554379557715,0.2344469953402493,0.5894125391358265,True,rh_parsopercularis_part1,2,Association cortex - type 1,Association,True
0.3,rh_pericalcarine_part1,0.94725777323473,Gifted,maxSW,500.aparc,Node Versatility,0.35496554379557715,0.2344469953402493,0.5894125391358265,True,rh_pericalcarine_part1,5,Primary sensory cortex,Primary,False
0.3,rh_pericalcarine_part2,0.94725777323473,Gifted,maxSW,500.aparc,Node Versatility,0.35496554379557715,0.2344469953402493,0.5894125391358265,True,rh_pericalcarine_part2,5,Primary sensory cortex,Primary,False
0.3,rh_pericalcarine_part3,0.94725777323473,Gifted,maxSW,500.aparc,Node Versatility,0.35496554379557715,0.2344469953402493,0.5894125391358265,True,rh_pericalcarine_part3,5,Primary sensory cortex,Primary,False
0.3,rh_posteriorcingulate_part1,0.7304176512814627,Gifted,maxSW,500.aparc,Node Versatility,0.35496554379557715,0.2344469953402493,0.5894125391358265,True,rh_posteriorcingulate_part1,6,Limbic cortex,Limbic,False
0.3,rh_precuneus_part5,0.8006125614571192,Gifted,maxSW,500.aparc,Node Versatility,0.35496554379557715,0.2344469953402493,0.5894125391358265,True,rh_precuneus_part5,2,Association cortex - type 1,Association,True
0.3,rh_rostralanteriorcingulate_part1,0.617942278564642,Gifted,maxSW,500.aparc,Node Versatility,0.35496554379557715,0.2344469953402493,0.5894125391358265,True,rh_rostralanteriorcingulate_part1,6,Limbic cortex,Limbic,False
0.3,rh_rostralmiddlefrontal_part2,0.730633335448461,Gifted,maxSW,500.aparc,Node Versatility,0.35496554379557715,0.2344469953402493,0.5894125391358265,True,rh_rostralmiddlefrontal_part2,3,Association cortex - type 2,Association,True
0.3,rh_superiorfrontal_part10,0.7320231126046952,Gifted,maxSW,500.aparc,Node Versatility,0.35496554379557715,0.2344469953402493,0.5894125391358265,True,rh_superiorfrontal_part10,2,Association cortex - type 1,Association,True
0.3,rh_superiorfrontal_part9,0.9359592327259498,Gifted,maxSW,500.aparc,Node Versatility,0.35496554379557715,0.2344469953402493,0.5894125391358265,True,rh_superiorfrontal_part9,2,Association cortex - type 1,Association,True
0.3,rh_superiorparietal_part2,0.7312749424352935,Gifted,maxSW,500.aparc,Node Versatility,0.35496554379557715,0.2344469953402493,0.5894125391358265,True,rh_superiorparietal_part2,2,Association cortex - type 1,Association,True
0.3,rh_superiorparietal_part3,0.8336953436031914,Gifted,maxSW,500.aparc,Node Versatility,0.35496554379557715,0.2344469953402493,0.5894125391358265,True,rh_superiorparietal_part3,2,Association cortex - type 1,Association,True
0.3,rh_superiorparietal_part4,0.733923171154335,Gifted,maxSW,500.aparc,Node Versatility,0.35496554379557715,0.2344469953402493,0.5894125391358265,True,rh_superiorparietal_part4,2,Association cortex - type 1,Association,True
0.3,rh_superiorparietal_part9,0.7312749424352935,Gifted,maxSW,500.aparc,Node Versatility,0.35496554379557715,0.2344469953402493,0.5894125391358265,True,rh_superiorparietal_part9,2,Association cortex - type 1,Association,True
0.3,rh_temporalpole_part1,0.832171288619756,Gifted,maxSW,500.aparc,Node Versatility,0.35496554379557715,0.2344469953402493,0.5894125391358265,True,rh_temporalpole_part1,2,Association cortex - type 1,Association,True
0.4,lh_caudalanteriorcingulate_part1,0.4193621104368175,Gifted,maxSW,500.aparc,Node Versatility,0.13961608001535353,0.15093769147338254,0.29055377148873607,True,lh_caudalanteriorcingulate_part1,6,Limbic cortex,Limbic,False
0.4,lh_fusiform_part2,0.3670492687320028,Gifted,maxSW,500.aparc,Node Versatility,0.13961608001535353,0.15093769147338254,0.29055377148873607,True,lh_fusiform_part2,2,Association cortex - type 1,Association,True
0.4,lh_inferiortemporal_part2,0.4342335837258251,Gifted,maxSW,500.aparc,Node Versatility,0.13961608001535353,0.15093769147338254,0.29055377148873607,True,lh_inferiortemporal_part2,2,Association cortex - type 1,Association,True
0.4,lh_inferiortemporal_part3,0.3022925825486707,Gifted,maxSW,500.aparc,Node Versatility,0.13961608001535353,0.15093769147338254,0.29055377148873607,True,lh_inferiortemporal_part3,2,Association cortex - type 1,Association,True
0.4,lh_insula_part2,0.3336680797578963,Gifted,maxSW,500.aparc,Node Versatility,0.13961608001535353,0.15093769147338254,0.29055377148873607,True,lh_insula_part2,7,Insular cortex,Insular,False
0.4,lh_middletemporal_part3,0.325975510803844,Gifted,maxSW,500.aparc,Node Versatility,0.13961608001535353,0.15093769147338254,0.29055377148873607,True,lh_middletemporal_part3,2,Association cortex - type 1,Association,True
0.4,lh_middletemporal_part4,0.3297942387483516,Gifted,maxSW,500.aparc,Node Versatility,0.13961608001535353,0.15093769147338254,0.29055377148873607,True,lh_middletemporal_part4,2,Association cortex - type 1,Association,True
0.4,lh_middletemporal_part5,0.4142176601505618,Gifted,maxSW,500.aparc,Node Versatility,0.13961608001535353,0.15093769147338254,0.29055377148873607,True,lh_middletemporal_part5,2,Association cortex - type 1,Association,True
0.4,lh_pericalcarine_part1,1.0,Gifted,maxSW,500.aparc,Node Versatility,0.13961608001535353,0.15093769147338254,0.29055377148873607,True,lh_pericalcarine_part1,5,Primary sensory cortex,Primary,False
0.4,lh_pericalcarine_part2,1.0,Gifted,maxSW,500.aparc,Node Versatility,0.13961608001535353,0.15093769147338254,0.29055377148873607,True,lh_pericalcarine_part2,5,Primary sensory cortex,Primary,False
0.4,lh_postcentral_part7,0.386339403806774,Gifted,maxSW,500.aparc,Node Versatility,0.13961608001535353,0.15093769147338254,0.29055377148873607,True,lh_postcentral_part7,5,Primary sensory cortex,Primary,False
0.4,lh_posteriorcingulate_part1,0.3020895873472233,Gifted,maxSW,500.aparc,Node Versatility,0.13961608001535353,0.15093769147338254,0.29055377148873607,True,lh_posteriorcingulate_part1,6,Limbic cortex,Limbic,False
0.4,lh_posteriorcingulate_part2,0.4042895762273849,Gifted,maxSW,500.aparc,Node Versatility,0.13961608001535353,0.15093769147338254,0.29055377148873607,True,lh_posteriorcingulate_part2,6,Limbic cortex,Limbic,False
0.4,lh_rostralanteriorcingulate_part1,0.4787717605673514,Gifted,maxSW,500.aparc,Node Versatility,0.13961608001535353,0.15093769147338254,0.29055377148873607,True,lh_rostralanteriorcingulate_part1,6,Limbic cortex,Limbic,False
0.4,lh_rostralmiddlefrontal_part1,0.3117620554860134,Gifted,maxSW,500.aparc,Node Versatility,0.13961608001535353,0.15093769147338254,0.29055377148873607,True,lh_rostralmiddlefrontal_part1,3,Association cortex - type 2,Association,True
0.4,lh_rostralmiddlefrontal_part7,0.3848991095890378,Gifted,maxSW,500.aparc,Node Versatility,0.13961608001535353,0.15093769147338254,0.29055377148873607,True,lh_rostralmiddlefrontal_part7,3,Association cortex - type 2,Association,True
0.4,lh_superiorfrontal_part10,0.4451779171774568,Gifted,maxSW,500.aparc,Node Versatility,0.13961608001535353,0.15093769147338254,0.29055377148873607,True,lh_superiorfrontal_part10,2,Association cortex - type 1,Association,True
0.4,lh_superiorfrontal_part13,0.3084870546606472,Gifted,maxSW,500.aparc,Node Versatility,0.13961608001535353,0.15093769147338254,0.29055377148873607,True,lh_superiorfrontal_part13,2,Association cortex - type 1,Association,True
0.4,lh_superiorfrontal_part7,0.3312874566144348,Gifted,maxSW,500.aparc,Node Versatility,0.13961608001535353,0.15093769147338254,0.29055377148873607,True,lh_superiorfrontal_part7,2,Association cortex - type 1,Association,True
0.4,lh_superiorparietal_part1,0.4592183082912585,Gifted,maxSW,500.aparc,Node Versatility,0.13961608001535353,0.15093769147338254,0.29055377148873607,True,lh_superiorparietal_part1,2,Association cortex - type 1,Association,True
0.4,lh_superiortemporal_part2,0.336827261106678,Gifted,maxSW,500.aparc,Node Versatility,0.13961608001535353,0.15093769147338254,0.29055377148873607,True,lh_superiortemporal_part2,3,Association cortex - type 2,Association,True
0.4,rh_fusiform_part2,0.311324464376745,Gifted,maxSW,500.aparc,Node Versatility,0.13961608001535353,0.15093769147338254,0.29055377148873607,True,rh_fusiform_part2,2,Association cortex - type 1,Association,True
0.4,rh_inferiorparietal_part9,0.3271202921344894,Gifted,maxSW,500.aparc,Node Versatility,0.13961608001535353,0.15093769147338254,0.29055377148873607,True,rh_inferiorparietal_part9,3,Association cortex - type 2,Association,True
0.4,rh_inferiortemporal_part3,0.3338035523022046,Gifted,maxSW,500.aparc,Node Versatility,0.13961608001535353,0.15093769147338254,0.29055377148873607,True,rh_inferiortemporal_part3,2,Association cortex - type 1,Association,True
0.4,rh_insula_part1,0.3336680797578963,Gifted,maxSW,500.aparc,Node Versatility,0.13961608001535353,0.15093769147338254,0.29055377148873607,True,rh_insula_part1,7,Insular cortex,Insular,False
0.4,rh_lateralorbitofrontal_part1,0.2948472839919279,Gifted,maxSW,500.aparc,Node Versatility,0.13961608001535353,0.15093769147338254,0.29055377148873607,True,rh_lateralorbitofrontal_part1,4,Secondary sensory cortex,Secondary,False
0.4,rh_medialorbitofrontal_part2,0.3595809119636057,Gifted,maxSW,500.aparc,Node Versatility,0.13961608001535353,0.15093769147338254,0.29055377148873607,True,rh_medialorbitofrontal_part2,4,Secondary sensory cortex,Secondary,False
0.4,rh_middletemporal_part1,0.3668168915103847,Gifted,maxSW,500.aparc,Node Versatility,0.13961608001535353,0.15093769147338254,0.29055377148873607,True,rh_middletemporal_part1,2,Association cortex - type 1,Association,True
0.4,rh_middletemporal_part6,0.3145062979134836,Gifted,maxSW,500.aparc,Node Versatility,0.13961608001535353,0.15093769147338254,0.29055377148873607,True,rh_middletemporal_part6,2,Association cortex - type 1,Association,True
0.4,rh_paracentral_part2,0.3044502052848394,Gifted,maxSW,500.aparc,Node Versatility,0.13961608001535353,0.15093769147338254,0.29055377148873607,True,rh_paracentral_part2,1,Primary motor cortex,Primary,False
0.4,rh_pericalcarine_part1,1.0,Gifted,maxSW,500.aparc,Node Versatility,0.13961608001535353,0.15093769147338254,0.29055377148873607,True,rh_pericalcarine_part1,5,Primary sensory cortex,Primary,False
0.4,rh_pericalcarine_part2,1.0,Gifted,maxSW,500.aparc,Node Versatility,0.13961608001535353,0.15093769147338254,0.29055377148873607,True,rh_pericalcarine_part2,5,Primary sensory cortex,Primary,False
0.4,rh_pericalcarine_part3,1.0,Gifted,maxSW,500.aparc,Node Versatility,0.13961608001535353,0.15093769147338254,0.29055377148873607,True,rh_pericalcarine_part3,5,Primary sensory cortex,Primary,False
0.4,rh_precentral_part6,0.4512344986372641,Gifted,maxSW,500.aparc,Node Versatility,0.13961608001535353,0.15093769147338254,0.29055377148873607,True,rh_precentral_part6,1,Primary motor cortex,Primary,False
0.4,rh_rostralanteriorcingulate_part1,0.4701035225982629,Gifted,maxSW,500.aparc,Node Versatility,0.13961608001535353,0.15093769147338254,0.29055377148873607,True,rh_rostralanteriorcingulate_part1,6,Limbic cortex,Limbic,False
0.4,rh_rostralmiddlefrontal_part2,0.3663591525509357,Gifted,maxSW,500.aparc,Node Versatility,0.13961608001535353,0.15093769147338254,0.29055377148873607,True,rh_rostralmiddlefrontal_part2,3,Association cortex - type 2,Association,True
0.4,rh_superiortemporal_part1,0.336827261106678,Gifted,maxSW,500.aparc,Node Versatility,0.13961608001535353,0.15093769147338254,0.29055377148873607,True,rh_superiortemporal_part1,3,Association cortex - type 2,Association,True
0.4,rh_superiortemporal_part3,0.3117402177238557,Gifted,maxSW,500.aparc,Node Versatility,0.13961608001535353,0.15093769147338254,0.29055377148873607,True,rh_superiortemporal_part3,3,Association cortex - type 2,Association,True
0.5,lh_fusiform_part2,0.7029723720096085,Gifted,maxSW,500.aparc,Node Versatility,0.13522192479626846,0.1645884870871615,0.29981041188342994,True,lh_fusiform_part2,2,Association cortex - type 1,Association,True
0.5,lh_inferiortemporal_part1,0.3195942873597744,Gifted,maxSW,500.aparc,Node Versatility,0.13522192479626846,0.1645884870871615,0.29981041188342994,True,lh_inferiortemporal_part1,2,Association cortex - type 1,Association,True
0.5,lh_inferiortemporal_part3,0.7513582602115406,Gifted,maxSW,500.aparc,Node Versatility,0.13522192479626846,0.1645884870871615,0.29981041188342994,True,lh_inferiortemporal_part3,2,Association cortex - type 1,Association,True
0.5,lh_insula_part2,0.8769296584978427,Gifted,maxSW,500.aparc,Node Versatility,0.13522192479626846,0.1645884870871615,0.29981041188342994,True,lh_insula_part2,7,Insular cortex,Insular,False
0.5,lh_middletemporal_part1,0.3192011124334575,Gifted,maxSW,500.aparc,Node Versatility,0.13522192479626846,0.1645884870871615,0.29981041188342994,True,lh_middletemporal_part1,2,Association cortex - type 1,Association,True
0.5,lh_middletemporal_part3,0.3644050413203147,Gifted,maxSW,500.aparc,Node Versatility,0.13522192479626846,0.1645884870871615,0.29981041188342994,True,lh_middletemporal_part3,2,Association cortex - type 1,Association,True
0.5,lh_middletemporal_part4,0.4125981664413622,Gifted,maxSW,500.aparc,Node Versatility,0.13522192479626846,0.1645884870871615,0.29981041188342994,True,lh_middletemporal_part4,2,Association cortex - type 1,Association,True
0.5,lh_middletemporal_part5,0.5961595729235964,Gifted,maxSW,500.aparc,Node Versatility,0.13522192479626846,0.1645884870871615,0.29981041188342994,True,lh_middletemporal_part5,2,Association cortex - type 1,Association,True
0.5,lh_pericalcarine_part1,0.4636825814980137,Gifted,maxSW,500.aparc,Node Versatility,0.13522192479626846,0.1645884870871615,0.29981041188342994,True,lh_pericalcarine_part1,5,Primary sensory cortex,Primary,False
0.5,lh_pericalcarine_part2,0.4636825814980137,Gifted,maxSW,500.aparc,Node Versatility,0.13522192479626846,0.1645884870871615,0.29981041188342994,True,lh_pericalcarine_part2,5,Primary sensory cortex,Primary,False
0.5,lh_posteriorcingulate_part1,0.4205944417918199,Gifted,maxSW,500.aparc,Node Versatility,0.13522192479626846,0.1645884870871615,0.29981041188342994,True,lh_posteriorcingulate_part1,6,Limbic cortex,Limbic,False
0.5,lh_rostralanteriorcingulate_part1,0.5430289941528951,Gifted,maxSW,500.aparc,Node Versatility,0.13522192479626846,0.1645884870871615,0.29981041188342994,True,lh_rostralanteriorcingulate_part1,6,Limbic cortex,Limbic,False
0.5,lh_rostralmiddlefrontal_part7,0.3040885985979452,Gifted,maxSW,500.aparc,Node Versatility,0.13522192479626846,0.1645884870871615,0.29981041188342994,True,lh_rostralmiddlefrontal_part7,3,Association cortex - type 2,Association,True
0.5,lh_superiorfrontal_part10,0.3698400832934348,Gifted,maxSW,500.aparc,Node Versatility,0.13522192479626846,0.1645884870871615,0.29981041188342994,True,lh_superiorfrontal_part10,2,Association cortex - type 1,Association,True
0.5,lh_superiorfrontal_part13,0.8378021565770621,Gifted,maxSW,500.aparc,Node Versatility,0.13522192479626846,0.1645884870871615,0.29981041188342994,True,lh_superiorfrontal_part13,2,Association cortex - type 1,Association,True
0.5,lh_superiorfrontal_part3,0.3448301963636467,Gifted,maxSW,500.aparc,Node Versatility,0.13522192479626846,0.1645884870871615,0.29981041188342994,True,lh_superiorfrontal_part3,2,Association cortex - type 1,Association,True
0.5,lh_superiorfrontal_part7,0.7129031375670644,Gifted,maxSW,500.aparc,Node Versatility,0.13522192479626846,0.1645884870871615,0.29981041188342994,True,lh_superiorfrontal_part7,2,Association cortex - type 1,Association,True
0.5,lh_superiorparietal_part1,0.4656306390577002,Gifted,maxSW,500.aparc,Node Versatility,0.13522192479626846,0.1645884870871615,0.29981041188342994,True,lh_superiorparietal_part1,2,Association cortex - type 1,Association,True
0.5,lh_superiortemporal_part2,0.3644050413203147,Gifted,maxSW,500.aparc,Node Versatility,0.13522192479626846,0.1645884870871615,0.29981041188342994,True,lh_superiortemporal_part2,3,Association cortex - type 2,Association,True
0.5,lh_superiortemporal_part4,0.3195942873597744,Gifted,maxSW,500.aparc,Node Versatility,0.13522192479626846,0.1645884870871615,0.29981041188342994,True,lh_superiortemporal_part4,3,Association cortex - type 2,Association,True
0.5,lh_supramarginal_part4,0.3489740839888647,Gifted,maxSW,500.aparc,Node Versatility,0.13522192479626846,0.1645884870871615,0.29981041188342994,True,lh_supramarginal_part4,3,Association cortex - type 2,Association,True
0.5,lh_temporalpole_part1,0.3195942873597744,Gifted,maxSW,500.aparc,Node Versatility,0.13522192479626846,0.1645884870871615,0.29981041188342994,True,lh_temporalpole_part1,2,Association cortex - type 1,Association,True
0.5,rh_fusiform_part2,0.3855418705608768,Gifted,maxSW,500.aparc,Node Versatility,0.13522192479626846,0.1645884870871615,0.29981041188342994,True,rh_fusiform_part2,2,Association cortex - type 1,Association,True
0.5,rh_inferiorparietal_part9,0.4572045796072377,Gifted,maxSW,500.aparc,Node Versatility,0.13522192479626846,0.1645884870871615,0.29981041188342994,True,rh_inferiorparietal_part9,3,Association cortex - type 2,Association,True
0.5,rh_inferiortemporal_part1,0.3195942873597744,Gifted,maxSW,500.aparc,Node Versatility,0.13522192479626846,0.1645884870871615,0.29981041188342994,True,rh_inferiortemporal_part1,2,Association cortex - type 1,Association,True
0.5,rh_inferiortemporal_part3,0.642377535174363,Gifted,maxSW,500.aparc,Node Versatility,0.13522192479626846,0.1645884870871615,0.29981041188342994,True,rh_inferiortemporal_part3,2,Association cortex - type 1,Association,True
0.5,rh_insula_part1,1.0,Gifted,maxSW,500.aparc,Node Versatility,0.13522192479626846,0.1645884870871615,0.29981041188342994,True,rh_insula_part1,7,Insular cortex,Insular,False
0.5,rh_lateralorbitofrontal_part1,0.3071246702011108,Gifted,maxSW,500.aparc,Node Versatility,0.13522192479626846,0.1645884870871615,0.29981041188342994,True,rh_lateralorbitofrontal_part1,4,Secondary sensory cortex,Secondary,False
0.5,rh_medialorbitofrontal_part2,0.355395733774787,Gifted,maxSW,500.aparc,Node Versatility,0.13522192479626846,0.1645884870871615,0.29981041188342994,True,rh_medialorbitofrontal_part2,4,Secondary sensory cortex,Secondary,False
0.5,rh_middletemporal_part1,0.8700318802099736,Gifted,maxSW,500.aparc,Node Versatility,0.13522192479626846,0.1645884870871615,0.29981041188342994,True,rh_middletemporal_part1,2,Association cortex - type 1,Association,True
0.5,rh_middletemporal_part2,0.3195942873597744,Gifted,maxSW,500.aparc,Node Versatility,0.13522192479626846,0.1645884870871615,0.29981041188342994,True,rh_middletemporal_part2,2,Association cortex - type 1,Association,True
0.5,rh_middletemporal_part3,0.3195942873597744,Gifted,maxSW,500.aparc,Node Versatility,0.13522192479626846,0.1645884870871615,0.29981041188342994,True,rh_middletemporal_part3,2,Association cortex - type 1,Association,True
0.5,rh_middletemporal_part6,0.8014427882914258,Gifted,maxSW,500.aparc,Node Versatility,0.13522192479626846,0.1645884870871615,0.29981041188342994,True,rh_middletemporal_part6,2,Association cortex - type 1,Association,True
0.5,rh_paracentral_part2,0.32137364151285,Gifted,maxSW,500.aparc,Node Versatility,0.13522192479626846,0.1645884870871615,0.29981041188342994,True,rh_paracentral_part2,1,Primary motor cortex,Primary,False
0.5,rh_parsopercularis_part2,0.4886441058775973,Gifted,maxSW,500.aparc,Node Versatility,0.13522192479626846,0.1645884870871615,0.29981041188342994,True,rh_parsopercularis_part2,2,Association cortex - type 1,Association,True
0.5,rh_pericalcarine_part1,0.4636825814980137,Gifted,maxSW,500.aparc,Node Versatility,0.13522192479626846,0.1645884870871615,0.29981041188342994,True,rh_pericalcarine_part1,5,Primary sensory cortex,Primary,False
0.5,rh_pericalcarine_part2,0.4636825814980137,Gifted,maxSW,500.aparc,Node Versatility,0.13522192479626846,0.1645884870871615,0.29981041188342994,True,rh_pericalcarine_part2,5,Primary sensory cortex,Primary,False
0.5,rh_pericalcarine_part3,0.4636825814980137,Gifted,maxSW,500.aparc,Node Versatility,0.13522192479626846,0.1645884870871615,0.29981041188342994,True,rh_pericalcarine_part3,5,Primary sensory cortex,Primary,False
0.5,rh_rostralanteriorcingulate_part1,0.4731429097313025,Gifted,maxSW,500.aparc,Node Versatility,0.13522192479626846,0.1645884870871615,0.29981041188342994,True,rh_rostralanteriorcingulate_part1,6,Limbic cortex,Limbic,False
0.5,rh_rostralmiddlefrontal_part9,0.409353863776108,Gifted,maxSW,500.aparc,Node Versatility,0.13522192479626846,0.1645884870871615,0.29981041188342994,True,rh_rostralmiddlefrontal_part9,3,Association cortex - type 2,Association,True
0.5,rh_superiortemporal_part1,0.3629747036375514,Gifted,maxSW,500.aparc,Node Versatility,0.13522192479626846,0.1645884870871615,0.29981041188342994,True,rh_superiortemporal_part1,3,Association cortex - type 2,Association,True
0.5,rh_superiortemporal_part3,0.4838986126701252,Gifted,maxSW,500.aparc,Node Versatility,0.13522192479626846,0.1645884870871615,0.29981041188342994,True,rh_superiortemporal_part3,3,Association cortex - type 2,Association,True
0.5,rh_temporalpole_part1,0.3195942873597744,Gifted,maxSW,500.aparc,Node Versatility,0.13522192479626846,0.1645884870871615,0.29981041188342994,True,rh_temporalpole_part1,2,Association cortex - type 1,Association,True
0.6,lh_entorhinal_part1,0.4954641802952038,Gifted,maxSW,500.aparc,Node Versatility,0.14441437674871352,0.18529649570731618,0.3297108724560297,True,lh_entorhinal_part1,6,Limbic cortex,Limbic,False
0.6,lh_fusiform_part2,0.8554825132717807,Gifted,maxSW,500.aparc,Node Versatility,0.14441437674871352,0.18529649570731618,0.3297108724560297,True,lh_fusiform_part2,2,Association cortex - type 1,Association,True
0.6,lh_inferiortemporal_part1,0.4436388229252162,Gifted,maxSW,500.aparc,Node Versatility,0.14441437674871352,0.18529649570731618,0.3297108724560297,True,lh_inferiortemporal_part1,2,Association cortex - type 1,Association,True
0.6,lh_inferiortemporal_part3,0.6981023545629962,Gifted,maxSW,500.aparc,Node Versatility,0.14441437674871352,0.18529649570731618,0.3297108724560297,True,lh_inferiortemporal_part3,2,Association cortex - type 1,Association,True
0.6,lh_insula_part2,0.8198752069009202,Gifted,maxSW,500.aparc,Node Versatility,0.14441437674871352,0.18529649570731618,0.3297108724560297,True,lh_insula_part2,7,Insular cortex,Insular,False
0.6,lh_lateraloccipital_part9,0.494772138174462,Gifted,maxSW,500.aparc,Node Versatility,0.14441437674871352,0.18529649570731618,0.3297108724560297,True,lh_lateraloccipital_part9,4,Secondary sensory cortex,Secondary,False
0.6,lh_middletemporal_part1,0.4436388229252162,Gifted,maxSW,500.aparc,Node Versatility,0.14441437674871352,0.18529649570731618,0.3297108724560297,True,lh_middletemporal_part1,2,Association cortex - type 1,Association,True
0.6,lh_middletemporal_part3,0.4916841313621375,Gifted,maxSW,500.aparc,Node Versatility,0.14441437674871352,0.18529649570731618,0.3297108724560297,True,lh_middletemporal_part3,2,Association cortex - type 1,Association,True
0.6,lh_postcentral_part4,0.3906812618835943,Gifted,maxSW,500.aparc,Node Versatility,0.14441437674871352,0.18529649570731618,0.3297108724560297,True,lh_postcentral_part4,5,Primary sensory cortex,Primary,False
0.6,lh_postcentral_part7,0.8014006532938885,Gifted,maxSW,500.aparc,Node Versatility,0.14441437674871352,0.18529649570731618,0.3297108724560297,True,lh_postcentral_part7,5,Primary sensory cortex,Primary,False
0.6,lh_posteriorcingulate_part2,0.3448844531304477,Gifted,maxSW,500.aparc,Node Versatility,0.14441437674871352,0.18529649570731618,0.3297108724560297,True,lh_posteriorcingulate_part2,6,Limbic cortex,Limbic,False
0.6,lh_rostralanteriorcingulate_part1,0.6057442662194272,Gifted,maxSW,500.aparc,Node Versatility,0.14441437674871352,0.18529649570731618,0.3297108724560297,True,lh_rostralanteriorcingulate_part1,6,Limbic cortex,Limbic,False
0.6,lh_superiorfrontal_part10,0.3484115678954884,Gifted,maxSW,500.aparc,Node Versatility,0.14441437674871352,0.18529649570731618,0.3297108724560297,True,lh_superiorfrontal_part10,2,Association cortex - type 1,Association,True
0.6,lh_superiorfrontal_part13,0.6514443966782368,Gifted,maxSW,500.aparc,Node Versatility,0.14441437674871352,0.18529649570731618,0.3297108724560297,True,lh_superiorfrontal_part13,2,Association cortex - type 1,Association,True
0.6,lh_superiorfrontal_part3,0.4072935289254406,Gifted,maxSW,500.aparc,Node Versatility,0.14441437674871352,0.18529649570731618,0.3297108724560297,True,lh_superiorfrontal_part3,2,Association cortex - type 1,Association,True
0.6,lh_superiorfrontal_part7,0.4779360543075338,Gifted,maxSW,500.aparc,Node Versatility,0.14441437674871352,0.18529649570731618,0.3297108724560297,True,lh_superiorfrontal_part7,2,Association cortex - type 1,Association,True
0.6,lh_superiorfrontal_part8,0.340818997978797,Gifted,maxSW,500.aparc,Node Versatility,0.14441437674871352,0.18529649570731618,0.3297108724560297,True,lh_superiorfrontal_part8,2,Association cortex - type 1,Association,True
0.6,lh_superiorparietal_part1,0.3633672310916375,Gifted,maxSW,500.aparc,Node Versatility,0.14441437674871352,0.18529649570731618,0.3297108724560297,True,lh_superiorparietal_part1,2,Association cortex - type 1,Association,True
0.6,lh_superiortemporal_part2,0.4436388229252162,Gifted,maxSW,500.aparc,Node Versatility,0.14441437674871352,0.18529649570731618,0.3297108724560297,True,lh_superiortemporal_part2,3,Association cortex - type 2,Association,True
0.6,lh_superiortemporal_part4,0.4436388229252162,Gifted,maxSW,500.aparc,Node Versatility,0.14441437674871352,0.18529649570731618,0.3297108724560297,True,lh_superiortemporal_part4,3,Association cortex - type 2,Association,True
0.6,lh_temporalpole_part1,0.4436388229252162,Gifted,maxSW,500.aparc,Node Versatility,0.14441437674871352,0.18529649570731618,0.3297108724560297,True,lh_temporalpole_part1,2,Association cortex - type 1,Association,True
0.6,rh_entorhinal_part1,0.4954641802952038,Gifted,maxSW,500.aparc,Node Versatility,0.14441437674871352,0.18529649570731618,0.3297108724560297,True,rh_entorhinal_part1,6,Limbic cortex,Limbic,False
0.6,rh_fusiform_part2,0.5565893389047537,Gifted,maxSW,500.aparc,Node Versatility,0.14441437674871352,0.18529649570731618,0.3297108724560297,True,rh_fusiform_part2,2,Association cortex - type 1,Association,True
0.6,rh_inferiortemporal_part1,0.4436388229252162,Gifted,maxSW,500.aparc,Node Versatility,0.14441437674871352,0.18529649570731618,0.3297108724560297,True,rh_inferiortemporal_part1,2,Association cortex - type 1,Association,True
0.6,rh_inferiortemporal_part3,0.6046653385597967,Gifted,maxSW,500.aparc,Node Versatility,0.14441437674871352,0.18529649570731618,0.3297108724560297,True,rh_inferiortemporal_part3,2,Association cortex - type 1,Association,True
0.6,rh_insula_part1,0.8198752069009202,Gifted,maxSW,500.aparc,Node Versatility,0.14441437674871352,0.18529649570731618,0.3297108724560297,True,rh_insula_part1,7,Insular cortex,Insular,False
0.6,rh_lateraloccipital_part5,0.3800519986295549,Gifted,maxSW,500.aparc,Node Versatility,0.14441437674871352,0.18529649570731618,0.3297108724560297,True,rh_lateraloccipital_part5,4,Secondary sensory cortex,Secondary,False
0.6,rh_lingual_part6,0.4788026151245669,Gifted,maxSW,500.aparc,Node Versatility,0.14441437674871352,0.18529649570731618,0.3297108724560297,True,rh_lingual_part6,4,Secondary sensory cortex,Secondary,False
0.6,rh_middletemporal_part1,0.9445587658769266,Gifted,maxSW,500.aparc,Node Versatility,0.14441437674871352,0.18529649570731618,0.3297108724560297,True,rh_middletemporal_part1,2,Association cortex - type 1,Association,True
0.6,rh_middletemporal_part2,0.4436388229252162,Gifted,maxSW,500.aparc,Node Versatility,0.14441437674871352,0.18529649570731618,0.3297108724560297,True,rh_middletemporal_part2,2,Association cortex - type 1,Association,True
0.6,rh_middletemporal_part3,0.4436388229252162,Gifted,maxSW,500.aparc,Node Versatility,0.14441437674871352,0.18529649570731618,0.3297108724560297,True,rh_middletemporal_part3,2,Association cortex - type 1,Association,True
0.6,rh_middletemporal_part5,0.4436388229252162,Gifted,maxSW,500.aparc,Node Versatility,0.14441437674871352,0.18529649570731618,0.3297108724560297,True,rh_middletemporal_part5,2,Association cortex - type 1,Association,True
0.6,rh_middletemporal_part6,0.7605364433847496,Gifted,maxSW,500.aparc,Node Versatility,0.14441437674871352,0.18529649570731618,0.3297108724560297,True,rh_middletemporal_part6,2,Association cortex - type 1,Association,True
0.6,rh_precentral_part6,0.3442755180867012,Gifted,maxSW,500.aparc,Node Versatility,0.14441437674871352,0.18529649570731618,0.3297108724560297,True,rh_precentral_part6,1,Primary motor cortex,Primary,False
0.6,rh_rostralmiddlefrontal_part2,0.3742730612608174,Gifted,maxSW,500.aparc,Node Versatility,0.14441437674871352,0.18529649570731618,0.3297108724560297,True,rh_rostralmiddlefrontal_part2,3,Association cortex - type 2,Association,True
0.6,rh_superiorfrontal_part11,0.3703906300617478,Gifted,maxSW,500.aparc,Node Versatility,0.14441437674871352,0.18529649570731618,0.3297108724560297,True,rh_superiorfrontal_part11,2,Association cortex - type 1,Association,True
0.6,rh_superiorfrontal_part7,0.4304475439187562,Gifted,maxSW,500.aparc,Node Versatility,0.14441437674871352,0.18529649570731618,0.3297108724560297,True,rh_superiorfrontal_part7,2,Association cortex - type 1,Association,True
0.6,rh_superiorparietal_part1,0.805004017883004,Gifted,maxSW,500.aparc,Node Versatility,0.14441437674871352,0.18529649570731618,0.3297108724560297,True,rh_superiorparietal_part1,2,Association cortex - type 1,Association,True
0.6,rh_superiorparietal_part2,0.3863420979460683,Gifted,maxSW,500.aparc,Node Versatility,0.14441437674871352,0.18529649570731618,0.3297108724560297,True,rh_superiorparietal_part2,2,Association cortex - type 1,Association,True
0.6,rh_superiortemporal_part1,0.4436388229252162,Gifted,maxSW,500.aparc,Node Versatility,0.14441437674871352,0.18529649570731618,0.3297108724560297,True,rh_superiortemporal_part1,3,Association cortex - type 2,Association,True
0.6,rh_superiortemporal_part3,0.5526946734990775,Gifted,maxSW,500.aparc,Node Versatility,0.14441437674871352,0.18529649570731618,0.3297108724560297,True,rh_superiortemporal_part3,3,Association cortex - type 2,Association,True
0.6,rh_temporalpole_part1,0.4436388229252162,Gifted,maxSW,500.aparc,Node Versatility,0.14441437674871352,0.18529649570731618,0.3297108724560297,True,rh_temporalpole_part1,2,Association cortex - type 1,Association,True
0.7,lh_entorhinal_part1,0.4176730362950759,Gifted,maxSW,500.aparc,Node Versatility,0.1243891816687558,0.17131358819454906,0.29570276986330485,True,lh_entorhinal_part1,6,Limbic cortex,Limbic,False
0.7,lh_fusiform_part2,0.5548758066966889,Gifted,maxSW,500.aparc,Node Versatility,0.1243891816687558,0.17131358819454906,0.29570276986330485,True,lh_fusiform_part2,2,Association cortex - type 1,Association,True
0.7,lh_inferiorparietal_part6,0.5738145310036374,Gifted,maxSW,500.aparc,Node Versatility,0.1243891816687558,0.17131358819454906,0.29570276986330485,True,lh_inferiorparietal_part6,3,Association cortex - type 2,Association,True
0.7,lh_inferiortemporal_part3,0.4023564381023412,Gifted,maxSW,500.aparc,Node Versatility,0.1243891816687558,0.17131358819454906,0.29570276986330485,True,lh_inferiortemporal_part3,2,Association cortex - type 1,Association,True
0.7,lh_lateraloccipital_part1,0.4965575358774002,Gifted,maxSW,500.aparc,Node Versatility,0.1243891816687558,0.17131358819454906,0.29570276986330485,True,lh_lateraloccipital_part1,4,Secondary sensory cortex,Secondary,False
0.7,lh_lateraloccipital_part6,0.4394506252314248,Gifted,maxSW,500.aparc,Node Versatility,0.1243891816687558,0.17131358819454906,0.29570276986330485,True,lh_lateraloccipital_part6,4,Secondary sensory cortex,Secondary,False
0.7,lh_lateraloccipital_part7,0.485870982496732,Gifted,maxSW,500.aparc,Node Versatility,0.1243891816687558,0.17131358819454906,0.29570276986330485,True,lh_lateraloccipital_part7,4,Secondary sensory cortex,Secondary,False
0.7,lh_lateralorbitofrontal_part1,0.5602804370424254,Gifted,maxSW,500.aparc,Node Versatility,0.1243891816687558,0.17131358819454906,0.29570276986330485,True,lh_lateralorbitofrontal_part1,4,Secondary sensory cortex,Secondary,False
0.7,lh_lateralorbitofrontal_part2,0.6748088913773633,Gifted,maxSW,500.aparc,Node Versatility,0.1243891816687558,0.17131358819454906,0.29570276986330485,True,lh_lateralorbitofrontal_part2,4,Secondary sensory cortex,Secondary,False
0.7,lh_lingual_part5,0.5119597952998045,Gifted,maxSW,500.aparc,Node Versatility,0.1243891816687558,0.17131358819454906,0.29570276986330485,True,lh_lingual_part5,4,Secondary sensory cortex,Secondary,False
0.7,lh_medialorbitofrontal_part1,0.5237428880236262,Gifted,maxSW,500.aparc,Node Versatility,0.1243891816687558,0.17131358819454906,0.29570276986330485,True,lh_medialorbitofrontal_part1,4,Secondary sensory cortex,Secondary,False
0.7,lh_middletemporal_part3,0.5236530055238307,Gifted,maxSW,500.aparc,Node Versatility,0.1243891816687558,0.17131358819454906,0.29570276986330485,True,lh_middletemporal_part3,2,Association cortex - type 1,Association,True
0.7,lh_middletemporal_part4,0.5389928557773036,Gifted,maxSW,500.aparc,Node Versatility,0.1243891816687558,0.17131358819454906,0.29570276986330485,True,lh_middletemporal_part4,2,Association cortex - type 1,Association,True
0.7,lh_paracentral_part1,0.4702473495816971,Gifted,maxSW,500.aparc,Node Versatility,0.1243891816687558,0.17131358819454906,0.29570276986330485,True,lh_paracentral_part1,1,Primary motor cortex,Primary,False
0.7,lh_parstriangularis_part1,0.369950586690457,Gifted,maxSW,500.aparc,Node Versatility,0.1243891816687558,0.17131358819454906,0.29570276986330485,True,lh_parstriangularis_part1,2,Association cortex - type 1,Association,True
0.7,lh_pericalcarine_part1,0.3483329974855371,Gifted,maxSW,500.aparc,Node Versatility,0.1243891816687558,0.17131358819454906,0.29570276986330485,True,lh_pericalcarine_part1,5,Primary sensory cortex,Primary,False
0.7,lh_pericalcarine_part2,0.3772851785397229,Gifted,maxSW,500.aparc,Node Versatility,0.1243891816687558,0.17131358819454906,0.29570276986330485,True,lh_pericalcarine_part2,5,Primary sensory cortex,Primary,False
0.7,lh_postcentral_part4,0.5992690885540802,Gifted,maxSW,500.aparc,Node Versatility,0.1243891816687558,0.17131358819454906,0.29570276986330485,True,lh_postcentral_part4,5,Primary sensory cortex,Primary,False
0.7,lh_postcentral_part8,0.3727908385663022,Gifted,maxSW,500.aparc,Node Versatility,0.1243891816687558,0.17131358819454906,0.29570276986330485,True,lh_postcentral_part8,5,Primary sensory cortex,Primary,False
0.7,lh_precuneus_part5,0.3450012949774462,Gifted,maxSW,500.aparc,Node Versatility,0.1243891816687558,0.17131358819454906,0.29570276986330485,True,lh_precuneus_part5,2,Association cortex - type 1,Association,True
0.7,lh_superiorfrontal_part13,0.5030505583335653,Gifted,maxSW,500.aparc,Node Versatility,0.1243891816687558,0.17131358819454906,0.29570276986330485,True,lh_superiorfrontal_part13,2,Association cortex - type 1,Association,True
0.7,lh_superiorparietal_part10,0.4444349446592719,Gifted,maxSW,500.aparc,Node Versatility,0.1243891816687558,0.17131358819454906,0.29570276986330485,True,lh_superiorparietal_part10,2,Association cortex - type 1,Association,True
0.7,lh_superiorparietal_part6,0.3477912010866238,Gifted,maxSW,500.aparc,Node Versatility,0.1243891816687558,0.17131358819454906,0.29570276986330485,True,lh_superiorparietal_part6,2,Association cortex - type 1,Association,True
0.7,lh_superiorparietal_part7,0.3263595607380735,Gifted,maxSW,500.aparc,Node Versatility,0.1243891816687558,0.17131358819454906,0.29570276986330485,True,lh_superiorparietal_part7,2,Association cortex - type 1,Association,True
0.7,rh_entorhinal_part1,0.4176730362950759,Gifted,maxSW,500.aparc,Node Versatility,0.1243891816687558,0.17131358819454906,0.29570276986330485,True,rh_entorhinal_part1,6,Limbic cortex,Limbic,False
0.7,rh_fusiform_part2,0.3136777999243652,Gifted,maxSW,500.aparc,Node Versatility,0.1243891816687558,0.17131358819454906,0.29570276986330485,True,rh_fusiform_part2,2,Association cortex - type 1,Association,True
0.7,rh_inferiortemporal_part3,0.5886021077051162,Gifted,maxSW,500.aparc,Node Versatility,0.1243891816687558,0.17131358819454906,0.29570276986330485,True,rh_inferiortemporal_part3,2,Association cortex - type 1,Association,True
0.7,rh_lateraloccipital_part5,0.7456868987982579,Gifted,maxSW,500.aparc,Node Versatility,0.1243891816687558,0.17131358819454906,0.29570276986330485,True,rh_lateraloccipital_part5,4,Secondary sensory cortex,Secondary,False
0.7,rh_lateraloccipital_part7,0.4143849146301335,Gifted,maxSW,500.aparc,Node Versatility,0.1243891816687558,0.17131358819454906,0.29570276986330485,True,rh_lateraloccipital_part7,4,Secondary sensory cortex,Secondary,False
0.7,rh_lateralorbitofrontal_part2,0.5616988777334564,Gifted,maxSW,500.aparc,Node Versatility,0.1243891816687558,0.17131358819454906,0.29570276986330485,True,rh_lateralorbitofrontal_part2,4,Secondary sensory cortex,Secondary,False
0.7,rh_medialorbitofrontal_part2,0.550343378369334,Gifted,maxSW,500.aparc,Node Versatility,0.1243891816687558,0.17131358819454906,0.29570276986330485,True,rh_medialorbitofrontal_part2,4,Secondary sensory cortex,Secondary,False
0.7,rh_middletemporal_part1,0.4746580436952203,Gifted,maxSW,500.aparc,Node Versatility,0.1243891816687558,0.17131358819454906,0.29570276986330485,True,rh_middletemporal_part1,2,Association cortex - type 1,Association,True
0.7,rh_middletemporal_part6,0.5063705127630935,Gifted,maxSW,500.aparc,Node Versatility,0.1243891816687558,0.17131358819454906,0.29570276986330485,True,rh_middletemporal_part6,2,Association cortex - type 1,Association,True
0.7,rh_parstriangularis_part1,0.3922595544644215,Gifted,maxSW,500.aparc,Node Versatility,0.1243891816687558,0.17131358819454906,0.29570276986330485,True,rh_parstriangularis_part1,2,Association cortex - type 1,Association,True
0.7,rh_pericalcarine_part1,0.3483329974855371,Gifted,maxSW,500.aparc,Node Versatility,0.1243891816687558,0.17131358819454906,0.29570276986330485,True,rh_pericalcarine_part1,5,Primary sensory cortex,Primary,False
0.7,rh_pericalcarine_part2,0.3483329974855371,Gifted,maxSW,500.aparc,Node Versatility,0.1243891816687558,0.17131358819454906,0.29570276986330485,True,rh_pericalcarine_part2,5,Primary sensory cortex,Primary,False
0.7,rh_pericalcarine_part3,0.3483329974855371,Gifted,maxSW,500.aparc,Node Versatility,0.1243891816687558,0.17131358819454906,0.29570276986330485,True,rh_pericalcarine_part3,5,Primary sensory cortex,Primary,False
0.7,rh_postcentral_part4,0.6455761710276218,Gifted,maxSW,500.aparc,Node Versatility,0.1243891816687558,0.17131358819454906,0.29570276986330485,True,rh_postcentral_part4,5,Primary sensory cortex,Primary,False
0.7,rh_postcentral_part6,0.3483329974855371,Gifted,maxSW,500.aparc,Node Versatility,0.1243891816687558,0.17131358819454906,0.29570276986330485,True,rh_postcentral_part6,5,Primary sensory cortex,Primary,False
0.7,rh_postcentral_part8,0.3670629898017039,Gifted,maxSW,500.aparc,Node Versatility,0.1243891816687558,0.17131358819454906,0.29570276986330485,True,rh_postcentral_part8,5,Primary sensory cortex,Primary,False
0.7,rh_superiorparietal_part1,0.9828266832498012,Gifted,maxSW,500.aparc,Node Versatility,0.1243891816687558,0.17131358819454906,0.29570276986330485,True,rh_superiorparietal_part1,2,Association cortex - type 1,Association,True
0.7,rh_superiorparietal_part2,0.339595418097788,Gifted,maxSW,500.aparc,Node Versatility,0.1243891816687558,0.17131358819454906,0.29570276986330485,True,rh_superiorparietal_part2,2,Association cortex - type 1,Association,True
0.7,rh_superiorparietal_part4,0.6681015572365923,Gifted,maxSW,500.aparc,Node Versatility,0.1243891816687558,0.17131358819454906,0.29570276986330485,True,rh_superiorparietal_part4,2,Association cortex - type 1,Association,True
0.7,rh_superiorparietal_part7,0.5313743781977147,Gifted,maxSW,500.aparc,Node Versatility,0.1243891816687558,0.17131358819454906,0.29570276986330485,True,rh_superiorparietal_part7,2,Association cortex - type 1,Association,True
0.7,rh_superiortemporal_part3,0.6434951263985671,Gifted,maxSW,500.aparc,Node Versatility,0.1243891816687558,0.17131358819454906,0.29570276986330485,True,rh_superiortemporal_part3,3,Association cortex - type 2,Association,True
0.8,lh_entorhinal_part1,0.7463723926157819,Gifted,maxSW,500.aparc,Node Versatility,0.16115952880761797,0.17139587505039958,0.3325554038580175,True,lh_entorhinal_part1,6,Limbic cortex,Limbic,False
0.8,lh_inferiorparietal_part6,0.4498407958044236,Gifted,maxSW,500.aparc,Node Versatility,0.16115952880761797,0.17139587505039958,0.3325554038580175,True,lh_inferiorparietal_part6,3,Association cortex - type 2,Association,True
0.8,lh_inferiortemporal_part3,0.3341042622522504,Gifted,maxSW,500.aparc,Node Versatility,0.16115952880761797,0.17139587505039958,0.3325554038580175,True,lh_inferiortemporal_part3,2,Association cortex - type 1,Association,True
0.8,lh_lateraloccipital_part1,0.4161583314118944,Gifted,maxSW,500.aparc,Node Versatility,0.16115952880761797,0.17139587505039958,0.3325554038580175,True,lh_lateraloccipital_part1,4,Secondary sensory cortex,Secondary,False
0.8,lh_lateraloccipital_part6,0.3418411960526288,Gifted,maxSW,500.aparc,Node Versatility,0.16115952880761797,0.17139587505039958,0.3325554038580175,True,lh_lateraloccipital_part6,4,Secondary sensory cortex,Secondary,False
0.8,lh_lateraloccipital_part7,0.6256192525997826,Gifted,maxSW,500.aparc,Node Versatility,0.16115952880761797,0.17139587505039958,0.3325554038580175,True,lh_lateraloccipital_part7,4,Secondary sensory cortex,Secondary,False
0.8,lh_lingual_part5,0.6852591811593356,Gifted,maxSW,500.aparc,Node Versatility,0.16115952880761797,0.17139587505039958,0.3325554038580175,True,lh_lingual_part5,4,Secondary sensory cortex,Secondary,False
0.8,lh_middletemporal_part3,0.6338695082681614,Gifted,maxSW,500.aparc,Node Versatility,0.16115952880761797,0.17139587505039958,0.3325554038580175,True,lh_middletemporal_part3,2,Association cortex - type 1,Association,True
0.8,lh_paracentral_part1,0.8111649172604072,Gifted,maxSW,500.aparc,Node Versatility,0.16115952880761797,0.17139587505039958,0.3325554038580175,True,lh_paracentral_part1,1,Primary motor cortex,Primary,False
0.8,lh_pericalcarine_part1,0.484517851502163,Gifted,maxSW,500.aparc,Node Versatility,0.16115952880761797,0.17139587505039958,0.3325554038580175,True,lh_pericalcarine_part1,5,Primary sensory cortex,Primary,False
0.8,lh_pericalcarine_part2,0.4832008474427949,Gifted,maxSW,500.aparc,Node Versatility,0.16115952880761797,0.17139587505039958,0.3325554038580175,True,lh_pericalcarine_part2,5,Primary sensory cortex,Primary,False
0.8,lh_postcentral_part3,0.4769753938094288,Gifted,maxSW,500.aparc,Node Versatility,0.16115952880761797,0.17139587505039958,0.3325554038580175,True,lh_postcentral_part3,5,Primary sensory cortex,Primary,False
0.8,lh_postcentral_part5,0.4276056419096538,Gifted,maxSW,500.aparc,Node Versatility,0.16115952880761797,0.17139587505039958,0.3325554038580175,True,lh_postcentral_part5,5,Primary sensory cortex,Primary,False
0.8,lh_postcentral_part6,0.4281185707762164,Gifted,maxSW,500.aparc,Node Versatility,0.16115952880761797,0.17139587505039958,0.3325554038580175,True,lh_postcentral_part6,5,Primary sensory cortex,Primary,False
0.8,lh_postcentral_part7,0.3610359862867732,Gifted,maxSW,500.aparc,Node Versatility,0.16115952880761797,0.17139587505039958,0.3325554038580175,True,lh_postcentral_part7,5,Primary sensory cortex,Primary,False
0.8,lh_rostralmiddlefrontal_part4,0.4855085597695635,Gifted,maxSW,500.aparc,Node Versatility,0.16115952880761797,0.17139587505039958,0.3325554038580175,True,lh_rostralmiddlefrontal_part4,3,Association cortex - type 2,Association,True
0.8,lh_superiorfrontal_part13,0.4036468768741568,Gifted,maxSW,500.aparc,Node Versatility,0.16115952880761797,0.17139587505039958,0.3325554038580175,True,lh_superiorfrontal_part13,2,Association cortex - type 1,Association,True
0.8,lh_superiorparietal_part10,0.6055051325481168,Gifted,maxSW,500.aparc,Node Versatility,0.16115952880761797,0.17139587505039958,0.3325554038580175,True,lh_superiorparietal_part10,2,Association cortex - type 1,Association,True
0.8,lh_superiorparietal_part6,0.7592598252850771,Gifted,maxSW,500.aparc,Node Versatility,0.16115952880761797,0.17139587505039958,0.3325554038580175,True,lh_superiorparietal_part6,2,Association cortex - type 1,Association,True
0.8,rh_entorhinal_part1,0.6883560036529582,Gifted,maxSW,500.aparc,Node Versatility,0.16115952880761797,0.17139587505039958,0.3325554038580175,True,rh_entorhinal_part1,6,Limbic cortex,Limbic,False
0.8,rh_inferiortemporal_part3,0.3876039326556327,Gifted,maxSW,500.aparc,Node Versatility,0.16115952880761797,0.17139587505039958,0.3325554038580175,True,rh_inferiortemporal_part3,2,Association cortex - type 1,Association,True
0.8,rh_lateraloccipital_part6,0.5366580465362125,Gifted,maxSW,500.aparc,Node Versatility,0.16115952880761797,0.17139587505039958,0.3325554038580175,True,rh_lateraloccipital_part6,4,Secondary sensory cortex,Secondary,False
0.8,rh_lateraloccipital_part8,0.3330912915513941,Gifted,maxSW,500.aparc,Node Versatility,0.16115952880761797,0.17139587505039958,0.3325554038580175,True,rh_lateraloccipital_part8,4,Secondary sensory cortex,Secondary,False
0.8,rh_lingual_part5,0.4842613519775361,Gifted,maxSW,500.aparc,Node Versatility,0.16115952880761797,0.17139587505039958,0.3325554038580175,True,rh_lingual_part5,4,Secondary sensory cortex,Secondary,False
0.8,rh_medialorbitofrontal_part2,0.553106168658852,Gifted,maxSW,500.aparc,Node Versatility,0.16115952880761797,0.17139587505039958,0.3325554038580175,True,rh_medialorbitofrontal_part2,4,Secondary sensory cortex,Secondary,False
0.8,rh_parstriangularis_part1,0.3943734678062188,Gifted,maxSW,500.aparc,Node Versatility,0.16115952880761797,0.17139587505039958,0.3325554038580175,True,rh_parstriangularis_part1,2,Association cortex - type 1,Association,True
0.8,rh_pericalcarine_part1,0.5955016023835554,Gifted,maxSW,500.aparc,Node Versatility,0.16115952880761797,0.17139587505039958,0.3325554038580175,True,rh_pericalcarine_part1,5,Primary sensory cortex,Primary,False
0.8,rh_pericalcarine_part2,0.484517851502163,Gifted,maxSW,500.aparc,Node Versatility,0.16115952880761797,0.17139587505039958,0.3325554038580175,True,rh_pericalcarine_part2,5,Primary sensory cortex,Primary,False
0.8,rh_pericalcarine_part3,0.6495733813357415,Gifted,maxSW,500.aparc,Node Versatility,0.16115952880761797,0.17139587505039958,0.3325554038580175,True,rh_pericalcarine_part3,5,Primary sensory cortex,Primary,False
0.8,rh_postcentral_part3,0.3820663586679884,Gifted,maxSW,500.aparc,Node Versatility,0.16115952880761797,0.17139587505039958,0.3325554038580175,True,rh_postcentral_part3,5,Primary sensory cortex,Primary,False
0.8,rh_postcentral_part4,0.555855517527416,Gifted,maxSW,500.aparc,Node Versatility,0.16115952880761797,0.17139587505039958,0.3325554038580175,True,rh_postcentral_part4,5,Primary sensory cortex,Primary,False
0.8,rh_postcentral_part6,0.4719664975246834,Gifted,maxSW,500.aparc,Node Versatility,0.16115952880761797,0.17139587505039958,0.3325554038580175,True,rh_postcentral_part6,5,Primary sensory cortex,Primary,False
0.8,rh_rostralmiddlefrontal_part1,0.6400969942802768,Gifted,maxSW,500.aparc,Node Versatility,0.16115952880761797,0.17139587505039958,0.3325554038580175,True,rh_rostralmiddlefrontal_part1,3,Association cortex - type 2,Association,True
0.8,rh_superiorparietal_part1,0.8098302119841817,Gifted,maxSW,500.aparc,Node Versatility,0.16115952880761797,0.17139587505039958,0.3325554038580175,True,rh_superiorparietal_part1,2,Association cortex - type 1,Association,True
0.8,rh_superiorparietal_part3,0.6733802212319382,Gifted,maxSW,500.aparc,Node Versatility,0.16115952880761797,0.17139587505039958,0.3325554038580175,True,rh_superiorparietal_part3,2,Association cortex - type 1,Association,True
0.8,rh_superiorparietal_part4,0.6226265200795408,Gifted,maxSW,500.aparc,Node Versatility,0.16115952880761797,0.17139587505039958,0.3325554038580175,True,rh_superiorparietal_part4,2,Association cortex - type 1,Association,True
0.8,rh_superiorparietal_part7,0.4720544265729003,Gifted,maxSW,500.aparc,Node Versatility,0.16115952880761797,0.17139587505039958,0.3325554038580175,True,rh_superiorparietal_part7,2,Association cortex - type 1,Association,True
0.8,rh_superiortemporal_part3,0.4972931803565613,Gifted,maxSW,500.aparc,Node Versatility,0.16115952880761797,0.17139587505039958,0.3325554038580175,True,rh_superiortemporal_part3,3,Association cortex - type 2,Association,True
0.9,lh_cuneus_part1,0.2895906480360501,Gifted,maxSW,500.aparc,Node Versatility,0.12297165985184653,0.140770320008035,0.2637419798598815,True,lh_cuneus_part1,4,Secondary sensory cortex,Secondary,False
0.9,lh_frontalpole_part1,0.351378137625409,Gifted,maxSW,500.aparc,Node Versatility,0.12297165985184653,0.140770320008035,0.2637419798598815,True,lh_frontalpole_part1,3,Association cortex - type 2,Association,True
0.9,lh_inferiorparietal_part6,0.2963059369020862,Gifted,maxSW,500.aparc,Node Versatility,0.12297165985184653,0.140770320008035,0.2637419798598815,True,lh_inferiorparietal_part6,3,Association cortex - type 2,Association,True
0.9,lh_inferiortemporal_part1,0.3019496555853213,Gifted,maxSW,500.aparc,Node Versatility,0.12297165985184653,0.140770320008035,0.2637419798598815,True,lh_inferiortemporal_part1,2,Association cortex - type 1,Association,True
0.9,lh_inferiortemporal_part3,0.2721959238401186,Gifted,maxSW,500.aparc,Node Versatility,0.12297165985184653,0.140770320008035,0.2637419798598815,True,lh_inferiortemporal_part3,2,Association cortex - type 1,Association,True
0.9,lh_insula_part2,0.5964543106073366,Gifted,maxSW,500.aparc,Node Versatility,0.12297165985184653,0.140770320008035,0.2637419798598815,True,lh_insula_part2,7,Insular cortex,Insular,False
0.9,lh_lateraloccipital_part7,0.421093386272619,Gifted,maxSW,500.aparc,Node Versatility,0.12297165985184653,0.140770320008035,0.2637419798598815,True,lh_lateraloccipital_part7,4,Secondary sensory cortex,Secondary,False
0.9,lh_lingual_part5,0.488426055940291,Gifted,maxSW,500.aparc,Node Versatility,0.12297165985184653,0.140770320008035,0.2637419798598815,True,lh_lingual_part5,4,Secondary sensory cortex,Secondary,False
0.9,lh_middletemporal_part1,0.3019496555853213,Gifted,maxSW,500.aparc,Node Versatility,0.12297165985184653,0.140770320008035,0.2637419798598815,True,lh_middletemporal_part1,2,Association cortex - type 1,Association,True
0.9,lh_middletemporal_part3,0.6298737328394326,Gifted,maxSW,500.aparc,Node Versatility,0.12297165985184653,0.140770320008035,0.2637419798598815,True,lh_middletemporal_part3,2,Association cortex - type 1,Association,True
0.9,lh_middletemporal_part4,0.2721959238401186,Gifted,maxSW,500.aparc,Node Versatility,0.12297165985184653,0.140770320008035,0.2637419798598815,True,lh_middletemporal_part4,2,Association cortex - type 1,Association,True
0.9,lh_paracentral_part1,0.4042334108956825,Gifted,maxSW,500.aparc,Node Versatility,0.12297165985184653,0.140770320008035,0.2637419798598815,True,lh_paracentral_part1,1,Primary motor cortex,Primary,False
0.9,lh_parsorbitalis_part1,0.351378137625409,Gifted,maxSW,500.aparc,Node Versatility,0.12297165985184653,0.140770320008035,0.2637419798598815,True,lh_parsorbitalis_part1,4,Secondary sensory cortex,Secondary,False
0.9,lh_pericalcarine_part1,0.3684018876325699,Gifted,maxSW,500.aparc,Node Versatility,0.12297165985184653,0.140770320008035,0.2637419798598815,True,lh_pericalcarine_part1,5,Primary sensory cortex,Primary,False
0.9,lh_pericalcarine_part2,0.3918960011259603,Gifted,maxSW,500.aparc,Node Versatility,0.12297165985184653,0.140770320008035,0.2637419798598815,True,lh_pericalcarine_part2,5,Primary sensory cortex,Primary,False
0.9,lh_postcentral_part6,0.4985537645503354,Gifted,maxSW,500.aparc,Node Versatility,0.12297165985184653,0.140770320008035,0.2637419798598815,True,lh_postcentral_part6,5,Primary sensory cortex,Primary,False
0.9,lh_superiorfrontal_part1,0.351378137625409,Gifted,maxSW,500.aparc,Node Versatility,0.12297165985184653,0.140770320008035,0.2637419798598815,True,lh_superiorfrontal_part1,2,Association cortex - type 1,Association,True
0.9,lh_superiorfrontal_part5,0.3208444068526059,Gifted,maxSW,500.aparc,Node Versatility,0.12297165985184653,0.140770320008035,0.2637419798598815,True,lh_superiorfrontal_part5,2,Association cortex - type 1,Association,True
0.9,lh_superiorparietal_part10,0.4147009712169535,Gifted,maxSW,500.aparc,Node Versatility,0.12297165985184653,0.140770320008035,0.2637419798598815,True,lh_superiorparietal_part10,2,Association cortex - type 1,Association,True
0.9,lh_superiorparietal_part6,0.5215834249189032,Gifted,maxSW,500.aparc,Node Versatility,0.12297165985184653,0.140770320008035,0.2637419798598815,True,lh_superiorparietal_part6,2,Association cortex - type 1,Association,True
0.9,lh_superiortemporal_part2,0.4641057882883143,Gifted,maxSW,500.aparc,Node Versatility,0.12297165985184653,0.140770320008035,0.2637419798598815,True,lh_superiortemporal_part2,3,Association cortex - type 2,Association,True
0.9,lh_superiortemporal_part3,0.2885724387923795,Gifted,maxSW,500.aparc,Node Versatility,0.12297165985184653,0.140770320008035,0.2637419798598815,True,lh_superiortemporal_part3,3,Association cortex - type 2,Association,True
0.9,lh_superiortemporal_part4,0.4641057882883143,Gifted,maxSW,500.aparc,Node Versatility,0.12297165985184653,0.140770320008035,0.2637419798598815,True,lh_superiortemporal_part4,3,Association cortex - type 2,Association,True
0.9,lh_temporalpole_part1,0.3019496555853213,Gifted,maxSW,500.aparc,Node Versatility,0.12297165985184653,0.140770320008035,0.2637419798598815,True,lh_temporalpole_part1,2,Association cortex - type 1,Association,True
0.9,rh_frontalpole_part1,0.351378137625409,Gifted,maxSW,500.aparc,Node Versatility,0.12297165985184653,0.140770320008035,0.2637419798598815,True,rh_frontalpole_part1,3,Association cortex - type 2,Association,True
0.9,rh_inferiorparietal_part8,0.448954593233601,Gifted,maxSW,500.aparc,Node Versatility,0.12297165985184653,0.140770320008035,0.2637419798598815,True,rh_inferiorparietal_part8,3,Association cortex - type 2,Association,True
0.9,rh_inferiortemporal_part1,0.3019496555853213,Gifted,maxSW,500.aparc,Node Versatility,0.12297165985184653,0.140770320008035,0.2637419798598815,True,rh_inferiortemporal_part1,2,Association cortex - type 1,Association,True
0.9,rh_inferiortemporal_part3,0.2656213514844424,Gifted,maxSW,500.aparc,Node Versatility,0.12297165985184653,0.140770320008035,0.2637419798598815,True,rh_inferiortemporal_part3,2,Association cortex - type 1,Association,True
0.9,rh_insula_part1,0.5964543106073366,Gifted,maxSW,500.aparc,Node Versatility,0.12297165985184653,0.140770320008035,0.2637419798598815,True,rh_insula_part1,7,Insular cortex,Insular,False
0.9,rh_lingual_part5,0.3472413100154688,Gifted,maxSW,500.aparc,Node Versatility,0.12297165985184653,0.140770320008035,0.2637419798598815,True,rh_lingual_part5,4,Secondary sensory cortex,Secondary,False
0.9,rh_middletemporal_part2,0.3019496555853213,Gifted,maxSW,500.aparc,Node Versatility,0.12297165985184653,0.140770320008035,0.2637419798598815,True,rh_middletemporal_part2,2,Association cortex - type 1,Association,True
0.9,rh_middletemporal_part3,0.4572624286016912,Gifted,maxSW,500.aparc,Node Versatility,0.12297165985184653,0.140770320008035,0.2637419798598815,True,rh_middletemporal_part3,2,Association cortex - type 1,Association,True
0.9,rh_parsorbitalis_part1,0.3552745126687581,Gifted,maxSW,500.aparc,Node Versatility,0.12297165985184653,0.140770320008035,0.2637419798598815,True,rh_parsorbitalis_part1,4,Secondary sensory cortex,Secondary,False
0.9,rh_parstriangularis_part1,0.2650517974087363,Gifted,maxSW,500.aparc,Node Versatility,0.12297165985184653,0.140770320008035,0.2637419798598815,True,rh_parstriangularis_part1,2,Association cortex - type 1,Association,True
0.9,rh_pericalcarine_part1,0.3406331930117094,Gifted,maxSW,500.aparc,Node Versatility,0.12297165985184653,0.140770320008035,0.2637419798598815,True,rh_pericalcarine_part1,5,Primary sensory cortex,Primary,False
0.9,rh_pericalcarine_part2,0.3684018876325699,Gifted,maxSW,500.aparc,Node Versatility,0.12297165985184653,0.140770320008035,0.2637419798598815,True,rh_pericalcarine_part2,5,Primary sensory cortex,Primary,False
0.9,rh_pericalcarine_part3,0.346582597348618,Gifted,maxSW,500.aparc,Node Versatility,0.12297165985184653,0.140770320008035,0.2637419798598815,True,rh_pericalcarine_part3,5,Primary sensory cortex,Primary,False
0.9,rh_postcentral_part4,0.359693545171292,Gifted,maxSW,500.aparc,Node Versatility,0.12297165985184653,0.140770320008035,0.2637419798598815,True,rh_postcentral_part4,5,Primary sensory cortex,Primary,False
0.9,rh_postcentral_part7,0.3303637769867892,Gifted,maxSW,500.aparc,Node Versatility,0.12297165985184653,0.140770320008035,0.2637419798598815,True,rh_postcentral_part7,5,Primary sensory cortex,Primary,False
0.9,rh_rostralmiddlefrontal_part1,0.7827777781940716,Gifted,maxSW,500.aparc,Node Versatility,0.12297165985184653,0.140770320008035,0.2637419798598815,True,rh_rostralmiddlefrontal_part1,3,Association cortex - type 2,Association,True
0.9,rh_superiorfrontal_part2,0.5899424905598886,Gifted,maxSW,500.aparc,Node Versatility,0.12297165985184653,0.140770320008035,0.2637419798598815,True,rh_superiorfrontal_part2,2,Association cortex - type 1,Association,True
0.9,rh_superiorfrontal_part6,0.3863037019304613,Gifted,maxSW,500.aparc,Node Versatility,0.12297165985184653,0.140770320008035,0.2637419798598815,True,rh_superiorfrontal_part6,2,Association cortex - type 1,Association,True
0.9,rh_superiorparietal_part3,0.5742474923295239,Gifted,maxSW,500.aparc,Node Versatility,0.12297165985184653,0.140770320008035,0.2637419798598815,True,rh_superiorparietal_part3,2,Association cortex - type 1,Association,True
0.9,rh_superiorparietal_part4,0.2847606423390687,Gifted,maxSW,500.aparc,Node Versatility,0.12297165985184653,0.140770320008035,0.2637419798598815,True,rh_superiorparietal_part4,2,Association cortex - type 1,Association,True
0.9,rh_superiorparietal_part7,0.2969640706518879,Gifted,maxSW,500.aparc,Node Versatility,0.12297165985184653,0.140770320008035,0.2637419798598815,True,rh_superiorparietal_part7,2,Association cortex - type 1,Association,True
0.9,rh_superiortemporal_part1,0.4641057882883143,Gifted,maxSW,500.aparc,Node Versatility,0.12297165985184653,0.140770320008035,0.2637419798598815,True,rh_superiortemporal_part1,3,Association cortex - type 2,Association,True
0.9,rh_superiortemporal_part3,0.3851037827987167,Gifted,maxSW,500.aparc,Node Versatility,0.12297165985184653,0.140770320008035,0.2637419798598815,True,rh_superiortemporal_part3,3,Association cortex - type 2,Association,True
0.9,rh_temporalpole_part1,0.3019496555853213,Gifted,maxSW,500.aparc,Node Versatility,0.12297165985184653,0.140770320008035,0.2637419798598815,True,rh_temporalpole_part1,2,Association cortex - type 1,Association,True
1.0,lh_frontalpole_part1,0.767662260026059,Gifted,maxSW,500.aparc,Node Versatility,0.1749707190477846,0.19202121487654877,0.3669919339243334,True,lh_frontalpole_part1,3,Association cortex - type 2,Association,True
1.0,lh_inferiortemporal_part1,0.7788906174415011,Gifted,maxSW,500.aparc,Node Versatility,0.1749707190477846,0.19202121487654877,0.3669919339243334,True,lh_inferiortemporal_part1,2,Association cortex - type 1,Association,True
1.0,lh_insula_part2,0.7471854592354052,Gifted,maxSW,500.aparc,Node Versatility,0.1749707190477846,0.19202121487654877,0.3669919339243334,True,lh_insula_part2,7,Insular cortex,Insular,False
1.0,lh_lateraloccipital_part8,0.404569478172765,Gifted,maxSW,500.aparc,Node Versatility,0.1749707190477846,0.19202121487654877,0.3669919339243334,True,lh_lateraloccipital_part8,4,Secondary sensory cortex,Secondary,False
1.0,lh_middletemporal_part1,0.8102418443866957,Gifted,maxSW,500.aparc,Node Versatility,0.1749707190477846,0.19202121487654877,0.3669919339243334,True,lh_middletemporal_part1,2,Association cortex - type 1,Association,True
1.0,lh_middletemporal_part3,0.4273376490546201,Gifted,maxSW,500.aparc,Node Versatility,0.1749707190477846,0.19202121487654877,0.3669919339243334,True,lh_middletemporal_part3,2,Association cortex - type 1,Association,True
1.0,lh_parsorbitalis_part1,0.710847450909129,Gifted,maxSW,500.aparc,Node Versatility,0.1749707190477846,0.19202121487654877,0.3669919339243334,True,lh_parsorbitalis_part1,4,Secondary sensory cortex,Secondary,False
1.0,lh_postcentral_part4,0.3796551373238738,Gifted,maxSW,500.aparc,Node Versatility,0.1749707190477846,0.19202121487654877,0.3669919339243334,True,lh_postcentral_part4,5,Primary sensory cortex,Primary,False
1.0,lh_rostralmiddlefrontal_part4,0.470836726254387,Gifted,maxSW,500.aparc,Node Versatility,0.1749707190477846,0.19202121487654877,0.3669919339243334,True,lh_rostralmiddlefrontal_part4,3,Association cortex - type 2,Association,True
1.0,lh_superiorfrontal_part1,0.709943435343677,Gifted,maxSW,500.aparc,Node Versatility,0.1749707190477846,0.19202121487654877,0.3669919339243334,True,lh_superiorfrontal_part1,2,Association cortex - type 1,Association,True
1.0,lh_superiorfrontal_part5,0.6547038818099256,Gifted,maxSW,500.aparc,Node Versatility,0.1749707190477846,0.19202121487654877,0.3669919339243334,True,lh_superiorfrontal_part5,2,Association cortex - type 1,Association,True
1.0,lh_superiorfrontal_part7,0.3920469831501861,Gifted,maxSW,500.aparc,Node Versatility,0.1749707190477846,0.19202121487654877,0.3669919339243334,True,lh_superiorfrontal_part7,2,Association cortex - type 1,Association,True
1.0,lh_superiorfrontal_part8,0.4076881274131862,Gifted,maxSW,500.aparc,Node Versatility,0.1749707190477846,0.19202121487654877,0.3669919339243334,True,lh_superiorfrontal_part8,2,Association cortex - type 1,Association,True
1.0,lh_superiorparietal_part10,0.3926121792762605,Gifted,maxSW,500.aparc,Node Versatility,0.1749707190477846,0.19202121487654877,0.3669919339243334,True,lh_superiorparietal_part10,2,Association cortex - type 1,Association,True
1.0,lh_superiorparietal_part6,0.4440279519175305,Gifted,maxSW,500.aparc,Node Versatility,0.1749707190477846,0.19202121487654877,0.3669919339243334,True,lh_superiorparietal_part6,2,Association cortex - type 1,Association,True
1.0,lh_superiortemporal_part2,0.7654514838105771,Gifted,maxSW,500.aparc,Node Versatility,0.1749707190477846,0.19202121487654877,0.3669919339243334,True,lh_superiortemporal_part2,3,Association cortex - type 2,Association,True
1.0,lh_superiortemporal_part4,0.6767090494999743,Gifted,maxSW,500.aparc,Node Versatility,0.1749707190477846,0.19202121487654877,0.3669919339243334,True,lh_superiortemporal_part4,3,Association cortex - type 2,Association,True
1.0,lh_temporalpole_part1,0.8390133764510864,Gifted,maxSW,500.aparc,Node Versatility,0.1749707190477846,0.19202121487654877,0.3669919339243334,True,lh_temporalpole_part1,2,Association cortex - type 1,Association,True
1.0,rh_frontalpole_part1,0.767662260026059,Gifted,maxSW,500.aparc,Node Versatility,0.1749707190477846,0.19202121487654877,0.3669919339243334,True,rh_frontalpole_part1,3,Association cortex - type 2,Association,True
1.0,rh_inferiorparietal_part8,0.5242482957700406,Gifted,maxSW,500.aparc,Node Versatility,0.1749707190477846,0.19202121487654877,0.3669919339243334,True,rh_inferiorparietal_part8,3,Association cortex - type 2,Association,True
1.0,rh_inferiortemporal_part1,0.7131951343613722,Gifted,maxSW,500.aparc,Node Versatility,0.1749707190477846,0.19202121487654877,0.3669919339243334,True,rh_inferiortemporal_part1,2,Association cortex - type 1,Association,True
1.0,rh_inferiortemporal_part3,0.4428949560055601,Gifted,maxSW,500.aparc,Node Versatility,0.1749707190477846,0.19202121487654877,0.3669919339243334,True,rh_inferiortemporal_part3,2,Association cortex - type 1,Association,True
1.0,rh_insula_part1,0.7471854592354052,Gifted,maxSW,500.aparc,Node Versatility,0.1749707190477846,0.19202121487654877,0.3669919339243334,True,rh_insula_part1,7,Insular cortex,Insular,False
1.0,rh_lateraloccipital_part5,0.3812509534450608,Gifted,maxSW,500.aparc,Node Versatility,0.1749707190477846,0.19202121487654877,0.3669919339243334,True,rh_lateraloccipital_part5,4,Secondary sensory cortex,Secondary,False
1.0,rh_middletemporal_part1,0.4006489931937313,Gifted,maxSW,500.aparc,Node Versatility,0.1749707190477846,0.19202121487654877,0.3669919339243334,True,rh_middletemporal_part1,2,Association cortex - type 1,Association,True
1.0,rh_middletemporal_part2,0.7788906174415011,Gifted,maxSW,500.aparc,Node Versatility,0.1749707190477846,0.19202121487654877,0.3669919339243334,True,rh_middletemporal_part2,2,Association cortex - type 1,Association,True
1.0,rh_middletemporal_part3,0.5045852874656652,Gifted,maxSW,500.aparc,Node Versatility,0.1749707190477846,0.19202121487654877,0.3669919339243334,True,rh_middletemporal_part3,2,Association cortex - type 1,Association,True
1.0,rh_middletemporal_part5,0.3729631467336337,Gifted,maxSW,500.aparc,Node Versatility,0.1749707190477846,0.19202121487654877,0.3669919339243334,True,rh_middletemporal_part5,2,Association cortex - type 1,Association,True
1.0,rh_middletemporal_part6,0.4098143052877976,Gifted,maxSW,500.aparc,Node Versatility,0.1749707190477846,0.19202121487654877,0.3669919339243334,True,rh_middletemporal_part6,2,Association cortex - type 1,Association,True
1.0,rh_parsorbitalis_part1,0.7129356180470163,Gifted,maxSW,500.aparc,Node Versatility,0.1749707190477846,0.19202121487654877,0.3669919339243334,True,rh_parsorbitalis_part1,4,Secondary sensory cortex,Secondary,False
1.0,rh_parstriangularis_part1,0.3705062961405087,Gifted,maxSW,500.aparc,Node Versatility,0.1749707190477846,0.19202121487654877,0.3669919339243334,True,rh_parstriangularis_part1,2,Association cortex - type 1,Association,True
1.0,rh_postcentral_part4,0.4079480523524842,Gifted,maxSW,500.aparc,Node Versatility,0.1749707190477846,0.19202121487654877,0.3669919339243334,True,rh_postcentral_part4,5,Primary sensory cortex,Primary,False
1.0,rh_rostralmiddlefrontal_part1,0.6716192821333304,Gifted,maxSW,500.aparc,Node Versatility,0.1749707190477846,0.19202121487654877,0.3669919339243334,True,rh_rostralmiddlefrontal_part1,3,Association cortex - type 2,Association,True
1.0,rh_superiorfrontal_part2,0.5932523980948587,Gifted,maxSW,500.aparc,Node Versatility,0.1749707190477846,0.19202121487654877,0.3669919339243334,True,rh_superiorfrontal_part2,2,Association cortex - type 1,Association,True
1.0,rh_superiorfrontal_part6,0.5215979324288142,Gifted,maxSW,500.aparc,Node Versatility,0.1749707190477846,0.19202121487654877,0.3669919339243334,True,rh_superiorfrontal_part6,2,Association cortex - type 1,Association,True
1.0,rh_superiorparietal_part1,0.3718291465150612,Gifted,maxSW,500.aparc,Node Versatility,0.1749707190477846,0.19202121487654877,0.3669919339243334,True,rh_superiorparietal_part1,2,Association cortex - type 1,Association,True
1.0,rh_superiorparietal_part3,0.5037316911426737,Gifted,maxSW,500.aparc,Node Versatility,0.1749707190477846,0.19202121487654877,0.3669919339243334,True,rh_superiorparietal_part3,2,Association cortex - type 1,Association,True
1.0,rh_superiorparietal_part7,0.4054424129486845,Gifted,maxSW,500.aparc,Node Versatility,0.1749707190477846,0.19202121487654877,0.3669919339243334,True,rh_superiorparietal_part7,2,Association cortex - type 1,Association,True
1.0,rh_superiortemporal_part1,0.7654514838105771,Gifted,maxSW,500.aparc,Node Versatility,0.1749707190477846,0.19202121487654877,0.3669919339243334,True,rh_superiortemporal_part1,3,Association cortex - type 2,Association,True
1.0,rh_superiortemporal_part3,0.4745780135481919,Gifted,maxSW,500.aparc,Node Versatility,0.1749707190477846,0.19202121487654877,0.3669919339243334,True,rh_superiortemporal_part3,3,Association cortex - type 2,Association,True
1.0,rh_temporalpole_part1,0.8390133764510864,Gifted,maxSW,500.aparc,Node Versatility,0.1749707190477846,0.19202121487654877,0.3669919339243334,True,rh_temporalpole_part1,2,Association cortex - type 1,Association,True
