Density,Region,Metric_Value,Group,Method,Parcellation,Feature,Mean_Metric,SD_Metric,High_Threshold,Is_High_Node,Mapping_Region,Von_Economo_Class,Von_Economo_Label,Broad_Category,Is_Association_Cortex
0.05,lh_bankssts_part1,0.6390661850493152,Control,MSN,500.aparc,Node Versatility,0.3468443081926794,0.2062036694424038,0.5530479776350832,True,lh_bankssts_part1,3,Association cortex - type 2,Association,True
0.05,lh_bankssts_part2,0.6390661850493152,Control,MSN,500.aparc,Node Versatility,0.3468443081926794,0.2062036694424038,0.5530479776350832,True,lh_bankssts_part2,3,Association cortex - type 2,Association,True
0.05,lh_caudalmiddlefrontal_part1,0.6588472509454542,Control,MSN,500.aparc,Node Versatility,0.3468443081926794,0.2062036694424038,0.5530479776350832,True,lh_caudalmiddlefrontal_part1,2,Association cortex - type 1,Association,True
0.05,lh_caudalmiddlefrontal_part4,0.6588472509454542,Control,MSN,500.aparc,Node Versatility,0.3468443081926794,0.2062036694424038,0.5530479776350832,True,lh_caudalmiddlefrontal_part4,2,Association cortex - type 1,Association,True
0.05,lh_inferiorparietal_part4,0.6390661850493152,Control,MSN,500.aparc,Node Versatility,0.3468443081926794,0.2062036694424038,0.5530479776350832,True,lh_inferiorparietal_part4,3,Association cortex - type 2,Association,True
0.05,lh_inferiortemporal_part1,0.588717190603355,Control,MSN,500.aparc,Node Versatility,0.3468443081926794,0.2062036694424038,0.5530479776350832,True,lh_inferiortemporal_part1,2,Association cortex - type 1,Association,True
0.05,lh_inferiortemporal_part6,0.588717190603355,Control,MSN,500.aparc,Node Versatility,0.3468443081926794,0.2062036694424038,0.5530479776350832,True,lh_inferiortemporal_part6,2,Association cortex - type 1,Association,True
0.05,lh_isthmuscingulate_part1,0.912927158958567,Control,MSN,500.aparc,Node Versatility,0.3468443081926794,0.2062036694424038,0.5530479776350832,True,lh_isthmuscingulate_part1,6,Limbic cortex,Limbic,False
0.05,lh_lateraloccipital_part7,0.866200832370284,Control,MSN,500.aparc,Node Versatility,0.3468443081926794,0.2062036694424038,0.5530479776350832,True,lh_lateraloccipital_part7,4,Secondary sensory cortex,Secondary,False
0.05,lh_lateraloccipital_part9,0.866430958742587,Control,MSN,500.aparc,Node Versatility,0.3468443081926794,0.2062036694424038,0.5530479776350832,True,lh_lateraloccipital_part9,4,Secondary sensory cortex,Secondary,False
0.05,lh_lateralorbitofrontal_part3,1.0,Control,MSN,500.aparc,Node Versatility,0.3468443081926794,0.2062036694424038,0.5530479776350832,True,lh_lateralorbitofrontal_part3,4,Secondary sensory cortex,Secondary,False
0.05,lh_lingual_part5,0.7728733169753189,Control,MSN,500.aparc,Node Versatility,0.3468443081926794,0.2062036694424038,0.5530479776350832,True,lh_lingual_part5,4,Secondary sensory cortex,Secondary,False
0.05,lh_middletemporal_part3,0.5605592875959049,Control,MSN,500.aparc,Node Versatility,0.3468443081926794,0.2062036694424038,0.5530479776350832,True,lh_middletemporal_part3,2,Association cortex - type 1,Association,True
0.05,lh_middletemporal_part5,0.6791326715298466,Control,MSN,500.aparc,Node Versatility,0.3468443081926794,0.2062036694424038,0.5530479776350832,True,lh_middletemporal_part5,2,Association cortex - type 1,Association,True
0.05,lh_paracentral_part3,0.6871401277218654,Control,MSN,500.aparc,Node Versatility,0.3468443081926794,0.2062036694424038,0.5530479776350832,True,lh_paracentral_part3,1,Primary motor cortex,Primary,False
0.05,lh_parahippocampal_part1,0.5807515727784089,Control,MSN,500.aparc,Node Versatility,0.3468443081926794,0.2062036694424038,0.5530479776350832,True,lh_parahippocampal_part1,6,Limbic cortex,Limbic,False
0.05,lh_postcentral_part3,0.8654129751612792,Control,MSN,500.aparc,Node Versatility,0.3468443081926794,0.2062036694424038,0.5530479776350832,True,lh_postcentral_part3,5,Primary sensory cortex,Primary,False
0.05,lh_postcentral_part6,0.866430958742587,Control,MSN,500.aparc,Node Versatility,0.3468443081926794,0.2062036694424038,0.5530479776350832,True,lh_postcentral_part6,5,Primary sensory cortex,Primary,False
0.05,lh_postcentral_part8,0.8654944281528127,Control,MSN,500.aparc,Node Versatility,0.3468443081926794,0.2062036694424038,0.5530479776350832,True,lh_postcentral_part8,5,Primary sensory cortex,Primary,False
0.05,lh_precentral_part3,0.912927158958567,Control,MSN,500.aparc,Node Versatility,0.3468443081926794,0.2062036694424038,0.5530479776350832,True,lh_precentral_part3,1,Primary motor cortex,Primary,False
0.05,lh_precentral_part5,0.5607340335109167,Control,MSN,500.aparc,Node Versatility,0.3468443081926794,0.2062036694424038,0.5530479776350832,True,lh_precentral_part5,1,Primary motor cortex,Primary,False
0.05,lh_precuneus_part7,0.687272680192105,Control,MSN,500.aparc,Node Versatility,0.3468443081926794,0.2062036694424038,0.5530479776350832,True,lh_precuneus_part7,2,Association cortex - type 1,Association,True
0.05,lh_rostralmiddlefrontal_part3,0.733325519883672,Control,MSN,500.aparc,Node Versatility,0.3468443081926794,0.2062036694424038,0.5530479776350832,True,lh_rostralmiddlefrontal_part3,3,Association cortex - type 2,Association,True
0.05,lh_superiorfrontal_part10,0.5943442520370129,Control,MSN,500.aparc,Node Versatility,0.3468443081926794,0.2062036694424038,0.5530479776350832,True,lh_superiorfrontal_part10,2,Association cortex - type 1,Association,True
0.05,lh_superiorfrontal_part4,0.5944372994597104,Control,MSN,500.aparc,Node Versatility,0.3468443081926794,0.2062036694424038,0.5530479776350832,True,lh_superiorfrontal_part4,2,Association cortex - type 1,Association,True
0.05,lh_superiortemporal_part3,0.5614174881326842,Control,MSN,500.aparc,Node Versatility,0.3468443081926794,0.2062036694424038,0.5530479776350832,True,lh_superiortemporal_part3,3,Association cortex - type 2,Association,True
0.05,lh_supramarginal_part4,0.5612597778837718,Control,MSN,500.aparc,Node Versatility,0.3468443081926794,0.2062036694424038,0.5530479776350832,True,lh_supramarginal_part4,3,Association cortex - type 2,Association,True
0.05,rh_caudalmiddlefrontal_part2,0.687272680192105,Control,MSN,500.aparc,Node Versatility,0.3468443081926794,0.2062036694424038,0.5530479776350832,True,rh_caudalmiddlefrontal_part2,2,Association cortex - type 1,Association,True
0.05,rh_caudalmiddlefrontal_part3,0.6121797437475934,Control,MSN,500.aparc,Node Versatility,0.3468443081926794,0.2062036694424038,0.5530479776350832,True,rh_caudalmiddlefrontal_part3,2,Association cortex - type 1,Association,True
0.05,rh_caudalmiddlefrontal_part4,0.6121797437475934,Control,MSN,500.aparc,Node Versatility,0.3468443081926794,0.2062036694424038,0.5530479776350832,True,rh_caudalmiddlefrontal_part4,2,Association cortex - type 1,Association,True
0.05,rh_inferiorparietal_part4,0.6791326715298466,Control,MSN,500.aparc,Node Versatility,0.3468443081926794,0.2062036694424038,0.5530479776350832,True,rh_inferiorparietal_part4,3,Association cortex - type 2,Association,True
0.05,rh_inferiorparietal_part7,0.733325519883672,Control,MSN,500.aparc,Node Versatility,0.3468443081926794,0.2062036694424038,0.5530479776350832,True,rh_inferiorparietal_part7,3,Association cortex - type 2,Association,True
0.05,rh_insula_part1,0.5944372994597104,Control,MSN,500.aparc,Node Versatility,0.3468443081926794,0.2062036694424038,0.5530479776350832,True,rh_insula_part1,7,Insular cortex,Insular,False
0.05,rh_isthmuscingulate_part1,0.5807515727784089,Control,MSN,500.aparc,Node Versatility,0.3468443081926794,0.2062036694424038,0.5530479776350832,True,rh_isthmuscingulate_part1,6,Limbic cortex,Limbic,False
0.05,rh_lateraloccipital_part2,0.733325519883672,Control,MSN,500.aparc,Node Versatility,0.3468443081926794,0.2062036694424038,0.5530479776350832,True,rh_lateraloccipital_part2,4,Secondary sensory cortex,Secondary,False
0.05,rh_medialorbitofrontal_part1,1.0,Control,MSN,500.aparc,Node Versatility,0.3468443081926794,0.2062036694424038,0.5530479776350832,True,rh_medialorbitofrontal_part1,4,Secondary sensory cortex,Secondary,False
0.05,rh_medialorbitofrontal_part2,0.895566916031746,Control,MSN,500.aparc,Node Versatility,0.3468443081926794,0.2062036694424038,0.5530479776350832,True,rh_medialorbitofrontal_part2,4,Secondary sensory cortex,Secondary,False
0.05,rh_medialorbitofrontal_part3,0.9772761575454644,Control,MSN,500.aparc,Node Versatility,0.3468443081926794,0.2062036694424038,0.5530479776350832,True,rh_medialorbitofrontal_part3,4,Secondary sensory cortex,Secondary,False
0.05,rh_middletemporal_part6,0.6791326715298466,Control,MSN,500.aparc,Node Versatility,0.3468443081926794,0.2062036694424038,0.5530479776350832,True,rh_middletemporal_part6,2,Association cortex - type 1,Association,True
0.05,rh_postcentral_part4,0.5530556996005994,Control,MSN,500.aparc,Node Versatility,0.3468443081926794,0.2062036694424038,0.5530479776350832,True,rh_postcentral_part4,5,Primary sensory cortex,Primary,False
0.05,rh_postcentral_part5,0.7505825979338127,Control,MSN,500.aparc,Node Versatility,0.3468443081926794,0.2062036694424038,0.5530479776350832,True,rh_postcentral_part5,5,Primary sensory cortex,Primary,False
0.05,rh_postcentral_part6,0.8901730726435517,Control,MSN,500.aparc,Node Versatility,0.3468443081926794,0.2062036694424038,0.5530479776350832,True,rh_postcentral_part6,5,Primary sensory cortex,Primary,False
0.05,rh_posteriorcingulate_part2,0.829966583096551,Control,MSN,500.aparc,Node Versatility,0.3468443081926794,0.2062036694424038,0.5530479776350832,True,rh_posteriorcingulate_part2,6,Limbic cortex,Limbic,False
0.05,rh_precentral_part3,0.6121797437475934,Control,MSN,500.aparc,Node Versatility,0.3468443081926794,0.2062036694424038,0.5530479776350832,True,rh_precentral_part3,1,Primary motor cortex,Primary,False
0.05,rh_precentral_part5,0.5607340335109167,Control,MSN,500.aparc,Node Versatility,0.3468443081926794,0.2062036694424038,0.5530479776350832,True,rh_precentral_part5,1,Primary motor cortex,Primary,False
0.05,rh_precentral_part6,0.866430958742587,Control,MSN,500.aparc,Node Versatility,0.3468443081926794,0.2062036694424038,0.5530479776350832,True,rh_precentral_part6,1,Primary motor cortex,Primary,False
0.05,rh_precentral_part7,0.6121797437475934,Control,MSN,500.aparc,Node Versatility,0.3468443081926794,0.2062036694424038,0.5530479776350832,True,rh_precentral_part7,1,Primary motor cortex,Primary,False
0.05,rh_precuneus_part2,0.6375159927258898,Control,MSN,500.aparc,Node Versatility,0.3468443081926794,0.2062036694424038,0.5530479776350832,True,rh_precuneus_part2,2,Association cortex - type 1,Association,True
0.05,rh_rostralmiddlefrontal_part3,0.8901730726435517,Control,MSN,500.aparc,Node Versatility,0.3468443081926794,0.2062036694424038,0.5530479776350832,True,rh_rostralmiddlefrontal_part3,3,Association cortex - type 2,Association,True
0.05,rh_rostralmiddlefrontal_part7,0.7728733169753189,Control,MSN,500.aparc,Node Versatility,0.3468443081926794,0.2062036694424038,0.5530479776350832,True,rh_rostralmiddlefrontal_part7,3,Association cortex - type 2,Association,True
0.05,rh_rostralmiddlefrontal_part8,0.8901730726435517,Control,MSN,500.aparc,Node Versatility,0.3468443081926794,0.2062036694424038,0.5530479776350832,True,rh_rostralmiddlefrontal_part8,3,Association cortex - type 2,Association,True
0.05,rh_superiorfrontal_part10,0.6375159927258898,Control,MSN,500.aparc,Node Versatility,0.3468443081926794,0.2062036694424038,0.5530479776350832,True,rh_superiorfrontal_part10,2,Association cortex - type 1,Association,True
0.05,rh_superiorfrontal_part11,0.5875948875856577,Control,MSN,500.aparc,Node Versatility,0.3468443081926794,0.2062036694424038,0.5530479776350832,True,rh_superiorfrontal_part11,2,Association cortex - type 1,Association,True
0.05,rh_superiorfrontal_part5,0.759575808188306,Control,MSN,500.aparc,Node Versatility,0.3468443081926794,0.2062036694424038,0.5530479776350832,True,rh_superiorfrontal_part5,2,Association cortex - type 1,Association,True
0.05,rh_superiorparietal_part2,0.7060473574017891,Control,MSN,500.aparc,Node Versatility,0.3468443081926794,0.2062036694424038,0.5530479776350832,True,rh_superiorparietal_part2,2,Association cortex - type 1,Association,True
0.05,rh_superiorparietal_part4,0.5548348294123608,Control,MSN,500.aparc,Node Versatility,0.3468443081926794,0.2062036694424038,0.5530479776350832,True,rh_superiorparietal_part4,2,Association cortex - type 1,Association,True
0.05,rh_superiorparietal_part6,0.7505825979338127,Control,MSN,500.aparc,Node Versatility,0.3468443081926794,0.2062036694424038,0.5530479776350832,True,rh_superiorparietal_part6,2,Association cortex - type 1,Association,True
0.05,rh_superiorparietal_part7,0.5548348294123608,Control,MSN,500.aparc,Node Versatility,0.3468443081926794,0.2062036694424038,0.5530479776350832,True,rh_superiorparietal_part7,2,Association cortex - type 1,Association,True
0.05,rh_superiorparietal_part9,0.7060473574017891,Control,MSN,500.aparc,Node Versatility,0.3468443081926794,0.2062036694424038,0.5530479776350832,True,rh_superiorparietal_part9,2,Association cortex - type 1,Association,True
0.05,rh_supramarginal_part3,0.7060473574017891,Control,MSN,500.aparc,Node Versatility,0.3468443081926794,0.2062036694424038,0.5530479776350832,True,rh_supramarginal_part3,3,Association cortex - type 2,Association,True
0.1,lh_inferiortemporal_part1,0.4277610257637077,Control,MSN,500.aparc,Node Versatility,0.16721992693536045,0.15263007563515812,0.31985000257051854,True,lh_inferiortemporal_part1,2,Association cortex - type 1,Association,True
0.1,lh_insula_part2,0.3342130678050731,Control,MSN,500.aparc,Node Versatility,0.16721992693536045,0.15263007563515812,0.31985000257051854,True,lh_insula_part2,7,Insular cortex,Insular,False
0.1,lh_isthmuscingulate_part1,0.6385058663524354,Control,MSN,500.aparc,Node Versatility,0.16721992693536045,0.15263007563515812,0.31985000257051854,True,lh_isthmuscingulate_part1,6,Limbic cortex,Limbic,False
0.1,lh_lateraloccipital_part9,0.3637267132496883,Control,MSN,500.aparc,Node Versatility,0.16721992693536045,0.15263007563515812,0.31985000257051854,True,lh_lateraloccipital_part9,4,Secondary sensory cortex,Secondary,False
0.1,lh_lateralorbitofrontal_part3,0.7558799743659522,Control,MSN,500.aparc,Node Versatility,0.16721992693536045,0.15263007563515812,0.31985000257051854,True,lh_lateralorbitofrontal_part3,4,Secondary sensory cortex,Secondary,False
0.1,lh_paracentral_part3,0.3905282448028729,Control,MSN,500.aparc,Node Versatility,0.16721992693536045,0.15263007563515812,0.31985000257051854,True,lh_paracentral_part3,1,Primary motor cortex,Primary,False
0.1,lh_parahippocampal_part1,0.3905282448028729,Control,MSN,500.aparc,Node Versatility,0.16721992693536045,0.15263007563515812,0.31985000257051854,True,lh_parahippocampal_part1,6,Limbic cortex,Limbic,False
0.1,lh_postcentral_part6,0.3201651815279147,Control,MSN,500.aparc,Node Versatility,0.16721992693536045,0.15263007563515812,0.31985000257051854,True,lh_postcentral_part6,5,Primary sensory cortex,Primary,False
0.1,lh_precentral_part3,0.6385058663524354,Control,MSN,500.aparc,Node Versatility,0.16721992693536045,0.15263007563515812,0.31985000257051854,True,lh_precentral_part3,1,Primary motor cortex,Primary,False
0.1,lh_precentral_part7,0.4619903690576274,Control,MSN,500.aparc,Node Versatility,0.16721992693536045,0.15263007563515812,0.31985000257051854,True,lh_precentral_part7,1,Primary motor cortex,Primary,False
0.1,lh_precuneus_part5,0.4255999448508397,Control,MSN,500.aparc,Node Versatility,0.16721992693536045,0.15263007563515812,0.31985000257051854,True,lh_precuneus_part5,2,Association cortex - type 1,Association,True
0.1,lh_rostralmiddlefrontal_part3,0.5296350618266461,Control,MSN,500.aparc,Node Versatility,0.16721992693536045,0.15263007563515812,0.31985000257051854,True,lh_rostralmiddlefrontal_part3,3,Association cortex - type 2,Association,True
0.1,lh_superiorfrontal_part10,0.7165985182906938,Control,MSN,500.aparc,Node Versatility,0.16721992693536045,0.15263007563515812,0.31985000257051854,True,lh_superiorfrontal_part10,2,Association cortex - type 1,Association,True
0.1,lh_superiorfrontal_part4,0.7038839818266484,Control,MSN,500.aparc,Node Versatility,0.16721992693536045,0.15263007563515812,0.31985000257051854,True,lh_superiorfrontal_part4,2,Association cortex - type 1,Association,True
0.1,lh_superiorfrontal_part6,0.3206828554559229,Control,MSN,500.aparc,Node Versatility,0.16721992693536045,0.15263007563515812,0.31985000257051854,True,lh_superiorfrontal_part6,2,Association cortex - type 1,Association,True
0.1,lh_supramarginal_part1,0.4747649032695389,Control,MSN,500.aparc,Node Versatility,0.16721992693536045,0.15263007563515812,0.31985000257051854,True,lh_supramarginal_part1,3,Association cortex - type 2,Association,True
0.1,rh_inferiorparietal_part2,0.6648179090500301,Control,MSN,500.aparc,Node Versatility,0.16721992693536045,0.15263007563515812,0.31985000257051854,True,rh_inferiorparietal_part2,3,Association cortex - type 2,Association,True
0.1,rh_inferiorparietal_part7,0.5296350618266461,Control,MSN,500.aparc,Node Versatility,0.16721992693536045,0.15263007563515812,0.31985000257051854,True,rh_inferiorparietal_part7,3,Association cortex - type 2,Association,True
0.1,rh_inferiortemporal_part5,0.574241414423636,Control,MSN,500.aparc,Node Versatility,0.16721992693536045,0.15263007563515812,0.31985000257051854,True,rh_inferiortemporal_part5,2,Association cortex - type 1,Association,True
0.1,rh_insula_part1,0.7038839818266484,Control,MSN,500.aparc,Node Versatility,0.16721992693536045,0.15263007563515812,0.31985000257051854,True,rh_insula_part1,7,Insular cortex,Insular,False
0.1,rh_isthmuscingulate_part1,0.3905282448028729,Control,MSN,500.aparc,Node Versatility,0.16721992693536045,0.15263007563515812,0.31985000257051854,True,rh_isthmuscingulate_part1,6,Limbic cortex,Limbic,False
0.1,rh_lateralorbitofrontal_part2,0.7100162256646212,Control,MSN,500.aparc,Node Versatility,0.16721992693536045,0.15263007563515812,0.31985000257051854,True,rh_lateralorbitofrontal_part2,4,Secondary sensory cortex,Secondary,False
0.1,rh_medialorbitofrontal_part1,0.7558799743659522,Control,MSN,500.aparc,Node Versatility,0.16721992693536045,0.15263007563515812,0.31985000257051854,True,rh_medialorbitofrontal_part1,4,Secondary sensory cortex,Secondary,False
0.1,rh_medialorbitofrontal_part2,0.3903152877872936,Control,MSN,500.aparc,Node Versatility,0.16721992693536045,0.15263007563515812,0.31985000257051854,True,rh_medialorbitofrontal_part2,4,Secondary sensory cortex,Secondary,False
0.1,rh_medialorbitofrontal_part3,0.5755120901944207,Control,MSN,500.aparc,Node Versatility,0.16721992693536045,0.15263007563515812,0.31985000257051854,True,rh_medialorbitofrontal_part3,4,Secondary sensory cortex,Secondary,False
0.1,rh_parsopercularis_part1,0.6648179090500301,Control,MSN,500.aparc,Node Versatility,0.16721992693536045,0.15263007563515812,0.31985000257051854,True,rh_parsopercularis_part1,2,Association cortex - type 1,Association,True
0.1,rh_parstriangularis_part1,0.4255999448508397,Control,MSN,500.aparc,Node Versatility,0.16721992693536045,0.15263007563515812,0.31985000257051854,True,rh_parstriangularis_part1,2,Association cortex - type 1,Association,True
0.1,rh_postcentral_part4,0.5696941591791013,Control,MSN,500.aparc,Node Versatility,0.16721992693536045,0.15263007563515812,0.31985000257051854,True,rh_postcentral_part4,5,Primary sensory cortex,Primary,False
0.1,rh_precentral_part2,0.7187832801240417,Control,MSN,500.aparc,Node Versatility,0.16721992693536045,0.15263007563515812,0.31985000257051854,True,rh_precentral_part2,1,Primary motor cortex,Primary,False
0.1,rh_precentral_part4,0.7187832801240417,Control,MSN,500.aparc,Node Versatility,0.16721992693536045,0.15263007563515812,0.31985000257051854,True,rh_precentral_part4,1,Primary motor cortex,Primary,False
0.1,rh_precentral_part6,0.3637267132496883,Control,MSN,500.aparc,Node Versatility,0.16721992693536045,0.15263007563515812,0.31985000257051854,True,rh_precentral_part6,1,Primary motor cortex,Primary,False
0.1,rh_rostralmiddlefrontal_part3,0.3873934216005106,Control,MSN,500.aparc,Node Versatility,0.16721992693536045,0.15263007563515812,0.31985000257051854,True,rh_rostralmiddlefrontal_part3,3,Association cortex - type 2,Association,True
0.1,rh_rostralmiddlefrontal_part8,0.3873934216005106,Control,MSN,500.aparc,Node Versatility,0.16721992693536045,0.15263007563515812,0.31985000257051854,True,rh_rostralmiddlefrontal_part8,3,Association cortex - type 2,Association,True
0.1,rh_superiorfrontal_part11,0.4236914422476422,Control,MSN,500.aparc,Node Versatility,0.16721992693536045,0.15263007563515812,0.31985000257051854,True,rh_superiorfrontal_part11,2,Association cortex - type 1,Association,True
0.1,rh_superiorfrontal_part5,0.3905282448028729,Control,MSN,500.aparc,Node Versatility,0.16721992693536045,0.15263007563515812,0.31985000257051854,True,rh_superiorfrontal_part5,2,Association cortex - type 1,Association,True
0.15,lh_fusiform_part1,0.67115963484444,Control,MSN,500.aparc,Node Versatility,0.11664780708101455,0.16647769096428902,0.28312549804530357,True,lh_fusiform_part1,2,Association cortex - type 1,Association,True
0.15,lh_inferiorparietal_part1,0.2874524730550692,Control,MSN,500.aparc,Node Versatility,0.11664780708101455,0.16647769096428902,0.28312549804530357,True,lh_inferiorparietal_part1,3,Association cortex - type 2,Association,True
0.15,lh_inferiorparietal_part5,0.6152906639941761,Control,MSN,500.aparc,Node Versatility,0.11664780708101455,0.16647769096428902,0.28312549804530357,True,lh_inferiorparietal_part5,3,Association cortex - type 2,Association,True
0.15,lh_inferiorparietal_part8,0.320857501152864,Control,MSN,500.aparc,Node Versatility,0.11664780708101455,0.16647769096428902,0.28312549804530357,True,lh_inferiorparietal_part8,3,Association cortex - type 2,Association,True
0.15,lh_inferiortemporal_part2,0.4967714229888393,Control,MSN,500.aparc,Node Versatility,0.11664780708101455,0.16647769096428902,0.28312549804530357,True,lh_inferiortemporal_part2,2,Association cortex - type 1,Association,True
0.15,lh_inferiortemporal_part4,0.4310017429455082,Control,MSN,500.aparc,Node Versatility,0.11664780708101455,0.16647769096428902,0.28312549804530357,True,lh_inferiortemporal_part4,2,Association cortex - type 1,Association,True
0.15,lh_insula_part1,0.4165870661210687,Control,MSN,500.aparc,Node Versatility,0.11664780708101455,0.16647769096428902,0.28312549804530357,True,lh_insula_part1,7,Insular cortex,Insular,False
0.15,lh_isthmuscingulate_part1,0.6662945526203092,Control,MSN,500.aparc,Node Versatility,0.11664780708101455,0.16647769096428902,0.28312549804530357,True,lh_isthmuscingulate_part1,6,Limbic cortex,Limbic,False
0.15,lh_lateraloccipital_part2,0.4967714229888393,Control,MSN,500.aparc,Node Versatility,0.11664780708101455,0.16647769096428902,0.28312549804530357,True,lh_lateraloccipital_part2,4,Secondary sensory cortex,Secondary,False
0.15,lh_lateraloccipital_part4,0.4138076585699046,Control,MSN,500.aparc,Node Versatility,0.11664780708101455,0.16647769096428902,0.28312549804530357,True,lh_lateraloccipital_part4,4,Secondary sensory cortex,Secondary,False
0.15,lh_lateraloccipital_part7,0.3008370402371008,Control,MSN,500.aparc,Node Versatility,0.11664780708101455,0.16647769096428902,0.28312549804530357,True,lh_lateraloccipital_part7,4,Secondary sensory cortex,Secondary,False
0.15,lh_lateraloccipital_part9,0.3610681730288013,Control,MSN,500.aparc,Node Versatility,0.11664780708101455,0.16647769096428902,0.28312549804530357,True,lh_lateraloccipital_part9,4,Secondary sensory cortex,Secondary,False
0.15,lh_lateralorbitofrontal_part3,0.3729714544829375,Control,MSN,500.aparc,Node Versatility,0.11664780708101455,0.16647769096428902,0.28312549804530357,True,lh_lateralorbitofrontal_part3,4,Secondary sensory cortex,Secondary,False
0.15,lh_postcentral_part3,0.3014012354843932,Control,MSN,500.aparc,Node Versatility,0.11664780708101455,0.16647769096428902,0.28312549804530357,True,lh_postcentral_part3,5,Primary sensory cortex,Primary,False
0.15,lh_postcentral_part6,0.3715595169699093,Control,MSN,500.aparc,Node Versatility,0.11664780708101455,0.16647769096428902,0.28312549804530357,True,lh_postcentral_part6,5,Primary sensory cortex,Primary,False
0.15,lh_postcentral_part8,0.2929282263524355,Control,MSN,500.aparc,Node Versatility,0.11664780708101455,0.16647769096428902,0.28312549804530357,True,lh_postcentral_part8,5,Primary sensory cortex,Primary,False
0.15,lh_precentral_part3,0.6662945526203092,Control,MSN,500.aparc,Node Versatility,0.11664780708101455,0.16647769096428902,0.28312549804530357,True,lh_precentral_part3,1,Primary motor cortex,Primary,False
0.15,lh_precentral_part5,0.7009093614827283,Control,MSN,500.aparc,Node Versatility,0.11664780708101455,0.16647769096428902,0.28312549804530357,True,lh_precentral_part5,1,Primary motor cortex,Primary,False
0.15,lh_precuneus_part1,0.4165870661210687,Control,MSN,500.aparc,Node Versatility,0.11664780708101455,0.16647769096428902,0.28312549804530357,True,lh_precuneus_part1,2,Association cortex - type 1,Association,True
0.15,lh_precuneus_part2,0.2874524730550692,Control,MSN,500.aparc,Node Versatility,0.11664780708101455,0.16647769096428902,0.28312549804530357,True,lh_precuneus_part2,2,Association cortex - type 1,Association,True
0.15,lh_rostralmiddlefrontal_part3,0.7672294756254152,Control,MSN,500.aparc,Node Versatility,0.11664780708101455,0.16647769096428902,0.28312549804530357,True,lh_rostralmiddlefrontal_part3,3,Association cortex - type 2,Association,True
0.15,lh_superiorfrontal_part10,0.6102561144773188,Control,MSN,500.aparc,Node Versatility,0.11664780708101455,0.16647769096428902,0.28312549804530357,True,lh_superiorfrontal_part10,2,Association cortex - type 1,Association,True
0.15,lh_superiorfrontal_part4,0.5675241795970773,Control,MSN,500.aparc,Node Versatility,0.11664780708101455,0.16647769096428902,0.28312549804530357,True,lh_superiorfrontal_part4,2,Association cortex - type 1,Association,True
0.15,lh_superiorparietal_part1,0.2874524730550692,Control,MSN,500.aparc,Node Versatility,0.11664780708101455,0.16647769096428902,0.28312549804530357,True,lh_superiorparietal_part1,2,Association cortex - type 1,Association,True
0.15,rh_fusiform_part5,0.5860027351681962,Control,MSN,500.aparc,Node Versatility,0.11664780708101455,0.16647769096428902,0.28312549804530357,True,rh_fusiform_part5,2,Association cortex - type 1,Association,True
0.15,rh_inferiorparietal_part10,0.320857501152864,Control,MSN,500.aparc,Node Versatility,0.11664780708101455,0.16647769096428902,0.28312549804530357,True,rh_inferiorparietal_part10,3,Association cortex - type 2,Association,True
0.15,rh_inferiorparietal_part2,0.5894974988229342,Control,MSN,500.aparc,Node Versatility,0.11664780708101455,0.16647769096428902,0.28312549804530357,True,rh_inferiorparietal_part2,3,Association cortex - type 2,Association,True
0.15,rh_inferiorparietal_part3,0.320857501152864,Control,MSN,500.aparc,Node Versatility,0.11664780708101455,0.16647769096428902,0.28312549804530357,True,rh_inferiorparietal_part3,3,Association cortex - type 2,Association,True
0.15,rh_inferiorparietal_part7,0.7672294756254152,Control,MSN,500.aparc,Node Versatility,0.11664780708101455,0.16647769096428902,0.28312549804530357,True,rh_inferiorparietal_part7,3,Association cortex - type 2,Association,True
0.15,rh_inferiortemporal_part2,0.4138076585699046,Control,MSN,500.aparc,Node Versatility,0.11664780708101455,0.16647769096428902,0.28312549804530357,True,rh_inferiortemporal_part2,2,Association cortex - type 1,Association,True
0.15,rh_inferiortemporal_part5,0.3729714544829375,Control,MSN,500.aparc,Node Versatility,0.11664780708101455,0.16647769096428902,0.28312549804530357,True,rh_inferiortemporal_part5,2,Association cortex - type 1,Association,True
0.15,rh_insula_part1,0.6281780080847672,Control,MSN,500.aparc,Node Versatility,0.11664780708101455,0.16647769096428902,0.28312549804530357,True,rh_insula_part1,7,Insular cortex,Insular,False
0.15,rh_lateralorbitofrontal_part2,0.4826644693346937,Control,MSN,500.aparc,Node Versatility,0.11664780708101455,0.16647769096428902,0.28312549804530357,True,rh_lateralorbitofrontal_part2,4,Secondary sensory cortex,Secondary,False
0.15,rh_medialorbitofrontal_part3,0.3729714544829375,Control,MSN,500.aparc,Node Versatility,0.11664780708101455,0.16647769096428902,0.28312549804530357,True,rh_medialorbitofrontal_part3,4,Secondary sensory cortex,Secondary,False
0.15,rh_parsopercularis_part1,0.2883641146474731,Control,MSN,500.aparc,Node Versatility,0.11664780708101455,0.16647769096428902,0.28312549804530357,True,rh_parsopercularis_part1,2,Association cortex - type 1,Association,True
0.15,rh_postcentral_part6,0.7383706950047325,Control,MSN,500.aparc,Node Versatility,0.11664780708101455,0.16647769096428902,0.28312549804530357,True,rh_postcentral_part6,5,Primary sensory cortex,Primary,False
0.15,rh_precentral_part2,0.4923356299151934,Control,MSN,500.aparc,Node Versatility,0.11664780708101455,0.16647769096428902,0.28312549804530357,True,rh_precentral_part2,1,Primary motor cortex,Primary,False
0.15,rh_precentral_part4,0.4923356299151934,Control,MSN,500.aparc,Node Versatility,0.11664780708101455,0.16647769096428902,0.28312549804530357,True,rh_precentral_part4,1,Primary motor cortex,Primary,False
0.15,rh_precentral_part5,0.4202594252126648,Control,MSN,500.aparc,Node Versatility,0.11664780708101455,0.16647769096428902,0.28312549804530357,True,rh_precentral_part5,1,Primary motor cortex,Primary,False
0.15,rh_precentral_part6,0.3610681730288013,Control,MSN,500.aparc,Node Versatility,0.11664780708101455,0.16647769096428902,0.28312549804530357,True,rh_precentral_part6,1,Primary motor cortex,Primary,False
0.15,rh_precuneus_part3,0.5860027351681962,Control,MSN,500.aparc,Node Versatility,0.11664780708101455,0.16647769096428902,0.28312549804530357,True,rh_precuneus_part3,2,Association cortex - type 1,Association,True
0.15,rh_rostralanteriorcingulate_part1,0.6774209618280982,Control,MSN,500.aparc,Node Versatility,0.11664780708101455,0.16647769096428902,0.28312549804530357,True,rh_rostralanteriorcingulate_part1,6,Limbic cortex,Limbic,False
0.15,rh_rostralmiddlefrontal_part7,0.3113638883306391,Control,MSN,500.aparc,Node Versatility,0.11664780708101455,0.16647769096428902,0.28312549804530357,True,rh_rostralmiddlefrontal_part7,3,Association cortex - type 2,Association,True
0.15,rh_superiorparietal_part6,0.7382989795359333,Control,MSN,500.aparc,Node Versatility,0.11664780708101455,0.16647769096428902,0.28312549804530357,True,rh_superiorparietal_part6,2,Association cortex - type 1,Association,True
0.2,lh_bankssts_part2,0.3807481280867471,Control,MSN,500.aparc,Node Versatility,0.1713502278751941,0.19173616235292054,0.3630863902281146,True,lh_bankssts_part2,3,Association cortex - type 2,Association,True
0.2,lh_fusiform_part1,0.4152201463277836,Control,MSN,500.aparc,Node Versatility,0.1713502278751941,0.19173616235292054,0.3630863902281146,True,lh_fusiform_part1,2,Association cortex - type 1,Association,True
0.2,lh_inferiorparietal_part1,0.3804372368476861,Control,MSN,500.aparc,Node Versatility,0.1713502278751941,0.19173616235292054,0.3630863902281146,True,lh_inferiorparietal_part1,3,Association cortex - type 2,Association,True
0.2,lh_inferiorparietal_part4,0.3845043779722634,Control,MSN,500.aparc,Node Versatility,0.1713502278751941,0.19173616235292054,0.3630863902281146,True,lh_inferiorparietal_part4,3,Association cortex - type 2,Association,True
0.2,lh_inferiorparietal_part5,0.528044948075525,Control,MSN,500.aparc,Node Versatility,0.1713502278751941,0.19173616235292054,0.3630863902281146,True,lh_inferiorparietal_part5,3,Association cortex - type 2,Association,True
0.2,lh_inferiorparietal_part8,0.5796363271205045,Control,MSN,500.aparc,Node Versatility,0.1713502278751941,0.19173616235292054,0.3630863902281146,True,lh_inferiorparietal_part8,3,Association cortex - type 2,Association,True
0.2,lh_inferiortemporal_part1,0.3986963886163123,Control,MSN,500.aparc,Node Versatility,0.1713502278751941,0.19173616235292054,0.3630863902281146,True,lh_inferiortemporal_part1,2,Association cortex - type 1,Association,True
0.2,lh_inferiortemporal_part2,0.5642168463873016,Control,MSN,500.aparc,Node Versatility,0.1713502278751941,0.19173616235292054,0.3630863902281146,True,lh_inferiortemporal_part2,2,Association cortex - type 1,Association,True
0.2,lh_inferiortemporal_part4,0.8261424105036984,Control,MSN,500.aparc,Node Versatility,0.1713502278751941,0.19173616235292054,0.3630863902281146,True,lh_inferiortemporal_part4,2,Association cortex - type 1,Association,True
0.2,lh_isthmuscingulate_part1,0.5218223196943392,Control,MSN,500.aparc,Node Versatility,0.1713502278751941,0.19173616235292054,0.3630863902281146,True,lh_isthmuscingulate_part1,6,Limbic cortex,Limbic,False
0.2,lh_lateraloccipital_part2,0.564576808252526,Control,MSN,500.aparc,Node Versatility,0.1713502278751941,0.19173616235292054,0.3630863902281146,True,lh_lateraloccipital_part2,4,Secondary sensory cortex,Secondary,False
0.2,lh_lateraloccipital_part4,0.8220033497159089,Control,MSN,500.aparc,Node Versatility,0.1713502278751941,0.19173616235292054,0.3630863902281146,True,lh_lateraloccipital_part4,4,Secondary sensory cortex,Secondary,False
0.2,lh_lateraloccipital_part7,0.3758326740757914,Control,MSN,500.aparc,Node Versatility,0.1713502278751941,0.19173616235292054,0.3630863902281146,True,lh_lateraloccipital_part7,4,Secondary sensory cortex,Secondary,False
0.2,lh_lateraloccipital_part9,0.3753167234815633,Control,MSN,500.aparc,Node Versatility,0.1713502278751941,0.19173616235292054,0.3630863902281146,True,lh_lateraloccipital_part9,4,Secondary sensory cortex,Secondary,False
0.2,lh_lateralorbitofrontal_part2,0.5150884897907045,Control,MSN,500.aparc,Node Versatility,0.1713502278751941,0.19173616235292054,0.3630863902281146,True,lh_lateralorbitofrontal_part2,4,Secondary sensory cortex,Secondary,False
0.2,lh_lateralorbitofrontal_part3,0.5881681123027706,Control,MSN,500.aparc,Node Versatility,0.1713502278751941,0.19173616235292054,0.3630863902281146,True,lh_lateralorbitofrontal_part3,4,Secondary sensory cortex,Secondary,False
0.2,lh_medialorbitofrontal_part1,0.5357761911809013,Control,MSN,500.aparc,Node Versatility,0.1713502278751941,0.19173616235292054,0.3630863902281146,True,lh_medialorbitofrontal_part1,4,Secondary sensory cortex,Secondary,False
0.2,lh_parsopercularis_part1,0.3879438410134514,Control,MSN,500.aparc,Node Versatility,0.1713502278751941,0.19173616235292054,0.3630863902281146,True,lh_parsopercularis_part1,2,Association cortex - type 1,Association,True
0.2,lh_postcentral_part6,0.3849338323338681,Control,MSN,500.aparc,Node Versatility,0.1713502278751941,0.19173616235292054,0.3630863902281146,True,lh_postcentral_part6,5,Primary sensory cortex,Primary,False
0.2,lh_precentral_part3,0.5218223196943392,Control,MSN,500.aparc,Node Versatility,0.1713502278751941,0.19173616235292054,0.3630863902281146,True,lh_precentral_part3,1,Primary motor cortex,Primary,False
0.2,lh_precentral_part5,0.5608775219945054,Control,MSN,500.aparc,Node Versatility,0.1713502278751941,0.19173616235292054,0.3630863902281146,True,lh_precentral_part5,1,Primary motor cortex,Primary,False
0.2,lh_precuneus_part2,0.3768026249952762,Control,MSN,500.aparc,Node Versatility,0.1713502278751941,0.19173616235292054,0.3630863902281146,True,lh_precuneus_part2,2,Association cortex - type 1,Association,True
0.2,lh_precuneus_part5,0.388896171514633,Control,MSN,500.aparc,Node Versatility,0.1713502278751941,0.19173616235292054,0.3630863902281146,True,lh_precuneus_part5,2,Association cortex - type 1,Association,True
0.2,lh_precuneus_part7,0.7404112873157929,Control,MSN,500.aparc,Node Versatility,0.1713502278751941,0.19173616235292054,0.3630863902281146,True,lh_precuneus_part7,2,Association cortex - type 1,Association,True
0.2,lh_rostralmiddlefrontal_part3,0.6056344423233161,Control,MSN,500.aparc,Node Versatility,0.1713502278751941,0.19173616235292054,0.3630863902281146,True,lh_rostralmiddlefrontal_part3,3,Association cortex - type 2,Association,True
0.2,lh_superiorfrontal_part10,0.551832208258532,Control,MSN,500.aparc,Node Versatility,0.1713502278751941,0.19173616235292054,0.3630863902281146,True,lh_superiorfrontal_part10,2,Association cortex - type 1,Association,True
0.2,lh_superiorfrontal_part4,0.5594571104899377,Control,MSN,500.aparc,Node Versatility,0.1713502278751941,0.19173616235292054,0.3630863902281146,True,lh_superiorfrontal_part4,2,Association cortex - type 1,Association,True
0.2,lh_superiorparietal_part1,0.5058091626097024,Control,MSN,500.aparc,Node Versatility,0.1713502278751941,0.19173616235292054,0.3630863902281146,True,lh_superiorparietal_part1,2,Association cortex - type 1,Association,True
0.2,lh_superiorparietal_part3,0.4874528285206918,Control,MSN,500.aparc,Node Versatility,0.1713502278751941,0.19173616235292054,0.3630863902281146,True,lh_superiorparietal_part3,2,Association cortex - type 1,Association,True
0.2,lh_superiortemporal_part3,0.3838727957904767,Control,MSN,500.aparc,Node Versatility,0.1713502278751941,0.19173616235292054,0.3630863902281146,True,lh_superiortemporal_part3,3,Association cortex - type 2,Association,True
0.2,lh_supramarginal_part4,0.369811130398116,Control,MSN,500.aparc,Node Versatility,0.1713502278751941,0.19173616235292054,0.3630863902281146,True,lh_supramarginal_part4,3,Association cortex - type 2,Association,True
0.2,rh_entorhinal_part1,0.5549306413488951,Control,MSN,500.aparc,Node Versatility,0.1713502278751941,0.19173616235292054,0.3630863902281146,True,rh_entorhinal_part1,6,Limbic cortex,Limbic,False
0.2,rh_fusiform_part5,0.4796347122935534,Control,MSN,500.aparc,Node Versatility,0.1713502278751941,0.19173616235292054,0.3630863902281146,True,rh_fusiform_part5,2,Association cortex - type 1,Association,True
0.2,rh_inferiorparietal_part10,0.4529277761642722,Control,MSN,500.aparc,Node Versatility,0.1713502278751941,0.19173616235292054,0.3630863902281146,True,rh_inferiorparietal_part10,3,Association cortex - type 2,Association,True
0.2,rh_inferiorparietal_part3,0.50735648399373,Control,MSN,500.aparc,Node Versatility,0.1713502278751941,0.19173616235292054,0.3630863902281146,True,rh_inferiorparietal_part3,3,Association cortex - type 2,Association,True
0.2,rh_inferiorparietal_part7,0.6056344423233161,Control,MSN,500.aparc,Node Versatility,0.1713502278751941,0.19173616235292054,0.3630863902281146,True,rh_inferiorparietal_part7,3,Association cortex - type 2,Association,True
0.2,rh_inferiortemporal_part2,0.7987994068241698,Control,MSN,500.aparc,Node Versatility,0.1713502278751941,0.19173616235292054,0.3630863902281146,True,rh_inferiortemporal_part2,2,Association cortex - type 1,Association,True
0.2,rh_inferiortemporal_part5,0.8964843384004236,Control,MSN,500.aparc,Node Versatility,0.1713502278751941,0.19173616235292054,0.3630863902281146,True,rh_inferiortemporal_part5,2,Association cortex - type 1,Association,True
0.2,rh_insula_part1,0.4993779138050768,Control,MSN,500.aparc,Node Versatility,0.1713502278751941,0.19173616235292054,0.3630863902281146,True,rh_insula_part1,7,Insular cortex,Insular,False
0.2,rh_lateralorbitofrontal_part2,0.5566191842814306,Control,MSN,500.aparc,Node Versatility,0.1713502278751941,0.19173616235292054,0.3630863902281146,True,rh_lateralorbitofrontal_part2,4,Secondary sensory cortex,Secondary,False
0.2,rh_medialorbitofrontal_part3,0.5883901143983736,Control,MSN,500.aparc,Node Versatility,0.1713502278751941,0.19173616235292054,0.3630863902281146,True,rh_medialorbitofrontal_part3,4,Secondary sensory cortex,Secondary,False
0.2,rh_parsopercularis_part1,0.4708645238092233,Control,MSN,500.aparc,Node Versatility,0.1713502278751941,0.19173616235292054,0.3630863902281146,True,rh_parsopercularis_part1,2,Association cortex - type 1,Association,True
0.2,rh_parstriangularis_part1,0.3893570910879599,Control,MSN,500.aparc,Node Versatility,0.1713502278751941,0.19173616235292054,0.3630863902281146,True,rh_parstriangularis_part1,2,Association cortex - type 1,Association,True
0.2,rh_postcentral_part4,0.3931731201988904,Control,MSN,500.aparc,Node Versatility,0.1713502278751941,0.19173616235292054,0.3630863902281146,True,rh_postcentral_part4,5,Primary sensory cortex,Primary,False
0.2,rh_precentral_part5,0.5041036968776659,Control,MSN,500.aparc,Node Versatility,0.1713502278751941,0.19173616235292054,0.3630863902281146,True,rh_precentral_part5,1,Primary motor cortex,Primary,False
0.2,rh_precentral_part6,0.4142696258765891,Control,MSN,500.aparc,Node Versatility,0.1713502278751941,0.19173616235292054,0.3630863902281146,True,rh_precentral_part6,1,Primary motor cortex,Primary,False
0.2,rh_precuneus_part3,0.6001254670552811,Control,MSN,500.aparc,Node Versatility,0.1713502278751941,0.19173616235292054,0.3630863902281146,True,rh_precuneus_part3,2,Association cortex - type 1,Association,True
0.2,rh_rostralanteriorcingulate_part1,0.6376092897589883,Control,MSN,500.aparc,Node Versatility,0.1713502278751941,0.19173616235292054,0.3630863902281146,True,rh_rostralanteriorcingulate_part1,6,Limbic cortex,Limbic,False
0.2,rh_rostralmiddlefrontal_part5,1.0,Control,MSN,500.aparc,Node Versatility,0.1713502278751941,0.19173616235292054,0.3630863902281146,True,rh_rostralmiddlefrontal_part5,3,Association cortex - type 2,Association,True
0.2,rh_superiorfrontal_part11,0.3899663052288451,Control,MSN,500.aparc,Node Versatility,0.1713502278751941,0.19173616235292054,0.3630863902281146,True,rh_superiorfrontal_part11,2,Association cortex - type 1,Association,True
0.2,rh_superiorfrontal_part12,0.9133217017710298,Control,MSN,500.aparc,Node Versatility,0.1713502278751941,0.19173616235292054,0.3630863902281146,True,rh_superiorfrontal_part12,2,Association cortex - type 1,Association,True
0.2,rh_superiorparietal_part2,0.5357761911809013,Control,MSN,500.aparc,Node Versatility,0.1713502278751941,0.19173616235292054,0.3630863902281146,True,rh_superiorparietal_part2,2,Association cortex - type 1,Association,True
0.2,rh_superiorparietal_part6,0.3804372368476861,Control,MSN,500.aparc,Node Versatility,0.1713502278751941,0.19173616235292054,0.3630863902281146,True,rh_superiorparietal_part6,2,Association cortex - type 1,Association,True
0.3,lh_fusiform_part1,0.543656673818256,Control,MSN,500.aparc,Node Versatility,0.2603236551431953,0.22817829348756485,0.48850194863076013,True,lh_fusiform_part1,2,Association cortex - type 1,Association,True
0.3,lh_inferiorparietal_part1,0.842362207403049,Control,MSN,500.aparc,Node Versatility,0.2603236551431953,0.22817829348756485,0.48850194863076013,True,lh_inferiorparietal_part1,3,Association cortex - type 2,Association,True
0.3,lh_inferiorparietal_part4,0.503540093922096,Control,MSN,500.aparc,Node Versatility,0.2603236551431953,0.22817829348756485,0.48850194863076013,True,lh_inferiorparietal_part4,3,Association cortex - type 2,Association,True
0.3,lh_inferiorparietal_part5,0.7085724839111402,Control,MSN,500.aparc,Node Versatility,0.2603236551431953,0.22817829348756485,0.48850194863076013,True,lh_inferiorparietal_part5,3,Association cortex - type 2,Association,True
0.3,lh_inferiorparietal_part8,0.5572261785660182,Control,MSN,500.aparc,Node Versatility,0.2603236551431953,0.22817829348756485,0.48850194863076013,True,lh_inferiorparietal_part8,3,Association cortex - type 2,Association,True
0.3,lh_inferiortemporal_part1,0.5025327250011979,Control,MSN,500.aparc,Node Versatility,0.2603236551431953,0.22817829348756485,0.48850194863076013,True,lh_inferiortemporal_part1,2,Association cortex - type 1,Association,True
0.3,lh_inferiortemporal_part4,0.8570679567765853,Control,MSN,500.aparc,Node Versatility,0.2603236551431953,0.22817829348756485,0.48850194863076013,True,lh_inferiortemporal_part4,2,Association cortex - type 1,Association,True
0.3,lh_isthmuscingulate_part1,0.6259116129294653,Control,MSN,500.aparc,Node Versatility,0.2603236551431953,0.22817829348756485,0.48850194863076013,True,lh_isthmuscingulate_part1,6,Limbic cortex,Limbic,False
0.3,lh_lateraloccipital_part2,0.7374994605005762,Control,MSN,500.aparc,Node Versatility,0.2603236551431953,0.22817829348756485,0.48850194863076013,True,lh_lateraloccipital_part2,4,Secondary sensory cortex,Secondary,False
0.3,lh_lateraloccipital_part4,0.6180332845950245,Control,MSN,500.aparc,Node Versatility,0.2603236551431953,0.22817829348756485,0.48850194863076013,True,lh_lateraloccipital_part4,4,Secondary sensory cortex,Secondary,False
0.3,lh_lateraloccipital_part7,0.5958662862656503,Control,MSN,500.aparc,Node Versatility,0.2603236551431953,0.22817829348756485,0.48850194863076013,True,lh_lateraloccipital_part7,4,Secondary sensory cortex,Secondary,False
0.3,lh_lateralorbitofrontal_part2,0.6366092403124182,Control,MSN,500.aparc,Node Versatility,0.2603236551431953,0.22817829348756485,0.48850194863076013,True,lh_lateralorbitofrontal_part2,4,Secondary sensory cortex,Secondary,False
0.3,lh_lateralorbitofrontal_part3,0.908753689824582,Control,MSN,500.aparc,Node Versatility,0.2603236551431953,0.22817829348756485,0.48850194863076013,True,lh_lateralorbitofrontal_part3,4,Secondary sensory cortex,Secondary,False
0.3,lh_medialorbitofrontal_part1,0.6490101791044506,Control,MSN,500.aparc,Node Versatility,0.2603236551431953,0.22817829348756485,0.48850194863076013,True,lh_medialorbitofrontal_part1,4,Secondary sensory cortex,Secondary,False
0.3,lh_paracentral_part3,0.5787971260717472,Control,MSN,500.aparc,Node Versatility,0.2603236551431953,0.22817829348756485,0.48850194863076013,True,lh_paracentral_part3,1,Primary motor cortex,Primary,False
0.3,lh_parahippocampal_part1,0.5654322411080428,Control,MSN,500.aparc,Node Versatility,0.2603236551431953,0.22817829348756485,0.48850194863076013,True,lh_parahippocampal_part1,6,Limbic cortex,Limbic,False
0.3,lh_parsopercularis_part1,0.5071979273579391,Control,MSN,500.aparc,Node Versatility,0.2603236551431953,0.22817829348756485,0.48850194863076013,True,lh_parsopercularis_part1,2,Association cortex - type 1,Association,True
0.3,lh_postcentral_part3,0.5103977071343849,Control,MSN,500.aparc,Node Versatility,0.2603236551431953,0.22817829348756485,0.48850194863076013,True,lh_postcentral_part3,5,Primary sensory cortex,Primary,False
0.3,lh_postcentral_part6,0.5295026120524865,Control,MSN,500.aparc,Node Versatility,0.2603236551431953,0.22817829348756485,0.48850194863076013,True,lh_postcentral_part6,5,Primary sensory cortex,Primary,False
0.3,lh_postcentral_part8,0.5742931019610424,Control,MSN,500.aparc,Node Versatility,0.2603236551431953,0.22817829348756485,0.48850194863076013,True,lh_postcentral_part8,5,Primary sensory cortex,Primary,False
0.3,lh_posteriorcingulate_part1,0.6833002338924085,Control,MSN,500.aparc,Node Versatility,0.2603236551431953,0.22817829348756485,0.48850194863076013,True,lh_posteriorcingulate_part1,6,Limbic cortex,Limbic,False
0.3,lh_precentral_part3,0.5528925703525318,Control,MSN,500.aparc,Node Versatility,0.2603236551431953,0.22817829348756485,0.48850194863076013,True,lh_precentral_part3,1,Primary motor cortex,Primary,False
0.3,lh_precentral_part5,0.9611908901282196,Control,MSN,500.aparc,Node Versatility,0.2603236551431953,0.22817829348756485,0.48850194863076013,True,lh_precentral_part5,1,Primary motor cortex,Primary,False
0.3,lh_precentral_part7,0.5658189985981666,Control,MSN,500.aparc,Node Versatility,0.2603236551431953,0.22817829348756485,0.48850194863076013,True,lh_precentral_part7,1,Primary motor cortex,Primary,False
0.3,lh_precuneus_part5,0.504408197168204,Control,MSN,500.aparc,Node Versatility,0.2603236551431953,0.22817829348756485,0.48850194863076013,True,lh_precuneus_part5,2,Association cortex - type 1,Association,True
0.3,lh_precuneus_part7,0.8033179921876846,Control,MSN,500.aparc,Node Versatility,0.2603236551431953,0.22817829348756485,0.48850194863076013,True,lh_precuneus_part7,2,Association cortex - type 1,Association,True
0.3,lh_rostralmiddlefrontal_part3,0.7483453428952949,Control,MSN,500.aparc,Node Versatility,0.2603236551431953,0.22817829348756485,0.48850194863076013,True,lh_rostralmiddlefrontal_part3,3,Association cortex - type 2,Association,True
0.3,lh_superiorfrontal_part10,0.7194064655074623,Control,MSN,500.aparc,Node Versatility,0.2603236551431953,0.22817829348756485,0.48850194863076013,True,lh_superiorfrontal_part10,2,Association cortex - type 1,Association,True
0.3,lh_superiorfrontal_part4,0.721930142027296,Control,MSN,500.aparc,Node Versatility,0.2603236551431953,0.22817829348756485,0.48850194863076013,True,lh_superiorfrontal_part4,2,Association cortex - type 1,Association,True
0.3,lh_superiorfrontal_part6,0.5617521102298688,Control,MSN,500.aparc,Node Versatility,0.2603236551431953,0.22817829348756485,0.48850194863076013,True,lh_superiorfrontal_part6,2,Association cortex - type 1,Association,True
0.3,lh_superiorparietal_part2,0.5137979451918642,Control,MSN,500.aparc,Node Versatility,0.2603236551431953,0.22817829348756485,0.48850194863076013,True,lh_superiorparietal_part2,2,Association cortex - type 1,Association,True
0.3,lh_superiorparietal_part6,0.5220156661677122,Control,MSN,500.aparc,Node Versatility,0.2603236551431953,0.22817829348756485,0.48850194863076013,True,lh_superiorparietal_part6,2,Association cortex - type 1,Association,True
0.3,lh_superiortemporal_part3,0.5129834085559103,Control,MSN,500.aparc,Node Versatility,0.2603236551431953,0.22817829348756485,0.48850194863076013,True,lh_superiortemporal_part3,3,Association cortex - type 2,Association,True
0.3,lh_supramarginal_part4,0.4912236017011818,Control,MSN,500.aparc,Node Versatility,0.2603236551431953,0.22817829348756485,0.48850194863076013,True,lh_supramarginal_part4,3,Association cortex - type 2,Association,True
0.3,rh_entorhinal_part1,0.8517663953457242,Control,MSN,500.aparc,Node Versatility,0.2603236551431953,0.22817829348756485,0.48850194863076013,True,rh_entorhinal_part1,6,Limbic cortex,Limbic,False
0.3,rh_fusiform_part5,0.6567630901245525,Control,MSN,500.aparc,Node Versatility,0.2603236551431953,0.22817829348756485,0.48850194863076013,True,rh_fusiform_part5,2,Association cortex - type 1,Association,True
0.3,rh_inferiorparietal_part2,0.5924615284505109,Control,MSN,500.aparc,Node Versatility,0.2603236551431953,0.22817829348756485,0.48850194863076013,True,rh_inferiorparietal_part2,3,Association cortex - type 2,Association,True
0.3,rh_inferiorparietal_part3,0.5991800749418175,Control,MSN,500.aparc,Node Versatility,0.2603236551431953,0.22817829348756485,0.48850194863076013,True,rh_inferiorparietal_part3,3,Association cortex - type 2,Association,True
0.3,rh_inferiorparietal_part4,0.5892555357009827,Control,MSN,500.aparc,Node Versatility,0.2603236551431953,0.22817829348756485,0.48850194863076013,True,rh_inferiorparietal_part4,3,Association cortex - type 2,Association,True
0.3,rh_inferiorparietal_part7,0.6126989768153779,Control,MSN,500.aparc,Node Versatility,0.2603236551431953,0.22817829348756485,0.48850194863076013,True,rh_inferiorparietal_part7,3,Association cortex - type 2,Association,True
0.3,rh_inferiortemporal_part2,0.7075498221920599,Control,MSN,500.aparc,Node Versatility,0.2603236551431953,0.22817829348756485,0.48850194863076013,True,rh_inferiortemporal_part2,2,Association cortex - type 1,Association,True
0.3,rh_inferiortemporal_part5,0.8342735101755633,Control,MSN,500.aparc,Node Versatility,0.2603236551431953,0.22817829348756485,0.48850194863076013,True,rh_inferiortemporal_part5,2,Association cortex - type 1,Association,True
0.3,rh_insula_part1,0.5806858427529334,Control,MSN,500.aparc,Node Versatility,0.2603236551431953,0.22817829348756485,0.48850194863076013,True,rh_insula_part1,7,Insular cortex,Insular,False
0.3,rh_isthmuscingulate_part1,0.5658396267374995,Control,MSN,500.aparc,Node Versatility,0.2603236551431953,0.22817829348756485,0.48850194863076013,True,rh_isthmuscingulate_part1,6,Limbic cortex,Limbic,False
0.3,rh_lateraloccipital_part9,0.9717507402297556,Control,MSN,500.aparc,Node Versatility,0.2603236551431953,0.22817829348756485,0.48850194863076013,True,rh_lateraloccipital_part9,4,Secondary sensory cortex,Secondary,False
0.3,rh_lateralorbitofrontal_part2,0.8685833219786145,Control,MSN,500.aparc,Node Versatility,0.2603236551431953,0.22817829348756485,0.48850194863076013,True,rh_lateralorbitofrontal_part2,4,Secondary sensory cortex,Secondary,False
0.3,rh_medialorbitofrontal_part3,0.9357133673851508,Control,MSN,500.aparc,Node Versatility,0.2603236551431953,0.22817829348756485,0.48850194863076013,True,rh_medialorbitofrontal_part3,4,Secondary sensory cortex,Secondary,False
0.3,rh_parsopercularis_part1,0.5613986600132026,Control,MSN,500.aparc,Node Versatility,0.2603236551431953,0.22817829348756485,0.48850194863076013,True,rh_parsopercularis_part1,2,Association cortex - type 1,Association,True
0.3,rh_parstriangularis_part1,0.5048244300840706,Control,MSN,500.aparc,Node Versatility,0.2603236551431953,0.22817829348756485,0.48850194863076013,True,rh_parstriangularis_part1,2,Association cortex - type 1,Association,True
0.3,rh_postcentral_part4,0.5101484579921383,Control,MSN,500.aparc,Node Versatility,0.2603236551431953,0.22817829348756485,0.48850194863076013,True,rh_postcentral_part4,5,Primary sensory cortex,Primary,False
0.3,rh_postcentral_part6,0.4892639775534358,Control,MSN,500.aparc,Node Versatility,0.2603236551431953,0.22817829348756485,0.48850194863076013,True,rh_postcentral_part6,5,Primary sensory cortex,Primary,False
0.3,rh_posteriorcingulate_part2,0.540543490498971,Control,MSN,500.aparc,Node Versatility,0.2603236551431953,0.22817829348756485,0.48850194863076013,True,rh_posteriorcingulate_part2,6,Limbic cortex,Limbic,False
0.3,rh_precentral_part4,0.6218352015135507,Control,MSN,500.aparc,Node Versatility,0.2603236551431953,0.22817829348756485,0.48850194863076013,True,rh_precentral_part4,1,Primary motor cortex,Primary,False
0.3,rh_precentral_part5,0.9681751600393992,Control,MSN,500.aparc,Node Versatility,0.2603236551431953,0.22817829348756485,0.48850194863076013,True,rh_precentral_part5,1,Primary motor cortex,Primary,False
0.3,rh_precentral_part6,0.527224459053297,Control,MSN,500.aparc,Node Versatility,0.2603236551431953,0.22817829348756485,0.48850194863076013,True,rh_precentral_part6,1,Primary motor cortex,Primary,False
0.3,rh_precuneus_part3,0.7099934569692411,Control,MSN,500.aparc,Node Versatility,0.2603236551431953,0.22817829348756485,0.48850194863076013,True,rh_precuneus_part3,2,Association cortex - type 1,Association,True
0.3,rh_rostralanteriorcingulate_part1,0.5506745334713079,Control,MSN,500.aparc,Node Versatility,0.2603236551431953,0.22817829348756485,0.48850194863076013,True,rh_rostralanteriorcingulate_part1,6,Limbic cortex,Limbic,False
0.3,rh_rostralmiddlefrontal_part3,0.5864170447060782,Control,MSN,500.aparc,Node Versatility,0.2603236551431953,0.22817829348756485,0.48850194863076013,True,rh_rostralmiddlefrontal_part3,3,Association cortex - type 2,Association,True
0.3,rh_rostralmiddlefrontal_part5,0.550806845874108,Control,MSN,500.aparc,Node Versatility,0.2603236551431953,0.22817829348756485,0.48850194863076013,True,rh_rostralmiddlefrontal_part5,3,Association cortex - type 2,Association,True
0.3,rh_rostralmiddlefrontal_part7,0.508696505455125,Control,MSN,500.aparc,Node Versatility,0.2603236551431953,0.22817829348756485,0.48850194863076013,True,rh_rostralmiddlefrontal_part7,3,Association cortex - type 2,Association,True
0.3,rh_rostralmiddlefrontal_part8,0.5224312009136016,Control,MSN,500.aparc,Node Versatility,0.2603236551431953,0.22817829348756485,0.48850194863076013,True,rh_rostralmiddlefrontal_part8,3,Association cortex - type 2,Association,True
0.3,rh_superiorfrontal_part11,0.5025144685102255,Control,MSN,500.aparc,Node Versatility,0.2603236551431953,0.22817829348756485,0.48850194863076013,True,rh_superiorfrontal_part11,2,Association cortex - type 1,Association,True
0.3,rh_superiorfrontal_part12,0.5766473995368675,Control,MSN,500.aparc,Node Versatility,0.2603236551431953,0.22817829348756485,0.48850194863076013,True,rh_superiorfrontal_part12,2,Association cortex - type 1,Association,True
0.3,rh_superiorfrontal_part4,0.5171343815473541,Control,MSN,500.aparc,Node Versatility,0.2603236551431953,0.22817829348756485,0.48850194863076013,True,rh_superiorfrontal_part4,2,Association cortex - type 1,Association,True
0.3,rh_superiorfrontal_part5,0.5787971260717472,Control,MSN,500.aparc,Node Versatility,0.2603236551431953,0.22817829348756485,0.48850194863076013,True,rh_superiorfrontal_part5,2,Association cortex - type 1,Association,True
0.3,rh_superiorparietal_part2,0.884995752702694,Control,MSN,500.aparc,Node Versatility,0.2603236551431953,0.22817829348756485,0.48850194863076013,True,rh_superiorparietal_part2,2,Association cortex - type 1,Association,True
0.3,rh_superiorparietal_part6,0.5283317858153732,Control,MSN,500.aparc,Node Versatility,0.2603236551431953,0.22817829348756485,0.48850194863076013,True,rh_superiorparietal_part6,2,Association cortex - type 1,Association,True
0.4,lh_fusiform_part1,0.5256726545474901,Control,MSN,500.aparc,Node Versatility,0.2697653450095676,0.2077704861289922,0.4775358311385598,True,lh_fusiform_part1,2,Association cortex - type 1,Association,True
0.4,lh_inferiorparietal_part1,0.6139200443496983,Control,MSN,500.aparc,Node Versatility,0.2697653450095676,0.2077704861289922,0.4775358311385598,True,lh_inferiorparietal_part1,3,Association cortex - type 2,Association,True
0.4,lh_inferiorparietal_part5,0.6349864143515884,Control,MSN,500.aparc,Node Versatility,0.2697653450095676,0.2077704861289922,0.4775358311385598,True,lh_inferiorparietal_part5,3,Association cortex - type 2,Association,True
0.4,lh_inferiorparietal_part8,0.5324074306432642,Control,MSN,500.aparc,Node Versatility,0.2697653450095676,0.2077704861289922,0.4775358311385598,True,lh_inferiorparietal_part8,3,Association cortex - type 2,Association,True
0.4,lh_inferiortemporal_part1,0.4830061228942571,Control,MSN,500.aparc,Node Versatility,0.2697653450095676,0.2077704861289922,0.4775358311385598,True,lh_inferiortemporal_part1,2,Association cortex - type 1,Association,True
0.4,lh_inferiortemporal_part4,0.6843895371228321,Control,MSN,500.aparc,Node Versatility,0.2697653450095676,0.2077704861289922,0.4775358311385598,True,lh_inferiortemporal_part4,2,Association cortex - type 1,Association,True
0.4,lh_isthmuscingulate_part1,0.8011339269422583,Control,MSN,500.aparc,Node Versatility,0.2697653450095676,0.2077704861289922,0.4775358311385598,True,lh_isthmuscingulate_part1,6,Limbic cortex,Limbic,False
0.4,lh_lateraloccipital_part2,0.5766149446117889,Control,MSN,500.aparc,Node Versatility,0.2697653450095676,0.2077704861289922,0.4775358311385598,True,lh_lateraloccipital_part2,4,Secondary sensory cortex,Secondary,False
0.4,lh_lateraloccipital_part4,0.5183757795372885,Control,MSN,500.aparc,Node Versatility,0.2697653450095676,0.2077704861289922,0.4775358311385598,True,lh_lateraloccipital_part4,4,Secondary sensory cortex,Secondary,False
0.4,lh_lateraloccipital_part7,0.5841958720390699,Control,MSN,500.aparc,Node Versatility,0.2697653450095676,0.2077704861289922,0.4775358311385598,True,lh_lateraloccipital_part7,4,Secondary sensory cortex,Secondary,False
0.4,lh_lateralorbitofrontal_part2,0.6624546214120435,Control,MSN,500.aparc,Node Versatility,0.2697653450095676,0.2077704861289922,0.4775358311385598,True,lh_lateralorbitofrontal_part2,4,Secondary sensory cortex,Secondary,False
0.4,lh_lateralorbitofrontal_part3,0.8712605865783106,Control,MSN,500.aparc,Node Versatility,0.2697653450095676,0.2077704861289922,0.4775358311385598,True,lh_lateralorbitofrontal_part3,4,Secondary sensory cortex,Secondary,False
0.4,lh_lingual_part5,0.5280333748686425,Control,MSN,500.aparc,Node Versatility,0.2697653450095676,0.2077704861289922,0.4775358311385598,True,lh_lingual_part5,4,Secondary sensory cortex,Secondary,False
0.4,lh_medialorbitofrontal_part1,0.6624546214120435,Control,MSN,500.aparc,Node Versatility,0.2697653450095676,0.2077704861289922,0.4775358311385598,True,lh_medialorbitofrontal_part1,4,Secondary sensory cortex,Secondary,False
0.4,lh_medialorbitofrontal_part3,0.5722402480130395,Control,MSN,500.aparc,Node Versatility,0.2697653450095676,0.2077704861289922,0.4775358311385598,True,lh_medialorbitofrontal_part3,4,Secondary sensory cortex,Secondary,False
0.4,lh_paracentral_part3,0.618233230631671,Control,MSN,500.aparc,Node Versatility,0.2697653450095676,0.2077704861289922,0.4775358311385598,True,lh_paracentral_part3,1,Primary motor cortex,Primary,False
0.4,lh_parahippocampal_part1,0.609531232332738,Control,MSN,500.aparc,Node Versatility,0.2697653450095676,0.2077704861289922,0.4775358311385598,True,lh_parahippocampal_part1,6,Limbic cortex,Limbic,False
0.4,lh_postcentral_part3,0.5227114653958704,Control,MSN,500.aparc,Node Versatility,0.2697653450095676,0.2077704861289922,0.4775358311385598,True,lh_postcentral_part3,5,Primary sensory cortex,Primary,False
0.4,lh_postcentral_part6,0.5132596924650323,Control,MSN,500.aparc,Node Versatility,0.2697653450095676,0.2077704861289922,0.4775358311385598,True,lh_postcentral_part6,5,Primary sensory cortex,Primary,False
0.4,lh_postcentral_part7,0.5070558659309065,Control,MSN,500.aparc,Node Versatility,0.2697653450095676,0.2077704861289922,0.4775358311385598,True,lh_postcentral_part7,5,Primary sensory cortex,Primary,False
0.4,lh_postcentral_part8,0.5395220989027188,Control,MSN,500.aparc,Node Versatility,0.2697653450095676,0.2077704861289922,0.4775358311385598,True,lh_postcentral_part8,5,Primary sensory cortex,Primary,False
0.4,lh_posteriorcingulate_part1,0.5272928801085756,Control,MSN,500.aparc,Node Versatility,0.2697653450095676,0.2077704861289922,0.4775358311385598,True,lh_posteriorcingulate_part1,6,Limbic cortex,Limbic,False
0.4,lh_precentral_part3,0.5903991017875163,Control,MSN,500.aparc,Node Versatility,0.2697653450095676,0.2077704861289922,0.4775358311385598,True,lh_precentral_part3,1,Primary motor cortex,Primary,False
0.4,lh_precentral_part5,0.8509387552896597,Control,MSN,500.aparc,Node Versatility,0.2697653450095676,0.2077704861289922,0.4775358311385598,True,lh_precentral_part5,1,Primary motor cortex,Primary,False
0.4,lh_precentral_part7,0.5867020336660101,Control,MSN,500.aparc,Node Versatility,0.2697653450095676,0.2077704861289922,0.4775358311385598,True,lh_precentral_part7,1,Primary motor cortex,Primary,False
0.4,lh_precuneus_part5,0.4811708345007593,Control,MSN,500.aparc,Node Versatility,0.2697653450095676,0.2077704861289922,0.4775358311385598,True,lh_precuneus_part5,2,Association cortex - type 1,Association,True
0.4,lh_precuneus_part7,0.8419486066806807,Control,MSN,500.aparc,Node Versatility,0.2697653450095676,0.2077704861289922,0.4775358311385598,True,lh_precuneus_part7,2,Association cortex - type 1,Association,True
0.4,lh_superiorfrontal_part10,0.6534759354493306,Control,MSN,500.aparc,Node Versatility,0.2697653450095676,0.2077704861289922,0.4775358311385598,True,lh_superiorfrontal_part10,2,Association cortex - type 1,Association,True
0.4,lh_superiorfrontal_part4,0.6594410138053405,Control,MSN,500.aparc,Node Versatility,0.2697653450095676,0.2077704861289922,0.4775358311385598,True,lh_superiorfrontal_part4,2,Association cortex - type 1,Association,True
0.4,lh_superiorfrontal_part6,0.5817455460404466,Control,MSN,500.aparc,Node Versatility,0.2697653450095676,0.2077704861289922,0.4775358311385598,True,lh_superiorfrontal_part6,2,Association cortex - type 1,Association,True
0.4,lh_superiorparietal_part6,0.568699738327605,Control,MSN,500.aparc,Node Versatility,0.2697653450095676,0.2077704861289922,0.4775358311385598,True,lh_superiorparietal_part6,2,Association cortex - type 1,Association,True
0.4,lh_superiortemporal_part3,0.4944142313451222,Control,MSN,500.aparc,Node Versatility,0.2697653450095676,0.2077704861289922,0.4775358311385598,True,lh_superiortemporal_part3,3,Association cortex - type 2,Association,True
0.4,lh_supramarginal_part4,0.480663622396999,Control,MSN,500.aparc,Node Versatility,0.2697653450095676,0.2077704861289922,0.4775358311385598,True,lh_supramarginal_part4,3,Association cortex - type 2,Association,True
0.4,rh_entorhinal_part1,0.760301601619927,Control,MSN,500.aparc,Node Versatility,0.2697653450095676,0.2077704861289922,0.4775358311385598,True,rh_entorhinal_part1,6,Limbic cortex,Limbic,False
0.4,rh_inferiorparietal_part2,0.6335285853054331,Control,MSN,500.aparc,Node Versatility,0.2697653450095676,0.2077704861289922,0.4775358311385598,True,rh_inferiorparietal_part2,3,Association cortex - type 2,Association,True
0.4,rh_inferiorparietal_part4,0.6135810679462133,Control,MSN,500.aparc,Node Versatility,0.2697653450095676,0.2077704861289922,0.4775358311385598,True,rh_inferiorparietal_part4,3,Association cortex - type 2,Association,True
0.4,rh_inferiortemporal_part2,0.735487701133414,Control,MSN,500.aparc,Node Versatility,0.2697653450095676,0.2077704861289922,0.4775358311385598,True,rh_inferiortemporal_part2,2,Association cortex - type 1,Association,True
0.4,rh_inferiortemporal_part5,0.8949187536762494,Control,MSN,500.aparc,Node Versatility,0.2697653450095676,0.2077704861289922,0.4775358311385598,True,rh_inferiortemporal_part5,2,Association cortex - type 1,Association,True
0.4,rh_insula_part1,0.5950425670447995,Control,MSN,500.aparc,Node Versatility,0.2697653450095676,0.2077704861289922,0.4775358311385598,True,rh_insula_part1,7,Insular cortex,Insular,False
0.4,rh_isthmuscingulate_part1,0.609531232332738,Control,MSN,500.aparc,Node Versatility,0.2697653450095676,0.2077704861289922,0.4775358311385598,True,rh_isthmuscingulate_part1,6,Limbic cortex,Limbic,False
0.4,rh_lateralorbitofrontal_part2,0.7275098759807556,Control,MSN,500.aparc,Node Versatility,0.2697653450095676,0.2077704861289922,0.4775358311385598,True,rh_lateralorbitofrontal_part2,4,Secondary sensory cortex,Secondary,False
0.4,rh_medialorbitofrontal_part3,0.887324214316891,Control,MSN,500.aparc,Node Versatility,0.2697653450095676,0.2077704861289922,0.4775358311385598,True,rh_medialorbitofrontal_part3,4,Secondary sensory cortex,Secondary,False
0.4,rh_parsopercularis_part1,0.5889925010941982,Control,MSN,500.aparc,Node Versatility,0.2697653450095676,0.2077704861289922,0.4775358311385598,True,rh_parsopercularis_part1,2,Association cortex - type 1,Association,True
0.4,rh_parstriangularis_part1,0.4808939435249793,Control,MSN,500.aparc,Node Versatility,0.2697653450095676,0.2077704861289922,0.4775358311385598,True,rh_parstriangularis_part1,2,Association cortex - type 1,Association,True
0.4,rh_postcentral_part4,0.4909935846812523,Control,MSN,500.aparc,Node Versatility,0.2697653450095676,0.2077704861289922,0.4775358311385598,True,rh_postcentral_part4,5,Primary sensory cortex,Primary,False
0.4,rh_posteriorcingulate_part2,0.5052039321244183,Control,MSN,500.aparc,Node Versatility,0.2697653450095676,0.2077704861289922,0.4775358311385598,True,rh_posteriorcingulate_part2,6,Limbic cortex,Limbic,False
0.4,rh_precentral_part4,0.7789817141830011,Control,MSN,500.aparc,Node Versatility,0.2697653450095676,0.2077704861289922,0.4775358311385598,True,rh_precentral_part4,1,Primary motor cortex,Primary,False
0.4,rh_precentral_part5,0.8722095847982068,Control,MSN,500.aparc,Node Versatility,0.2697653450095676,0.2077704861289922,0.4775358311385598,True,rh_precentral_part5,1,Primary motor cortex,Primary,False
0.4,rh_precentral_part6,0.6948331520666968,Control,MSN,500.aparc,Node Versatility,0.2697653450095676,0.2077704861289922,0.4775358311385598,True,rh_precentral_part6,1,Primary motor cortex,Primary,False
0.4,rh_precuneus_part3,0.5225982307467807,Control,MSN,500.aparc,Node Versatility,0.2697653450095676,0.2077704861289922,0.4775358311385598,True,rh_precuneus_part3,2,Association cortex - type 1,Association,True
0.4,rh_rostralanteriorcingulate_part1,0.5308484307474095,Control,MSN,500.aparc,Node Versatility,0.2697653450095676,0.2077704861289922,0.4775358311385598,True,rh_rostralanteriorcingulate_part1,6,Limbic cortex,Limbic,False
0.4,rh_rostralmiddlefrontal_part3,0.5788862337599475,Control,MSN,500.aparc,Node Versatility,0.2697653450095676,0.2077704861289922,0.4775358311385598,True,rh_rostralmiddlefrontal_part3,3,Association cortex - type 2,Association,True
0.4,rh_rostralmiddlefrontal_part5,0.5122767397900244,Control,MSN,500.aparc,Node Versatility,0.2697653450095676,0.2077704861289922,0.4775358311385598,True,rh_rostralmiddlefrontal_part5,3,Association cortex - type 2,Association,True
0.4,rh_rostralmiddlefrontal_part7,0.5262061286944549,Control,MSN,500.aparc,Node Versatility,0.2697653450095676,0.2077704861289922,0.4775358311385598,True,rh_rostralmiddlefrontal_part7,3,Association cortex - type 2,Association,True
0.4,rh_superiorfrontal_part10,0.5981848790765523,Control,MSN,500.aparc,Node Versatility,0.2697653450095676,0.2077704861289922,0.4775358311385598,True,rh_superiorfrontal_part10,2,Association cortex - type 1,Association,True
0.4,rh_superiorfrontal_part4,0.5637931103142699,Control,MSN,500.aparc,Node Versatility,0.2697653450095676,0.2077704861289922,0.4775358311385598,True,rh_superiorfrontal_part4,2,Association cortex - type 1,Association,True
0.4,rh_superiorfrontal_part5,0.618233230631671,Control,MSN,500.aparc,Node Versatility,0.2697653450095676,0.2077704861289922,0.4775358311385598,True,rh_superiorfrontal_part5,2,Association cortex - type 1,Association,True
0.4,rh_superiorparietal_part2,0.8472433794415796,Control,MSN,500.aparc,Node Versatility,0.2697653450095676,0.2077704861289922,0.4775358311385598,True,rh_superiorparietal_part2,2,Association cortex - type 1,Association,True
0.4,rh_superiorparietal_part6,0.6685981253468302,Control,MSN,500.aparc,Node Versatility,0.2697653450095676,0.2077704861289922,0.4775358311385598,True,rh_superiorparietal_part6,2,Association cortex - type 1,Association,True
0.5,lh_fusiform_part1,0.4882921351382269,Control,MSN,500.aparc,Node Versatility,0.26248471684262353,0.2070143822713889,0.46949909911401244,True,lh_fusiform_part1,2,Association cortex - type 1,Association,True
0.5,lh_inferiorparietal_part1,0.5113274195352255,Control,MSN,500.aparc,Node Versatility,0.26248471684262353,0.2070143822713889,0.46949909911401244,True,lh_inferiorparietal_part1,3,Association cortex - type 2,Association,True
0.5,lh_inferiorparietal_part5,0.5597674016630978,Control,MSN,500.aparc,Node Versatility,0.26248471684262353,0.2070143822713889,0.46949909911401244,True,lh_inferiorparietal_part5,3,Association cortex - type 2,Association,True
0.5,lh_inferiortemporal_part4,0.7007908553865091,Control,MSN,500.aparc,Node Versatility,0.26248471684262353,0.2070143822713889,0.46949909911401244,True,lh_inferiortemporal_part4,2,Association cortex - type 1,Association,True
0.5,lh_isthmuscingulate_part1,0.843402291287384,Control,MSN,500.aparc,Node Versatility,0.26248471684262353,0.2070143822713889,0.46949909911401244,True,lh_isthmuscingulate_part1,6,Limbic cortex,Limbic,False
0.5,lh_lateraloccipital_part7,0.6037680674305923,Control,MSN,500.aparc,Node Versatility,0.26248471684262353,0.2070143822713889,0.46949909911401244,True,lh_lateraloccipital_part7,4,Secondary sensory cortex,Secondary,False
0.5,lh_lateralorbitofrontal_part2,0.6284484680899312,Control,MSN,500.aparc,Node Versatility,0.26248471684262353,0.2070143822713889,0.46949909911401244,True,lh_lateralorbitofrontal_part2,4,Secondary sensory cortex,Secondary,False
0.5,lh_lateralorbitofrontal_part3,0.8180802593937381,Control,MSN,500.aparc,Node Versatility,0.26248471684262353,0.2070143822713889,0.46949909911401244,True,lh_lateralorbitofrontal_part3,4,Secondary sensory cortex,Secondary,False
0.5,lh_lingual_part5,0.4917198416733765,Control,MSN,500.aparc,Node Versatility,0.26248471684262353,0.2070143822713889,0.46949909911401244,True,lh_lingual_part5,4,Secondary sensory cortex,Secondary,False
0.5,lh_medialorbitofrontal_part1,0.6316437118637798,Control,MSN,500.aparc,Node Versatility,0.26248471684262353,0.2070143822713889,0.46949909911401244,True,lh_medialorbitofrontal_part1,4,Secondary sensory cortex,Secondary,False
0.5,lh_medialorbitofrontal_part3,0.7237622538320477,Control,MSN,500.aparc,Node Versatility,0.26248471684262353,0.2070143822713889,0.46949909911401244,True,lh_medialorbitofrontal_part3,4,Secondary sensory cortex,Secondary,False
0.5,lh_paracentral_part3,0.6596567660929805,Control,MSN,500.aparc,Node Versatility,0.26248471684262353,0.2070143822713889,0.46949909911401244,True,lh_paracentral_part3,1,Primary motor cortex,Primary,False
0.5,lh_parahippocampal_part1,0.64740772911337,Control,MSN,500.aparc,Node Versatility,0.26248471684262353,0.2070143822713889,0.46949909911401244,True,lh_parahippocampal_part1,6,Limbic cortex,Limbic,False
0.5,lh_parsopercularis_part1,0.4733824139743653,Control,MSN,500.aparc,Node Versatility,0.26248471684262353,0.2070143822713889,0.46949909911401244,True,lh_parsopercularis_part1,2,Association cortex - type 1,Association,True
0.5,lh_postcentral_part3,0.4771975349307386,Control,MSN,500.aparc,Node Versatility,0.26248471684262353,0.2070143822713889,0.46949909911401244,True,lh_postcentral_part3,5,Primary sensory cortex,Primary,False
0.5,lh_postcentral_part6,0.4827165741535738,Control,MSN,500.aparc,Node Versatility,0.26248471684262353,0.2070143822713889,0.46949909911401244,True,lh_postcentral_part6,5,Primary sensory cortex,Primary,False
0.5,lh_postcentral_part8,0.5812578116011603,Control,MSN,500.aparc,Node Versatility,0.26248471684262353,0.2070143822713889,0.46949909911401244,True,lh_postcentral_part8,5,Primary sensory cortex,Primary,False
0.5,lh_posteriorcingulate_part1,0.4723967867352329,Control,MSN,500.aparc,Node Versatility,0.26248471684262353,0.2070143822713889,0.46949909911401244,True,lh_posteriorcingulate_part1,6,Limbic cortex,Limbic,False
0.5,lh_precentral_part3,0.5846988039839088,Control,MSN,500.aparc,Node Versatility,0.26248471684262353,0.2070143822713889,0.46949909911401244,True,lh_precentral_part3,1,Primary motor cortex,Primary,False
0.5,lh_precentral_part5,0.7709622160353626,Control,MSN,500.aparc,Node Versatility,0.26248471684262353,0.2070143822713889,0.46949909911401244,True,lh_precentral_part5,1,Primary motor cortex,Primary,False
0.5,lh_precentral_part7,0.6259869398436467,Control,MSN,500.aparc,Node Versatility,0.26248471684262353,0.2070143822713889,0.46949909911401244,True,lh_precentral_part7,1,Primary motor cortex,Primary,False
0.5,lh_precuneus_part7,0.9544442099234374,Control,MSN,500.aparc,Node Versatility,0.26248471684262353,0.2070143822713889,0.46949909911401244,True,lh_precuneus_part7,2,Association cortex - type 1,Association,True
0.5,lh_superiorfrontal_part10,0.6951935120044487,Control,MSN,500.aparc,Node Versatility,0.26248471684262353,0.2070143822713889,0.46949909911401244,True,lh_superiorfrontal_part10,2,Association cortex - type 1,Association,True
0.5,lh_superiorfrontal_part4,0.7048537616318825,Control,MSN,500.aparc,Node Versatility,0.26248471684262353,0.2070143822713889,0.46949909911401244,True,lh_superiorfrontal_part4,2,Association cortex - type 1,Association,True
0.5,lh_superiorfrontal_part6,0.63880990684505,Control,MSN,500.aparc,Node Versatility,0.26248471684262353,0.2070143822713889,0.46949909911401244,True,lh_superiorfrontal_part6,2,Association cortex - type 1,Association,True
0.5,lh_superiorparietal_part2,0.4771310359563798,Control,MSN,500.aparc,Node Versatility,0.26248471684262353,0.2070143822713889,0.46949909911401244,True,lh_superiorparietal_part2,2,Association cortex - type 1,Association,True
0.5,lh_superiorparietal_part6,0.5363693186375458,Control,MSN,500.aparc,Node Versatility,0.26248471684262353,0.2070143822713889,0.46949909911401244,True,lh_superiorparietal_part6,2,Association cortex - type 1,Association,True
0.5,lh_superiortemporal_part3,0.4790963418364421,Control,MSN,500.aparc,Node Versatility,0.26248471684262353,0.2070143822713889,0.46949909911401244,True,lh_superiortemporal_part3,3,Association cortex - type 2,Association,True
0.5,rh_entorhinal_part1,0.7144606006332581,Control,MSN,500.aparc,Node Versatility,0.26248471684262353,0.2070143822713889,0.46949909911401244,True,rh_entorhinal_part1,6,Limbic cortex,Limbic,False
0.5,rh_inferiorparietal_part2,0.6730377243647416,Control,MSN,500.aparc,Node Versatility,0.26248471684262353,0.2070143822713889,0.46949909911401244,True,rh_inferiorparietal_part2,3,Association cortex - type 2,Association,True
0.5,rh_inferiorparietal_part4,0.6795456395449844,Control,MSN,500.aparc,Node Versatility,0.26248471684262353,0.2070143822713889,0.46949909911401244,True,rh_inferiorparietal_part4,3,Association cortex - type 2,Association,True
0.5,rh_inferiortemporal_part2,0.6478346988244623,Control,MSN,500.aparc,Node Versatility,0.26248471684262353,0.2070143822713889,0.46949909911401244,True,rh_inferiortemporal_part2,2,Association cortex - type 1,Association,True
0.5,rh_inferiortemporal_part5,0.965468063780801,Control,MSN,500.aparc,Node Versatility,0.26248471684262353,0.2070143822713889,0.46949909911401244,True,rh_inferiortemporal_part5,2,Association cortex - type 1,Association,True
0.5,rh_insula_part1,0.5848517947269977,Control,MSN,500.aparc,Node Versatility,0.26248471684262353,0.2070143822713889,0.46949909911401244,True,rh_insula_part1,7,Insular cortex,Insular,False
0.5,rh_isthmuscingulate_part1,0.6479958807278123,Control,MSN,500.aparc,Node Versatility,0.26248471684262353,0.2070143822713889,0.46949909911401244,True,rh_isthmuscingulate_part1,6,Limbic cortex,Limbic,False
0.5,rh_lateraloccipital_part9,0.6817885519755131,Control,MSN,500.aparc,Node Versatility,0.26248471684262353,0.2070143822713889,0.46949909911401244,True,rh_lateraloccipital_part9,4,Secondary sensory cortex,Secondary,False
0.5,rh_lateralorbitofrontal_part2,0.7401677602426185,Control,MSN,500.aparc,Node Versatility,0.26248471684262353,0.2070143822713889,0.46949909911401244,True,rh_lateralorbitofrontal_part2,4,Secondary sensory cortex,Secondary,False
0.5,rh_medialorbitofrontal_part3,0.8335368427252934,Control,MSN,500.aparc,Node Versatility,0.26248471684262353,0.2070143822713889,0.46949909911401244,True,rh_medialorbitofrontal_part3,4,Secondary sensory cortex,Secondary,False
0.5,rh_parsopercularis_part1,0.5717719834227206,Control,MSN,500.aparc,Node Versatility,0.26248471684262353,0.2070143822713889,0.46949909911401244,True,rh_parsopercularis_part1,2,Association cortex - type 1,Association,True
0.5,rh_posteriorcingulate_part2,0.5495879339664074,Control,MSN,500.aparc,Node Versatility,0.26248471684262353,0.2070143822713889,0.46949909911401244,True,rh_posteriorcingulate_part2,6,Limbic cortex,Limbic,False
0.5,rh_precentral_part4,0.8364413131036592,Control,MSN,500.aparc,Node Versatility,0.26248471684262353,0.2070143822713889,0.46949909911401244,True,rh_precentral_part4,1,Primary motor cortex,Primary,False
0.5,rh_precentral_part5,0.8032097540524027,Control,MSN,500.aparc,Node Versatility,0.26248471684262353,0.2070143822713889,0.46949909911401244,True,rh_precentral_part5,1,Primary motor cortex,Primary,False
0.5,rh_precentral_part6,0.6355524923896214,Control,MSN,500.aparc,Node Versatility,0.26248471684262353,0.2070143822713889,0.46949909911401244,True,rh_precentral_part6,1,Primary motor cortex,Primary,False
0.5,rh_precuneus_part3,0.5244194375696227,Control,MSN,500.aparc,Node Versatility,0.26248471684262353,0.2070143822713889,0.46949909911401244,True,rh_precuneus_part3,2,Association cortex - type 1,Association,True
0.5,rh_precuneus_part5,0.491805086445971,Control,MSN,500.aparc,Node Versatility,0.26248471684262353,0.2070143822713889,0.46949909911401244,True,rh_precuneus_part5,2,Association cortex - type 1,Association,True
0.5,rh_rostralmiddlefrontal_part3,0.4934227932340858,Control,MSN,500.aparc,Node Versatility,0.26248471684262353,0.2070143822713889,0.46949909911401244,True,rh_rostralmiddlefrontal_part3,3,Association cortex - type 2,Association,True
0.5,rh_rostralmiddlefrontal_part5,0.471127535412863,Control,MSN,500.aparc,Node Versatility,0.26248471684262353,0.2070143822713889,0.46949909911401244,True,rh_rostralmiddlefrontal_part5,3,Association cortex - type 2,Association,True
0.5,rh_rostralmiddlefrontal_part7,0.4797758911191089,Control,MSN,500.aparc,Node Versatility,0.26248471684262353,0.2070143822713889,0.46949909911401244,True,rh_rostralmiddlefrontal_part7,3,Association cortex - type 2,Association,True
0.5,rh_superiorfrontal_part10,0.625844087957349,Control,MSN,500.aparc,Node Versatility,0.26248471684262353,0.2070143822713889,0.46949909911401244,True,rh_superiorfrontal_part10,2,Association cortex - type 1,Association,True
0.5,rh_superiorfrontal_part4,0.5474048430987842,Control,MSN,500.aparc,Node Versatility,0.26248471684262353,0.2070143822713889,0.46949909911401244,True,rh_superiorfrontal_part4,2,Association cortex - type 1,Association,True
0.5,rh_superiorfrontal_part5,0.6596567660929805,Control,MSN,500.aparc,Node Versatility,0.26248471684262353,0.2070143822713889,0.46949909911401244,True,rh_superiorfrontal_part5,2,Association cortex - type 1,Association,True
0.5,rh_superiorparietal_part2,0.8924773121847298,Control,MSN,500.aparc,Node Versatility,0.26248471684262353,0.2070143822713889,0.46949909911401244,True,rh_superiorparietal_part2,2,Association cortex - type 1,Association,True
0.5,rh_superiorparietal_part6,0.4884206150447069,Control,MSN,500.aparc,Node Versatility,0.26248471684262353,0.2070143822713889,0.46949909911401244,True,rh_superiorparietal_part6,2,Association cortex - type 1,Association,True
0.6,lh_fusiform_part1,0.4884218645125741,Control,MSN,500.aparc,Node Versatility,0.2626471268819886,0.20713339358320643,0.46978052046519503,True,lh_fusiform_part1,2,Association cortex - type 1,Association,True
0.6,lh_inferiorparietal_part1,0.5116945203613786,Control,MSN,500.aparc,Node Versatility,0.2626471268819886,0.20713339358320643,0.46978052046519503,True,lh_inferiorparietal_part1,3,Association cortex - type 2,Association,True
0.6,lh_inferiorparietal_part5,0.5618954639628883,Control,MSN,500.aparc,Node Versatility,0.2626471268819886,0.20713339358320643,0.46978052046519503,True,lh_inferiorparietal_part5,3,Association cortex - type 2,Association,True
0.6,lh_inferiortemporal_part4,0.701018597569618,Control,MSN,500.aparc,Node Versatility,0.2626471268819886,0.20713339358320643,0.46978052046519503,True,lh_inferiortemporal_part4,2,Association cortex - type 1,Association,True
0.6,lh_isthmuscingulate_part1,0.8438987589180338,Control,MSN,500.aparc,Node Versatility,0.2626471268819886,0.20713339358320643,0.46978052046519503,True,lh_isthmuscingulate_part1,6,Limbic cortex,Limbic,False
0.6,lh_lateraloccipital_part7,0.6041435478215235,Control,MSN,500.aparc,Node Versatility,0.2626471268819886,0.20713339358320643,0.46978052046519503,True,lh_lateraloccipital_part7,4,Secondary sensory cortex,Secondary,False
0.6,lh_lateralorbitofrontal_part2,0.6288007423007271,Control,MSN,500.aparc,Node Versatility,0.2626471268819886,0.20713339358320643,0.46978052046519503,True,lh_lateralorbitofrontal_part2,4,Secondary sensory cortex,Secondary,False
0.6,lh_lateralorbitofrontal_part3,0.8185424623644951,Control,MSN,500.aparc,Node Versatility,0.2626471268819886,0.20713339358320643,0.46978052046519503,True,lh_lateralorbitofrontal_part3,4,Secondary sensory cortex,Secondary,False
0.6,lh_lingual_part5,0.4920336921697309,Control,MSN,500.aparc,Node Versatility,0.2626471268819886,0.20713339358320643,0.46978052046519503,True,lh_lingual_part5,4,Secondary sensory cortex,Secondary,False
0.6,lh_medialorbitofrontal_part1,0.6319987468003776,Control,MSN,500.aparc,Node Versatility,0.2626471268819886,0.20713339358320643,0.46978052046519503,True,lh_medialorbitofrontal_part1,4,Secondary sensory cortex,Secondary,False
0.6,lh_medialorbitofrontal_part3,0.7242502217446197,Control,MSN,500.aparc,Node Versatility,0.2626471268819886,0.20713339358320643,0.46978052046519503,True,lh_medialorbitofrontal_part3,4,Secondary sensory cortex,Secondary,False
0.6,lh_paracentral_part3,0.6600513040058186,Control,MSN,500.aparc,Node Versatility,0.2626471268819886,0.20713339358320643,0.46978052046519503,True,lh_paracentral_part3,1,Primary motor cortex,Primary,False
0.6,lh_parahippocampal_part1,0.6477954720804183,Control,MSN,500.aparc,Node Versatility,0.2626471268819886,0.20713339358320643,0.46978052046519503,True,lh_parahippocampal_part1,6,Limbic cortex,Limbic,False
0.6,lh_parsopercularis_part1,0.4736574996427005,Control,MSN,500.aparc,Node Versatility,0.2626471268819886,0.20713339358320643,0.46978052046519503,True,lh_parsopercularis_part1,2,Association cortex - type 1,Association,True
0.6,lh_postcentral_part3,0.4775024726083084,Control,MSN,500.aparc,Node Versatility,0.2626471268819886,0.20713339358320643,0.46978052046519503,True,lh_postcentral_part3,5,Primary sensory cortex,Primary,False
0.6,lh_postcentral_part6,0.4830246104113618,Control,MSN,500.aparc,Node Versatility,0.2626471268819886,0.20713339358320643,0.46978052046519503,True,lh_postcentral_part6,5,Primary sensory cortex,Primary,False
0.6,lh_postcentral_part8,0.5816207760843267,Control,MSN,500.aparc,Node Versatility,0.2626471268819886,0.20713339358320643,0.46978052046519503,True,lh_postcentral_part8,5,Primary sensory cortex,Primary,False
0.6,lh_posteriorcingulate_part1,0.4737360074183952,Control,MSN,500.aparc,Node Versatility,0.2626471268819886,0.20713339358320643,0.46978052046519503,True,lh_posteriorcingulate_part1,6,Limbic cortex,Limbic,False
0.6,lh_precentral_part3,0.5850390150733902,Control,MSN,500.aparc,Node Versatility,0.2626471268819886,0.20713339358320643,0.46978052046519503,True,lh_precentral_part3,1,Primary motor cortex,Primary,False
0.6,lh_precentral_part5,0.7714184987612598,Control,MSN,500.aparc,Node Versatility,0.2626471268819886,0.20713339358320643,0.46978052046519503,True,lh_precentral_part5,1,Primary motor cortex,Primary,False
0.6,lh_precentral_part7,0.6263557762879627,Control,MSN,500.aparc,Node Versatility,0.2626471268819886,0.20713339358320643,0.46978052046519503,True,lh_precentral_part7,1,Primary motor cortex,Primary,False
0.6,lh_precuneus_part7,0.9550022761776176,Control,MSN,500.aparc,Node Versatility,0.2626471268819886,0.20713339358320643,0.46978052046519503,True,lh_precuneus_part7,2,Association cortex - type 1,Association,True
0.6,lh_superiorfrontal_part10,0.6955950181616403,Control,MSN,500.aparc,Node Versatility,0.2626471268819886,0.20713339358320643,0.46978052046519503,True,lh_superiorfrontal_part10,2,Association cortex - type 1,Association,True
0.6,lh_superiorfrontal_part4,0.7052606266489293,Control,MSN,500.aparc,Node Versatility,0.2626471268819886,0.20713339358320643,0.46978052046519503,True,lh_superiorfrontal_part4,2,Association cortex - type 1,Association,True
0.6,lh_superiorfrontal_part6,0.6391928803158253,Control,MSN,500.aparc,Node Versatility,0.2626471268819886,0.20713339358320643,0.46978052046519503,True,lh_superiorfrontal_part6,2,Association cortex - type 1,Association,True
0.6,lh_superiorparietal_part2,0.4774350418698559,Control,MSN,500.aparc,Node Versatility,0.2626471268819886,0.20713339358320643,0.46978052046519503,True,lh_superiorparietal_part2,2,Association cortex - type 1,Association,True
0.6,lh_superiorparietal_part6,0.5364658452842119,Control,MSN,500.aparc,Node Versatility,0.2626471268819886,0.20713339358320643,0.46978052046519503,True,lh_superiorparietal_part6,2,Association cortex - type 1,Association,True
0.6,lh_superiortemporal_part3,0.4793758677526961,Control,MSN,500.aparc,Node Versatility,0.2626471268819886,0.20713339358320643,0.46978052046519503,True,lh_superiortemporal_part3,3,Association cortex - type 2,Association,True
0.6,rh_entorhinal_part1,0.7148645884573183,Control,MSN,500.aparc,Node Versatility,0.2626471268819886,0.20713339358320643,0.46978052046519503,True,rh_entorhinal_part1,6,Limbic cortex,Limbic,False
0.6,rh_inferiorparietal_part2,0.6734396851375337,Control,MSN,500.aparc,Node Versatility,0.2626471268819886,0.20713339358320643,0.46978052046519503,True,rh_inferiorparietal_part2,3,Association cortex - type 2,Association,True
0.6,rh_inferiorparietal_part4,0.6791399696149262,Control,MSN,500.aparc,Node Versatility,0.2626471268819886,0.20713339358320643,0.46978052046519503,True,rh_inferiorparietal_part4,3,Association cortex - type 2,Association,True
0.6,rh_inferiortemporal_part2,0.648249392545373,Control,MSN,500.aparc,Node Versatility,0.2626471268819886,0.20713339358320643,0.46978052046519503,True,rh_inferiortemporal_part2,2,Association cortex - type 1,Association,True
0.6,rh_inferiortemporal_part5,0.9660121531875572,Control,MSN,500.aparc,Node Versatility,0.2626471268819886,0.20713339358320643,0.46978052046519503,True,rh_inferiortemporal_part5,2,Association cortex - type 1,Association,True
0.6,rh_insula_part1,0.5851920906855026,Control,MSN,500.aparc,Node Versatility,0.2626471268819886,0.20713339358320643,0.46978052046519503,True,rh_insula_part1,7,Insular cortex,Insular,False
0.6,rh_isthmuscingulate_part1,0.6483839499620067,Control,MSN,500.aparc,Node Versatility,0.2626471268819886,0.20713339358320643,0.46978052046519503,True,rh_isthmuscingulate_part1,6,Limbic cortex,Limbic,False
0.6,rh_lateraloccipital_part9,0.6821562410126591,Control,MSN,500.aparc,Node Versatility,0.2626471268819886,0.20713339358320643,0.46978052046519503,True,rh_lateraloccipital_part9,4,Secondary sensory cortex,Secondary,False
0.6,rh_lateralorbitofrontal_part2,0.7405871115142322,Control,MSN,500.aparc,Node Versatility,0.2626471268819886,0.20713339358320643,0.46978052046519503,True,rh_lateralorbitofrontal_part2,4,Secondary sensory cortex,Secondary,False
0.6,rh_medialorbitofrontal_part3,0.8340077455218258,Control,MSN,500.aparc,Node Versatility,0.2626471268819886,0.20713339358320643,0.46978052046519503,True,rh_medialorbitofrontal_part3,4,Secondary sensory cortex,Secondary,False
0.6,rh_parsopercularis_part1,0.5721050235774506,Control,MSN,500.aparc,Node Versatility,0.2626471268819886,0.20713339358320643,0.46978052046519503,True,rh_parsopercularis_part1,2,Association cortex - type 1,Association,True
0.6,rh_posteriorcingulate_part2,0.5499331683154763,Control,MSN,500.aparc,Node Versatility,0.2626471268819886,0.20713339358320643,0.46978052046519503,True,rh_posteriorcingulate_part2,6,Limbic cortex,Limbic,False
0.6,rh_precentral_part4,0.8369339192495671,Control,MSN,500.aparc,Node Versatility,0.2626471268819886,0.20713339358320643,0.46978052046519503,True,rh_precentral_part4,1,Primary motor cortex,Primary,False
0.6,rh_precentral_part5,0.8036711803902867,Control,MSN,500.aparc,Node Versatility,0.2626471268819886,0.20713339358320643,0.46978052046519503,True,rh_precentral_part5,1,Primary motor cortex,Primary,False
0.6,rh_precentral_part6,0.6359457183661961,Control,MSN,500.aparc,Node Versatility,0.2626471268819886,0.20713339358320643,0.46978052046519503,True,rh_precentral_part6,1,Primary motor cortex,Primary,False
0.6,rh_precuneus_part3,0.5247774373450422,Control,MSN,500.aparc,Node Versatility,0.2626471268819886,0.20713339358320643,0.46978052046519503,True,rh_precuneus_part3,2,Association cortex - type 1,Association,True
0.6,rh_precuneus_part5,0.4920396933842734,Control,MSN,500.aparc,Node Versatility,0.2626471268819886,0.20713339358320643,0.46978052046519503,True,rh_precuneus_part5,2,Association cortex - type 1,Association,True
0.6,rh_rostralmiddlefrontal_part3,0.4945184532690554,Control,MSN,500.aparc,Node Versatility,0.2626471268819886,0.20713339358320643,0.46978052046519503,True,rh_rostralmiddlefrontal_part3,3,Association cortex - type 2,Association,True
0.6,rh_rostralmiddlefrontal_part5,0.4714988493162911,Control,MSN,500.aparc,Node Versatility,0.2626471268819886,0.20713339358320643,0.46978052046519503,True,rh_rostralmiddlefrontal_part5,3,Association cortex - type 2,Association,True
0.6,rh_rostralmiddlefrontal_part7,0.480082259096102,Control,MSN,500.aparc,Node Versatility,0.2626471268819886,0.20713339358320643,0.46978052046519503,True,rh_rostralmiddlefrontal_part7,3,Association cortex - type 2,Association,True
0.6,rh_superiorfrontal_part10,0.6260795664834091,Control,MSN,500.aparc,Node Versatility,0.2626471268819886,0.20713339358320643,0.46978052046519503,True,rh_superiorfrontal_part10,2,Association cortex - type 1,Association,True
0.6,rh_superiorfrontal_part4,0.5475626207804998,Control,MSN,500.aparc,Node Versatility,0.2626471268819886,0.20713339358320643,0.46978052046519503,True,rh_superiorfrontal_part4,2,Association cortex - type 1,Association,True
0.6,rh_superiorfrontal_part5,0.6600513040058186,Control,MSN,500.aparc,Node Versatility,0.2626471268819886,0.20713339358320643,0.46978052046519503,True,rh_superiorfrontal_part5,2,Association cortex - type 1,Association,True
0.6,rh_superiorparietal_part2,0.8929814414459485,Control,MSN,500.aparc,Node Versatility,0.2626471268819886,0.20713339358320643,0.46978052046519503,True,rh_superiorparietal_part2,2,Association cortex - type 1,Association,True
0.6,rh_superiorparietal_part6,0.4888195847341173,Control,MSN,500.aparc,Node Versatility,0.2626471268819886,0.20713339358320643,0.46978052046519503,True,rh_superiorparietal_part6,2,Association cortex - type 1,Association,True
0.7,lh_fusiform_part1,0.4884218645125741,Control,MSN,500.aparc,Node Versatility,0.2626471268819886,0.20713339358320643,0.46978052046519503,True,lh_fusiform_part1,2,Association cortex - type 1,Association,True
0.7,lh_inferiorparietal_part1,0.5116945203613786,Control,MSN,500.aparc,Node Versatility,0.2626471268819886,0.20713339358320643,0.46978052046519503,True,lh_inferiorparietal_part1,3,Association cortex - type 2,Association,True
0.7,lh_inferiorparietal_part5,0.5618954639628883,Control,MSN,500.aparc,Node Versatility,0.2626471268819886,0.20713339358320643,0.46978052046519503,True,lh_inferiorparietal_part5,3,Association cortex - type 2,Association,True
0.7,lh_inferiortemporal_part4,0.701018597569618,Control,MSN,500.aparc,Node Versatility,0.2626471268819886,0.20713339358320643,0.46978052046519503,True,lh_inferiortemporal_part4,2,Association cortex - type 1,Association,True
0.7,lh_isthmuscingulate_part1,0.8438987589180338,Control,MSN,500.aparc,Node Versatility,0.2626471268819886,0.20713339358320643,0.46978052046519503,True,lh_isthmuscingulate_part1,6,Limbic cortex,Limbic,False
0.7,lh_lateraloccipital_part7,0.6041435478215235,Control,MSN,500.aparc,Node Versatility,0.2626471268819886,0.20713339358320643,0.46978052046519503,True,lh_lateraloccipital_part7,4,Secondary sensory cortex,Secondary,False
0.7,lh_lateralorbitofrontal_part2,0.6288007423007271,Control,MSN,500.aparc,Node Versatility,0.2626471268819886,0.20713339358320643,0.46978052046519503,True,lh_lateralorbitofrontal_part2,4,Secondary sensory cortex,Secondary,False
0.7,lh_lateralorbitofrontal_part3,0.8185424623644951,Control,MSN,500.aparc,Node Versatility,0.2626471268819886,0.20713339358320643,0.46978052046519503,True,lh_lateralorbitofrontal_part3,4,Secondary sensory cortex,Secondary,False
0.7,lh_lingual_part5,0.4920336921697309,Control,MSN,500.aparc,Node Versatility,0.2626471268819886,0.20713339358320643,0.46978052046519503,True,lh_lingual_part5,4,Secondary sensory cortex,Secondary,False
0.7,lh_medialorbitofrontal_part1,0.6319987468003776,Control,MSN,500.aparc,Node Versatility,0.2626471268819886,0.20713339358320643,0.46978052046519503,True,lh_medialorbitofrontal_part1,4,Secondary sensory cortex,Secondary,False
0.7,lh_medialorbitofrontal_part3,0.7242502217446197,Control,MSN,500.aparc,Node Versatility,0.2626471268819886,0.20713339358320643,0.46978052046519503,True,lh_medialorbitofrontal_part3,4,Secondary sensory cortex,Secondary,False
0.7,lh_paracentral_part3,0.6600513040058186,Control,MSN,500.aparc,Node Versatility,0.2626471268819886,0.20713339358320643,0.46978052046519503,True,lh_paracentral_part3,1,Primary motor cortex,Primary,False
0.7,lh_parahippocampal_part1,0.6477954720804183,Control,MSN,500.aparc,Node Versatility,0.2626471268819886,0.20713339358320643,0.46978052046519503,True,lh_parahippocampal_part1,6,Limbic cortex,Limbic,False
0.7,lh_parsopercularis_part1,0.4736574996427005,Control,MSN,500.aparc,Node Versatility,0.2626471268819886,0.20713339358320643,0.46978052046519503,True,lh_parsopercularis_part1,2,Association cortex - type 1,Association,True
0.7,lh_postcentral_part3,0.4775024726083084,Control,MSN,500.aparc,Node Versatility,0.2626471268819886,0.20713339358320643,0.46978052046519503,True,lh_postcentral_part3,5,Primary sensory cortex,Primary,False
0.7,lh_postcentral_part6,0.4830246104113618,Control,MSN,500.aparc,Node Versatility,0.2626471268819886,0.20713339358320643,0.46978052046519503,True,lh_postcentral_part6,5,Primary sensory cortex,Primary,False
0.7,lh_postcentral_part8,0.5816207760843267,Control,MSN,500.aparc,Node Versatility,0.2626471268819886,0.20713339358320643,0.46978052046519503,True,lh_postcentral_part8,5,Primary sensory cortex,Primary,False
0.7,lh_posteriorcingulate_part1,0.4737360074183952,Control,MSN,500.aparc,Node Versatility,0.2626471268819886,0.20713339358320643,0.46978052046519503,True,lh_posteriorcingulate_part1,6,Limbic cortex,Limbic,False
0.7,lh_precentral_part3,0.5850390150733902,Control,MSN,500.aparc,Node Versatility,0.2626471268819886,0.20713339358320643,0.46978052046519503,True,lh_precentral_part3,1,Primary motor cortex,Primary,False
0.7,lh_precentral_part5,0.7714184987612598,Control,MSN,500.aparc,Node Versatility,0.2626471268819886,0.20713339358320643,0.46978052046519503,True,lh_precentral_part5,1,Primary motor cortex,Primary,False
0.7,lh_precentral_part7,0.6263557762879627,Control,MSN,500.aparc,Node Versatility,0.2626471268819886,0.20713339358320643,0.46978052046519503,True,lh_precentral_part7,1,Primary motor cortex,Primary,False
0.7,lh_precuneus_part7,0.9550022761776176,Control,MSN,500.aparc,Node Versatility,0.2626471268819886,0.20713339358320643,0.46978052046519503,True,lh_precuneus_part7,2,Association cortex - type 1,Association,True
0.7,lh_superiorfrontal_part10,0.6955950181616403,Control,MSN,500.aparc,Node Versatility,0.2626471268819886,0.20713339358320643,0.46978052046519503,True,lh_superiorfrontal_part10,2,Association cortex - type 1,Association,True
0.7,lh_superiorfrontal_part4,0.7052606266489293,Control,MSN,500.aparc,Node Versatility,0.2626471268819886,0.20713339358320643,0.46978052046519503,True,lh_superiorfrontal_part4,2,Association cortex - type 1,Association,True
0.7,lh_superiorfrontal_part6,0.6391928803158253,Control,MSN,500.aparc,Node Versatility,0.2626471268819886,0.20713339358320643,0.46978052046519503,True,lh_superiorfrontal_part6,2,Association cortex - type 1,Association,True
0.7,lh_superiorparietal_part2,0.4774350418698559,Control,MSN,500.aparc,Node Versatility,0.2626471268819886,0.20713339358320643,0.46978052046519503,True,lh_superiorparietal_part2,2,Association cortex - type 1,Association,True
0.7,lh_superiorparietal_part6,0.5364658452842119,Control,MSN,500.aparc,Node Versatility,0.2626471268819886,0.20713339358320643,0.46978052046519503,True,lh_superiorparietal_part6,2,Association cortex - type 1,Association,True
0.7,lh_superiortemporal_part3,0.4793758677526961,Control,MSN,500.aparc,Node Versatility,0.2626471268819886,0.20713339358320643,0.46978052046519503,True,lh_superiortemporal_part3,3,Association cortex - type 2,Association,True
0.7,rh_entorhinal_part1,0.7148645884573183,Control,MSN,500.aparc,Node Versatility,0.2626471268819886,0.20713339358320643,0.46978052046519503,True,rh_entorhinal_part1,6,Limbic cortex,Limbic,False
0.7,rh_inferiorparietal_part2,0.6734396851375337,Control,MSN,500.aparc,Node Versatility,0.2626471268819886,0.20713339358320643,0.46978052046519503,True,rh_inferiorparietal_part2,3,Association cortex - type 2,Association,True
0.7,rh_inferiorparietal_part4,0.6791399696149262,Control,MSN,500.aparc,Node Versatility,0.2626471268819886,0.20713339358320643,0.46978052046519503,True,rh_inferiorparietal_part4,3,Association cortex - type 2,Association,True
0.7,rh_inferiortemporal_part2,0.648249392545373,Control,MSN,500.aparc,Node Versatility,0.2626471268819886,0.20713339358320643,0.46978052046519503,True,rh_inferiortemporal_part2,2,Association cortex - type 1,Association,True
0.7,rh_inferiortemporal_part5,0.9660121531875572,Control,MSN,500.aparc,Node Versatility,0.2626471268819886,0.20713339358320643,0.46978052046519503,True,rh_inferiortemporal_part5,2,Association cortex - type 1,Association,True
0.7,rh_insula_part1,0.5851920906855026,Control,MSN,500.aparc,Node Versatility,0.2626471268819886,0.20713339358320643,0.46978052046519503,True,rh_insula_part1,7,Insular cortex,Insular,False
0.7,rh_isthmuscingulate_part1,0.6483839499620067,Control,MSN,500.aparc,Node Versatility,0.2626471268819886,0.20713339358320643,0.46978052046519503,True,rh_isthmuscingulate_part1,6,Limbic cortex,Limbic,False
0.7,rh_lateraloccipital_part9,0.6821562410126591,Control,MSN,500.aparc,Node Versatility,0.2626471268819886,0.20713339358320643,0.46978052046519503,True,rh_lateraloccipital_part9,4,Secondary sensory cortex,Secondary,False
0.7,rh_lateralorbitofrontal_part2,0.7405871115142322,Control,MSN,500.aparc,Node Versatility,0.2626471268819886,0.20713339358320643,0.46978052046519503,True,rh_lateralorbitofrontal_part2,4,Secondary sensory cortex,Secondary,False
0.7,rh_medialorbitofrontal_part3,0.8340077455218258,Control,MSN,500.aparc,Node Versatility,0.2626471268819886,0.20713339358320643,0.46978052046519503,True,rh_medialorbitofrontal_part3,4,Secondary sensory cortex,Secondary,False
0.7,rh_parsopercularis_part1,0.5721050235774506,Control,MSN,500.aparc,Node Versatility,0.2626471268819886,0.20713339358320643,0.46978052046519503,True,rh_parsopercularis_part1,2,Association cortex - type 1,Association,True
0.7,rh_posteriorcingulate_part2,0.5499331683154763,Control,MSN,500.aparc,Node Versatility,0.2626471268819886,0.20713339358320643,0.46978052046519503,True,rh_posteriorcingulate_part2,6,Limbic cortex,Limbic,False
0.7,rh_precentral_part4,0.8369339192495671,Control,MSN,500.aparc,Node Versatility,0.2626471268819886,0.20713339358320643,0.46978052046519503,True,rh_precentral_part4,1,Primary motor cortex,Primary,False
0.7,rh_precentral_part5,0.8036711803902867,Control,MSN,500.aparc,Node Versatility,0.2626471268819886,0.20713339358320643,0.46978052046519503,True,rh_precentral_part5,1,Primary motor cortex,Primary,False
0.7,rh_precentral_part6,0.6359457183661961,Control,MSN,500.aparc,Node Versatility,0.2626471268819886,0.20713339358320643,0.46978052046519503,True,rh_precentral_part6,1,Primary motor cortex,Primary,False
0.7,rh_precuneus_part3,0.5247774373450422,Control,MSN,500.aparc,Node Versatility,0.2626471268819886,0.20713339358320643,0.46978052046519503,True,rh_precuneus_part3,2,Association cortex - type 1,Association,True
0.7,rh_precuneus_part5,0.4920396933842734,Control,MSN,500.aparc,Node Versatility,0.2626471268819886,0.20713339358320643,0.46978052046519503,True,rh_precuneus_part5,2,Association cortex - type 1,Association,True
0.7,rh_rostralmiddlefrontal_part3,0.4945184532690554,Control,MSN,500.aparc,Node Versatility,0.2626471268819886,0.20713339358320643,0.46978052046519503,True,rh_rostralmiddlefrontal_part3,3,Association cortex - type 2,Association,True
0.7,rh_rostralmiddlefrontal_part5,0.4714988493162911,Control,MSN,500.aparc,Node Versatility,0.2626471268819886,0.20713339358320643,0.46978052046519503,True,rh_rostralmiddlefrontal_part5,3,Association cortex - type 2,Association,True
0.7,rh_rostralmiddlefrontal_part7,0.480082259096102,Control,MSN,500.aparc,Node Versatility,0.2626471268819886,0.20713339358320643,0.46978052046519503,True,rh_rostralmiddlefrontal_part7,3,Association cortex - type 2,Association,True
0.7,rh_superiorfrontal_part10,0.6260795664834091,Control,MSN,500.aparc,Node Versatility,0.2626471268819886,0.20713339358320643,0.46978052046519503,True,rh_superiorfrontal_part10,2,Association cortex - type 1,Association,True
0.7,rh_superiorfrontal_part4,0.5475626207804998,Control,MSN,500.aparc,Node Versatility,0.2626471268819886,0.20713339358320643,0.46978052046519503,True,rh_superiorfrontal_part4,2,Association cortex - type 1,Association,True
0.7,rh_superiorfrontal_part5,0.6600513040058186,Control,MSN,500.aparc,Node Versatility,0.2626471268819886,0.20713339358320643,0.46978052046519503,True,rh_superiorfrontal_part5,2,Association cortex - type 1,Association,True
0.7,rh_superiorparietal_part2,0.8929814414459485,Control,MSN,500.aparc,Node Versatility,0.2626471268819886,0.20713339358320643,0.46978052046519503,True,rh_superiorparietal_part2,2,Association cortex - type 1,Association,True
0.7,rh_superiorparietal_part6,0.4888195847341173,Control,MSN,500.aparc,Node Versatility,0.2626471268819886,0.20713339358320643,0.46978052046519503,True,rh_superiorparietal_part6,2,Association cortex - type 1,Association,True
0.8,lh_fusiform_part1,0.4884218645125741,Control,MSN,500.aparc,Node Versatility,0.2626471268819886,0.20713339358320643,0.46978052046519503,True,lh_fusiform_part1,2,Association cortex - type 1,Association,True
0.8,lh_inferiorparietal_part1,0.5116945203613786,Control,MSN,500.aparc,Node Versatility,0.2626471268819886,0.20713339358320643,0.46978052046519503,True,lh_inferiorparietal_part1,3,Association cortex - type 2,Association,True
0.8,lh_inferiorparietal_part5,0.5618954639628883,Control,MSN,500.aparc,Node Versatility,0.2626471268819886,0.20713339358320643,0.46978052046519503,True,lh_inferiorparietal_part5,3,Association cortex - type 2,Association,True
0.8,lh_inferiortemporal_part4,0.701018597569618,Control,MSN,500.aparc,Node Versatility,0.2626471268819886,0.20713339358320643,0.46978052046519503,True,lh_inferiortemporal_part4,2,Association cortex - type 1,Association,True
0.8,lh_isthmuscingulate_part1,0.8438987589180338,Control,MSN,500.aparc,Node Versatility,0.2626471268819886,0.20713339358320643,0.46978052046519503,True,lh_isthmuscingulate_part1,6,Limbic cortex,Limbic,False
0.8,lh_lateraloccipital_part7,0.6041435478215235,Control,MSN,500.aparc,Node Versatility,0.2626471268819886,0.20713339358320643,0.46978052046519503,True,lh_lateraloccipital_part7,4,Secondary sensory cortex,Secondary,False
0.8,lh_lateralorbitofrontal_part2,0.6288007423007271,Control,MSN,500.aparc,Node Versatility,0.2626471268819886,0.20713339358320643,0.46978052046519503,True,lh_lateralorbitofrontal_part2,4,Secondary sensory cortex,Secondary,False
0.8,lh_lateralorbitofrontal_part3,0.8185424623644951,Control,MSN,500.aparc,Node Versatility,0.2626471268819886,0.20713339358320643,0.46978052046519503,True,lh_lateralorbitofrontal_part3,4,Secondary sensory cortex,Secondary,False
0.8,lh_lingual_part5,0.4920336921697309,Control,MSN,500.aparc,Node Versatility,0.2626471268819886,0.20713339358320643,0.46978052046519503,True,lh_lingual_part5,4,Secondary sensory cortex,Secondary,False
0.8,lh_medialorbitofrontal_part1,0.6319987468003776,Control,MSN,500.aparc,Node Versatility,0.2626471268819886,0.20713339358320643,0.46978052046519503,True,lh_medialorbitofrontal_part1,4,Secondary sensory cortex,Secondary,False
0.8,lh_medialorbitofrontal_part3,0.7242502217446197,Control,MSN,500.aparc,Node Versatility,0.2626471268819886,0.20713339358320643,0.46978052046519503,True,lh_medialorbitofrontal_part3,4,Secondary sensory cortex,Secondary,False
0.8,lh_paracentral_part3,0.6600513040058186,Control,MSN,500.aparc,Node Versatility,0.2626471268819886,0.20713339358320643,0.46978052046519503,True,lh_paracentral_part3,1,Primary motor cortex,Primary,False
0.8,lh_parahippocampal_part1,0.6477954720804183,Control,MSN,500.aparc,Node Versatility,0.2626471268819886,0.20713339358320643,0.46978052046519503,True,lh_parahippocampal_part1,6,Limbic cortex,Limbic,False
0.8,lh_parsopercularis_part1,0.4736574996427005,Control,MSN,500.aparc,Node Versatility,0.2626471268819886,0.20713339358320643,0.46978052046519503,True,lh_parsopercularis_part1,2,Association cortex - type 1,Association,True
0.8,lh_postcentral_part3,0.4775024726083084,Control,MSN,500.aparc,Node Versatility,0.2626471268819886,0.20713339358320643,0.46978052046519503,True,lh_postcentral_part3,5,Primary sensory cortex,Primary,False
0.8,lh_postcentral_part6,0.4830246104113618,Control,MSN,500.aparc,Node Versatility,0.2626471268819886,0.20713339358320643,0.46978052046519503,True,lh_postcentral_part6,5,Primary sensory cortex,Primary,False
0.8,lh_postcentral_part8,0.5816207760843267,Control,MSN,500.aparc,Node Versatility,0.2626471268819886,0.20713339358320643,0.46978052046519503,True,lh_postcentral_part8,5,Primary sensory cortex,Primary,False
0.8,lh_posteriorcingulate_part1,0.4737360074183952,Control,MSN,500.aparc,Node Versatility,0.2626471268819886,0.20713339358320643,0.46978052046519503,True,lh_posteriorcingulate_part1,6,Limbic cortex,Limbic,False
0.8,lh_precentral_part3,0.5850390150733902,Control,MSN,500.aparc,Node Versatility,0.2626471268819886,0.20713339358320643,0.46978052046519503,True,lh_precentral_part3,1,Primary motor cortex,Primary,False
0.8,lh_precentral_part5,0.7714184987612598,Control,MSN,500.aparc,Node Versatility,0.2626471268819886,0.20713339358320643,0.46978052046519503,True,lh_precentral_part5,1,Primary motor cortex,Primary,False
0.8,lh_precentral_part7,0.6263557762879627,Control,MSN,500.aparc,Node Versatility,0.2626471268819886,0.20713339358320643,0.46978052046519503,True,lh_precentral_part7,1,Primary motor cortex,Primary,False
0.8,lh_precuneus_part7,0.9550022761776176,Control,MSN,500.aparc,Node Versatility,0.2626471268819886,0.20713339358320643,0.46978052046519503,True,lh_precuneus_part7,2,Association cortex - type 1,Association,True
0.8,lh_superiorfrontal_part10,0.6955950181616403,Control,MSN,500.aparc,Node Versatility,0.2626471268819886,0.20713339358320643,0.46978052046519503,True,lh_superiorfrontal_part10,2,Association cortex - type 1,Association,True
0.8,lh_superiorfrontal_part4,0.7052606266489293,Control,MSN,500.aparc,Node Versatility,0.2626471268819886,0.20713339358320643,0.46978052046519503,True,lh_superiorfrontal_part4,2,Association cortex - type 1,Association,True
0.8,lh_superiorfrontal_part6,0.6391928803158253,Control,MSN,500.aparc,Node Versatility,0.2626471268819886,0.20713339358320643,0.46978052046519503,True,lh_superiorfrontal_part6,2,Association cortex - type 1,Association,True
0.8,lh_superiorparietal_part2,0.4774350418698559,Control,MSN,500.aparc,Node Versatility,0.2626471268819886,0.20713339358320643,0.46978052046519503,True,lh_superiorparietal_part2,2,Association cortex - type 1,Association,True
0.8,lh_superiorparietal_part6,0.5364658452842119,Control,MSN,500.aparc,Node Versatility,0.2626471268819886,0.20713339358320643,0.46978052046519503,True,lh_superiorparietal_part6,2,Association cortex - type 1,Association,True
0.8,lh_superiortemporal_part3,0.4793758677526961,Control,MSN,500.aparc,Node Versatility,0.2626471268819886,0.20713339358320643,0.46978052046519503,True,lh_superiortemporal_part3,3,Association cortex - type 2,Association,True
0.8,rh_entorhinal_part1,0.7148645884573183,Control,MSN,500.aparc,Node Versatility,0.2626471268819886,0.20713339358320643,0.46978052046519503,True,rh_entorhinal_part1,6,Limbic cortex,Limbic,False
0.8,rh_inferiorparietal_part2,0.6734396851375337,Control,MSN,500.aparc,Node Versatility,0.2626471268819886,0.20713339358320643,0.46978052046519503,True,rh_inferiorparietal_part2,3,Association cortex - type 2,Association,True
0.8,rh_inferiorparietal_part4,0.6791399696149262,Control,MSN,500.aparc,Node Versatility,0.2626471268819886,0.20713339358320643,0.46978052046519503,True,rh_inferiorparietal_part4,3,Association cortex - type 2,Association,True
0.8,rh_inferiortemporal_part2,0.648249392545373,Control,MSN,500.aparc,Node Versatility,0.2626471268819886,0.20713339358320643,0.46978052046519503,True,rh_inferiortemporal_part2,2,Association cortex - type 1,Association,True
0.8,rh_inferiortemporal_part5,0.9660121531875572,Control,MSN,500.aparc,Node Versatility,0.2626471268819886,0.20713339358320643,0.46978052046519503,True,rh_inferiortemporal_part5,2,Association cortex - type 1,Association,True
0.8,rh_insula_part1,0.5851920906855026,Control,MSN,500.aparc,Node Versatility,0.2626471268819886,0.20713339358320643,0.46978052046519503,True,rh_insula_part1,7,Insular cortex,Insular,False
0.8,rh_isthmuscingulate_part1,0.6483839499620067,Control,MSN,500.aparc,Node Versatility,0.2626471268819886,0.20713339358320643,0.46978052046519503,True,rh_isthmuscingulate_part1,6,Limbic cortex,Limbic,False
0.8,rh_lateraloccipital_part9,0.6821562410126591,Control,MSN,500.aparc,Node Versatility,0.2626471268819886,0.20713339358320643,0.46978052046519503,True,rh_lateraloccipital_part9,4,Secondary sensory cortex,Secondary,False
0.8,rh_lateralorbitofrontal_part2,0.7405871115142322,Control,MSN,500.aparc,Node Versatility,0.2626471268819886,0.20713339358320643,0.46978052046519503,True,rh_lateralorbitofrontal_part2,4,Secondary sensory cortex,Secondary,False
0.8,rh_medialorbitofrontal_part3,0.8340077455218258,Control,MSN,500.aparc,Node Versatility,0.2626471268819886,0.20713339358320643,0.46978052046519503,True,rh_medialorbitofrontal_part3,4,Secondary sensory cortex,Secondary,False
0.8,rh_parsopercularis_part1,0.5721050235774506,Control,MSN,500.aparc,Node Versatility,0.2626471268819886,0.20713339358320643,0.46978052046519503,True,rh_parsopercularis_part1,2,Association cortex - type 1,Association,True
0.8,rh_posteriorcingulate_part2,0.5499331683154763,Control,MSN,500.aparc,Node Versatility,0.2626471268819886,0.20713339358320643,0.46978052046519503,True,rh_posteriorcingulate_part2,6,Limbic cortex,Limbic,False
0.8,rh_precentral_part4,0.8369339192495671,Control,MSN,500.aparc,Node Versatility,0.2626471268819886,0.20713339358320643,0.46978052046519503,True,rh_precentral_part4,1,Primary motor cortex,Primary,False
0.8,rh_precentral_part5,0.8036711803902867,Control,MSN,500.aparc,Node Versatility,0.2626471268819886,0.20713339358320643,0.46978052046519503,True,rh_precentral_part5,1,Primary motor cortex,Primary,False
0.8,rh_precentral_part6,0.6359457183661961,Control,MSN,500.aparc,Node Versatility,0.2626471268819886,0.20713339358320643,0.46978052046519503,True,rh_precentral_part6,1,Primary motor cortex,Primary,False
0.8,rh_precuneus_part3,0.5247774373450422,Control,MSN,500.aparc,Node Versatility,0.2626471268819886,0.20713339358320643,0.46978052046519503,True,rh_precuneus_part3,2,Association cortex - type 1,Association,True
0.8,rh_precuneus_part5,0.4920396933842734,Control,MSN,500.aparc,Node Versatility,0.2626471268819886,0.20713339358320643,0.46978052046519503,True,rh_precuneus_part5,2,Association cortex - type 1,Association,True
0.8,rh_rostralmiddlefrontal_part3,0.4945184532690554,Control,MSN,500.aparc,Node Versatility,0.2626471268819886,0.20713339358320643,0.46978052046519503,True,rh_rostralmiddlefrontal_part3,3,Association cortex - type 2,Association,True
0.8,rh_rostralmiddlefrontal_part5,0.4714988493162911,Control,MSN,500.aparc,Node Versatility,0.2626471268819886,0.20713339358320643,0.46978052046519503,True,rh_rostralmiddlefrontal_part5,3,Association cortex - type 2,Association,True
0.8,rh_rostralmiddlefrontal_part7,0.480082259096102,Control,MSN,500.aparc,Node Versatility,0.2626471268819886,0.20713339358320643,0.46978052046519503,True,rh_rostralmiddlefrontal_part7,3,Association cortex - type 2,Association,True
0.8,rh_superiorfrontal_part10,0.6260795664834091,Control,MSN,500.aparc,Node Versatility,0.2626471268819886,0.20713339358320643,0.46978052046519503,True,rh_superiorfrontal_part10,2,Association cortex - type 1,Association,True
0.8,rh_superiorfrontal_part4,0.5475626207804998,Control,MSN,500.aparc,Node Versatility,0.2626471268819886,0.20713339358320643,0.46978052046519503,True,rh_superiorfrontal_part4,2,Association cortex - type 1,Association,True
0.8,rh_superiorfrontal_part5,0.6600513040058186,Control,MSN,500.aparc,Node Versatility,0.2626471268819886,0.20713339358320643,0.46978052046519503,True,rh_superiorfrontal_part5,2,Association cortex - type 1,Association,True
0.8,rh_superiorparietal_part2,0.8929814414459485,Control,MSN,500.aparc,Node Versatility,0.2626471268819886,0.20713339358320643,0.46978052046519503,True,rh_superiorparietal_part2,2,Association cortex - type 1,Association,True
0.8,rh_superiorparietal_part6,0.4888195847341173,Control,MSN,500.aparc,Node Versatility,0.2626471268819886,0.20713339358320643,0.46978052046519503,True,rh_superiorparietal_part6,2,Association cortex - type 1,Association,True
0.9,lh_fusiform_part1,0.4884218645125741,Control,MSN,500.aparc,Node Versatility,0.2626471268819886,0.20713339358320643,0.46978052046519503,True,lh_fusiform_part1,2,Association cortex - type 1,Association,True
0.9,lh_inferiorparietal_part1,0.5116945203613786,Control,MSN,500.aparc,Node Versatility,0.2626471268819886,0.20713339358320643,0.46978052046519503,True,lh_inferiorparietal_part1,3,Association cortex - type 2,Association,True
0.9,lh_inferiorparietal_part5,0.5618954639628883,Control,MSN,500.aparc,Node Versatility,0.2626471268819886,0.20713339358320643,0.46978052046519503,True,lh_inferiorparietal_part5,3,Association cortex - type 2,Association,True
0.9,lh_inferiortemporal_part4,0.701018597569618,Control,MSN,500.aparc,Node Versatility,0.2626471268819886,0.20713339358320643,0.46978052046519503,True,lh_inferiortemporal_part4,2,Association cortex - type 1,Association,True
0.9,lh_isthmuscingulate_part1,0.8438987589180338,Control,MSN,500.aparc,Node Versatility,0.2626471268819886,0.20713339358320643,0.46978052046519503,True,lh_isthmuscingulate_part1,6,Limbic cortex,Limbic,False
0.9,lh_lateraloccipital_part7,0.6041435478215235,Control,MSN,500.aparc,Node Versatility,0.2626471268819886,0.20713339358320643,0.46978052046519503,True,lh_lateraloccipital_part7,4,Secondary sensory cortex,Secondary,False
0.9,lh_lateralorbitofrontal_part2,0.6288007423007271,Control,MSN,500.aparc,Node Versatility,0.2626471268819886,0.20713339358320643,0.46978052046519503,True,lh_lateralorbitofrontal_part2,4,Secondary sensory cortex,Secondary,False
0.9,lh_lateralorbitofrontal_part3,0.8185424623644951,Control,MSN,500.aparc,Node Versatility,0.2626471268819886,0.20713339358320643,0.46978052046519503,True,lh_lateralorbitofrontal_part3,4,Secondary sensory cortex,Secondary,False
0.9,lh_lingual_part5,0.4920336921697309,Control,MSN,500.aparc,Node Versatility,0.2626471268819886,0.20713339358320643,0.46978052046519503,True,lh_lingual_part5,4,Secondary sensory cortex,Secondary,False
0.9,lh_medialorbitofrontal_part1,0.6319987468003776,Control,MSN,500.aparc,Node Versatility,0.2626471268819886,0.20713339358320643,0.46978052046519503,True,lh_medialorbitofrontal_part1,4,Secondary sensory cortex,Secondary,False
0.9,lh_medialorbitofrontal_part3,0.7242502217446197,Control,MSN,500.aparc,Node Versatility,0.2626471268819886,0.20713339358320643,0.46978052046519503,True,lh_medialorbitofrontal_part3,4,Secondary sensory cortex,Secondary,False
0.9,lh_paracentral_part3,0.6600513040058186,Control,MSN,500.aparc,Node Versatility,0.2626471268819886,0.20713339358320643,0.46978052046519503,True,lh_paracentral_part3,1,Primary motor cortex,Primary,False
0.9,lh_parahippocampal_part1,0.6477954720804183,Control,MSN,500.aparc,Node Versatility,0.2626471268819886,0.20713339358320643,0.46978052046519503,True,lh_parahippocampal_part1,6,Limbic cortex,Limbic,False
0.9,lh_parsopercularis_part1,0.4736574996427005,Control,MSN,500.aparc,Node Versatility,0.2626471268819886,0.20713339358320643,0.46978052046519503,True,lh_parsopercularis_part1,2,Association cortex - type 1,Association,True
0.9,lh_postcentral_part3,0.4775024726083084,Control,MSN,500.aparc,Node Versatility,0.2626471268819886,0.20713339358320643,0.46978052046519503,True,lh_postcentral_part3,5,Primary sensory cortex,Primary,False
0.9,lh_postcentral_part6,0.4830246104113618,Control,MSN,500.aparc,Node Versatility,0.2626471268819886,0.20713339358320643,0.46978052046519503,True,lh_postcentral_part6,5,Primary sensory cortex,Primary,False
0.9,lh_postcentral_part8,0.5816207760843267,Control,MSN,500.aparc,Node Versatility,0.2626471268819886,0.20713339358320643,0.46978052046519503,True,lh_postcentral_part8,5,Primary sensory cortex,Primary,False
0.9,lh_posteriorcingulate_part1,0.4737360074183952,Control,MSN,500.aparc,Node Versatility,0.2626471268819886,0.20713339358320643,0.46978052046519503,True,lh_posteriorcingulate_part1,6,Limbic cortex,Limbic,False
0.9,lh_precentral_part3,0.5850390150733902,Control,MSN,500.aparc,Node Versatility,0.2626471268819886,0.20713339358320643,0.46978052046519503,True,lh_precentral_part3,1,Primary motor cortex,Primary,False
0.9,lh_precentral_part5,0.7714184987612598,Control,MSN,500.aparc,Node Versatility,0.2626471268819886,0.20713339358320643,0.46978052046519503,True,lh_precentral_part5,1,Primary motor cortex,Primary,False
0.9,lh_precentral_part7,0.6263557762879627,Control,MSN,500.aparc,Node Versatility,0.2626471268819886,0.20713339358320643,0.46978052046519503,True,lh_precentral_part7,1,Primary motor cortex,Primary,False
0.9,lh_precuneus_part7,0.9550022761776176,Control,MSN,500.aparc,Node Versatility,0.2626471268819886,0.20713339358320643,0.46978052046519503,True,lh_precuneus_part7,2,Association cortex - type 1,Association,True
0.9,lh_superiorfrontal_part10,0.6955950181616403,Control,MSN,500.aparc,Node Versatility,0.2626471268819886,0.20713339358320643,0.46978052046519503,True,lh_superiorfrontal_part10,2,Association cortex - type 1,Association,True
0.9,lh_superiorfrontal_part4,0.7052606266489293,Control,MSN,500.aparc,Node Versatility,0.2626471268819886,0.20713339358320643,0.46978052046519503,True,lh_superiorfrontal_part4,2,Association cortex - type 1,Association,True
0.9,lh_superiorfrontal_part6,0.6391928803158253,Control,MSN,500.aparc,Node Versatility,0.2626471268819886,0.20713339358320643,0.46978052046519503,True,lh_superiorfrontal_part6,2,Association cortex - type 1,Association,True
0.9,lh_superiorparietal_part2,0.4774350418698559,Control,MSN,500.aparc,Node Versatility,0.2626471268819886,0.20713339358320643,0.46978052046519503,True,lh_superiorparietal_part2,2,Association cortex - type 1,Association,True
0.9,lh_superiorparietal_part6,0.5364658452842119,Control,MSN,500.aparc,Node Versatility,0.2626471268819886,0.20713339358320643,0.46978052046519503,True,lh_superiorparietal_part6,2,Association cortex - type 1,Association,True
0.9,lh_superiortemporal_part3,0.4793758677526961,Control,MSN,500.aparc,Node Versatility,0.2626471268819886,0.20713339358320643,0.46978052046519503,True,lh_superiortemporal_part3,3,Association cortex - type 2,Association,True
0.9,rh_entorhinal_part1,0.7148645884573183,Control,MSN,500.aparc,Node Versatility,0.2626471268819886,0.20713339358320643,0.46978052046519503,True,rh_entorhinal_part1,6,Limbic cortex,Limbic,False
0.9,rh_inferiorparietal_part2,0.6734396851375337,Control,MSN,500.aparc,Node Versatility,0.2626471268819886,0.20713339358320643,0.46978052046519503,True,rh_inferiorparietal_part2,3,Association cortex - type 2,Association,True
0.9,rh_inferiorparietal_part4,0.6791399696149262,Control,MSN,500.aparc,Node Versatility,0.2626471268819886,0.20713339358320643,0.46978052046519503,True,rh_inferiorparietal_part4,3,Association cortex - type 2,Association,True
0.9,rh_inferiortemporal_part2,0.648249392545373,Control,MSN,500.aparc,Node Versatility,0.2626471268819886,0.20713339358320643,0.46978052046519503,True,rh_inferiortemporal_part2,2,Association cortex - type 1,Association,True
0.9,rh_inferiortemporal_part5,0.9660121531875572,Control,MSN,500.aparc,Node Versatility,0.2626471268819886,0.20713339358320643,0.46978052046519503,True,rh_inferiortemporal_part5,2,Association cortex - type 1,Association,True
0.9,rh_insula_part1,0.5851920906855026,Control,MSN,500.aparc,Node Versatility,0.2626471268819886,0.20713339358320643,0.46978052046519503,True,rh_insula_part1,7,Insular cortex,Insular,False
0.9,rh_isthmuscingulate_part1,0.6483839499620067,Control,MSN,500.aparc,Node Versatility,0.2626471268819886,0.20713339358320643,0.46978052046519503,True,rh_isthmuscingulate_part1,6,Limbic cortex,Limbic,False
0.9,rh_lateraloccipital_part9,0.6821562410126591,Control,MSN,500.aparc,Node Versatility,0.2626471268819886,0.20713339358320643,0.46978052046519503,True,rh_lateraloccipital_part9,4,Secondary sensory cortex,Secondary,False
0.9,rh_lateralorbitofrontal_part2,0.7405871115142322,Control,MSN,500.aparc,Node Versatility,0.2626471268819886,0.20713339358320643,0.46978052046519503,True,rh_lateralorbitofrontal_part2,4,Secondary sensory cortex,Secondary,False
0.9,rh_medialorbitofrontal_part3,0.8340077455218258,Control,MSN,500.aparc,Node Versatility,0.2626471268819886,0.20713339358320643,0.46978052046519503,True,rh_medialorbitofrontal_part3,4,Secondary sensory cortex,Secondary,False
0.9,rh_parsopercularis_part1,0.5721050235774506,Control,MSN,500.aparc,Node Versatility,0.2626471268819886,0.20713339358320643,0.46978052046519503,True,rh_parsopercularis_part1,2,Association cortex - type 1,Association,True
0.9,rh_posteriorcingulate_part2,0.5499331683154763,Control,MSN,500.aparc,Node Versatility,0.2626471268819886,0.20713339358320643,0.46978052046519503,True,rh_posteriorcingulate_part2,6,Limbic cortex,Limbic,False
0.9,rh_precentral_part4,0.8369339192495671,Control,MSN,500.aparc,Node Versatility,0.2626471268819886,0.20713339358320643,0.46978052046519503,True,rh_precentral_part4,1,Primary motor cortex,Primary,False
0.9,rh_precentral_part5,0.8036711803902867,Control,MSN,500.aparc,Node Versatility,0.2626471268819886,0.20713339358320643,0.46978052046519503,True,rh_precentral_part5,1,Primary motor cortex,Primary,False
0.9,rh_precentral_part6,0.6359457183661961,Control,MSN,500.aparc,Node Versatility,0.2626471268819886,0.20713339358320643,0.46978052046519503,True,rh_precentral_part6,1,Primary motor cortex,Primary,False
0.9,rh_precuneus_part3,0.5247774373450422,Control,MSN,500.aparc,Node Versatility,0.2626471268819886,0.20713339358320643,0.46978052046519503,True,rh_precuneus_part3,2,Association cortex - type 1,Association,True
0.9,rh_precuneus_part5,0.4920396933842734,Control,MSN,500.aparc,Node Versatility,0.2626471268819886,0.20713339358320643,0.46978052046519503,True,rh_precuneus_part5,2,Association cortex - type 1,Association,True
0.9,rh_rostralmiddlefrontal_part3,0.4945184532690554,Control,MSN,500.aparc,Node Versatility,0.2626471268819886,0.20713339358320643,0.46978052046519503,True,rh_rostralmiddlefrontal_part3,3,Association cortex - type 2,Association,True
0.9,rh_rostralmiddlefrontal_part5,0.4714988493162911,Control,MSN,500.aparc,Node Versatility,0.2626471268819886,0.20713339358320643,0.46978052046519503,True,rh_rostralmiddlefrontal_part5,3,Association cortex - type 2,Association,True
0.9,rh_rostralmiddlefrontal_part7,0.480082259096102,Control,MSN,500.aparc,Node Versatility,0.2626471268819886,0.20713339358320643,0.46978052046519503,True,rh_rostralmiddlefrontal_part7,3,Association cortex - type 2,Association,True
0.9,rh_superiorfrontal_part10,0.6260795664834091,Control,MSN,500.aparc,Node Versatility,0.2626471268819886,0.20713339358320643,0.46978052046519503,True,rh_superiorfrontal_part10,2,Association cortex - type 1,Association,True
0.9,rh_superiorfrontal_part4,0.5475626207804998,Control,MSN,500.aparc,Node Versatility,0.2626471268819886,0.20713339358320643,0.46978052046519503,True,rh_superiorfrontal_part4,2,Association cortex - type 1,Association,True
0.9,rh_superiorfrontal_part5,0.6600513040058186,Control,MSN,500.aparc,Node Versatility,0.2626471268819886,0.20713339358320643,0.46978052046519503,True,rh_superiorfrontal_part5,2,Association cortex - type 1,Association,True
0.9,rh_superiorparietal_part2,0.8929814414459485,Control,MSN,500.aparc,Node Versatility,0.2626471268819886,0.20713339358320643,0.46978052046519503,True,rh_superiorparietal_part2,2,Association cortex - type 1,Association,True
0.9,rh_superiorparietal_part6,0.4888195847341173,Control,MSN,500.aparc,Node Versatility,0.2626471268819886,0.20713339358320643,0.46978052046519503,True,rh_superiorparietal_part6,2,Association cortex - type 1,Association,True
1.0,lh_fusiform_part1,0.4884218645125741,Control,MSN,500.aparc,Node Versatility,0.2626471268819886,0.20713339358320643,0.46978052046519503,True,lh_fusiform_part1,2,Association cortex - type 1,Association,True
1.0,lh_inferiorparietal_part1,0.5116945203613786,Control,MSN,500.aparc,Node Versatility,0.2626471268819886,0.20713339358320643,0.46978052046519503,True,lh_inferiorparietal_part1,3,Association cortex - type 2,Association,True
1.0,lh_inferiorparietal_part5,0.5618954639628883,Control,MSN,500.aparc,Node Versatility,0.2626471268819886,0.20713339358320643,0.46978052046519503,True,lh_inferiorparietal_part5,3,Association cortex - type 2,Association,True
1.0,lh_inferiortemporal_part4,0.701018597569618,Control,MSN,500.aparc,Node Versatility,0.2626471268819886,0.20713339358320643,0.46978052046519503,True,lh_inferiortemporal_part4,2,Association cortex - type 1,Association,True
1.0,lh_isthmuscingulate_part1,0.8438987589180338,Control,MSN,500.aparc,Node Versatility,0.2626471268819886,0.20713339358320643,0.46978052046519503,True,lh_isthmuscingulate_part1,6,Limbic cortex,Limbic,False
1.0,lh_lateraloccipital_part7,0.6041435478215235,Control,MSN,500.aparc,Node Versatility,0.2626471268819886,0.20713339358320643,0.46978052046519503,True,lh_lateraloccipital_part7,4,Secondary sensory cortex,Secondary,False
1.0,lh_lateralorbitofrontal_part2,0.6288007423007271,Control,MSN,500.aparc,Node Versatility,0.2626471268819886,0.20713339358320643,0.46978052046519503,True,lh_lateralorbitofrontal_part2,4,Secondary sensory cortex,Secondary,False
1.0,lh_lateralorbitofrontal_part3,0.8185424623644951,Control,MSN,500.aparc,Node Versatility,0.2626471268819886,0.20713339358320643,0.46978052046519503,True,lh_lateralorbitofrontal_part3,4,Secondary sensory cortex,Secondary,False
1.0,lh_lingual_part5,0.4920336921697309,Control,MSN,500.aparc,Node Versatility,0.2626471268819886,0.20713339358320643,0.46978052046519503,True,lh_lingual_part5,4,Secondary sensory cortex,Secondary,False
1.0,lh_medialorbitofrontal_part1,0.6319987468003776,Control,MSN,500.aparc,Node Versatility,0.2626471268819886,0.20713339358320643,0.46978052046519503,True,lh_medialorbitofrontal_part1,4,Secondary sensory cortex,Secondary,False
1.0,lh_medialorbitofrontal_part3,0.7242502217446197,Control,MSN,500.aparc,Node Versatility,0.2626471268819886,0.20713339358320643,0.46978052046519503,True,lh_medialorbitofrontal_part3,4,Secondary sensory cortex,Secondary,False
1.0,lh_paracentral_part3,0.6600513040058186,Control,MSN,500.aparc,Node Versatility,0.2626471268819886,0.20713339358320643,0.46978052046519503,True,lh_paracentral_part3,1,Primary motor cortex,Primary,False
1.0,lh_parahippocampal_part1,0.6477954720804183,Control,MSN,500.aparc,Node Versatility,0.2626471268819886,0.20713339358320643,0.46978052046519503,True,lh_parahippocampal_part1,6,Limbic cortex,Limbic,False
1.0,lh_parsopercularis_part1,0.4736574996427005,Control,MSN,500.aparc,Node Versatility,0.2626471268819886,0.20713339358320643,0.46978052046519503,True,lh_parsopercularis_part1,2,Association cortex - type 1,Association,True
1.0,lh_postcentral_part3,0.4775024726083084,Control,MSN,500.aparc,Node Versatility,0.2626471268819886,0.20713339358320643,0.46978052046519503,True,lh_postcentral_part3,5,Primary sensory cortex,Primary,False
1.0,lh_postcentral_part6,0.4830246104113618,Control,MSN,500.aparc,Node Versatility,0.2626471268819886,0.20713339358320643,0.46978052046519503,True,lh_postcentral_part6,5,Primary sensory cortex,Primary,False
1.0,lh_postcentral_part8,0.5816207760843267,Control,MSN,500.aparc,Node Versatility,0.2626471268819886,0.20713339358320643,0.46978052046519503,True,lh_postcentral_part8,5,Primary sensory cortex,Primary,False
1.0,lh_posteriorcingulate_part1,0.4737360074183952,Control,MSN,500.aparc,Node Versatility,0.2626471268819886,0.20713339358320643,0.46978052046519503,True,lh_posteriorcingulate_part1,6,Limbic cortex,Limbic,False
1.0,lh_precentral_part3,0.5850390150733902,Control,MSN,500.aparc,Node Versatility,0.2626471268819886,0.20713339358320643,0.46978052046519503,True,lh_precentral_part3,1,Primary motor cortex,Primary,False
1.0,lh_precentral_part5,0.7714184987612598,Control,MSN,500.aparc,Node Versatility,0.2626471268819886,0.20713339358320643,0.46978052046519503,True,lh_precentral_part5,1,Primary motor cortex,Primary,False
1.0,lh_precentral_part7,0.6263557762879627,Control,MSN,500.aparc,Node Versatility,0.2626471268819886,0.20713339358320643,0.46978052046519503,True,lh_precentral_part7,1,Primary motor cortex,Primary,False
1.0,lh_precuneus_part7,0.9550022761776176,Control,MSN,500.aparc,Node Versatility,0.2626471268819886,0.20713339358320643,0.46978052046519503,True,lh_precuneus_part7,2,Association cortex - type 1,Association,True
1.0,lh_superiorfrontal_part10,0.6955950181616403,Control,MSN,500.aparc,Node Versatility,0.2626471268819886,0.20713339358320643,0.46978052046519503,True,lh_superiorfrontal_part10,2,Association cortex - type 1,Association,True
1.0,lh_superiorfrontal_part4,0.7052606266489293,Control,MSN,500.aparc,Node Versatility,0.2626471268819886,0.20713339358320643,0.46978052046519503,True,lh_superiorfrontal_part4,2,Association cortex - type 1,Association,True
1.0,lh_superiorfrontal_part6,0.6391928803158253,Control,MSN,500.aparc,Node Versatility,0.2626471268819886,0.20713339358320643,0.46978052046519503,True,lh_superiorfrontal_part6,2,Association cortex - type 1,Association,True
1.0,lh_superiorparietal_part2,0.4774350418698559,Control,MSN,500.aparc,Node Versatility,0.2626471268819886,0.20713339358320643,0.46978052046519503,True,lh_superiorparietal_part2,2,Association cortex - type 1,Association,True
1.0,lh_superiorparietal_part6,0.5364658452842119,Control,MSN,500.aparc,Node Versatility,0.2626471268819886,0.20713339358320643,0.46978052046519503,True,lh_superiorparietal_part6,2,Association cortex - type 1,Association,True
1.0,lh_superiortemporal_part3,0.4793758677526961,Control,MSN,500.aparc,Node Versatility,0.2626471268819886,0.20713339358320643,0.46978052046519503,True,lh_superiortemporal_part3,3,Association cortex - type 2,Association,True
1.0,rh_entorhinal_part1,0.7148645884573183,Control,MSN,500.aparc,Node Versatility,0.2626471268819886,0.20713339358320643,0.46978052046519503,True,rh_entorhinal_part1,6,Limbic cortex,Limbic,False
1.0,rh_inferiorparietal_part2,0.6734396851375337,Control,MSN,500.aparc,Node Versatility,0.2626471268819886,0.20713339358320643,0.46978052046519503,True,rh_inferiorparietal_part2,3,Association cortex - type 2,Association,True
1.0,rh_inferiorparietal_part4,0.6791399696149262,Control,MSN,500.aparc,Node Versatility,0.2626471268819886,0.20713339358320643,0.46978052046519503,True,rh_inferiorparietal_part4,3,Association cortex - type 2,Association,True
1.0,rh_inferiortemporal_part2,0.648249392545373,Control,MSN,500.aparc,Node Versatility,0.2626471268819886,0.20713339358320643,0.46978052046519503,True,rh_inferiortemporal_part2,2,Association cortex - type 1,Association,True
1.0,rh_inferiortemporal_part5,0.9660121531875572,Control,MSN,500.aparc,Node Versatility,0.2626471268819886,0.20713339358320643,0.46978052046519503,True,rh_inferiortemporal_part5,2,Association cortex - type 1,Association,True
1.0,rh_insula_part1,0.5851920906855026,Control,MSN,500.aparc,Node Versatility,0.2626471268819886,0.20713339358320643,0.46978052046519503,True,rh_insula_part1,7,Insular cortex,Insular,False
1.0,rh_isthmuscingulate_part1,0.6483839499620067,Control,MSN,500.aparc,Node Versatility,0.2626471268819886,0.20713339358320643,0.46978052046519503,True,rh_isthmuscingulate_part1,6,Limbic cortex,Limbic,False
1.0,rh_lateraloccipital_part9,0.6821562410126591,Control,MSN,500.aparc,Node Versatility,0.2626471268819886,0.20713339358320643,0.46978052046519503,True,rh_lateraloccipital_part9,4,Secondary sensory cortex,Secondary,False
1.0,rh_lateralorbitofrontal_part2,0.7405871115142322,Control,MSN,500.aparc,Node Versatility,0.2626471268819886,0.20713339358320643,0.46978052046519503,True,rh_lateralorbitofrontal_part2,4,Secondary sensory cortex,Secondary,False
1.0,rh_medialorbitofrontal_part3,0.8340077455218258,Control,MSN,500.aparc,Node Versatility,0.2626471268819886,0.20713339358320643,0.46978052046519503,True,rh_medialorbitofrontal_part3,4,Secondary sensory cortex,Secondary,False
1.0,rh_parsopercularis_part1,0.5721050235774506,Control,MSN,500.aparc,Node Versatility,0.2626471268819886,0.20713339358320643,0.46978052046519503,True,rh_parsopercularis_part1,2,Association cortex - type 1,Association,True
1.0,rh_posteriorcingulate_part2,0.5499331683154763,Control,MSN,500.aparc,Node Versatility,0.2626471268819886,0.20713339358320643,0.46978052046519503,True,rh_posteriorcingulate_part2,6,Limbic cortex,Limbic,False
1.0,rh_precentral_part4,0.8369339192495671,Control,MSN,500.aparc,Node Versatility,0.2626471268819886,0.20713339358320643,0.46978052046519503,True,rh_precentral_part4,1,Primary motor cortex,Primary,False
1.0,rh_precentral_part5,0.8036711803902867,Control,MSN,500.aparc,Node Versatility,0.2626471268819886,0.20713339358320643,0.46978052046519503,True,rh_precentral_part5,1,Primary motor cortex,Primary,False
1.0,rh_precentral_part6,0.6359457183661961,Control,MSN,500.aparc,Node Versatility,0.2626471268819886,0.20713339358320643,0.46978052046519503,True,rh_precentral_part6,1,Primary motor cortex,Primary,False
1.0,rh_precuneus_part3,0.5247774373450422,Control,MSN,500.aparc,Node Versatility,0.2626471268819886,0.20713339358320643,0.46978052046519503,True,rh_precuneus_part3,2,Association cortex - type 1,Association,True
1.0,rh_precuneus_part5,0.4920396933842734,Control,MSN,500.aparc,Node Versatility,0.2626471268819886,0.20713339358320643,0.46978052046519503,True,rh_precuneus_part5,2,Association cortex - type 1,Association,True
1.0,rh_rostralmiddlefrontal_part3,0.4945184532690554,Control,MSN,500.aparc,Node Versatility,0.2626471268819886,0.20713339358320643,0.46978052046519503,True,rh_rostralmiddlefrontal_part3,3,Association cortex - type 2,Association,True
1.0,rh_rostralmiddlefrontal_part5,0.4714988493162911,Control,MSN,500.aparc,Node Versatility,0.2626471268819886,0.20713339358320643,0.46978052046519503,True,rh_rostralmiddlefrontal_part5,3,Association cortex - type 2,Association,True
1.0,rh_rostralmiddlefrontal_part7,0.480082259096102,Control,MSN,500.aparc,Node Versatility,0.2626471268819886,0.20713339358320643,0.46978052046519503,True,rh_rostralmiddlefrontal_part7,3,Association cortex - type 2,Association,True
1.0,rh_superiorfrontal_part10,0.6260795664834091,Control,MSN,500.aparc,Node Versatility,0.2626471268819886,0.20713339358320643,0.46978052046519503,True,rh_superiorfrontal_part10,2,Association cortex - type 1,Association,True
1.0,rh_superiorfrontal_part4,0.5475626207804998,Control,MSN,500.aparc,Node Versatility,0.2626471268819886,0.20713339358320643,0.46978052046519503,True,rh_superiorfrontal_part4,2,Association cortex - type 1,Association,True
1.0,rh_superiorfrontal_part5,0.6600513040058186,Control,MSN,500.aparc,Node Versatility,0.2626471268819886,0.20713339358320643,0.46978052046519503,True,rh_superiorfrontal_part5,2,Association cortex - type 1,Association,True
1.0,rh_superiorparietal_part2,0.8929814414459485,Control,MSN,500.aparc,Node Versatility,0.2626471268819886,0.20713339358320643,0.46978052046519503,True,rh_superiorparietal_part2,2,Association cortex - type 1,Association,True
1.0,rh_superiorparietal_part6,0.4888195847341173,Control,MSN,500.aparc,Node Versatility,0.2626471268819886,0.20713339358320643,0.46978052046519503,True,rh_superiorparietal_part6,2,Association cortex - type 1,Association,True
0.05,lh_fusiform_part5,0.500963721636197,Gifted,MSN,500.aparc,Node Versatility,0.31052066200241285,0.17605545405685508,0.4865761160592679,True,lh_fusiform_part5,2,Association cortex - type 1,Association,True
0.05,lh_inferiorparietal_part2,0.5853322629614146,Gifted,MSN,500.aparc,Node Versatility,0.31052066200241285,0.17605545405685508,0.4865761160592679,True,lh_inferiorparietal_part2,3,Association cortex - type 2,Association,True
0.05,lh_inferiorparietal_part3,0.5369608182912269,Gifted,MSN,500.aparc,Node Versatility,0.31052066200241285,0.17605545405685508,0.4865761160592679,True,lh_inferiorparietal_part3,3,Association cortex - type 2,Association,True
0.05,lh_inferiorparietal_part5,0.500963721636197,Gifted,MSN,500.aparc,Node Versatility,0.31052066200241285,0.17605545405685508,0.4865761160592679,True,lh_inferiorparietal_part5,3,Association cortex - type 2,Association,True
0.05,lh_insula_part2,0.5150056401536425,Gifted,MSN,500.aparc,Node Versatility,0.31052066200241285,0.17605545405685508,0.4865761160592679,True,lh_insula_part2,7,Insular cortex,Insular,False
0.05,lh_isthmuscingulate_part1,0.6077812521908834,Gifted,MSN,500.aparc,Node Versatility,0.31052066200241285,0.17605545405685508,0.4865761160592679,True,lh_isthmuscingulate_part1,6,Limbic cortex,Limbic,False
0.05,lh_lateralorbitofrontal_part1,0.7771138206639675,Gifted,MSN,500.aparc,Node Versatility,0.31052066200241285,0.17605545405685508,0.4865761160592679,True,lh_lateralorbitofrontal_part1,4,Secondary sensory cortex,Secondary,False
0.05,lh_lateralorbitofrontal_part2,0.7347911276036642,Gifted,MSN,500.aparc,Node Versatility,0.31052066200241285,0.17605545405685508,0.4865761160592679,True,lh_lateralorbitofrontal_part2,4,Secondary sensory cortex,Secondary,False
0.05,lh_lateralorbitofrontal_part3,0.7347911276036642,Gifted,MSN,500.aparc,Node Versatility,0.31052066200241285,0.17605545405685508,0.4865761160592679,True,lh_lateralorbitofrontal_part3,4,Secondary sensory cortex,Secondary,False
0.05,lh_lingual_part5,0.5877490085345705,Gifted,MSN,500.aparc,Node Versatility,0.31052066200241285,0.17605545405685508,0.4865761160592679,True,lh_lingual_part5,4,Secondary sensory cortex,Secondary,False
0.05,lh_medialorbitofrontal_part3,0.7354640218354829,Gifted,MSN,500.aparc,Node Versatility,0.31052066200241285,0.17605545405685508,0.4865761160592679,True,lh_medialorbitofrontal_part3,4,Secondary sensory cortex,Secondary,False
0.05,lh_paracentral_part3,0.59675440590829,Gifted,MSN,500.aparc,Node Versatility,0.31052066200241285,0.17605545405685508,0.4865761160592679,True,lh_paracentral_part3,1,Primary motor cortex,Primary,False
0.05,lh_parstriangularis_part2,0.6507674772978469,Gifted,MSN,500.aparc,Node Versatility,0.31052066200241285,0.17605545405685508,0.4865761160592679,True,lh_parstriangularis_part2,2,Association cortex - type 1,Association,True
0.05,lh_postcentral_part3,0.587994347075385,Gifted,MSN,500.aparc,Node Versatility,0.31052066200241285,0.17605545405685508,0.4865761160592679,True,lh_postcentral_part3,5,Primary sensory cortex,Primary,False
0.05,lh_postcentral_part5,0.587994347075385,Gifted,MSN,500.aparc,Node Versatility,0.31052066200241285,0.17605545405685508,0.4865761160592679,True,lh_postcentral_part5,5,Primary sensory cortex,Primary,False
0.05,lh_postcentral_part7,0.587994347075385,Gifted,MSN,500.aparc,Node Versatility,0.31052066200241285,0.17605545405685508,0.4865761160592679,True,lh_postcentral_part7,5,Primary sensory cortex,Primary,False
0.05,lh_postcentral_part8,0.6329959576545521,Gifted,MSN,500.aparc,Node Versatility,0.31052066200241285,0.17605545405685508,0.4865761160592679,True,lh_postcentral_part8,5,Primary sensory cortex,Primary,False
0.05,lh_posteriorcingulate_part2,0.7832748128347907,Gifted,MSN,500.aparc,Node Versatility,0.31052066200241285,0.17605545405685508,0.4865761160592679,True,lh_posteriorcingulate_part2,6,Limbic cortex,Limbic,False
0.05,lh_precuneus_part7,0.5853322629614146,Gifted,MSN,500.aparc,Node Versatility,0.31052066200241285,0.17605545405685508,0.4865761160592679,True,lh_precuneus_part7,2,Association cortex - type 1,Association,True
0.05,lh_rostralmiddlefrontal_part3,0.5048754784017405,Gifted,MSN,500.aparc,Node Versatility,0.31052066200241285,0.17605545405685508,0.4865761160592679,True,lh_rostralmiddlefrontal_part3,3,Association cortex - type 2,Association,True
0.05,lh_rostralmiddlefrontal_part7,0.6329959576545521,Gifted,MSN,500.aparc,Node Versatility,0.31052066200241285,0.17605545405685508,0.4865761160592679,True,lh_rostralmiddlefrontal_part7,3,Association cortex - type 2,Association,True
0.05,lh_superiorfrontal_part10,0.6080065873223701,Gifted,MSN,500.aparc,Node Versatility,0.31052066200241285,0.17605545405685508,0.4865761160592679,True,lh_superiorfrontal_part10,2,Association cortex - type 1,Association,True
0.05,lh_superiorfrontal_part11,0.552559219766834,Gifted,MSN,500.aparc,Node Versatility,0.31052066200241285,0.17605545405685508,0.4865761160592679,True,lh_superiorfrontal_part11,2,Association cortex - type 1,Association,True
0.05,lh_superiorfrontal_part12,0.552559219766834,Gifted,MSN,500.aparc,Node Versatility,0.31052066200241285,0.17605545405685508,0.4865761160592679,True,lh_superiorfrontal_part12,2,Association cortex - type 1,Association,True
0.05,lh_superiorfrontal_part6,0.5991781510585675,Gifted,MSN,500.aparc,Node Versatility,0.31052066200241285,0.17605545405685508,0.4865761160592679,True,lh_superiorfrontal_part6,2,Association cortex - type 1,Association,True
0.05,lh_superiorfrontal_part9,0.5048754784017405,Gifted,MSN,500.aparc,Node Versatility,0.31052066200241285,0.17605545405685508,0.4865761160592679,True,lh_superiorfrontal_part9,2,Association cortex - type 1,Association,True
0.05,lh_supramarginal_part7,0.5022456586472693,Gifted,MSN,500.aparc,Node Versatility,0.31052066200241285,0.17605545405685508,0.4865761160592679,True,lh_supramarginal_part7,3,Association cortex - type 2,Association,True
0.05,rh_fusiform_part3,0.500963721636197,Gifted,MSN,500.aparc,Node Versatility,0.31052066200241285,0.17605545405685508,0.4865761160592679,True,rh_fusiform_part3,2,Association cortex - type 1,Association,True
0.05,rh_inferiorparietal_part5,0.6507674772978469,Gifted,MSN,500.aparc,Node Versatility,0.31052066200241285,0.17605545405685508,0.4865761160592679,True,rh_inferiorparietal_part5,3,Association cortex - type 2,Association,True
0.05,rh_inferiorparietal_part6,0.587994347075385,Gifted,MSN,500.aparc,Node Versatility,0.31052066200241285,0.17605545405685508,0.4865761160592679,True,rh_inferiorparietal_part6,3,Association cortex - type 2,Association,True
0.05,rh_insula_part1,0.6080065873223701,Gifted,MSN,500.aparc,Node Versatility,0.31052066200241285,0.17605545405685508,0.4865761160592679,True,rh_insula_part1,7,Insular cortex,Insular,False
0.05,rh_isthmuscingulate_part1,0.59675440590829,Gifted,MSN,500.aparc,Node Versatility,0.31052066200241285,0.17605545405685508,0.4865761160592679,True,rh_isthmuscingulate_part1,6,Limbic cortex,Limbic,False
0.05,rh_lateraloccipital_part9,0.8050959755758821,Gifted,MSN,500.aparc,Node Versatility,0.31052066200241285,0.17605545405685508,0.4865761160592679,True,rh_lateraloccipital_part9,4,Secondary sensory cortex,Secondary,False
0.05,rh_lateralorbitofrontal_part2,0.8050959755758821,Gifted,MSN,500.aparc,Node Versatility,0.31052066200241285,0.17605545405685508,0.4865761160592679,True,rh_lateralorbitofrontal_part2,4,Secondary sensory cortex,Secondary,False
0.05,rh_lateralorbitofrontal_part3,0.6006269815519432,Gifted,MSN,500.aparc,Node Versatility,0.31052066200241285,0.17605545405685508,0.4865761160592679,True,rh_lateralorbitofrontal_part3,4,Secondary sensory cortex,Secondary,False
0.05,rh_lingual_part1,0.6179070462018607,Gifted,MSN,500.aparc,Node Versatility,0.31052066200241285,0.17605545405685508,0.4865761160592679,True,rh_lingual_part1,4,Secondary sensory cortex,Secondary,False
0.05,rh_medialorbitofrontal_part2,0.8811746319294201,Gifted,MSN,500.aparc,Node Versatility,0.31052066200241285,0.17605545405685508,0.4865761160592679,True,rh_medialorbitofrontal_part2,4,Secondary sensory cortex,Secondary,False
0.05,rh_medialorbitofrontal_part3,0.7354640218354829,Gifted,MSN,500.aparc,Node Versatility,0.31052066200241285,0.17605545405685508,0.4865761160592679,True,rh_medialorbitofrontal_part3,4,Secondary sensory cortex,Secondary,False
0.05,rh_paracentral_part1,0.6146700563457053,Gifted,MSN,500.aparc,Node Versatility,0.31052066200241285,0.17605545405685508,0.4865761160592679,True,rh_paracentral_part1,1,Primary motor cortex,Primary,False
0.05,rh_parsopercularis_part1,0.6080065873223701,Gifted,MSN,500.aparc,Node Versatility,0.31052066200241285,0.17605545405685508,0.4865761160592679,True,rh_parsopercularis_part1,2,Association cortex - type 1,Association,True
0.05,rh_parsopercularis_part2,0.6080065873223701,Gifted,MSN,500.aparc,Node Versatility,0.31052066200241285,0.17605545405685508,0.4865761160592679,True,rh_parsopercularis_part2,2,Association cortex - type 1,Association,True
0.05,rh_pericalcarine_part1,0.8155239803425531,Gifted,MSN,500.aparc,Node Versatility,0.31052066200241285,0.17605545405685508,0.4865761160592679,True,rh_pericalcarine_part1,5,Primary sensory cortex,Primary,False
0.05,rh_postcentral_part6,0.5437054277236031,Gifted,MSN,500.aparc,Node Versatility,0.31052066200241285,0.17605545405685508,0.4865761160592679,True,rh_postcentral_part6,5,Primary sensory cortex,Primary,False
0.05,rh_posteriorcingulate_part1,0.587994347075385,Gifted,MSN,500.aparc,Node Versatility,0.31052066200241285,0.17605545405685508,0.4865761160592679,True,rh_posteriorcingulate_part1,6,Limbic cortex,Limbic,False
0.05,rh_posteriorcingulate_part2,0.587994347075385,Gifted,MSN,500.aparc,Node Versatility,0.31052066200241285,0.17605545405685508,0.4865761160592679,True,rh_posteriorcingulate_part2,6,Limbic cortex,Limbic,False
0.05,rh_precentral_part5,0.6080065873223701,Gifted,MSN,500.aparc,Node Versatility,0.31052066200241285,0.17605545405685508,0.4865761160592679,True,rh_precentral_part5,1,Primary motor cortex,Primary,False
0.05,rh_precentral_part6,0.8155239803425531,Gifted,MSN,500.aparc,Node Versatility,0.31052066200241285,0.17605545405685508,0.4865761160592679,True,rh_precentral_part6,1,Primary motor cortex,Primary,False
0.05,rh_precuneus_part1,0.584924737009761,Gifted,MSN,500.aparc,Node Versatility,0.31052066200241285,0.17605545405685508,0.4865761160592679,True,rh_precuneus_part1,2,Association cortex - type 1,Association,True
0.05,rh_precuneus_part2,0.6006269815519432,Gifted,MSN,500.aparc,Node Versatility,0.31052066200241285,0.17605545405685508,0.4865761160592679,True,rh_precuneus_part2,2,Association cortex - type 1,Association,True
0.05,rh_rostralmiddlefrontal_part1,0.8050959755758821,Gifted,MSN,500.aparc,Node Versatility,0.31052066200241285,0.17605545405685508,0.4865761160592679,True,rh_rostralmiddlefrontal_part1,3,Association cortex - type 2,Association,True
0.05,rh_rostralmiddlefrontal_part5,0.5048754784017405,Gifted,MSN,500.aparc,Node Versatility,0.31052066200241285,0.17605545405685508,0.4865761160592679,True,rh_rostralmiddlefrontal_part5,3,Association cortex - type 2,Association,True
0.05,rh_rostralmiddlefrontal_part8,0.587994347075385,Gifted,MSN,500.aparc,Node Versatility,0.31052066200241285,0.17605545405685508,0.4865761160592679,True,rh_rostralmiddlefrontal_part8,3,Association cortex - type 2,Association,True
0.05,rh_superiorfrontal_part12,0.5048754784017405,Gifted,MSN,500.aparc,Node Versatility,0.31052066200241285,0.17605545405685508,0.4865761160592679,True,rh_superiorfrontal_part12,2,Association cortex - type 1,Association,True
0.05,rh_superiorfrontal_part5,0.6080065873223701,Gifted,MSN,500.aparc,Node Versatility,0.31052066200241285,0.17605545405685508,0.4865761160592679,True,rh_superiorfrontal_part5,2,Association cortex - type 1,Association,True
0.05,rh_superiorparietal_part10,0.5877490085345705,Gifted,MSN,500.aparc,Node Versatility,0.31052066200241285,0.17605545405685508,0.4865761160592679,True,rh_superiorparietal_part10,2,Association cortex - type 1,Association,True
0.05,rh_superiorparietal_part4,0.7347911276036642,Gifted,MSN,500.aparc,Node Versatility,0.31052066200241285,0.17605545405685508,0.4865761160592679,True,rh_superiorparietal_part4,2,Association cortex - type 1,Association,True
0.1,lh_caudalanteriorcingulate_part1,0.434548734774524,Gifted,MSN,500.aparc,Node Versatility,0.23945266208839375,0.1830882049274794,0.4225408670158731,True,lh_caudalanteriorcingulate_part1,6,Limbic cortex,Limbic,False
0.1,lh_caudalmiddlefrontal_part2,0.5789955253286253,Gifted,MSN,500.aparc,Node Versatility,0.23945266208839375,0.1830882049274794,0.4225408670158731,True,lh_caudalmiddlefrontal_part2,2,Association cortex - type 1,Association,True
0.1,lh_fusiform_part3,0.7872316351272725,Gifted,MSN,500.aparc,Node Versatility,0.23945266208839375,0.1830882049274794,0.4225408670158731,True,lh_fusiform_part3,2,Association cortex - type 1,Association,True
0.1,lh_inferiorparietal_part5,0.5632312800991565,Gifted,MSN,500.aparc,Node Versatility,0.23945266208839375,0.1830882049274794,0.4225408670158731,True,lh_inferiorparietal_part5,3,Association cortex - type 2,Association,True
0.1,lh_inferiortemporal_part1,0.4820101007179205,Gifted,MSN,500.aparc,Node Versatility,0.23945266208839375,0.1830882049274794,0.4225408670158731,True,lh_inferiortemporal_part1,2,Association cortex - type 1,Association,True
0.1,lh_isthmuscingulate_part1,0.7819534381271072,Gifted,MSN,500.aparc,Node Versatility,0.23945266208839375,0.1830882049274794,0.4225408670158731,True,lh_isthmuscingulate_part1,6,Limbic cortex,Limbic,False
0.1,lh_lateralorbitofrontal_part2,0.8733198223867156,Gifted,MSN,500.aparc,Node Versatility,0.23945266208839375,0.1830882049274794,0.4225408670158731,True,lh_lateralorbitofrontal_part2,4,Secondary sensory cortex,Secondary,False
0.1,lh_medialorbitofrontal_part3,0.7881908900769895,Gifted,MSN,500.aparc,Node Versatility,0.23945266208839375,0.1830882049274794,0.4225408670158731,True,lh_medialorbitofrontal_part3,4,Secondary sensory cortex,Secondary,False
0.1,lh_posteriorcingulate_part1,0.434548734774524,Gifted,MSN,500.aparc,Node Versatility,0.23945266208839375,0.1830882049274794,0.4225408670158731,True,lh_posteriorcingulate_part1,6,Limbic cortex,Limbic,False
0.1,lh_posteriorcingulate_part2,0.4237424180043329,Gifted,MSN,500.aparc,Node Versatility,0.23945266208839375,0.1830882049274794,0.4225408670158731,True,lh_posteriorcingulate_part2,6,Limbic cortex,Limbic,False
0.1,lh_precentral_part7,0.4580262758712835,Gifted,MSN,500.aparc,Node Versatility,0.23945266208839375,0.1830882049274794,0.4225408670158731,True,lh_precentral_part7,1,Primary motor cortex,Primary,False
0.1,lh_precuneus_part3,0.4678044816022269,Gifted,MSN,500.aparc,Node Versatility,0.23945266208839375,0.1830882049274794,0.4225408670158731,True,lh_precuneus_part3,2,Association cortex - type 1,Association,True
0.1,lh_precuneus_part5,0.5789955253286253,Gifted,MSN,500.aparc,Node Versatility,0.23945266208839375,0.1830882049274794,0.4225408670158731,True,lh_precuneus_part5,2,Association cortex - type 1,Association,True
0.1,lh_rostralmiddlefrontal_part1,0.4603163449606063,Gifted,MSN,500.aparc,Node Versatility,0.23945266208839375,0.1830882049274794,0.4225408670158731,True,lh_rostralmiddlefrontal_part1,3,Association cortex - type 2,Association,True
0.1,lh_superiorfrontal_part2,0.4703642829442487,Gifted,MSN,500.aparc,Node Versatility,0.23945266208839375,0.1830882049274794,0.4225408670158731,True,lh_superiorfrontal_part2,2,Association cortex - type 1,Association,True
0.1,lh_superiortemporal_part3,0.4839468157053024,Gifted,MSN,500.aparc,Node Versatility,0.23945266208839375,0.1830882049274794,0.4225408670158731,True,lh_superiortemporal_part3,3,Association cortex - type 2,Association,True
0.1,lh_temporalpole_part1,0.4820101007179205,Gifted,MSN,500.aparc,Node Versatility,0.23945266208839375,0.1830882049274794,0.4225408670158731,True,lh_temporalpole_part1,2,Association cortex - type 1,Association,True
0.1,rh_caudalanteriorcingulate_part1,0.434548734774524,Gifted,MSN,500.aparc,Node Versatility,0.23945266208839375,0.1830882049274794,0.4225408670158731,True,rh_caudalanteriorcingulate_part1,6,Limbic cortex,Limbic,False
0.1,rh_caudalmiddlefrontal_part1,0.5254792396984161,Gifted,MSN,500.aparc,Node Versatility,0.23945266208839375,0.1830882049274794,0.4225408670158731,True,rh_caudalmiddlefrontal_part1,2,Association cortex - type 1,Association,True
0.1,rh_entorhinal_part1,0.8238004678798885,Gifted,MSN,500.aparc,Node Versatility,0.23945266208839375,0.1830882049274794,0.4225408670158731,True,rh_entorhinal_part1,6,Limbic cortex,Limbic,False
0.1,rh_fusiform_part3,0.5632312800991565,Gifted,MSN,500.aparc,Node Versatility,0.23945266208839375,0.1830882049274794,0.4225408670158731,True,rh_fusiform_part3,2,Association cortex - type 1,Association,True
0.1,rh_inferiorparietal_part1,0.4787742691542849,Gifted,MSN,500.aparc,Node Versatility,0.23945266208839375,0.1830882049274794,0.4225408670158731,True,rh_inferiorparietal_part1,3,Association cortex - type 2,Association,True
0.1,rh_inferiorparietal_part10,0.4787742691542849,Gifted,MSN,500.aparc,Node Versatility,0.23945266208839375,0.1830882049274794,0.4225408670158731,True,rh_inferiorparietal_part10,3,Association cortex - type 2,Association,True
0.1,rh_inferiorparietal_part2,0.6485107500509769,Gifted,MSN,500.aparc,Node Versatility,0.23945266208839375,0.1830882049274794,0.4225408670158731,True,rh_inferiorparietal_part2,3,Association cortex - type 2,Association,True
0.1,rh_inferiorparietal_part4,0.6485107500509769,Gifted,MSN,500.aparc,Node Versatility,0.23945266208839375,0.1830882049274794,0.4225408670158731,True,rh_inferiorparietal_part4,3,Association cortex - type 2,Association,True
0.1,rh_inferiorparietal_part7,0.618401909761718,Gifted,MSN,500.aparc,Node Versatility,0.23945266208839375,0.1830882049274794,0.4225408670158731,True,rh_inferiorparietal_part7,3,Association cortex - type 2,Association,True
0.1,rh_inferiortemporal_part2,1.0,Gifted,MSN,500.aparc,Node Versatility,0.23945266208839375,0.1830882049274794,0.4225408670158731,True,rh_inferiortemporal_part2,2,Association cortex - type 1,Association,True
0.1,rh_inferiortemporal_part5,1.0,Gifted,MSN,500.aparc,Node Versatility,0.23945266208839375,0.1830882049274794,0.4225408670158731,True,rh_inferiortemporal_part5,2,Association cortex - type 1,Association,True
0.1,rh_lateraloccipital_part9,0.8238004678798885,Gifted,MSN,500.aparc,Node Versatility,0.23945266208839375,0.1830882049274794,0.4225408670158731,True,rh_lateraloccipital_part9,4,Secondary sensory cortex,Secondary,False
0.1,rh_lingual_part5,0.7375782658686745,Gifted,MSN,500.aparc,Node Versatility,0.23945266208839375,0.1830882049274794,0.4225408670158731,True,rh_lingual_part5,4,Secondary sensory cortex,Secondary,False
0.1,rh_lingual_part6,0.7517537378218722,Gifted,MSN,500.aparc,Node Versatility,0.23945266208839375,0.1830882049274794,0.4225408670158731,True,rh_lingual_part6,4,Secondary sensory cortex,Secondary,False
0.1,rh_medialorbitofrontal_part2,0.8759393215254702,Gifted,MSN,500.aparc,Node Versatility,0.23945266208839375,0.1830882049274794,0.4225408670158731,True,rh_medialorbitofrontal_part2,4,Secondary sensory cortex,Secondary,False
0.1,rh_medialorbitofrontal_part3,0.7881908900769895,Gifted,MSN,500.aparc,Node Versatility,0.23945266208839375,0.1830882049274794,0.4225408670158731,True,rh_medialorbitofrontal_part3,4,Secondary sensory cortex,Secondary,False
0.1,rh_pericalcarine_part1,0.7777667465092546,Gifted,MSN,500.aparc,Node Versatility,0.23945266208839375,0.1830882049274794,0.4225408670158731,True,rh_pericalcarine_part1,5,Primary sensory cortex,Primary,False
0.1,rh_pericalcarine_part3,0.7366023082082986,Gifted,MSN,500.aparc,Node Versatility,0.23945266208839375,0.1830882049274794,0.4225408670158731,True,rh_pericalcarine_part3,5,Primary sensory cortex,Primary,False
0.1,rh_precentral_part6,0.7811980270789555,Gifted,MSN,500.aparc,Node Versatility,0.23945266208839375,0.1830882049274794,0.4225408670158731,True,rh_precentral_part6,1,Primary motor cortex,Primary,False
0.1,rh_rostralmiddlefrontal_part1,0.8238004678798885,Gifted,MSN,500.aparc,Node Versatility,0.23945266208839375,0.1830882049274794,0.4225408670158731,True,rh_rostralmiddlefrontal_part1,3,Association cortex - type 2,Association,True
0.1,rh_rostralmiddlefrontal_part8,0.6840859361461142,Gifted,MSN,500.aparc,Node Versatility,0.23945266208839375,0.1830882049274794,0.4225408670158731,True,rh_rostralmiddlefrontal_part8,3,Association cortex - type 2,Association,True
0.1,rh_rostralmiddlefrontal_part9,0.8758539830773604,Gifted,MSN,500.aparc,Node Versatility,0.23945266208839375,0.1830882049274794,0.4225408670158731,True,rh_rostralmiddlefrontal_part9,3,Association cortex - type 2,Association,True
0.1,rh_superiorparietal_part4,0.6400266622555739,Gifted,MSN,500.aparc,Node Versatility,0.23945266208839375,0.1830882049274794,0.4225408670158731,True,rh_superiorparietal_part4,2,Association cortex - type 1,Association,True
0.15,lh_caudalanteriorcingulate_part1,0.4685414711226178,Gifted,MSN,500.aparc,Node Versatility,0.16097704056165182,0.18199822317047074,0.34297526373212256,True,lh_caudalanteriorcingulate_part1,6,Limbic cortex,Limbic,False
0.15,lh_caudalmiddlefrontal_part2,0.7488310651695795,Gifted,MSN,500.aparc,Node Versatility,0.16097704056165182,0.18199822317047074,0.34297526373212256,True,lh_caudalmiddlefrontal_part2,2,Association cortex - type 1,Association,True
0.15,lh_fusiform_part1,0.4873730410347744,Gifted,MSN,500.aparc,Node Versatility,0.16097704056165182,0.18199822317047074,0.34297526373212256,True,lh_fusiform_part1,2,Association cortex - type 1,Association,True
0.15,lh_fusiform_part2,0.7895286766885948,Gifted,MSN,500.aparc,Node Versatility,0.16097704056165182,0.18199822317047074,0.34297526373212256,True,lh_fusiform_part2,2,Association cortex - type 1,Association,True
0.15,lh_fusiform_part3,0.4573824998975048,Gifted,MSN,500.aparc,Node Versatility,0.16097704056165182,0.18199822317047074,0.34297526373212256,True,lh_fusiform_part3,2,Association cortex - type 1,Association,True
0.15,lh_inferiorparietal_part2,0.362697162100086,Gifted,MSN,500.aparc,Node Versatility,0.16097704056165182,0.18199822317047074,0.34297526373212256,True,lh_inferiorparietal_part2,3,Association cortex - type 2,Association,True
0.15,lh_inferiorparietal_part5,0.5297945564705506,Gifted,MSN,500.aparc,Node Versatility,0.16097704056165182,0.18199822317047074,0.34297526373212256,True,lh_inferiorparietal_part5,3,Association cortex - type 2,Association,True
0.15,lh_isthmuscingulate_part1,0.8128583982277997,Gifted,MSN,500.aparc,Node Versatility,0.16097704056165182,0.18199822317047074,0.34297526373212256,True,lh_isthmuscingulate_part1,6,Limbic cortex,Limbic,False
0.15,lh_lateraloccipital_part2,0.5844338158199384,Gifted,MSN,500.aparc,Node Versatility,0.16097704056165182,0.18199822317047074,0.34297526373212256,True,lh_lateraloccipital_part2,4,Secondary sensory cortex,Secondary,False
0.15,lh_lateralorbitofrontal_part2,0.771701738078511,Gifted,MSN,500.aparc,Node Versatility,0.16097704056165182,0.18199822317047074,0.34297526373212256,True,lh_lateralorbitofrontal_part2,4,Secondary sensory cortex,Secondary,False
0.15,lh_medialorbitofrontal_part3,0.8021655090488536,Gifted,MSN,500.aparc,Node Versatility,0.16097704056165182,0.18199822317047074,0.34297526373212256,True,lh_medialorbitofrontal_part3,4,Secondary sensory cortex,Secondary,False
0.15,lh_postcentral_part5,0.444261323725947,Gifted,MSN,500.aparc,Node Versatility,0.16097704056165182,0.18199822317047074,0.34297526373212256,True,lh_postcentral_part5,5,Primary sensory cortex,Primary,False
0.15,lh_posteriorcingulate_part2,0.4526627040131837,Gifted,MSN,500.aparc,Node Versatility,0.16097704056165182,0.18199822317047074,0.34297526373212256,True,lh_posteriorcingulate_part2,6,Limbic cortex,Limbic,False
0.15,lh_precuneus_part2,0.3930666879911532,Gifted,MSN,500.aparc,Node Versatility,0.16097704056165182,0.18199822317047074,0.34297526373212256,True,lh_precuneus_part2,2,Association cortex - type 1,Association,True
0.15,lh_precuneus_part5,0.7488310651695795,Gifted,MSN,500.aparc,Node Versatility,0.16097704056165182,0.18199822317047074,0.34297526373212256,True,lh_precuneus_part5,2,Association cortex - type 1,Association,True
0.15,lh_precuneus_part6,0.4828705123220728,Gifted,MSN,500.aparc,Node Versatility,0.16097704056165182,0.18199822317047074,0.34297526373212256,True,lh_precuneus_part6,2,Association cortex - type 1,Association,True
0.15,lh_precuneus_part7,0.362697162100086,Gifted,MSN,500.aparc,Node Versatility,0.16097704056165182,0.18199822317047074,0.34297526373212256,True,lh_precuneus_part7,2,Association cortex - type 1,Association,True
0.15,lh_rostralmiddlefrontal_part1,0.6077759211167539,Gifted,MSN,500.aparc,Node Versatility,0.16097704056165182,0.18199822317047074,0.34297526373212256,True,lh_rostralmiddlefrontal_part1,3,Association cortex - type 2,Association,True
0.15,lh_rostralmiddlefrontal_part7,0.444261323725947,Gifted,MSN,500.aparc,Node Versatility,0.16097704056165182,0.18199822317047074,0.34297526373212256,True,lh_rostralmiddlefrontal_part7,3,Association cortex - type 2,Association,True
0.15,lh_superiorfrontal_part6,0.5093542602674597,Gifted,MSN,500.aparc,Node Versatility,0.16097704056165182,0.18199822317047074,0.34297526373212256,True,lh_superiorfrontal_part6,2,Association cortex - type 1,Association,True
0.15,rh_entorhinal_part1,0.3868242690234332,Gifted,MSN,500.aparc,Node Versatility,0.16097704056165182,0.18199822317047074,0.34297526373212256,True,rh_entorhinal_part1,6,Limbic cortex,Limbic,False
0.15,rh_fusiform_part3,0.5591287993790521,Gifted,MSN,500.aparc,Node Versatility,0.16097704056165182,0.18199822317047074,0.34297526373212256,True,rh_fusiform_part3,2,Association cortex - type 1,Association,True
0.15,rh_fusiform_part5,0.4958216091170502,Gifted,MSN,500.aparc,Node Versatility,0.16097704056165182,0.18199822317047074,0.34297526373212256,True,rh_fusiform_part5,2,Association cortex - type 1,Association,True
0.15,rh_inferiorparietal_part2,0.4225613361467736,Gifted,MSN,500.aparc,Node Versatility,0.16097704056165182,0.18199822317047074,0.34297526373212256,True,rh_inferiorparietal_part2,3,Association cortex - type 2,Association,True
0.15,rh_inferiorparietal_part4,0.4225613361467736,Gifted,MSN,500.aparc,Node Versatility,0.16097704056165182,0.18199822317047074,0.34297526373212256,True,rh_inferiorparietal_part4,3,Association cortex - type 2,Association,True
0.15,rh_inferiorparietal_part7,0.5762887070526835,Gifted,MSN,500.aparc,Node Versatility,0.16097704056165182,0.18199822317047074,0.34297526373212256,True,rh_inferiorparietal_part7,3,Association cortex - type 2,Association,True
0.15,rh_inferiortemporal_part1,0.3649323594869531,Gifted,MSN,500.aparc,Node Versatility,0.16097704056165182,0.18199822317047074,0.34297526373212256,True,rh_inferiortemporal_part1,2,Association cortex - type 1,Association,True
0.15,rh_inferiortemporal_part2,0.9986536865039358,Gifted,MSN,500.aparc,Node Versatility,0.16097704056165182,0.18199822317047074,0.34297526373212256,True,rh_inferiortemporal_part2,2,Association cortex - type 1,Association,True
0.15,rh_inferiortemporal_part5,1.0,Gifted,MSN,500.aparc,Node Versatility,0.16097704056165182,0.18199822317047074,0.34297526373212256,True,rh_inferiortemporal_part5,2,Association cortex - type 1,Association,True
0.15,rh_lateraloccipital_part9,0.7171624043130639,Gifted,MSN,500.aparc,Node Versatility,0.16097704056165182,0.18199822317047074,0.34297526373212256,True,rh_lateraloccipital_part9,4,Secondary sensory cortex,Secondary,False
0.15,rh_lingual_part5,0.5958325434251869,Gifted,MSN,500.aparc,Node Versatility,0.16097704056165182,0.18199822317047074,0.34297526373212256,True,rh_lingual_part5,4,Secondary sensory cortex,Secondary,False
0.15,rh_lingual_part6,0.5958325434251869,Gifted,MSN,500.aparc,Node Versatility,0.16097704056165182,0.18199822317047074,0.34297526373212256,True,rh_lingual_part6,4,Secondary sensory cortex,Secondary,False
0.15,rh_medialorbitofrontal_part2,0.772278677065037,Gifted,MSN,500.aparc,Node Versatility,0.16097704056165182,0.18199822317047074,0.34297526373212256,True,rh_medialorbitofrontal_part2,4,Secondary sensory cortex,Secondary,False
0.15,rh_medialorbitofrontal_part3,0.5309076850860691,Gifted,MSN,500.aparc,Node Versatility,0.16097704056165182,0.18199822317047074,0.34297526373212256,True,rh_medialorbitofrontal_part3,4,Secondary sensory cortex,Secondary,False
0.15,rh_pericalcarine_part1,0.5460946973362675,Gifted,MSN,500.aparc,Node Versatility,0.16097704056165182,0.18199822317047074,0.34297526373212256,True,rh_pericalcarine_part1,5,Primary sensory cortex,Primary,False
0.15,rh_pericalcarine_part3,0.5958325434251869,Gifted,MSN,500.aparc,Node Versatility,0.16097704056165182,0.18199822317047074,0.34297526373212256,True,rh_pericalcarine_part3,5,Primary sensory cortex,Primary,False
0.15,rh_postcentral_part4,0.3713134101829512,Gifted,MSN,500.aparc,Node Versatility,0.16097704056165182,0.18199822317047074,0.34297526373212256,True,rh_postcentral_part4,5,Primary sensory cortex,Primary,False
0.15,rh_posteriorcingulate_part2,0.444261323725947,Gifted,MSN,500.aparc,Node Versatility,0.16097704056165182,0.18199822317047074,0.34297526373212256,True,rh_posteriorcingulate_part2,6,Limbic cortex,Limbic,False
0.15,rh_precentral_part6,0.3567812249749136,Gifted,MSN,500.aparc,Node Versatility,0.16097704056165182,0.18199822317047074,0.34297526373212256,True,rh_precentral_part6,1,Primary motor cortex,Primary,False
0.15,rh_precuneus_part3,0.4958216091170502,Gifted,MSN,500.aparc,Node Versatility,0.16097704056165182,0.18199822317047074,0.34297526373212256,True,rh_precuneus_part3,2,Association cortex - type 1,Association,True
0.15,rh_rostralmiddlefrontal_part1,0.7171624043130639,Gifted,MSN,500.aparc,Node Versatility,0.16097704056165182,0.18199822317047074,0.34297526373212256,True,rh_rostralmiddlefrontal_part1,3,Association cortex - type 2,Association,True
0.15,rh_rostralmiddlefrontal_part3,0.4685414711226178,Gifted,MSN,500.aparc,Node Versatility,0.16097704056165182,0.18199822317047074,0.34297526373212256,True,rh_rostralmiddlefrontal_part3,3,Association cortex - type 2,Association,True
0.15,rh_superiorfrontal_part5,0.5045081426372728,Gifted,MSN,500.aparc,Node Versatility,0.16097704056165182,0.18199822317047074,0.34297526373212256,True,rh_superiorfrontal_part5,2,Association cortex - type 1,Association,True
0.15,rh_temporalpole_part1,0.3683895039643728,Gifted,MSN,500.aparc,Node Versatility,0.16097704056165182,0.18199822317047074,0.34297526373212256,True,rh_temporalpole_part1,2,Association cortex - type 1,Association,True
0.2,lh_caudalanteriorcingulate_part1,0.6770904562356634,Gifted,MSN,500.aparc,Node Versatility,0.11843413984185018,0.1633898782197184,0.2818240180615686,True,lh_caudalanteriorcingulate_part1,6,Limbic cortex,Limbic,False
0.2,lh_caudalmiddlefrontal_part2,0.6813584352267039,Gifted,MSN,500.aparc,Node Versatility,0.11843413984185018,0.1633898782197184,0.2818240180615686,True,lh_caudalmiddlefrontal_part2,2,Association cortex - type 1,Association,True
0.2,lh_fusiform_part1,0.5650941937836216,Gifted,MSN,500.aparc,Node Versatility,0.11843413984185018,0.1633898782197184,0.2818240180615686,True,lh_fusiform_part1,2,Association cortex - type 1,Association,True
0.2,lh_fusiform_part3,0.3570506106963876,Gifted,MSN,500.aparc,Node Versatility,0.11843413984185018,0.1633898782197184,0.2818240180615686,True,lh_fusiform_part3,2,Association cortex - type 1,Association,True
0.2,lh_inferiorparietal_part5,0.6958588678710962,Gifted,MSN,500.aparc,Node Versatility,0.11843413984185018,0.1633898782197184,0.2818240180615686,True,lh_inferiorparietal_part5,3,Association cortex - type 2,Association,True
0.2,lh_isthmuscingulate_part1,0.4361763093135187,Gifted,MSN,500.aparc,Node Versatility,0.11843413984185018,0.1633898782197184,0.2818240180615686,True,lh_isthmuscingulate_part1,6,Limbic cortex,Limbic,False
0.2,lh_lateraloccipital_part4,0.3050319040303403,Gifted,MSN,500.aparc,Node Versatility,0.11843413984185018,0.1633898782197184,0.2818240180615686,True,lh_lateraloccipital_part4,4,Secondary sensory cortex,Secondary,False
0.2,lh_lateralorbitofrontal_part2,0.4924006474432392,Gifted,MSN,500.aparc,Node Versatility,0.11843413984185018,0.1633898782197184,0.2818240180615686,True,lh_lateralorbitofrontal_part2,4,Secondary sensory cortex,Secondary,False
0.2,lh_medialorbitofrontal_part3,0.6361207061972004,Gifted,MSN,500.aparc,Node Versatility,0.11843413984185018,0.1633898782197184,0.2818240180615686,True,lh_medialorbitofrontal_part3,4,Secondary sensory cortex,Secondary,False
0.2,lh_middletemporal_part5,0.3041302925366217,Gifted,MSN,500.aparc,Node Versatility,0.11843413984185018,0.1633898782197184,0.2818240180615686,True,lh_middletemporal_part5,2,Association cortex - type 1,Association,True
0.2,lh_postcentral_part5,0.3089555808445673,Gifted,MSN,500.aparc,Node Versatility,0.11843413984185018,0.1633898782197184,0.2818240180615686,True,lh_postcentral_part5,5,Primary sensory cortex,Primary,False
0.2,lh_postcentral_part8,0.3114117670930357,Gifted,MSN,500.aparc,Node Versatility,0.11843413984185018,0.1633898782197184,0.2818240180615686,True,lh_postcentral_part8,5,Primary sensory cortex,Primary,False
0.2,lh_posteriorcingulate_part1,0.7652293071622237,Gifted,MSN,500.aparc,Node Versatility,0.11843413984185018,0.1633898782197184,0.2818240180615686,True,lh_posteriorcingulate_part1,6,Limbic cortex,Limbic,False
0.2,lh_posteriorcingulate_part2,0.3746364376715963,Gifted,MSN,500.aparc,Node Versatility,0.11843413984185018,0.1633898782197184,0.2818240180615686,True,lh_posteriorcingulate_part2,6,Limbic cortex,Limbic,False
0.2,lh_precuneus_part1,0.4822691720921959,Gifted,MSN,500.aparc,Node Versatility,0.11843413984185018,0.1633898782197184,0.2818240180615686,True,lh_precuneus_part1,2,Association cortex - type 1,Association,True
0.2,lh_precuneus_part2,0.3446339830190431,Gifted,MSN,500.aparc,Node Versatility,0.11843413984185018,0.1633898782197184,0.2818240180615686,True,lh_precuneus_part2,2,Association cortex - type 1,Association,True
0.2,lh_rostralmiddlefrontal_part1,0.5105414070836385,Gifted,MSN,500.aparc,Node Versatility,0.11843413984185018,0.1633898782197184,0.2818240180615686,True,lh_rostralmiddlefrontal_part1,3,Association cortex - type 2,Association,True
0.2,lh_rostralmiddlefrontal_part7,0.3114117670930357,Gifted,MSN,500.aparc,Node Versatility,0.11843413984185018,0.1633898782197184,0.2818240180615686,True,lh_rostralmiddlefrontal_part7,3,Association cortex - type 2,Association,True
0.2,lh_superiorfrontal_part6,0.4962741143238258,Gifted,MSN,500.aparc,Node Versatility,0.11843413984185018,0.1633898782197184,0.2818240180615686,True,lh_superiorfrontal_part6,2,Association cortex - type 1,Association,True
0.2,lh_superiorparietal_part3,0.4796981104893945,Gifted,MSN,500.aparc,Node Versatility,0.11843413984185018,0.1633898782197184,0.2818240180615686,True,lh_superiorparietal_part3,2,Association cortex - type 1,Association,True
0.2,lh_supramarginal_part1,0.5452949668340906,Gifted,MSN,500.aparc,Node Versatility,0.11843413984185018,0.1633898782197184,0.2818240180615686,True,lh_supramarginal_part1,3,Association cortex - type 2,Association,True
0.2,rh_fusiform_part3,0.5837576183061943,Gifted,MSN,500.aparc,Node Versatility,0.11843413984185018,0.1633898782197184,0.2818240180615686,True,rh_fusiform_part3,2,Association cortex - type 1,Association,True
0.2,rh_fusiform_part5,0.7617695450978015,Gifted,MSN,500.aparc,Node Versatility,0.11843413984185018,0.1633898782197184,0.2818240180615686,True,rh_fusiform_part5,2,Association cortex - type 1,Association,True
0.2,rh_inferiortemporal_part2,0.6747100614552053,Gifted,MSN,500.aparc,Node Versatility,0.11843413984185018,0.1633898782197184,0.2818240180615686,True,rh_inferiortemporal_part2,2,Association cortex - type 1,Association,True
0.2,rh_inferiortemporal_part3,0.2896807006601146,Gifted,MSN,500.aparc,Node Versatility,0.11843413984185018,0.1633898782197184,0.2818240180615686,True,rh_inferiortemporal_part3,2,Association cortex - type 1,Association,True
0.2,rh_inferiortemporal_part5,0.6692046368129159,Gifted,MSN,500.aparc,Node Versatility,0.11843413984185018,0.1633898782197184,0.2818240180615686,True,rh_inferiortemporal_part5,2,Association cortex - type 1,Association,True
0.2,rh_lateraloccipital_part4,0.2912291315766269,Gifted,MSN,500.aparc,Node Versatility,0.11843413984185018,0.1633898782197184,0.2818240180615686,True,rh_lateraloccipital_part4,4,Secondary sensory cortex,Secondary,False
0.2,rh_lateralorbitofrontal_part4,0.3522141468316593,Gifted,MSN,500.aparc,Node Versatility,0.11843413984185018,0.1633898782197184,0.2818240180615686,True,rh_lateralorbitofrontal_part4,4,Secondary sensory cortex,Secondary,False
0.2,rh_lingual_part5,0.3678955542611428,Gifted,MSN,500.aparc,Node Versatility,0.11843413984185018,0.1633898782197184,0.2818240180615686,True,rh_lingual_part5,4,Secondary sensory cortex,Secondary,False
0.2,rh_lingual_part6,0.4759127564083537,Gifted,MSN,500.aparc,Node Versatility,0.11843413984185018,0.1633898782197184,0.2818240180615686,True,rh_lingual_part6,4,Secondary sensory cortex,Secondary,False
0.2,rh_medialorbitofrontal_part2,0.499308592171456,Gifted,MSN,500.aparc,Node Versatility,0.11843413984185018,0.1633898782197184,0.2818240180615686,True,rh_medialorbitofrontal_part2,4,Secondary sensory cortex,Secondary,False
0.2,rh_medialorbitofrontal_part3,0.6365388430391824,Gifted,MSN,500.aparc,Node Versatility,0.11843413984185018,0.1633898782197184,0.2818240180615686,True,rh_medialorbitofrontal_part3,4,Secondary sensory cortex,Secondary,False
0.2,rh_pericalcarine_part1,0.4311296100117301,Gifted,MSN,500.aparc,Node Versatility,0.11843413984185018,0.1633898782197184,0.2818240180615686,True,rh_pericalcarine_part1,5,Primary sensory cortex,Primary,False
0.2,rh_pericalcarine_part3,0.4759127564083537,Gifted,MSN,500.aparc,Node Versatility,0.11843413984185018,0.1633898782197184,0.2818240180615686,True,rh_pericalcarine_part3,5,Primary sensory cortex,Primary,False
0.2,rh_posteriorcingulate_part2,0.3150683377235977,Gifted,MSN,500.aparc,Node Versatility,0.11843413984185018,0.1633898782197184,0.2818240180615686,True,rh_posteriorcingulate_part2,6,Limbic cortex,Limbic,False
0.2,rh_precentral_part5,0.2818342707711928,Gifted,MSN,500.aparc,Node Versatility,0.11843413984185018,0.1633898782197184,0.2818240180615686,True,rh_precentral_part5,1,Primary motor cortex,Primary,False
0.2,rh_precentral_part9,0.4217662526882581,Gifted,MSN,500.aparc,Node Versatility,0.11843413984185018,0.1633898782197184,0.2818240180615686,True,rh_precentral_part9,1,Primary motor cortex,Primary,False
0.2,rh_precuneus_part3,0.664062245446437,Gifted,MSN,500.aparc,Node Versatility,0.11843413984185018,0.1633898782197184,0.2818240180615686,True,rh_precuneus_part3,2,Association cortex - type 1,Association,True
0.2,rh_rostralanteriorcingulate_part1,0.3240258127802609,Gifted,MSN,500.aparc,Node Versatility,0.11843413984185018,0.1633898782197184,0.2818240180615686,True,rh_rostralanteriorcingulate_part1,6,Limbic cortex,Limbic,False
0.2,rh_rostralmiddlefrontal_part1,0.499308592171456,Gifted,MSN,500.aparc,Node Versatility,0.11843413984185018,0.1633898782197184,0.2818240180615686,True,rh_rostralmiddlefrontal_part1,3,Association cortex - type 2,Association,True
0.2,rh_rostralmiddlefrontal_part3,0.5065459413727917,Gifted,MSN,500.aparc,Node Versatility,0.11843413984185018,0.1633898782197184,0.2818240180615686,True,rh_rostralmiddlefrontal_part3,3,Association cortex - type 2,Association,True
0.2,rh_superiorfrontal_part5,0.4150427243505243,Gifted,MSN,500.aparc,Node Versatility,0.11843413984185018,0.1633898782197184,0.2818240180615686,True,rh_superiorfrontal_part5,2,Association cortex - type 1,Association,True
0.2,rh_superiorparietal_part4,0.4758616894335014,Gifted,MSN,500.aparc,Node Versatility,0.11843413984185018,0.1633898782197184,0.2818240180615686,True,rh_superiorparietal_part4,2,Association cortex - type 1,Association,True
0.3,lh_caudalanteriorcingulate_part1,0.4409276495081822,Gifted,MSN,500.aparc,Node Versatility,0.17760294574190677,0.1841419268420188,0.36174487258392557,True,lh_caudalanteriorcingulate_part1,6,Limbic cortex,Limbic,False
0.3,lh_caudalmiddlefrontal_part2,0.6069118163790153,Gifted,MSN,500.aparc,Node Versatility,0.17760294574190677,0.1841419268420188,0.36174487258392557,True,lh_caudalmiddlefrontal_part2,2,Association cortex - type 1,Association,True
0.3,lh_fusiform_part1,0.5960377995495955,Gifted,MSN,500.aparc,Node Versatility,0.17760294574190677,0.1841419268420188,0.36174487258392557,True,lh_fusiform_part1,2,Association cortex - type 1,Association,True
0.3,lh_fusiform_part3,0.4132634232681174,Gifted,MSN,500.aparc,Node Versatility,0.17760294574190677,0.1841419268420188,0.36174487258392557,True,lh_fusiform_part3,2,Association cortex - type 1,Association,True
0.3,lh_inferiorparietal_part5,0.9758486995907868,Gifted,MSN,500.aparc,Node Versatility,0.17760294574190677,0.1841419268420188,0.36174487258392557,True,lh_inferiorparietal_part5,3,Association cortex - type 2,Association,True
0.3,lh_isthmuscingulate_part1,0.4303111691752771,Gifted,MSN,500.aparc,Node Versatility,0.17760294574190677,0.1841419268420188,0.36174487258392557,True,lh_isthmuscingulate_part1,6,Limbic cortex,Limbic,False
0.3,lh_lateraloccipital_part2,0.3942047435843457,Gifted,MSN,500.aparc,Node Versatility,0.17760294574190677,0.1841419268420188,0.36174487258392557,True,lh_lateraloccipital_part2,4,Secondary sensory cortex,Secondary,False
0.3,lh_lateralorbitofrontal_part2,0.6553805644522289,Gifted,MSN,500.aparc,Node Versatility,0.17760294574190677,0.1841419268420188,0.36174487258392557,True,lh_lateralorbitofrontal_part2,4,Secondary sensory cortex,Secondary,False
0.3,lh_medialorbitofrontal_part3,0.7103860738062898,Gifted,MSN,500.aparc,Node Versatility,0.17760294574190677,0.1841419268420188,0.36174487258392557,True,lh_medialorbitofrontal_part3,4,Secondary sensory cortex,Secondary,False
0.3,lh_postcentral_part5,0.3938763462464511,Gifted,MSN,500.aparc,Node Versatility,0.17760294574190677,0.1841419268420188,0.36174487258392557,True,lh_postcentral_part5,5,Primary sensory cortex,Primary,False
0.3,lh_posteriorcingulate_part1,0.8943803323870758,Gifted,MSN,500.aparc,Node Versatility,0.17760294574190677,0.1841419268420188,0.36174487258392557,True,lh_posteriorcingulate_part1,6,Limbic cortex,Limbic,False
0.3,lh_posteriorcingulate_part2,0.3980878820486461,Gifted,MSN,500.aparc,Node Versatility,0.17760294574190677,0.1841419268420188,0.36174487258392557,True,lh_posteriorcingulate_part2,6,Limbic cortex,Limbic,False
0.3,lh_precentral_part3,0.5676985128923571,Gifted,MSN,500.aparc,Node Versatility,0.17760294574190677,0.1841419268420188,0.36174487258392557,True,lh_precentral_part3,1,Primary motor cortex,Primary,False
0.3,lh_precuneus_part7,1.0,Gifted,MSN,500.aparc,Node Versatility,0.17760294574190677,0.1841419268420188,0.36174487258392557,True,lh_precuneus_part7,2,Association cortex - type 1,Association,True
0.3,lh_rostralanteriorcingulate_part1,0.3831975397442833,Gifted,MSN,500.aparc,Node Versatility,0.17760294574190677,0.1841419268420188,0.36174487258392557,True,lh_rostralanteriorcingulate_part1,6,Limbic cortex,Limbic,False
0.3,lh_rostralmiddlefrontal_part1,0.3957172188553585,Gifted,MSN,500.aparc,Node Versatility,0.17760294574190677,0.1841419268420188,0.36174487258392557,True,lh_rostralmiddlefrontal_part1,3,Association cortex - type 2,Association,True
0.3,lh_rostralmiddlefrontal_part5,0.3837872565589745,Gifted,MSN,500.aparc,Node Versatility,0.17760294574190677,0.1841419268420188,0.36174487258392557,True,lh_rostralmiddlefrontal_part5,3,Association cortex - type 2,Association,True
0.3,lh_superiorfrontal_part6,0.7787115854441679,Gifted,MSN,500.aparc,Node Versatility,0.17760294574190677,0.1841419268420188,0.36174487258392557,True,lh_superiorfrontal_part6,2,Association cortex - type 1,Association,True
0.3,rh_entorhinal_part1,0.6086668560710282,Gifted,MSN,500.aparc,Node Versatility,0.17760294574190677,0.1841419268420188,0.36174487258392557,True,rh_entorhinal_part1,6,Limbic cortex,Limbic,False
0.3,rh_fusiform_part3,0.3877914446602294,Gifted,MSN,500.aparc,Node Versatility,0.17760294574190677,0.1841419268420188,0.36174487258392557,True,rh_fusiform_part3,2,Association cortex - type 1,Association,True
0.3,rh_inferiorparietal_part2,0.4786518829157557,Gifted,MSN,500.aparc,Node Versatility,0.17760294574190677,0.1841419268420188,0.36174487258392557,True,rh_inferiorparietal_part2,3,Association cortex - type 2,Association,True
0.3,rh_inferiorparietal_part4,0.5262378787231893,Gifted,MSN,500.aparc,Node Versatility,0.17760294574190677,0.1841419268420188,0.36174487258392557,True,rh_inferiorparietal_part4,3,Association cortex - type 2,Association,True
0.3,rh_inferiorparietal_part7,0.6308248642248278,Gifted,MSN,500.aparc,Node Versatility,0.17760294574190677,0.1841419268420188,0.36174487258392557,True,rh_inferiorparietal_part7,3,Association cortex - type 2,Association,True
0.3,rh_inferiortemporal_part2,0.6430667537748723,Gifted,MSN,500.aparc,Node Versatility,0.17760294574190677,0.1841419268420188,0.36174487258392557,True,rh_inferiortemporal_part2,2,Association cortex - type 1,Association,True
0.3,rh_inferiortemporal_part5,0.5287231121748459,Gifted,MSN,500.aparc,Node Versatility,0.17760294574190677,0.1841419268420188,0.36174487258392557,True,rh_inferiortemporal_part5,2,Association cortex - type 1,Association,True
0.3,rh_lingual_part5,0.4877036064820355,Gifted,MSN,500.aparc,Node Versatility,0.17760294574190677,0.1841419268420188,0.36174487258392557,True,rh_lingual_part5,4,Secondary sensory cortex,Secondary,False
0.3,rh_lingual_part6,0.5420075688798246,Gifted,MSN,500.aparc,Node Versatility,0.17760294574190677,0.1841419268420188,0.36174487258392557,True,rh_lingual_part6,4,Secondary sensory cortex,Secondary,False
0.3,rh_medialorbitofrontal_part2,0.6586308137031943,Gifted,MSN,500.aparc,Node Versatility,0.17760294574190677,0.1841419268420188,0.36174487258392557,True,rh_medialorbitofrontal_part2,4,Secondary sensory cortex,Secondary,False
0.3,rh_medialorbitofrontal_part3,0.7212628098462263,Gifted,MSN,500.aparc,Node Versatility,0.17760294574190677,0.1841419268420188,0.36174487258392557,True,rh_medialorbitofrontal_part3,4,Secondary sensory cortex,Secondary,False
0.3,rh_pericalcarine_part1,0.5428608040620829,Gifted,MSN,500.aparc,Node Versatility,0.17760294574190677,0.1841419268420188,0.36174487258392557,True,rh_pericalcarine_part1,5,Primary sensory cortex,Primary,False
0.3,rh_pericalcarine_part3,0.4877036064820355,Gifted,MSN,500.aparc,Node Versatility,0.17760294574190677,0.1841419268420188,0.36174487258392557,True,rh_pericalcarine_part3,5,Primary sensory cortex,Primary,False
0.3,rh_posteriorcingulate_part2,0.3950974611390305,Gifted,MSN,500.aparc,Node Versatility,0.17760294574190677,0.1841419268420188,0.36174487258392557,True,rh_posteriorcingulate_part2,6,Limbic cortex,Limbic,False
0.3,rh_precuneus_part3,0.8900134511725695,Gifted,MSN,500.aparc,Node Versatility,0.17760294574190677,0.1841419268420188,0.36174487258392557,True,rh_precuneus_part3,2,Association cortex - type 1,Association,True
0.3,rh_rostralanteriorcingulate_part1,0.6790286312353869,Gifted,MSN,500.aparc,Node Versatility,0.17760294574190677,0.1841419268420188,0.36174487258392557,True,rh_rostralanteriorcingulate_part1,6,Limbic cortex,Limbic,False
0.3,rh_rostralmiddlefrontal_part1,0.660321578403008,Gifted,MSN,500.aparc,Node Versatility,0.17760294574190677,0.1841419268420188,0.36174487258392557,True,rh_rostralmiddlefrontal_part1,3,Association cortex - type 2,Association,True
0.3,rh_rostralmiddlefrontal_part3,0.3749803607601121,Gifted,MSN,500.aparc,Node Versatility,0.17760294574190677,0.1841419268420188,0.36174487258392557,True,rh_rostralmiddlefrontal_part3,3,Association cortex - type 2,Association,True
0.3,rh_rostralmiddlefrontal_part5,0.3981186039610605,Gifted,MSN,500.aparc,Node Versatility,0.17760294574190677,0.1841419268420188,0.36174487258392557,True,rh_rostralmiddlefrontal_part5,3,Association cortex - type 2,Association,True
0.3,rh_superiorfrontal_part5,0.783158010738676,Gifted,MSN,500.aparc,Node Versatility,0.17760294574190677,0.1841419268420188,0.36174487258392557,True,rh_superiorfrontal_part5,2,Association cortex - type 1,Association,True
0.3,rh_superiorparietal_part4,0.5006798428185669,Gifted,MSN,500.aparc,Node Versatility,0.17760294574190677,0.1841419268420188,0.36174487258392557,True,rh_superiorparietal_part4,2,Association cortex - type 1,Association,True
0.4,lh_caudalanteriorcingulate_part1,0.5718504053051138,Gifted,MSN,500.aparc,Node Versatility,0.24038934181610444,0.20346414408903507,0.4438534859051395,True,lh_caudalanteriorcingulate_part1,6,Limbic cortex,Limbic,False
0.4,lh_caudalmiddlefrontal_part2,0.9716803433202438,Gifted,MSN,500.aparc,Node Versatility,0.24038934181610444,0.20346414408903507,0.4438534859051395,True,lh_caudalmiddlefrontal_part2,2,Association cortex - type 1,Association,True
0.4,lh_fusiform_part1,0.5470115075579017,Gifted,MSN,500.aparc,Node Versatility,0.24038934181610444,0.20346414408903507,0.4438534859051395,True,lh_fusiform_part1,2,Association cortex - type 1,Association,True
0.4,lh_fusiform_part3,0.4842521282339264,Gifted,MSN,500.aparc,Node Versatility,0.24038934181610444,0.20346414408903507,0.4438534859051395,True,lh_fusiform_part3,2,Association cortex - type 1,Association,True
0.4,lh_inferiorparietal_part5,0.8265345498671416,Gifted,MSN,500.aparc,Node Versatility,0.24038934181610444,0.20346414408903507,0.4438534859051395,True,lh_inferiorparietal_part5,3,Association cortex - type 2,Association,True
0.4,lh_isthmuscingulate_part1,0.4768220087976158,Gifted,MSN,500.aparc,Node Versatility,0.24038934181610444,0.20346414408903507,0.4438534859051395,True,lh_isthmuscingulate_part1,6,Limbic cortex,Limbic,False
0.4,lh_lateraloccipital_part2,0.4858091793515609,Gifted,MSN,500.aparc,Node Versatility,0.24038934181610444,0.20346414408903507,0.4438534859051395,True,lh_lateraloccipital_part2,4,Secondary sensory cortex,Secondary,False
0.4,lh_lateraloccipital_part4,0.517588238146225,Gifted,MSN,500.aparc,Node Versatility,0.24038934181610444,0.20346414408903507,0.4438534859051395,True,lh_lateraloccipital_part4,4,Secondary sensory cortex,Secondary,False
0.4,lh_lateralorbitofrontal_part2,0.854462303550226,Gifted,MSN,500.aparc,Node Versatility,0.24038934181610444,0.20346414408903507,0.4438534859051395,True,lh_lateralorbitofrontal_part2,4,Secondary sensory cortex,Secondary,False
0.4,lh_medialorbitofrontal_part2,0.680655480447545,Gifted,MSN,500.aparc,Node Versatility,0.24038934181610444,0.20346414408903507,0.4438534859051395,True,lh_medialorbitofrontal_part2,4,Secondary sensory cortex,Secondary,False
0.4,lh_medialorbitofrontal_part3,0.8749643879179354,Gifted,MSN,500.aparc,Node Versatility,0.24038934181610444,0.20346414408903507,0.4438534859051395,True,lh_medialorbitofrontal_part3,4,Secondary sensory cortex,Secondary,False
0.4,lh_postcentral_part5,0.4626972785667192,Gifted,MSN,500.aparc,Node Versatility,0.24038934181610444,0.20346414408903507,0.4438534859051395,True,lh_postcentral_part5,5,Primary sensory cortex,Primary,False
0.4,lh_posteriorcingulate_part1,1.0,Gifted,MSN,500.aparc,Node Versatility,0.24038934181610444,0.20346414408903507,0.4438534859051395,True,lh_posteriorcingulate_part1,6,Limbic cortex,Limbic,False
0.4,lh_posteriorcingulate_part2,0.4762763254462382,Gifted,MSN,500.aparc,Node Versatility,0.24038934181610444,0.20346414408903507,0.4438534859051395,True,lh_posteriorcingulate_part2,6,Limbic cortex,Limbic,False
0.4,lh_precentral_part7,0.5921532435387054,Gifted,MSN,500.aparc,Node Versatility,0.24038934181610444,0.20346414408903507,0.4438534859051395,True,lh_precentral_part7,1,Primary motor cortex,Primary,False
0.4,lh_precuneus_part7,0.6401989327259415,Gifted,MSN,500.aparc,Node Versatility,0.24038934181610444,0.20346414408903507,0.4438534859051395,True,lh_precuneus_part7,2,Association cortex - type 1,Association,True
0.4,lh_rostralmiddlefrontal_part1,0.5362942808071263,Gifted,MSN,500.aparc,Node Versatility,0.24038934181610444,0.20346414408903507,0.4438534859051395,True,lh_rostralmiddlefrontal_part1,3,Association cortex - type 2,Association,True
0.4,lh_superiorfrontal_part6,0.8572771255008501,Gifted,MSN,500.aparc,Node Versatility,0.24038934181610444,0.20346414408903507,0.4438534859051395,True,lh_superiorfrontal_part6,2,Association cortex - type 1,Association,True
0.4,lh_superiorparietal_part3,0.53895289493393,Gifted,MSN,500.aparc,Node Versatility,0.24038934181610444,0.20346414408903507,0.4438534859051395,True,lh_superiorparietal_part3,2,Association cortex - type 1,Association,True
0.4,lh_superiortemporal_part7,0.4493946245716238,Gifted,MSN,500.aparc,Node Versatility,0.24038934181610444,0.20346414408903507,0.4438534859051395,True,lh_superiortemporal_part7,3,Association cortex - type 2,Association,True
0.4,rh_caudalmiddlefrontal_part1,0.4781182530385779,Gifted,MSN,500.aparc,Node Versatility,0.24038934181610444,0.20346414408903507,0.4438534859051395,True,rh_caudalmiddlefrontal_part1,2,Association cortex - type 1,Association,True
0.4,rh_entorhinal_part1,0.7069064224299216,Gifted,MSN,500.aparc,Node Versatility,0.24038934181610444,0.20346414408903507,0.4438534859051395,True,rh_entorhinal_part1,6,Limbic cortex,Limbic,False
0.4,rh_fusiform_part5,0.6022501536669836,Gifted,MSN,500.aparc,Node Versatility,0.24038934181610444,0.20346414408903507,0.4438534859051395,True,rh_fusiform_part5,2,Association cortex - type 1,Association,True
0.4,rh_inferiorparietal_part4,0.4821427897969382,Gifted,MSN,500.aparc,Node Versatility,0.24038934181610444,0.20346414408903507,0.4438534859051395,True,rh_inferiorparietal_part4,3,Association cortex - type 2,Association,True
0.4,rh_inferiorparietal_part7,0.49046192210577,Gifted,MSN,500.aparc,Node Versatility,0.24038934181610444,0.20346414408903507,0.4438534859051395,True,rh_inferiorparietal_part7,3,Association cortex - type 2,Association,True
0.4,rh_inferiortemporal_part2,0.5924755284773119,Gifted,MSN,500.aparc,Node Versatility,0.24038934181610444,0.20346414408903507,0.4438534859051395,True,rh_inferiortemporal_part2,2,Association cortex - type 1,Association,True
0.4,rh_inferiortemporal_part5,0.5668242862624152,Gifted,MSN,500.aparc,Node Versatility,0.24038934181610444,0.20346414408903507,0.4438534859051395,True,rh_inferiortemporal_part5,2,Association cortex - type 1,Association,True
0.4,rh_lateraloccipital_part9,0.727829883981755,Gifted,MSN,500.aparc,Node Versatility,0.24038934181610444,0.20346414408903507,0.4438534859051395,True,rh_lateraloccipital_part9,4,Secondary sensory cortex,Secondary,False
0.4,rh_lingual_part5,0.7362226494259173,Gifted,MSN,500.aparc,Node Versatility,0.24038934181610444,0.20346414408903507,0.4438534859051395,True,rh_lingual_part5,4,Secondary sensory cortex,Secondary,False
0.4,rh_lingual_part6,0.7383772849419323,Gifted,MSN,500.aparc,Node Versatility,0.24038934181610444,0.20346414408903507,0.4438534859051395,True,rh_lingual_part6,4,Secondary sensory cortex,Secondary,False
0.4,rh_medialorbitofrontal_part2,0.8619104870160843,Gifted,MSN,500.aparc,Node Versatility,0.24038934181610444,0.20346414408903507,0.4438534859051395,True,rh_medialorbitofrontal_part2,4,Secondary sensory cortex,Secondary,False
0.4,rh_medialorbitofrontal_part3,0.8697253608884082,Gifted,MSN,500.aparc,Node Versatility,0.24038934181610444,0.20346414408903507,0.4438534859051395,True,rh_medialorbitofrontal_part3,4,Secondary sensory cortex,Secondary,False
0.4,rh_pericalcarine_part1,0.7383772849419323,Gifted,MSN,500.aparc,Node Versatility,0.24038934181610444,0.20346414408903507,0.4438534859051395,True,rh_pericalcarine_part1,5,Primary sensory cortex,Primary,False
0.4,rh_pericalcarine_part3,0.7362226494259173,Gifted,MSN,500.aparc,Node Versatility,0.24038934181610444,0.20346414408903507,0.4438534859051395,True,rh_pericalcarine_part3,5,Primary sensory cortex,Primary,False
0.4,rh_posteriorcingulate_part2,0.4663676575375595,Gifted,MSN,500.aparc,Node Versatility,0.24038934181610444,0.20346414408903507,0.4438534859051395,True,rh_posteriorcingulate_part2,6,Limbic cortex,Limbic,False
0.4,rh_precuneus_part3,0.9754201652796992,Gifted,MSN,500.aparc,Node Versatility,0.24038934181610444,0.20346414408903507,0.4438534859051395,True,rh_precuneus_part3,2,Association cortex - type 1,Association,True
0.4,rh_rostralanteriorcingulate_part1,0.4625834541165399,Gifted,MSN,500.aparc,Node Versatility,0.24038934181610444,0.20346414408903507,0.4438534859051395,True,rh_rostralanteriorcingulate_part1,6,Limbic cortex,Limbic,False
0.4,rh_rostralmiddlefrontal_part1,0.8619104870160843,Gifted,MSN,500.aparc,Node Versatility,0.24038934181610444,0.20346414408903507,0.4438534859051395,True,rh_rostralmiddlefrontal_part1,3,Association cortex - type 2,Association,True
0.4,rh_rostralmiddlefrontal_part3,0.5768533531463671,Gifted,MSN,500.aparc,Node Versatility,0.24038934181610444,0.20346414408903507,0.4438534859051395,True,rh_rostralmiddlefrontal_part3,3,Association cortex - type 2,Association,True
0.4,rh_rostralmiddlefrontal_part5,0.4973969695622695,Gifted,MSN,500.aparc,Node Versatility,0.24038934181610444,0.20346414408903507,0.4438534859051395,True,rh_rostralmiddlefrontal_part5,3,Association cortex - type 2,Association,True
0.4,rh_superiorfrontal_part10,0.4922095399760028,Gifted,MSN,500.aparc,Node Versatility,0.24038934181610444,0.20346414408903507,0.4438534859051395,True,rh_superiorfrontal_part10,2,Association cortex - type 1,Association,True
0.4,rh_superiorfrontal_part4,0.4748385543768479,Gifted,MSN,500.aparc,Node Versatility,0.24038934181610444,0.20346414408903507,0.4438534859051395,True,rh_superiorfrontal_part4,2,Association cortex - type 1,Association,True
0.4,rh_superiorfrontal_part5,0.8771843747825321,Gifted,MSN,500.aparc,Node Versatility,0.24038934181610444,0.20346414408903507,0.4438534859051395,True,rh_superiorfrontal_part5,2,Association cortex - type 1,Association,True
0.4,rh_superiorparietal_part4,0.4827692592144112,Gifted,MSN,500.aparc,Node Versatility,0.24038934181610444,0.20346414408903507,0.4438534859051395,True,rh_superiorparietal_part4,2,Association cortex - type 1,Association,True
0.5,lh_caudalanteriorcingulate_part1,0.5442590881289039,Gifted,MSN,500.aparc,Node Versatility,0.23215254576552435,0.20710369719310798,0.4392562429586323,True,lh_caudalanteriorcingulate_part1,6,Limbic cortex,Limbic,False
0.5,lh_caudalmiddlefrontal_part2,1.0,Gifted,MSN,500.aparc,Node Versatility,0.23215254576552435,0.20710369719310798,0.4392562429586323,True,lh_caudalmiddlefrontal_part2,2,Association cortex - type 1,Association,True
0.5,lh_fusiform_part1,0.4939616998297913,Gifted,MSN,500.aparc,Node Versatility,0.23215254576552435,0.20710369719310798,0.4392562429586323,True,lh_fusiform_part1,2,Association cortex - type 1,Association,True
0.5,lh_fusiform_part3,0.470008771531674,Gifted,MSN,500.aparc,Node Versatility,0.23215254576552435,0.20710369719310798,0.4392562429586323,True,lh_fusiform_part3,2,Association cortex - type 1,Association,True
0.5,lh_inferiorparietal_part5,0.9054026013205186,Gifted,MSN,500.aparc,Node Versatility,0.23215254576552435,0.20710369719310798,0.4392562429586323,True,lh_inferiorparietal_part5,3,Association cortex - type 2,Association,True
0.5,lh_isthmuscingulate_part1,0.4836675117814321,Gifted,MSN,500.aparc,Node Versatility,0.23215254576552435,0.20710369719310798,0.4392562429586323,True,lh_isthmuscingulate_part1,6,Limbic cortex,Limbic,False
0.5,lh_lateraloccipital_part2,0.5076441929040038,Gifted,MSN,500.aparc,Node Versatility,0.23215254576552435,0.20710369719310798,0.4392562429586323,True,lh_lateraloccipital_part2,4,Secondary sensory cortex,Secondary,False
0.5,lh_lateraloccipital_part4,0.5586494226205203,Gifted,MSN,500.aparc,Node Versatility,0.23215254576552435,0.20710369719310798,0.4392562429586323,True,lh_lateraloccipital_part4,4,Secondary sensory cortex,Secondary,False
0.5,lh_lateralorbitofrontal_part2,0.8885859288678547,Gifted,MSN,500.aparc,Node Versatility,0.23215254576552435,0.20710369719310798,0.4392562429586323,True,lh_lateralorbitofrontal_part2,4,Secondary sensory cortex,Secondary,False
0.5,lh_medialorbitofrontal_part2,0.4976459325975171,Gifted,MSN,500.aparc,Node Versatility,0.23215254576552435,0.20710369719310798,0.4392562429586323,True,lh_medialorbitofrontal_part2,4,Secondary sensory cortex,Secondary,False
0.5,lh_medialorbitofrontal_part3,0.9052984184205224,Gifted,MSN,500.aparc,Node Versatility,0.23215254576552435,0.20710369719310798,0.4392562429586323,True,lh_medialorbitofrontal_part3,4,Secondary sensory cortex,Secondary,False
0.5,lh_paracentral_part3,0.4413600734810732,Gifted,MSN,500.aparc,Node Versatility,0.23215254576552435,0.20710369719310798,0.4392562429586323,True,lh_paracentral_part3,1,Primary motor cortex,Primary,False
0.5,lh_postcentral_part5,0.451327288577372,Gifted,MSN,500.aparc,Node Versatility,0.23215254576552435,0.20710369719310798,0.4392562429586323,True,lh_postcentral_part5,5,Primary sensory cortex,Primary,False
0.5,lh_postcentral_part8,0.4563920604677884,Gifted,MSN,500.aparc,Node Versatility,0.23215254576552435,0.20710369719310798,0.4392562429586323,True,lh_postcentral_part8,5,Primary sensory cortex,Primary,False
0.5,lh_posteriorcingulate_part1,0.9213431013068664,Gifted,MSN,500.aparc,Node Versatility,0.23215254576552435,0.20710369719310798,0.4392562429586323,True,lh_posteriorcingulate_part1,6,Limbic cortex,Limbic,False
0.5,lh_posteriorcingulate_part2,0.463291312712501,Gifted,MSN,500.aparc,Node Versatility,0.23215254576552435,0.20710369719310798,0.4392562429586323,True,lh_posteriorcingulate_part2,6,Limbic cortex,Limbic,False
0.5,lh_precentral_part7,0.5839471560297183,Gifted,MSN,500.aparc,Node Versatility,0.23215254576552435,0.20710369719310798,0.4392562429586323,True,lh_precentral_part7,1,Primary motor cortex,Primary,False
0.5,lh_precuneus_part7,0.5169311266480485,Gifted,MSN,500.aparc,Node Versatility,0.23215254576552435,0.20710369719310798,0.4392562429586323,True,lh_precuneus_part7,2,Association cortex - type 1,Association,True
0.5,lh_rostralmiddlefrontal_part1,0.5659793383639999,Gifted,MSN,500.aparc,Node Versatility,0.23215254576552435,0.20710369719310798,0.4392562429586323,True,lh_rostralmiddlefrontal_part1,3,Association cortex - type 2,Association,True
0.5,lh_rostralmiddlefrontal_part5,0.4579375695672821,Gifted,MSN,500.aparc,Node Versatility,0.23215254576552435,0.20710369719310798,0.4392562429586323,True,lh_rostralmiddlefrontal_part5,3,Association cortex - type 2,Association,True
0.5,lh_rostralmiddlefrontal_part7,0.4575158708233854,Gifted,MSN,500.aparc,Node Versatility,0.23215254576552435,0.20710369719310798,0.4392562429586323,True,lh_rostralmiddlefrontal_part7,3,Association cortex - type 2,Association,True
0.5,lh_superiorfrontal_part10,0.5009814356159744,Gifted,MSN,500.aparc,Node Versatility,0.23215254576552435,0.20710369719310798,0.4392562429586323,True,lh_superiorfrontal_part10,2,Association cortex - type 1,Association,True
0.5,lh_superiorfrontal_part11,0.4541188826625778,Gifted,MSN,500.aparc,Node Versatility,0.23215254576552435,0.20710369719310798,0.4392562429586323,True,lh_superiorfrontal_part11,2,Association cortex - type 1,Association,True
0.5,lh_superiorfrontal_part4,0.460016395738713,Gifted,MSN,500.aparc,Node Versatility,0.23215254576552435,0.20710369719310798,0.4392562429586323,True,lh_superiorfrontal_part4,2,Association cortex - type 1,Association,True
0.5,lh_superiorfrontal_part6,0.7997618201153474,Gifted,MSN,500.aparc,Node Versatility,0.23215254576552435,0.20710369719310798,0.4392562429586323,True,lh_superiorfrontal_part6,2,Association cortex - type 1,Association,True
0.5,lh_superiorparietal_part3,0.5912300686505929,Gifted,MSN,500.aparc,Node Versatility,0.23215254576552435,0.20710369719310798,0.4392562429586323,True,lh_superiorparietal_part3,2,Association cortex - type 1,Association,True
0.5,lh_superiortemporal_part7,0.488034255651228,Gifted,MSN,500.aparc,Node Versatility,0.23215254576552435,0.20710369719310798,0.4392562429586323,True,lh_superiortemporal_part7,3,Association cortex - type 2,Association,True
0.5,lh_supramarginal_part1,0.4400030472851613,Gifted,MSN,500.aparc,Node Versatility,0.23215254576552435,0.20710369719310798,0.4392562429586323,True,lh_supramarginal_part1,3,Association cortex - type 2,Association,True
0.5,rh_caudalmiddlefrontal_part1,0.4627012743086552,Gifted,MSN,500.aparc,Node Versatility,0.23215254576552435,0.20710369719310798,0.4392562429586323,True,rh_caudalmiddlefrontal_part1,2,Association cortex - type 1,Association,True
0.5,rh_entorhinal_part1,0.6787682832994384,Gifted,MSN,500.aparc,Node Versatility,0.23215254576552435,0.20710369719310798,0.4392562429586323,True,rh_entorhinal_part1,6,Limbic cortex,Limbic,False
0.5,rh_fusiform_part5,0.655671048921595,Gifted,MSN,500.aparc,Node Versatility,0.23215254576552435,0.20710369719310798,0.4392562429586323,True,rh_fusiform_part5,2,Association cortex - type 1,Association,True
0.5,rh_inferiorparietal_part4,0.4456867922503515,Gifted,MSN,500.aparc,Node Versatility,0.23215254576552435,0.20710369719310798,0.4392562429586323,True,rh_inferiorparietal_part4,3,Association cortex - type 2,Association,True
0.5,rh_inferiorparietal_part7,0.5684991521834096,Gifted,MSN,500.aparc,Node Versatility,0.23215254576552435,0.20710369719310798,0.4392562429586323,True,rh_inferiorparietal_part7,3,Association cortex - type 2,Association,True
0.5,rh_inferiortemporal_part2,0.6065003868563231,Gifted,MSN,500.aparc,Node Versatility,0.23215254576552435,0.20710369719310798,0.4392562429586323,True,rh_inferiortemporal_part2,2,Association cortex - type 1,Association,True
0.5,rh_inferiortemporal_part5,0.5768116014270768,Gifted,MSN,500.aparc,Node Versatility,0.23215254576552435,0.20710369719310798,0.4392562429586323,True,rh_inferiortemporal_part5,2,Association cortex - type 1,Association,True
0.5,rh_isthmuscingulate_part1,0.4413600734810732,Gifted,MSN,500.aparc,Node Versatility,0.23215254576552435,0.20710369719310798,0.4392562429586323,True,rh_isthmuscingulate_part1,6,Limbic cortex,Limbic,False
0.5,rh_lateraloccipital_part9,0.5342050570014821,Gifted,MSN,500.aparc,Node Versatility,0.23215254576552435,0.20710369719310798,0.4392562429586323,True,rh_lateraloccipital_part9,4,Secondary sensory cortex,Secondary,False
0.5,rh_lingual_part5,0.7251712460075472,Gifted,MSN,500.aparc,Node Versatility,0.23215254576552435,0.20710369719310798,0.4392562429586323,True,rh_lingual_part5,4,Secondary sensory cortex,Secondary,False
0.5,rh_lingual_part6,0.7257848044105759,Gifted,MSN,500.aparc,Node Versatility,0.23215254576552435,0.20710369719310798,0.4392562429586323,True,rh_lingual_part6,4,Secondary sensory cortex,Secondary,False
0.5,rh_medialorbitofrontal_part2,0.823512666628075,Gifted,MSN,500.aparc,Node Versatility,0.23215254576552435,0.20710369719310798,0.4392562429586323,True,rh_medialorbitofrontal_part2,4,Secondary sensory cortex,Secondary,False
0.5,rh_medialorbitofrontal_part3,0.9036165403238592,Gifted,MSN,500.aparc,Node Versatility,0.23215254576552435,0.20710369719310798,0.4392562429586323,True,rh_medialorbitofrontal_part3,4,Secondary sensory cortex,Secondary,False
0.5,rh_paracentral_part3,0.6312708129492001,Gifted,MSN,500.aparc,Node Versatility,0.23215254576552435,0.20710369719310798,0.4392562429586323,True,rh_paracentral_part3,1,Primary motor cortex,Primary,False
0.5,rh_pericalcarine_part1,0.7255536167443152,Gifted,MSN,500.aparc,Node Versatility,0.23215254576552435,0.20710369719310798,0.4392562429586323,True,rh_pericalcarine_part1,5,Primary sensory cortex,Primary,False
0.5,rh_pericalcarine_part3,0.7251712460075472,Gifted,MSN,500.aparc,Node Versatility,0.23215254576552435,0.20710369719310798,0.4392562429586323,True,rh_pericalcarine_part3,5,Primary sensory cortex,Primary,False
0.5,rh_posteriorcingulate_part2,0.4543492738942025,Gifted,MSN,500.aparc,Node Versatility,0.23215254576552435,0.20710369719310798,0.4392562429586323,True,rh_posteriorcingulate_part2,6,Limbic cortex,Limbic,False
0.5,rh_precentral_part5,0.507566638318817,Gifted,MSN,500.aparc,Node Versatility,0.23215254576552435,0.20710369719310798,0.4392562429586323,True,rh_precentral_part5,1,Primary motor cortex,Primary,False
0.5,rh_precuneus_part3,0.9021841413536263,Gifted,MSN,500.aparc,Node Versatility,0.23215254576552435,0.20710369719310798,0.4392562429586323,True,rh_precuneus_part3,2,Association cortex - type 1,Association,True
0.5,rh_rostralanteriorcingulate_part1,0.4775611255412978,Gifted,MSN,500.aparc,Node Versatility,0.23215254576552435,0.20710369719310798,0.4392562429586323,True,rh_rostralanteriorcingulate_part1,6,Limbic cortex,Limbic,False
0.5,rh_rostralmiddlefrontal_part1,0.8315693445939353,Gifted,MSN,500.aparc,Node Versatility,0.23215254576552435,0.20710369719310798,0.4392562429586323,True,rh_rostralmiddlefrontal_part1,3,Association cortex - type 2,Association,True
0.5,rh_rostralmiddlefrontal_part3,0.6037094821397074,Gifted,MSN,500.aparc,Node Versatility,0.23215254576552435,0.20710369719310798,0.4392562429586323,True,rh_rostralmiddlefrontal_part3,3,Association cortex - type 2,Association,True
0.5,rh_rostralmiddlefrontal_part5,0.4535904294488345,Gifted,MSN,500.aparc,Node Versatility,0.23215254576552435,0.20710369719310798,0.4392562429586323,True,rh_rostralmiddlefrontal_part5,3,Association cortex - type 2,Association,True
0.5,rh_superiorfrontal_part10,0.496334007288273,Gifted,MSN,500.aparc,Node Versatility,0.23215254576552435,0.20710369719310798,0.4392562429586323,True,rh_superiorfrontal_part10,2,Association cortex - type 1,Association,True
0.5,rh_superiorfrontal_part4,0.4772765830233328,Gifted,MSN,500.aparc,Node Versatility,0.23215254576552435,0.20710369719310798,0.4392562429586323,True,rh_superiorfrontal_part4,2,Association cortex - type 1,Association,True
0.5,rh_superiorfrontal_part5,0.7990035324549012,Gifted,MSN,500.aparc,Node Versatility,0.23215254576552435,0.20710369719310798,0.4392562429586323,True,rh_superiorfrontal_part5,2,Association cortex - type 1,Association,True
0.5,rh_superiorparietal_part4,0.4684689488824582,Gifted,MSN,500.aparc,Node Versatility,0.23215254576552435,0.20710369719310798,0.4392562429586323,True,rh_superiorparietal_part4,2,Association cortex - type 1,Association,True
0.6,lh_caudalanteriorcingulate_part1,0.5438661276556964,Gifted,MSN,500.aparc,Node Versatility,0.23240822711351747,0.2072331317505619,0.4396413588640794,True,lh_caudalanteriorcingulate_part1,6,Limbic cortex,Limbic,False
0.6,lh_caudalmiddlefrontal_part2,1.0,Gifted,MSN,500.aparc,Node Versatility,0.23240822711351747,0.2072331317505619,0.4396413588640794,True,lh_caudalmiddlefrontal_part2,2,Association cortex - type 1,Association,True
0.6,lh_fusiform_part1,0.4960773502386133,Gifted,MSN,500.aparc,Node Versatility,0.23240822711351747,0.2072331317505619,0.4396413588640794,True,lh_fusiform_part1,2,Association cortex - type 1,Association,True
0.6,lh_fusiform_part3,0.4705241039005447,Gifted,MSN,500.aparc,Node Versatility,0.23240822711351747,0.2072331317505619,0.4396413588640794,True,lh_fusiform_part3,2,Association cortex - type 1,Association,True
0.6,lh_inferiorparietal_part5,0.90621177802981,Gifted,MSN,500.aparc,Node Versatility,0.23240822711351747,0.2072331317505619,0.4396413588640794,True,lh_inferiorparietal_part5,3,Association cortex - type 2,Association,True
0.6,lh_isthmuscingulate_part1,0.484896478191459,Gifted,MSN,500.aparc,Node Versatility,0.23240822711351747,0.2072331317505619,0.4396413588640794,True,lh_isthmuscingulate_part1,6,Limbic cortex,Limbic,False
0.6,lh_lateraloccipital_part2,0.5064176795159917,Gifted,MSN,500.aparc,Node Versatility,0.23240822711351747,0.2072331317505619,0.4396413588640794,True,lh_lateraloccipital_part2,4,Secondary sensory cortex,Secondary,False
0.6,lh_lateraloccipital_part4,0.559087653055304,Gifted,MSN,500.aparc,Node Versatility,0.23240822711351747,0.2072331317505619,0.4396413588640794,True,lh_lateraloccipital_part4,4,Secondary sensory cortex,Secondary,False
0.6,lh_lateralorbitofrontal_part2,0.889851381283875,Gifted,MSN,500.aparc,Node Versatility,0.23240822711351747,0.2072331317505619,0.4396413588640794,True,lh_lateralorbitofrontal_part2,4,Secondary sensory cortex,Secondary,False
0.6,lh_medialorbitofrontal_part2,0.495254666784967,Gifted,MSN,500.aparc,Node Versatility,0.23240822711351747,0.2072331317505619,0.4396413588640794,True,lh_medialorbitofrontal_part2,4,Secondary sensory cortex,Secondary,False
0.6,lh_medialorbitofrontal_part3,0.9075784157093052,Gifted,MSN,500.aparc,Node Versatility,0.23240822711351747,0.2072331317505619,0.4396413588640794,True,lh_medialorbitofrontal_part3,4,Secondary sensory cortex,Secondary,False
0.6,lh_paracentral_part3,0.4415911946934114,Gifted,MSN,500.aparc,Node Versatility,0.23240822711351747,0.2072331317505619,0.4396413588640794,True,lh_paracentral_part3,1,Primary motor cortex,Primary,False
0.6,lh_postcentral_part5,0.450121535356182,Gifted,MSN,500.aparc,Node Versatility,0.23240822711351747,0.2072331317505619,0.4396413588640794,True,lh_postcentral_part5,5,Primary sensory cortex,Primary,False
0.6,lh_postcentral_part8,0.4551891168430171,Gifted,MSN,500.aparc,Node Versatility,0.23240822711351747,0.2072331317505619,0.4396413588640794,True,lh_postcentral_part8,5,Primary sensory cortex,Primary,False
0.6,lh_posteriorcingulate_part1,0.9218277962431164,Gifted,MSN,500.aparc,Node Versatility,0.23240822711351747,0.2072331317505619,0.4396413588640794,True,lh_posteriorcingulate_part1,6,Limbic cortex,Limbic,False
0.6,lh_posteriorcingulate_part2,0.4621045819278717,Gifted,MSN,500.aparc,Node Versatility,0.23240822711351747,0.2072331317505619,0.4396413588640794,True,lh_posteriorcingulate_part2,6,Limbic cortex,Limbic,False
0.6,lh_precentral_part7,0.5841878483009689,Gifted,MSN,500.aparc,Node Versatility,0.23240822711351747,0.2072331317505619,0.4396413588640794,True,lh_precentral_part7,1,Primary motor cortex,Primary,False
0.6,lh_precuneus_part7,0.5133053034253331,Gifted,MSN,500.aparc,Node Versatility,0.23240822711351747,0.2072331317505619,0.4396413588640794,True,lh_precuneus_part7,2,Association cortex - type 1,Association,True
0.6,lh_rostralmiddlefrontal_part1,0.5684256460371778,Gifted,MSN,500.aparc,Node Versatility,0.23240822711351747,0.2072331317505619,0.4396413588640794,True,lh_rostralmiddlefrontal_part1,3,Association cortex - type 2,Association,True
0.6,lh_rostralmiddlefrontal_part5,0.4584127200336972,Gifted,MSN,500.aparc,Node Versatility,0.23240822711351747,0.2072331317505619,0.4396413588640794,True,lh_rostralmiddlefrontal_part5,3,Association cortex - type 2,Association,True
0.6,lh_rostralmiddlefrontal_part7,0.4563135506133737,Gifted,MSN,500.aparc,Node Versatility,0.23240822711351747,0.2072331317505619,0.4396413588640794,True,lh_rostralmiddlefrontal_part7,3,Association cortex - type 2,Association,True
0.6,lh_superiorfrontal_part10,0.5015855931073817,Gifted,MSN,500.aparc,Node Versatility,0.23240822711351747,0.2072331317505619,0.4396413588640794,True,lh_superiorfrontal_part10,2,Association cortex - type 1,Association,True
0.6,lh_superiorfrontal_part11,0.4543880573886801,Gifted,MSN,500.aparc,Node Versatility,0.23240822711351747,0.2072331317505619,0.4396413588640794,True,lh_superiorfrontal_part11,2,Association cortex - type 1,Association,True
0.6,lh_superiorfrontal_part4,0.4602693799156844,Gifted,MSN,500.aparc,Node Versatility,0.23240822711351747,0.2072331317505619,0.4396413588640794,True,lh_superiorfrontal_part4,2,Association cortex - type 1,Association,True
0.6,lh_superiorfrontal_part6,0.8000258933762013,Gifted,MSN,500.aparc,Node Versatility,0.23240822711351747,0.2072331317505619,0.4396413588640794,True,lh_superiorfrontal_part6,2,Association cortex - type 1,Association,True
0.6,lh_superiorparietal_part3,0.590757215322093,Gifted,MSN,500.aparc,Node Versatility,0.23240822711351747,0.2072331317505619,0.4396413588640794,True,lh_superiorparietal_part3,2,Association cortex - type 1,Association,True
0.6,lh_superiortemporal_part7,0.4883835172037941,Gifted,MSN,500.aparc,Node Versatility,0.23240822711351747,0.2072331317505619,0.4396413588640794,True,lh_superiortemporal_part7,3,Association cortex - type 2,Association,True
0.6,lh_supramarginal_part1,0.4408928256714482,Gifted,MSN,500.aparc,Node Versatility,0.23240822711351747,0.2072331317505619,0.4396413588640794,True,lh_supramarginal_part1,3,Association cortex - type 2,Association,True
0.6,rh_caudalmiddlefrontal_part1,0.4632938639805449,Gifted,MSN,500.aparc,Node Versatility,0.23240822711351747,0.2072331317505619,0.4396413588640794,True,rh_caudalmiddlefrontal_part1,2,Association cortex - type 1,Association,True
0.6,rh_entorhinal_part1,0.6798606331458515,Gifted,MSN,500.aparc,Node Versatility,0.23240822711351747,0.2072331317505619,0.4396413588640794,True,rh_entorhinal_part1,6,Limbic cortex,Limbic,False
0.6,rh_fusiform_part5,0.6563000701713244,Gifted,MSN,500.aparc,Node Versatility,0.23240822711351747,0.2072331317505619,0.4396413588640794,True,rh_fusiform_part5,2,Association cortex - type 1,Association,True
0.6,rh_inferiorparietal_part4,0.4444506106351564,Gifted,MSN,500.aparc,Node Versatility,0.23240822711351747,0.2072331317505619,0.4396413588640794,True,rh_inferiorparietal_part4,3,Association cortex - type 2,Association,True
0.6,rh_inferiorparietal_part7,0.5693192443971973,Gifted,MSN,500.aparc,Node Versatility,0.23240822711351747,0.2072331317505619,0.4396413588640794,True,rh_inferiorparietal_part7,3,Association cortex - type 2,Association,True
0.6,rh_inferiortemporal_part2,0.6070442442797138,Gifted,MSN,500.aparc,Node Versatility,0.23240822711351747,0.2072331317505619,0.4396413588640794,True,rh_inferiortemporal_part2,2,Association cortex - type 1,Association,True
0.6,rh_inferiortemporal_part5,0.5784845688034196,Gifted,MSN,500.aparc,Node Versatility,0.23240822711351747,0.2072331317505619,0.4396413588640794,True,rh_inferiortemporal_part5,2,Association cortex - type 1,Association,True
0.6,rh_isthmuscingulate_part1,0.4415911946934114,Gifted,MSN,500.aparc,Node Versatility,0.23240822711351747,0.2072331317505619,0.4396413588640794,True,rh_isthmuscingulate_part1,6,Limbic cortex,Limbic,False
0.6,rh_lateraloccipital_part9,0.5343190402411875,Gifted,MSN,500.aparc,Node Versatility,0.23240822711351747,0.2072331317505619,0.4396413588640794,True,rh_lateraloccipital_part9,4,Secondary sensory cortex,Secondary,False
0.6,rh_lingual_part5,0.725641055241316,Gifted,MSN,500.aparc,Node Versatility,0.23240822711351747,0.2072331317505619,0.4396413588640794,True,rh_lingual_part5,4,Secondary sensory cortex,Secondary,False
0.6,rh_lingual_part6,0.7262549540054765,Gifted,MSN,500.aparc,Node Versatility,0.23240822711351747,0.2072331317505619,0.4396413588640794,True,rh_lingual_part6,4,Secondary sensory cortex,Secondary,False
0.6,rh_medialorbitofrontal_part2,0.8249334769838279,Gifted,MSN,500.aparc,Node Versatility,0.23240822711351747,0.2072331317505619,0.4396413588640794,True,rh_medialorbitofrontal_part2,4,Secondary sensory cortex,Secondary,False
0.6,rh_medialorbitofrontal_part3,0.9048696762761398,Gifted,MSN,500.aparc,Node Versatility,0.23240822711351747,0.2072331317505619,0.4396413588640794,True,rh_medialorbitofrontal_part3,4,Secondary sensory cortex,Secondary,False
0.6,rh_paracentral_part3,0.6321390565234978,Gifted,MSN,500.aparc,Node Versatility,0.23240822711351747,0.2072331317505619,0.4396413588640794,True,rh_paracentral_part3,1,Primary motor cortex,Primary,False
0.6,rh_pericalcarine_part1,0.7260266749747338,Gifted,MSN,500.aparc,Node Versatility,0.23240822711351747,0.2072331317505619,0.4396413588640794,True,rh_pericalcarine_part1,5,Primary sensory cortex,Primary,False
0.6,rh_pericalcarine_part3,0.725641055241316,Gifted,MSN,500.aparc,Node Versatility,0.23240822711351747,0.2072331317505619,0.4396413588640794,True,rh_pericalcarine_part3,5,Primary sensory cortex,Primary,False
0.6,rh_posteriorcingulate_part2,0.4531451970681803,Gifted,MSN,500.aparc,Node Versatility,0.23240822711351747,0.2072331317505619,0.4396413588640794,True,rh_posteriorcingulate_part2,6,Limbic cortex,Limbic,False
0.6,rh_precentral_part5,0.507488155113925,Gifted,MSN,500.aparc,Node Versatility,0.23240822711351747,0.2072331317505619,0.4396413588640794,True,rh_precentral_part5,1,Primary motor cortex,Primary,False
0.6,rh_precuneus_part3,0.9027271541044392,Gifted,MSN,500.aparc,Node Versatility,0.23240822711351747,0.2072331317505619,0.4396413588640794,True,rh_precuneus_part3,2,Association cortex - type 1,Association,True
0.6,rh_rostralanteriorcingulate_part1,0.4779044659241144,Gifted,MSN,500.aparc,Node Versatility,0.23240822711351747,0.2072331317505619,0.4396413588640794,True,rh_rostralanteriorcingulate_part1,6,Limbic cortex,Limbic,False
0.6,rh_rostralmiddlefrontal_part1,0.8328076039899697,Gifted,MSN,500.aparc,Node Versatility,0.23240822711351747,0.2072331317505619,0.4396413588640794,True,rh_rostralmiddlefrontal_part1,3,Association cortex - type 2,Association,True
0.6,rh_rostralmiddlefrontal_part3,0.6035382783963275,Gifted,MSN,500.aparc,Node Versatility,0.23240822711351747,0.2072331317505619,0.4396413588640794,True,rh_rostralmiddlefrontal_part3,3,Association cortex - type 2,Association,True
0.6,rh_rostralmiddlefrontal_part5,0.4537255935943677,Gifted,MSN,500.aparc,Node Versatility,0.23240822711351747,0.2072331317505619,0.4396413588640794,True,rh_rostralmiddlefrontal_part5,3,Association cortex - type 2,Association,True
0.6,rh_superiorfrontal_part10,0.4967964466914182,Gifted,MSN,500.aparc,Node Versatility,0.23240822711351747,0.2072331317505619,0.4396413588640794,True,rh_superiorfrontal_part10,2,Association cortex - type 1,Association,True
0.6,rh_superiorfrontal_part4,0.4788114063559444,Gifted,MSN,500.aparc,Node Versatility,0.23240822711351747,0.2072331317505619,0.4396413588640794,True,rh_superiorfrontal_part4,2,Association cortex - type 1,Association,True
0.6,rh_superiorfrontal_part5,0.7985262719257721,Gifted,MSN,500.aparc,Node Versatility,0.23240822711351747,0.2072331317505619,0.4396413588640794,True,rh_superiorfrontal_part5,2,Association cortex - type 1,Association,True
0.6,rh_superiorparietal_part4,0.4707178672722876,Gifted,MSN,500.aparc,Node Versatility,0.23240822711351747,0.2072331317505619,0.4396413588640794,True,rh_superiorparietal_part4,2,Association cortex - type 1,Association,True
0.7,lh_caudalanteriorcingulate_part1,0.5438661276556964,Gifted,MSN,500.aparc,Node Versatility,0.23240822711351747,0.2072331317505619,0.4396413588640794,True,lh_caudalanteriorcingulate_part1,6,Limbic cortex,Limbic,False
0.7,lh_caudalmiddlefrontal_part2,1.0,Gifted,MSN,500.aparc,Node Versatility,0.23240822711351747,0.2072331317505619,0.4396413588640794,True,lh_caudalmiddlefrontal_part2,2,Association cortex - type 1,Association,True
0.7,lh_fusiform_part1,0.4960773502386133,Gifted,MSN,500.aparc,Node Versatility,0.23240822711351747,0.2072331317505619,0.4396413588640794,True,lh_fusiform_part1,2,Association cortex - type 1,Association,True
0.7,lh_fusiform_part3,0.4705241039005447,Gifted,MSN,500.aparc,Node Versatility,0.23240822711351747,0.2072331317505619,0.4396413588640794,True,lh_fusiform_part3,2,Association cortex - type 1,Association,True
0.7,lh_inferiorparietal_part5,0.90621177802981,Gifted,MSN,500.aparc,Node Versatility,0.23240822711351747,0.2072331317505619,0.4396413588640794,True,lh_inferiorparietal_part5,3,Association cortex - type 2,Association,True
0.7,lh_isthmuscingulate_part1,0.484896478191459,Gifted,MSN,500.aparc,Node Versatility,0.23240822711351747,0.2072331317505619,0.4396413588640794,True,lh_isthmuscingulate_part1,6,Limbic cortex,Limbic,False
0.7,lh_lateraloccipital_part2,0.5064176795159917,Gifted,MSN,500.aparc,Node Versatility,0.23240822711351747,0.2072331317505619,0.4396413588640794,True,lh_lateraloccipital_part2,4,Secondary sensory cortex,Secondary,False
0.7,lh_lateraloccipital_part4,0.559087653055304,Gifted,MSN,500.aparc,Node Versatility,0.23240822711351747,0.2072331317505619,0.4396413588640794,True,lh_lateraloccipital_part4,4,Secondary sensory cortex,Secondary,False
0.7,lh_lateralorbitofrontal_part2,0.889851381283875,Gifted,MSN,500.aparc,Node Versatility,0.23240822711351747,0.2072331317505619,0.4396413588640794,True,lh_lateralorbitofrontal_part2,4,Secondary sensory cortex,Secondary,False
0.7,lh_medialorbitofrontal_part2,0.495254666784967,Gifted,MSN,500.aparc,Node Versatility,0.23240822711351747,0.2072331317505619,0.4396413588640794,True,lh_medialorbitofrontal_part2,4,Secondary sensory cortex,Secondary,False
0.7,lh_medialorbitofrontal_part3,0.9075784157093052,Gifted,MSN,500.aparc,Node Versatility,0.23240822711351747,0.2072331317505619,0.4396413588640794,True,lh_medialorbitofrontal_part3,4,Secondary sensory cortex,Secondary,False
0.7,lh_paracentral_part3,0.4415911946934114,Gifted,MSN,500.aparc,Node Versatility,0.23240822711351747,0.2072331317505619,0.4396413588640794,True,lh_paracentral_part3,1,Primary motor cortex,Primary,False
0.7,lh_postcentral_part5,0.450121535356182,Gifted,MSN,500.aparc,Node Versatility,0.23240822711351747,0.2072331317505619,0.4396413588640794,True,lh_postcentral_part5,5,Primary sensory cortex,Primary,False
0.7,lh_postcentral_part8,0.4551891168430171,Gifted,MSN,500.aparc,Node Versatility,0.23240822711351747,0.2072331317505619,0.4396413588640794,True,lh_postcentral_part8,5,Primary sensory cortex,Primary,False
0.7,lh_posteriorcingulate_part1,0.9218277962431164,Gifted,MSN,500.aparc,Node Versatility,0.23240822711351747,0.2072331317505619,0.4396413588640794,True,lh_posteriorcingulate_part1,6,Limbic cortex,Limbic,False
0.7,lh_posteriorcingulate_part2,0.4621045819278717,Gifted,MSN,500.aparc,Node Versatility,0.23240822711351747,0.2072331317505619,0.4396413588640794,True,lh_posteriorcingulate_part2,6,Limbic cortex,Limbic,False
0.7,lh_precentral_part7,0.5841878483009689,Gifted,MSN,500.aparc,Node Versatility,0.23240822711351747,0.2072331317505619,0.4396413588640794,True,lh_precentral_part7,1,Primary motor cortex,Primary,False
0.7,lh_precuneus_part7,0.5133053034253331,Gifted,MSN,500.aparc,Node Versatility,0.23240822711351747,0.2072331317505619,0.4396413588640794,True,lh_precuneus_part7,2,Association cortex - type 1,Association,True
0.7,lh_rostralmiddlefrontal_part1,0.5684256460371778,Gifted,MSN,500.aparc,Node Versatility,0.23240822711351747,0.2072331317505619,0.4396413588640794,True,lh_rostralmiddlefrontal_part1,3,Association cortex - type 2,Association,True
0.7,lh_rostralmiddlefrontal_part5,0.4584127200336972,Gifted,MSN,500.aparc,Node Versatility,0.23240822711351747,0.2072331317505619,0.4396413588640794,True,lh_rostralmiddlefrontal_part5,3,Association cortex - type 2,Association,True
0.7,lh_rostralmiddlefrontal_part7,0.4563135506133737,Gifted,MSN,500.aparc,Node Versatility,0.23240822711351747,0.2072331317505619,0.4396413588640794,True,lh_rostralmiddlefrontal_part7,3,Association cortex - type 2,Association,True
0.7,lh_superiorfrontal_part10,0.5015855931073817,Gifted,MSN,500.aparc,Node Versatility,0.23240822711351747,0.2072331317505619,0.4396413588640794,True,lh_superiorfrontal_part10,2,Association cortex - type 1,Association,True
0.7,lh_superiorfrontal_part11,0.4543880573886801,Gifted,MSN,500.aparc,Node Versatility,0.23240822711351747,0.2072331317505619,0.4396413588640794,True,lh_superiorfrontal_part11,2,Association cortex - type 1,Association,True
0.7,lh_superiorfrontal_part4,0.4602693799156844,Gifted,MSN,500.aparc,Node Versatility,0.23240822711351747,0.2072331317505619,0.4396413588640794,True,lh_superiorfrontal_part4,2,Association cortex - type 1,Association,True
0.7,lh_superiorfrontal_part6,0.8000258933762013,Gifted,MSN,500.aparc,Node Versatility,0.23240822711351747,0.2072331317505619,0.4396413588640794,True,lh_superiorfrontal_part6,2,Association cortex - type 1,Association,True
0.7,lh_superiorparietal_part3,0.590757215322093,Gifted,MSN,500.aparc,Node Versatility,0.23240822711351747,0.2072331317505619,0.4396413588640794,True,lh_superiorparietal_part3,2,Association cortex - type 1,Association,True
0.7,lh_superiortemporal_part7,0.4883835172037941,Gifted,MSN,500.aparc,Node Versatility,0.23240822711351747,0.2072331317505619,0.4396413588640794,True,lh_superiortemporal_part7,3,Association cortex - type 2,Association,True
0.7,lh_supramarginal_part1,0.4408928256714482,Gifted,MSN,500.aparc,Node Versatility,0.23240822711351747,0.2072331317505619,0.4396413588640794,True,lh_supramarginal_part1,3,Association cortex - type 2,Association,True
0.7,rh_caudalmiddlefrontal_part1,0.4632938639805449,Gifted,MSN,500.aparc,Node Versatility,0.23240822711351747,0.2072331317505619,0.4396413588640794,True,rh_caudalmiddlefrontal_part1,2,Association cortex - type 1,Association,True
0.7,rh_entorhinal_part1,0.6798606331458515,Gifted,MSN,500.aparc,Node Versatility,0.23240822711351747,0.2072331317505619,0.4396413588640794,True,rh_entorhinal_part1,6,Limbic cortex,Limbic,False
0.7,rh_fusiform_part5,0.6563000701713244,Gifted,MSN,500.aparc,Node Versatility,0.23240822711351747,0.2072331317505619,0.4396413588640794,True,rh_fusiform_part5,2,Association cortex - type 1,Association,True
0.7,rh_inferiorparietal_part4,0.4444506106351564,Gifted,MSN,500.aparc,Node Versatility,0.23240822711351747,0.2072331317505619,0.4396413588640794,True,rh_inferiorparietal_part4,3,Association cortex - type 2,Association,True
0.7,rh_inferiorparietal_part7,0.5693192443971973,Gifted,MSN,500.aparc,Node Versatility,0.23240822711351747,0.2072331317505619,0.4396413588640794,True,rh_inferiorparietal_part7,3,Association cortex - type 2,Association,True
0.7,rh_inferiortemporal_part2,0.6070442442797138,Gifted,MSN,500.aparc,Node Versatility,0.23240822711351747,0.2072331317505619,0.4396413588640794,True,rh_inferiortemporal_part2,2,Association cortex - type 1,Association,True
0.7,rh_inferiortemporal_part5,0.5784845688034196,Gifted,MSN,500.aparc,Node Versatility,0.23240822711351747,0.2072331317505619,0.4396413588640794,True,rh_inferiortemporal_part5,2,Association cortex - type 1,Association,True
0.7,rh_isthmuscingulate_part1,0.4415911946934114,Gifted,MSN,500.aparc,Node Versatility,0.23240822711351747,0.2072331317505619,0.4396413588640794,True,rh_isthmuscingulate_part1,6,Limbic cortex,Limbic,False
0.7,rh_lateraloccipital_part9,0.5343190402411875,Gifted,MSN,500.aparc,Node Versatility,0.23240822711351747,0.2072331317505619,0.4396413588640794,True,rh_lateraloccipital_part9,4,Secondary sensory cortex,Secondary,False
0.7,rh_lingual_part5,0.725641055241316,Gifted,MSN,500.aparc,Node Versatility,0.23240822711351747,0.2072331317505619,0.4396413588640794,True,rh_lingual_part5,4,Secondary sensory cortex,Secondary,False
0.7,rh_lingual_part6,0.7262549540054765,Gifted,MSN,500.aparc,Node Versatility,0.23240822711351747,0.2072331317505619,0.4396413588640794,True,rh_lingual_part6,4,Secondary sensory cortex,Secondary,False
0.7,rh_medialorbitofrontal_part2,0.8249334769838279,Gifted,MSN,500.aparc,Node Versatility,0.23240822711351747,0.2072331317505619,0.4396413588640794,True,rh_medialorbitofrontal_part2,4,Secondary sensory cortex,Secondary,False
0.7,rh_medialorbitofrontal_part3,0.9048696762761398,Gifted,MSN,500.aparc,Node Versatility,0.23240822711351747,0.2072331317505619,0.4396413588640794,True,rh_medialorbitofrontal_part3,4,Secondary sensory cortex,Secondary,False
0.7,rh_paracentral_part3,0.6321390565234978,Gifted,MSN,500.aparc,Node Versatility,0.23240822711351747,0.2072331317505619,0.4396413588640794,True,rh_paracentral_part3,1,Primary motor cortex,Primary,False
0.7,rh_pericalcarine_part1,0.7260266749747338,Gifted,MSN,500.aparc,Node Versatility,0.23240822711351747,0.2072331317505619,0.4396413588640794,True,rh_pericalcarine_part1,5,Primary sensory cortex,Primary,False
0.7,rh_pericalcarine_part3,0.725641055241316,Gifted,MSN,500.aparc,Node Versatility,0.23240822711351747,0.2072331317505619,0.4396413588640794,True,rh_pericalcarine_part3,5,Primary sensory cortex,Primary,False
0.7,rh_posteriorcingulate_part2,0.4531451970681803,Gifted,MSN,500.aparc,Node Versatility,0.23240822711351747,0.2072331317505619,0.4396413588640794,True,rh_posteriorcingulate_part2,6,Limbic cortex,Limbic,False
0.7,rh_precentral_part5,0.507488155113925,Gifted,MSN,500.aparc,Node Versatility,0.23240822711351747,0.2072331317505619,0.4396413588640794,True,rh_precentral_part5,1,Primary motor cortex,Primary,False
0.7,rh_precuneus_part3,0.9027271541044392,Gifted,MSN,500.aparc,Node Versatility,0.23240822711351747,0.2072331317505619,0.4396413588640794,True,rh_precuneus_part3,2,Association cortex - type 1,Association,True
0.7,rh_rostralanteriorcingulate_part1,0.4779044659241144,Gifted,MSN,500.aparc,Node Versatility,0.23240822711351747,0.2072331317505619,0.4396413588640794,True,rh_rostralanteriorcingulate_part1,6,Limbic cortex,Limbic,False
0.7,rh_rostralmiddlefrontal_part1,0.8328076039899697,Gifted,MSN,500.aparc,Node Versatility,0.23240822711351747,0.2072331317505619,0.4396413588640794,True,rh_rostralmiddlefrontal_part1,3,Association cortex - type 2,Association,True
0.7,rh_rostralmiddlefrontal_part3,0.6035382783963275,Gifted,MSN,500.aparc,Node Versatility,0.23240822711351747,0.2072331317505619,0.4396413588640794,True,rh_rostralmiddlefrontal_part3,3,Association cortex - type 2,Association,True
0.7,rh_rostralmiddlefrontal_part5,0.4537255935943677,Gifted,MSN,500.aparc,Node Versatility,0.23240822711351747,0.2072331317505619,0.4396413588640794,True,rh_rostralmiddlefrontal_part5,3,Association cortex - type 2,Association,True
0.7,rh_superiorfrontal_part10,0.4967964466914182,Gifted,MSN,500.aparc,Node Versatility,0.23240822711351747,0.2072331317505619,0.4396413588640794,True,rh_superiorfrontal_part10,2,Association cortex - type 1,Association,True
0.7,rh_superiorfrontal_part4,0.4788114063559444,Gifted,MSN,500.aparc,Node Versatility,0.23240822711351747,0.2072331317505619,0.4396413588640794,True,rh_superiorfrontal_part4,2,Association cortex - type 1,Association,True
0.7,rh_superiorfrontal_part5,0.7985262719257721,Gifted,MSN,500.aparc,Node Versatility,0.23240822711351747,0.2072331317505619,0.4396413588640794,True,rh_superiorfrontal_part5,2,Association cortex - type 1,Association,True
0.7,rh_superiorparietal_part4,0.4707178672722876,Gifted,MSN,500.aparc,Node Versatility,0.23240822711351747,0.2072331317505619,0.4396413588640794,True,rh_superiorparietal_part4,2,Association cortex - type 1,Association,True
0.8,lh_caudalanteriorcingulate_part1,0.5438661276556964,Gifted,MSN,500.aparc,Node Versatility,0.23240822711351747,0.2072331317505619,0.4396413588640794,True,lh_caudalanteriorcingulate_part1,6,Limbic cortex,Limbic,False
0.8,lh_caudalmiddlefrontal_part2,1.0,Gifted,MSN,500.aparc,Node Versatility,0.23240822711351747,0.2072331317505619,0.4396413588640794,True,lh_caudalmiddlefrontal_part2,2,Association cortex - type 1,Association,True
0.8,lh_fusiform_part1,0.4960773502386133,Gifted,MSN,500.aparc,Node Versatility,0.23240822711351747,0.2072331317505619,0.4396413588640794,True,lh_fusiform_part1,2,Association cortex - type 1,Association,True
0.8,lh_fusiform_part3,0.4705241039005447,Gifted,MSN,500.aparc,Node Versatility,0.23240822711351747,0.2072331317505619,0.4396413588640794,True,lh_fusiform_part3,2,Association cortex - type 1,Association,True
0.8,lh_inferiorparietal_part5,0.90621177802981,Gifted,MSN,500.aparc,Node Versatility,0.23240822711351747,0.2072331317505619,0.4396413588640794,True,lh_inferiorparietal_part5,3,Association cortex - type 2,Association,True
0.8,lh_isthmuscingulate_part1,0.484896478191459,Gifted,MSN,500.aparc,Node Versatility,0.23240822711351747,0.2072331317505619,0.4396413588640794,True,lh_isthmuscingulate_part1,6,Limbic cortex,Limbic,False
0.8,lh_lateraloccipital_part2,0.5064176795159917,Gifted,MSN,500.aparc,Node Versatility,0.23240822711351747,0.2072331317505619,0.4396413588640794,True,lh_lateraloccipital_part2,4,Secondary sensory cortex,Secondary,False
0.8,lh_lateraloccipital_part4,0.559087653055304,Gifted,MSN,500.aparc,Node Versatility,0.23240822711351747,0.2072331317505619,0.4396413588640794,True,lh_lateraloccipital_part4,4,Secondary sensory cortex,Secondary,False
0.8,lh_lateralorbitofrontal_part2,0.889851381283875,Gifted,MSN,500.aparc,Node Versatility,0.23240822711351747,0.2072331317505619,0.4396413588640794,True,lh_lateralorbitofrontal_part2,4,Secondary sensory cortex,Secondary,False
0.8,lh_medialorbitofrontal_part2,0.495254666784967,Gifted,MSN,500.aparc,Node Versatility,0.23240822711351747,0.2072331317505619,0.4396413588640794,True,lh_medialorbitofrontal_part2,4,Secondary sensory cortex,Secondary,False
0.8,lh_medialorbitofrontal_part3,0.9075784157093052,Gifted,MSN,500.aparc,Node Versatility,0.23240822711351747,0.2072331317505619,0.4396413588640794,True,lh_medialorbitofrontal_part3,4,Secondary sensory cortex,Secondary,False
0.8,lh_paracentral_part3,0.4415911946934114,Gifted,MSN,500.aparc,Node Versatility,0.23240822711351747,0.2072331317505619,0.4396413588640794,True,lh_paracentral_part3,1,Primary motor cortex,Primary,False
0.8,lh_postcentral_part5,0.450121535356182,Gifted,MSN,500.aparc,Node Versatility,0.23240822711351747,0.2072331317505619,0.4396413588640794,True,lh_postcentral_part5,5,Primary sensory cortex,Primary,False
0.8,lh_postcentral_part8,0.4551891168430171,Gifted,MSN,500.aparc,Node Versatility,0.23240822711351747,0.2072331317505619,0.4396413588640794,True,lh_postcentral_part8,5,Primary sensory cortex,Primary,False
0.8,lh_posteriorcingulate_part1,0.9218277962431164,Gifted,MSN,500.aparc,Node Versatility,0.23240822711351747,0.2072331317505619,0.4396413588640794,True,lh_posteriorcingulate_part1,6,Limbic cortex,Limbic,False
0.8,lh_posteriorcingulate_part2,0.4621045819278717,Gifted,MSN,500.aparc,Node Versatility,0.23240822711351747,0.2072331317505619,0.4396413588640794,True,lh_posteriorcingulate_part2,6,Limbic cortex,Limbic,False
0.8,lh_precentral_part7,0.5841878483009689,Gifted,MSN,500.aparc,Node Versatility,0.23240822711351747,0.2072331317505619,0.4396413588640794,True,lh_precentral_part7,1,Primary motor cortex,Primary,False
0.8,lh_precuneus_part7,0.5133053034253331,Gifted,MSN,500.aparc,Node Versatility,0.23240822711351747,0.2072331317505619,0.4396413588640794,True,lh_precuneus_part7,2,Association cortex - type 1,Association,True
0.8,lh_rostralmiddlefrontal_part1,0.5684256460371778,Gifted,MSN,500.aparc,Node Versatility,0.23240822711351747,0.2072331317505619,0.4396413588640794,True,lh_rostralmiddlefrontal_part1,3,Association cortex - type 2,Association,True
0.8,lh_rostralmiddlefrontal_part5,0.4584127200336972,Gifted,MSN,500.aparc,Node Versatility,0.23240822711351747,0.2072331317505619,0.4396413588640794,True,lh_rostralmiddlefrontal_part5,3,Association cortex - type 2,Association,True
0.8,lh_rostralmiddlefrontal_part7,0.4563135506133737,Gifted,MSN,500.aparc,Node Versatility,0.23240822711351747,0.2072331317505619,0.4396413588640794,True,lh_rostralmiddlefrontal_part7,3,Association cortex - type 2,Association,True
0.8,lh_superiorfrontal_part10,0.5015855931073817,Gifted,MSN,500.aparc,Node Versatility,0.23240822711351747,0.2072331317505619,0.4396413588640794,True,lh_superiorfrontal_part10,2,Association cortex - type 1,Association,True
0.8,lh_superiorfrontal_part11,0.4543880573886801,Gifted,MSN,500.aparc,Node Versatility,0.23240822711351747,0.2072331317505619,0.4396413588640794,True,lh_superiorfrontal_part11,2,Association cortex - type 1,Association,True
0.8,lh_superiorfrontal_part4,0.4602693799156844,Gifted,MSN,500.aparc,Node Versatility,0.23240822711351747,0.2072331317505619,0.4396413588640794,True,lh_superiorfrontal_part4,2,Association cortex - type 1,Association,True
0.8,lh_superiorfrontal_part6,0.8000258933762013,Gifted,MSN,500.aparc,Node Versatility,0.23240822711351747,0.2072331317505619,0.4396413588640794,True,lh_superiorfrontal_part6,2,Association cortex - type 1,Association,True
0.8,lh_superiorparietal_part3,0.590757215322093,Gifted,MSN,500.aparc,Node Versatility,0.23240822711351747,0.2072331317505619,0.4396413588640794,True,lh_superiorparietal_part3,2,Association cortex - type 1,Association,True
0.8,lh_superiortemporal_part7,0.4883835172037941,Gifted,MSN,500.aparc,Node Versatility,0.23240822711351747,0.2072331317505619,0.4396413588640794,True,lh_superiortemporal_part7,3,Association cortex - type 2,Association,True
0.8,lh_supramarginal_part1,0.4408928256714482,Gifted,MSN,500.aparc,Node Versatility,0.23240822711351747,0.2072331317505619,0.4396413588640794,True,lh_supramarginal_part1,3,Association cortex - type 2,Association,True
0.8,rh_caudalmiddlefrontal_part1,0.4632938639805449,Gifted,MSN,500.aparc,Node Versatility,0.23240822711351747,0.2072331317505619,0.4396413588640794,True,rh_caudalmiddlefrontal_part1,2,Association cortex - type 1,Association,True
0.8,rh_entorhinal_part1,0.6798606331458515,Gifted,MSN,500.aparc,Node Versatility,0.23240822711351747,0.2072331317505619,0.4396413588640794,True,rh_entorhinal_part1,6,Limbic cortex,Limbic,False
0.8,rh_fusiform_part5,0.6563000701713244,Gifted,MSN,500.aparc,Node Versatility,0.23240822711351747,0.2072331317505619,0.4396413588640794,True,rh_fusiform_part5,2,Association cortex - type 1,Association,True
0.8,rh_inferiorparietal_part4,0.4444506106351564,Gifted,MSN,500.aparc,Node Versatility,0.23240822711351747,0.2072331317505619,0.4396413588640794,True,rh_inferiorparietal_part4,3,Association cortex - type 2,Association,True
0.8,rh_inferiorparietal_part7,0.5693192443971973,Gifted,MSN,500.aparc,Node Versatility,0.23240822711351747,0.2072331317505619,0.4396413588640794,True,rh_inferiorparietal_part7,3,Association cortex - type 2,Association,True
0.8,rh_inferiortemporal_part2,0.6070442442797138,Gifted,MSN,500.aparc,Node Versatility,0.23240822711351747,0.2072331317505619,0.4396413588640794,True,rh_inferiortemporal_part2,2,Association cortex - type 1,Association,True
0.8,rh_inferiortemporal_part5,0.5784845688034196,Gifted,MSN,500.aparc,Node Versatility,0.23240822711351747,0.2072331317505619,0.4396413588640794,True,rh_inferiortemporal_part5,2,Association cortex - type 1,Association,True
0.8,rh_isthmuscingulate_part1,0.4415911946934114,Gifted,MSN,500.aparc,Node Versatility,0.23240822711351747,0.2072331317505619,0.4396413588640794,True,rh_isthmuscingulate_part1,6,Limbic cortex,Limbic,False
0.8,rh_lateraloccipital_part9,0.5343190402411875,Gifted,MSN,500.aparc,Node Versatility,0.23240822711351747,0.2072331317505619,0.4396413588640794,True,rh_lateraloccipital_part9,4,Secondary sensory cortex,Secondary,False
0.8,rh_lingual_part5,0.725641055241316,Gifted,MSN,500.aparc,Node Versatility,0.23240822711351747,0.2072331317505619,0.4396413588640794,True,rh_lingual_part5,4,Secondary sensory cortex,Secondary,False
0.8,rh_lingual_part6,0.7262549540054765,Gifted,MSN,500.aparc,Node Versatility,0.23240822711351747,0.2072331317505619,0.4396413588640794,True,rh_lingual_part6,4,Secondary sensory cortex,Secondary,False
0.8,rh_medialorbitofrontal_part2,0.8249334769838279,Gifted,MSN,500.aparc,Node Versatility,0.23240822711351747,0.2072331317505619,0.4396413588640794,True,rh_medialorbitofrontal_part2,4,Secondary sensory cortex,Secondary,False
0.8,rh_medialorbitofrontal_part3,0.9048696762761398,Gifted,MSN,500.aparc,Node Versatility,0.23240822711351747,0.2072331317505619,0.4396413588640794,True,rh_medialorbitofrontal_part3,4,Secondary sensory cortex,Secondary,False
0.8,rh_paracentral_part3,0.6321390565234978,Gifted,MSN,500.aparc,Node Versatility,0.23240822711351747,0.2072331317505619,0.4396413588640794,True,rh_paracentral_part3,1,Primary motor cortex,Primary,False
0.8,rh_pericalcarine_part1,0.7260266749747338,Gifted,MSN,500.aparc,Node Versatility,0.23240822711351747,0.2072331317505619,0.4396413588640794,True,rh_pericalcarine_part1,5,Primary sensory cortex,Primary,False
0.8,rh_pericalcarine_part3,0.725641055241316,Gifted,MSN,500.aparc,Node Versatility,0.23240822711351747,0.2072331317505619,0.4396413588640794,True,rh_pericalcarine_part3,5,Primary sensory cortex,Primary,False
0.8,rh_posteriorcingulate_part2,0.4531451970681803,Gifted,MSN,500.aparc,Node Versatility,0.23240822711351747,0.2072331317505619,0.4396413588640794,True,rh_posteriorcingulate_part2,6,Limbic cortex,Limbic,False
0.8,rh_precentral_part5,0.507488155113925,Gifted,MSN,500.aparc,Node Versatility,0.23240822711351747,0.2072331317505619,0.4396413588640794,True,rh_precentral_part5,1,Primary motor cortex,Primary,False
0.8,rh_precuneus_part3,0.9027271541044392,Gifted,MSN,500.aparc,Node Versatility,0.23240822711351747,0.2072331317505619,0.4396413588640794,True,rh_precuneus_part3,2,Association cortex - type 1,Association,True
0.8,rh_rostralanteriorcingulate_part1,0.4779044659241144,Gifted,MSN,500.aparc,Node Versatility,0.23240822711351747,0.2072331317505619,0.4396413588640794,True,rh_rostralanteriorcingulate_part1,6,Limbic cortex,Limbic,False
0.8,rh_rostralmiddlefrontal_part1,0.8328076039899697,Gifted,MSN,500.aparc,Node Versatility,0.23240822711351747,0.2072331317505619,0.4396413588640794,True,rh_rostralmiddlefrontal_part1,3,Association cortex - type 2,Association,True
0.8,rh_rostralmiddlefrontal_part3,0.6035382783963275,Gifted,MSN,500.aparc,Node Versatility,0.23240822711351747,0.2072331317505619,0.4396413588640794,True,rh_rostralmiddlefrontal_part3,3,Association cortex - type 2,Association,True
0.8,rh_rostralmiddlefrontal_part5,0.4537255935943677,Gifted,MSN,500.aparc,Node Versatility,0.23240822711351747,0.2072331317505619,0.4396413588640794,True,rh_rostralmiddlefrontal_part5,3,Association cortex - type 2,Association,True
0.8,rh_superiorfrontal_part10,0.4967964466914182,Gifted,MSN,500.aparc,Node Versatility,0.23240822711351747,0.2072331317505619,0.4396413588640794,True,rh_superiorfrontal_part10,2,Association cortex - type 1,Association,True
0.8,rh_superiorfrontal_part4,0.4788114063559444,Gifted,MSN,500.aparc,Node Versatility,0.23240822711351747,0.2072331317505619,0.4396413588640794,True,rh_superiorfrontal_part4,2,Association cortex - type 1,Association,True
0.8,rh_superiorfrontal_part5,0.7985262719257721,Gifted,MSN,500.aparc,Node Versatility,0.23240822711351747,0.2072331317505619,0.4396413588640794,True,rh_superiorfrontal_part5,2,Association cortex - type 1,Association,True
0.8,rh_superiorparietal_part4,0.4707178672722876,Gifted,MSN,500.aparc,Node Versatility,0.23240822711351747,0.2072331317505619,0.4396413588640794,True,rh_superiorparietal_part4,2,Association cortex - type 1,Association,True
0.9,lh_caudalanteriorcingulate_part1,0.5438661276556964,Gifted,MSN,500.aparc,Node Versatility,0.23240822711351747,0.2072331317505619,0.4396413588640794,True,lh_caudalanteriorcingulate_part1,6,Limbic cortex,Limbic,False
0.9,lh_caudalmiddlefrontal_part2,1.0,Gifted,MSN,500.aparc,Node Versatility,0.23240822711351747,0.2072331317505619,0.4396413588640794,True,lh_caudalmiddlefrontal_part2,2,Association cortex - type 1,Association,True
0.9,lh_fusiform_part1,0.4960773502386133,Gifted,MSN,500.aparc,Node Versatility,0.23240822711351747,0.2072331317505619,0.4396413588640794,True,lh_fusiform_part1,2,Association cortex - type 1,Association,True
0.9,lh_fusiform_part3,0.4705241039005447,Gifted,MSN,500.aparc,Node Versatility,0.23240822711351747,0.2072331317505619,0.4396413588640794,True,lh_fusiform_part3,2,Association cortex - type 1,Association,True
0.9,lh_inferiorparietal_part5,0.90621177802981,Gifted,MSN,500.aparc,Node Versatility,0.23240822711351747,0.2072331317505619,0.4396413588640794,True,lh_inferiorparietal_part5,3,Association cortex - type 2,Association,True
0.9,lh_isthmuscingulate_part1,0.484896478191459,Gifted,MSN,500.aparc,Node Versatility,0.23240822711351747,0.2072331317505619,0.4396413588640794,True,lh_isthmuscingulate_part1,6,Limbic cortex,Limbic,False
0.9,lh_lateraloccipital_part2,0.5064176795159917,Gifted,MSN,500.aparc,Node Versatility,0.23240822711351747,0.2072331317505619,0.4396413588640794,True,lh_lateraloccipital_part2,4,Secondary sensory cortex,Secondary,False
0.9,lh_lateraloccipital_part4,0.559087653055304,Gifted,MSN,500.aparc,Node Versatility,0.23240822711351747,0.2072331317505619,0.4396413588640794,True,lh_lateraloccipital_part4,4,Secondary sensory cortex,Secondary,False
0.9,lh_lateralorbitofrontal_part2,0.889851381283875,Gifted,MSN,500.aparc,Node Versatility,0.23240822711351747,0.2072331317505619,0.4396413588640794,True,lh_lateralorbitofrontal_part2,4,Secondary sensory cortex,Secondary,False
0.9,lh_medialorbitofrontal_part2,0.495254666784967,Gifted,MSN,500.aparc,Node Versatility,0.23240822711351747,0.2072331317505619,0.4396413588640794,True,lh_medialorbitofrontal_part2,4,Secondary sensory cortex,Secondary,False
0.9,lh_medialorbitofrontal_part3,0.9075784157093052,Gifted,MSN,500.aparc,Node Versatility,0.23240822711351747,0.2072331317505619,0.4396413588640794,True,lh_medialorbitofrontal_part3,4,Secondary sensory cortex,Secondary,False
0.9,lh_paracentral_part3,0.4415911946934114,Gifted,MSN,500.aparc,Node Versatility,0.23240822711351747,0.2072331317505619,0.4396413588640794,True,lh_paracentral_part3,1,Primary motor cortex,Primary,False
0.9,lh_postcentral_part5,0.450121535356182,Gifted,MSN,500.aparc,Node Versatility,0.23240822711351747,0.2072331317505619,0.4396413588640794,True,lh_postcentral_part5,5,Primary sensory cortex,Primary,False
0.9,lh_postcentral_part8,0.4551891168430171,Gifted,MSN,500.aparc,Node Versatility,0.23240822711351747,0.2072331317505619,0.4396413588640794,True,lh_postcentral_part8,5,Primary sensory cortex,Primary,False
0.9,lh_posteriorcingulate_part1,0.9218277962431164,Gifted,MSN,500.aparc,Node Versatility,0.23240822711351747,0.2072331317505619,0.4396413588640794,True,lh_posteriorcingulate_part1,6,Limbic cortex,Limbic,False
0.9,lh_posteriorcingulate_part2,0.4621045819278717,Gifted,MSN,500.aparc,Node Versatility,0.23240822711351747,0.2072331317505619,0.4396413588640794,True,lh_posteriorcingulate_part2,6,Limbic cortex,Limbic,False
0.9,lh_precentral_part7,0.5841878483009689,Gifted,MSN,500.aparc,Node Versatility,0.23240822711351747,0.2072331317505619,0.4396413588640794,True,lh_precentral_part7,1,Primary motor cortex,Primary,False
0.9,lh_precuneus_part7,0.5133053034253331,Gifted,MSN,500.aparc,Node Versatility,0.23240822711351747,0.2072331317505619,0.4396413588640794,True,lh_precuneus_part7,2,Association cortex - type 1,Association,True
0.9,lh_rostralmiddlefrontal_part1,0.5684256460371778,Gifted,MSN,500.aparc,Node Versatility,0.23240822711351747,0.2072331317505619,0.4396413588640794,True,lh_rostralmiddlefrontal_part1,3,Association cortex - type 2,Association,True
0.9,lh_rostralmiddlefrontal_part5,0.4584127200336972,Gifted,MSN,500.aparc,Node Versatility,0.23240822711351747,0.2072331317505619,0.4396413588640794,True,lh_rostralmiddlefrontal_part5,3,Association cortex - type 2,Association,True
0.9,lh_rostralmiddlefrontal_part7,0.4563135506133737,Gifted,MSN,500.aparc,Node Versatility,0.23240822711351747,0.2072331317505619,0.4396413588640794,True,lh_rostralmiddlefrontal_part7,3,Association cortex - type 2,Association,True
0.9,lh_superiorfrontal_part10,0.5015855931073817,Gifted,MSN,500.aparc,Node Versatility,0.23240822711351747,0.2072331317505619,0.4396413588640794,True,lh_superiorfrontal_part10,2,Association cortex - type 1,Association,True
0.9,lh_superiorfrontal_part11,0.4543880573886801,Gifted,MSN,500.aparc,Node Versatility,0.23240822711351747,0.2072331317505619,0.4396413588640794,True,lh_superiorfrontal_part11,2,Association cortex - type 1,Association,True
0.9,lh_superiorfrontal_part4,0.4602693799156844,Gifted,MSN,500.aparc,Node Versatility,0.23240822711351747,0.2072331317505619,0.4396413588640794,True,lh_superiorfrontal_part4,2,Association cortex - type 1,Association,True
0.9,lh_superiorfrontal_part6,0.8000258933762013,Gifted,MSN,500.aparc,Node Versatility,0.23240822711351747,0.2072331317505619,0.4396413588640794,True,lh_superiorfrontal_part6,2,Association cortex - type 1,Association,True
0.9,lh_superiorparietal_part3,0.590757215322093,Gifted,MSN,500.aparc,Node Versatility,0.23240822711351747,0.2072331317505619,0.4396413588640794,True,lh_superiorparietal_part3,2,Association cortex - type 1,Association,True
0.9,lh_superiortemporal_part7,0.4883835172037941,Gifted,MSN,500.aparc,Node Versatility,0.23240822711351747,0.2072331317505619,0.4396413588640794,True,lh_superiortemporal_part7,3,Association cortex - type 2,Association,True
0.9,lh_supramarginal_part1,0.4408928256714482,Gifted,MSN,500.aparc,Node Versatility,0.23240822711351747,0.2072331317505619,0.4396413588640794,True,lh_supramarginal_part1,3,Association cortex - type 2,Association,True
0.9,rh_caudalmiddlefrontal_part1,0.4632938639805449,Gifted,MSN,500.aparc,Node Versatility,0.23240822711351747,0.2072331317505619,0.4396413588640794,True,rh_caudalmiddlefrontal_part1,2,Association cortex - type 1,Association,True
0.9,rh_entorhinal_part1,0.6798606331458515,Gifted,MSN,500.aparc,Node Versatility,0.23240822711351747,0.2072331317505619,0.4396413588640794,True,rh_entorhinal_part1,6,Limbic cortex,Limbic,False
0.9,rh_fusiform_part5,0.6563000701713244,Gifted,MSN,500.aparc,Node Versatility,0.23240822711351747,0.2072331317505619,0.4396413588640794,True,rh_fusiform_part5,2,Association cortex - type 1,Association,True
0.9,rh_inferiorparietal_part4,0.4444506106351564,Gifted,MSN,500.aparc,Node Versatility,0.23240822711351747,0.2072331317505619,0.4396413588640794,True,rh_inferiorparietal_part4,3,Association cortex - type 2,Association,True
0.9,rh_inferiorparietal_part7,0.5693192443971973,Gifted,MSN,500.aparc,Node Versatility,0.23240822711351747,0.2072331317505619,0.4396413588640794,True,rh_inferiorparietal_part7,3,Association cortex - type 2,Association,True
0.9,rh_inferiortemporal_part2,0.6070442442797138,Gifted,MSN,500.aparc,Node Versatility,0.23240822711351747,0.2072331317505619,0.4396413588640794,True,rh_inferiortemporal_part2,2,Association cortex - type 1,Association,True
0.9,rh_inferiortemporal_part5,0.5784845688034196,Gifted,MSN,500.aparc,Node Versatility,0.23240822711351747,0.2072331317505619,0.4396413588640794,True,rh_inferiortemporal_part5,2,Association cortex - type 1,Association,True
0.9,rh_isthmuscingulate_part1,0.4415911946934114,Gifted,MSN,500.aparc,Node Versatility,0.23240822711351747,0.2072331317505619,0.4396413588640794,True,rh_isthmuscingulate_part1,6,Limbic cortex,Limbic,False
0.9,rh_lateraloccipital_part9,0.5343190402411875,Gifted,MSN,500.aparc,Node Versatility,0.23240822711351747,0.2072331317505619,0.4396413588640794,True,rh_lateraloccipital_part9,4,Secondary sensory cortex,Secondary,False
0.9,rh_lingual_part5,0.725641055241316,Gifted,MSN,500.aparc,Node Versatility,0.23240822711351747,0.2072331317505619,0.4396413588640794,True,rh_lingual_part5,4,Secondary sensory cortex,Secondary,False
0.9,rh_lingual_part6,0.7262549540054765,Gifted,MSN,500.aparc,Node Versatility,0.23240822711351747,0.2072331317505619,0.4396413588640794,True,rh_lingual_part6,4,Secondary sensory cortex,Secondary,False
0.9,rh_medialorbitofrontal_part2,0.8249334769838279,Gifted,MSN,500.aparc,Node Versatility,0.23240822711351747,0.2072331317505619,0.4396413588640794,True,rh_medialorbitofrontal_part2,4,Secondary sensory cortex,Secondary,False
0.9,rh_medialorbitofrontal_part3,0.9048696762761398,Gifted,MSN,500.aparc,Node Versatility,0.23240822711351747,0.2072331317505619,0.4396413588640794,True,rh_medialorbitofrontal_part3,4,Secondary sensory cortex,Secondary,False
0.9,rh_paracentral_part3,0.6321390565234978,Gifted,MSN,500.aparc,Node Versatility,0.23240822711351747,0.2072331317505619,0.4396413588640794,True,rh_paracentral_part3,1,Primary motor cortex,Primary,False
0.9,rh_pericalcarine_part1,0.7260266749747338,Gifted,MSN,500.aparc,Node Versatility,0.23240822711351747,0.2072331317505619,0.4396413588640794,True,rh_pericalcarine_part1,5,Primary sensory cortex,Primary,False
0.9,rh_pericalcarine_part3,0.725641055241316,Gifted,MSN,500.aparc,Node Versatility,0.23240822711351747,0.2072331317505619,0.4396413588640794,True,rh_pericalcarine_part3,5,Primary sensory cortex,Primary,False
0.9,rh_posteriorcingulate_part2,0.4531451970681803,Gifted,MSN,500.aparc,Node Versatility,0.23240822711351747,0.2072331317505619,0.4396413588640794,True,rh_posteriorcingulate_part2,6,Limbic cortex,Limbic,False
0.9,rh_precentral_part5,0.507488155113925,Gifted,MSN,500.aparc,Node Versatility,0.23240822711351747,0.2072331317505619,0.4396413588640794,True,rh_precentral_part5,1,Primary motor cortex,Primary,False
0.9,rh_precuneus_part3,0.9027271541044392,Gifted,MSN,500.aparc,Node Versatility,0.23240822711351747,0.2072331317505619,0.4396413588640794,True,rh_precuneus_part3,2,Association cortex - type 1,Association,True
0.9,rh_rostralanteriorcingulate_part1,0.4779044659241144,Gifted,MSN,500.aparc,Node Versatility,0.23240822711351747,0.2072331317505619,0.4396413588640794,True,rh_rostralanteriorcingulate_part1,6,Limbic cortex,Limbic,False
0.9,rh_rostralmiddlefrontal_part1,0.8328076039899697,Gifted,MSN,500.aparc,Node Versatility,0.23240822711351747,0.2072331317505619,0.4396413588640794,True,rh_rostralmiddlefrontal_part1,3,Association cortex - type 2,Association,True
0.9,rh_rostralmiddlefrontal_part3,0.6035382783963275,Gifted,MSN,500.aparc,Node Versatility,0.23240822711351747,0.2072331317505619,0.4396413588640794,True,rh_rostralmiddlefrontal_part3,3,Association cortex - type 2,Association,True
0.9,rh_rostralmiddlefrontal_part5,0.4537255935943677,Gifted,MSN,500.aparc,Node Versatility,0.23240822711351747,0.2072331317505619,0.4396413588640794,True,rh_rostralmiddlefrontal_part5,3,Association cortex - type 2,Association,True
0.9,rh_superiorfrontal_part10,0.4967964466914182,Gifted,MSN,500.aparc,Node Versatility,0.23240822711351747,0.2072331317505619,0.4396413588640794,True,rh_superiorfrontal_part10,2,Association cortex - type 1,Association,True
0.9,rh_superiorfrontal_part4,0.4788114063559444,Gifted,MSN,500.aparc,Node Versatility,0.23240822711351747,0.2072331317505619,0.4396413588640794,True,rh_superiorfrontal_part4,2,Association cortex - type 1,Association,True
0.9,rh_superiorfrontal_part5,0.7985262719257721,Gifted,MSN,500.aparc,Node Versatility,0.23240822711351747,0.2072331317505619,0.4396413588640794,True,rh_superiorfrontal_part5,2,Association cortex - type 1,Association,True
0.9,rh_superiorparietal_part4,0.4707178672722876,Gifted,MSN,500.aparc,Node Versatility,0.23240822711351747,0.2072331317505619,0.4396413588640794,True,rh_superiorparietal_part4,2,Association cortex - type 1,Association,True
1.0,lh_caudalanteriorcingulate_part1,0.5438661276556964,Gifted,MSN,500.aparc,Node Versatility,0.23240822711351747,0.2072331317505619,0.4396413588640794,True,lh_caudalanteriorcingulate_part1,6,Limbic cortex,Limbic,False
1.0,lh_caudalmiddlefrontal_part2,1.0,Gifted,MSN,500.aparc,Node Versatility,0.23240822711351747,0.2072331317505619,0.4396413588640794,True,lh_caudalmiddlefrontal_part2,2,Association cortex - type 1,Association,True
1.0,lh_fusiform_part1,0.4960773502386133,Gifted,MSN,500.aparc,Node Versatility,0.23240822711351747,0.2072331317505619,0.4396413588640794,True,lh_fusiform_part1,2,Association cortex - type 1,Association,True
1.0,lh_fusiform_part3,0.4705241039005447,Gifted,MSN,500.aparc,Node Versatility,0.23240822711351747,0.2072331317505619,0.4396413588640794,True,lh_fusiform_part3,2,Association cortex - type 1,Association,True
1.0,lh_inferiorparietal_part5,0.90621177802981,Gifted,MSN,500.aparc,Node Versatility,0.23240822711351747,0.2072331317505619,0.4396413588640794,True,lh_inferiorparietal_part5,3,Association cortex - type 2,Association,True
1.0,lh_isthmuscingulate_part1,0.484896478191459,Gifted,MSN,500.aparc,Node Versatility,0.23240822711351747,0.2072331317505619,0.4396413588640794,True,lh_isthmuscingulate_part1,6,Limbic cortex,Limbic,False
1.0,lh_lateraloccipital_part2,0.5064176795159917,Gifted,MSN,500.aparc,Node Versatility,0.23240822711351747,0.2072331317505619,0.4396413588640794,True,lh_lateraloccipital_part2,4,Secondary sensory cortex,Secondary,False
1.0,lh_lateraloccipital_part4,0.559087653055304,Gifted,MSN,500.aparc,Node Versatility,0.23240822711351747,0.2072331317505619,0.4396413588640794,True,lh_lateraloccipital_part4,4,Secondary sensory cortex,Secondary,False
1.0,lh_lateralorbitofrontal_part2,0.889851381283875,Gifted,MSN,500.aparc,Node Versatility,0.23240822711351747,0.2072331317505619,0.4396413588640794,True,lh_lateralorbitofrontal_part2,4,Secondary sensory cortex,Secondary,False
1.0,lh_medialorbitofrontal_part2,0.495254666784967,Gifted,MSN,500.aparc,Node Versatility,0.23240822711351747,0.2072331317505619,0.4396413588640794,True,lh_medialorbitofrontal_part2,4,Secondary sensory cortex,Secondary,False
1.0,lh_medialorbitofrontal_part3,0.9075784157093052,Gifted,MSN,500.aparc,Node Versatility,0.23240822711351747,0.2072331317505619,0.4396413588640794,True,lh_medialorbitofrontal_part3,4,Secondary sensory cortex,Secondary,False
1.0,lh_paracentral_part3,0.4415911946934114,Gifted,MSN,500.aparc,Node Versatility,0.23240822711351747,0.2072331317505619,0.4396413588640794,True,lh_paracentral_part3,1,Primary motor cortex,Primary,False
1.0,lh_postcentral_part5,0.450121535356182,Gifted,MSN,500.aparc,Node Versatility,0.23240822711351747,0.2072331317505619,0.4396413588640794,True,lh_postcentral_part5,5,Primary sensory cortex,Primary,False
1.0,lh_postcentral_part8,0.4551891168430171,Gifted,MSN,500.aparc,Node Versatility,0.23240822711351747,0.2072331317505619,0.4396413588640794,True,lh_postcentral_part8,5,Primary sensory cortex,Primary,False
1.0,lh_posteriorcingulate_part1,0.9218277962431164,Gifted,MSN,500.aparc,Node Versatility,0.23240822711351747,0.2072331317505619,0.4396413588640794,True,lh_posteriorcingulate_part1,6,Limbic cortex,Limbic,False
1.0,lh_posteriorcingulate_part2,0.4621045819278717,Gifted,MSN,500.aparc,Node Versatility,0.23240822711351747,0.2072331317505619,0.4396413588640794,True,lh_posteriorcingulate_part2,6,Limbic cortex,Limbic,False
1.0,lh_precentral_part7,0.5841878483009689,Gifted,MSN,500.aparc,Node Versatility,0.23240822711351747,0.2072331317505619,0.4396413588640794,True,lh_precentral_part7,1,Primary motor cortex,Primary,False
1.0,lh_precuneus_part7,0.5133053034253331,Gifted,MSN,500.aparc,Node Versatility,0.23240822711351747,0.2072331317505619,0.4396413588640794,True,lh_precuneus_part7,2,Association cortex - type 1,Association,True
1.0,lh_rostralmiddlefrontal_part1,0.5684256460371778,Gifted,MSN,500.aparc,Node Versatility,0.23240822711351747,0.2072331317505619,0.4396413588640794,True,lh_rostralmiddlefrontal_part1,3,Association cortex - type 2,Association,True
1.0,lh_rostralmiddlefrontal_part5,0.4584127200336972,Gifted,MSN,500.aparc,Node Versatility,0.23240822711351747,0.2072331317505619,0.4396413588640794,True,lh_rostralmiddlefrontal_part5,3,Association cortex - type 2,Association,True
1.0,lh_rostralmiddlefrontal_part7,0.4563135506133737,Gifted,MSN,500.aparc,Node Versatility,0.23240822711351747,0.2072331317505619,0.4396413588640794,True,lh_rostralmiddlefrontal_part7,3,Association cortex - type 2,Association,True
1.0,lh_superiorfrontal_part10,0.5015855931073817,Gifted,MSN,500.aparc,Node Versatility,0.23240822711351747,0.2072331317505619,0.4396413588640794,True,lh_superiorfrontal_part10,2,Association cortex - type 1,Association,True
1.0,lh_superiorfrontal_part11,0.4543880573886801,Gifted,MSN,500.aparc,Node Versatility,0.23240822711351747,0.2072331317505619,0.4396413588640794,True,lh_superiorfrontal_part11,2,Association cortex - type 1,Association,True
1.0,lh_superiorfrontal_part4,0.4602693799156844,Gifted,MSN,500.aparc,Node Versatility,0.23240822711351747,0.2072331317505619,0.4396413588640794,True,lh_superiorfrontal_part4,2,Association cortex - type 1,Association,True
1.0,lh_superiorfrontal_part6,0.8000258933762013,Gifted,MSN,500.aparc,Node Versatility,0.23240822711351747,0.2072331317505619,0.4396413588640794,True,lh_superiorfrontal_part6,2,Association cortex - type 1,Association,True
1.0,lh_superiorparietal_part3,0.590757215322093,Gifted,MSN,500.aparc,Node Versatility,0.23240822711351747,0.2072331317505619,0.4396413588640794,True,lh_superiorparietal_part3,2,Association cortex - type 1,Association,True
1.0,lh_superiortemporal_part7,0.4883835172037941,Gifted,MSN,500.aparc,Node Versatility,0.23240822711351747,0.2072331317505619,0.4396413588640794,True,lh_superiortemporal_part7,3,Association cortex - type 2,Association,True
1.0,lh_supramarginal_part1,0.4408928256714482,Gifted,MSN,500.aparc,Node Versatility,0.23240822711351747,0.2072331317505619,0.4396413588640794,True,lh_supramarginal_part1,3,Association cortex - type 2,Association,True
1.0,rh_caudalmiddlefrontal_part1,0.4632938639805449,Gifted,MSN,500.aparc,Node Versatility,0.23240822711351747,0.2072331317505619,0.4396413588640794,True,rh_caudalmiddlefrontal_part1,2,Association cortex - type 1,Association,True
1.0,rh_entorhinal_part1,0.6798606331458515,Gifted,MSN,500.aparc,Node Versatility,0.23240822711351747,0.2072331317505619,0.4396413588640794,True,rh_entorhinal_part1,6,Limbic cortex,Limbic,False
1.0,rh_fusiform_part5,0.6563000701713244,Gifted,MSN,500.aparc,Node Versatility,0.23240822711351747,0.2072331317505619,0.4396413588640794,True,rh_fusiform_part5,2,Association cortex - type 1,Association,True
1.0,rh_inferiorparietal_part4,0.4444506106351564,Gifted,MSN,500.aparc,Node Versatility,0.23240822711351747,0.2072331317505619,0.4396413588640794,True,rh_inferiorparietal_part4,3,Association cortex - type 2,Association,True
1.0,rh_inferiorparietal_part7,0.5693192443971973,Gifted,MSN,500.aparc,Node Versatility,0.23240822711351747,0.2072331317505619,0.4396413588640794,True,rh_inferiorparietal_part7,3,Association cortex - type 2,Association,True
1.0,rh_inferiortemporal_part2,0.6070442442797138,Gifted,MSN,500.aparc,Node Versatility,0.23240822711351747,0.2072331317505619,0.4396413588640794,True,rh_inferiortemporal_part2,2,Association cortex - type 1,Association,True
1.0,rh_inferiortemporal_part5,0.5784845688034196,Gifted,MSN,500.aparc,Node Versatility,0.23240822711351747,0.2072331317505619,0.4396413588640794,True,rh_inferiortemporal_part5,2,Association cortex - type 1,Association,True
1.0,rh_isthmuscingulate_part1,0.4415911946934114,Gifted,MSN,500.aparc,Node Versatility,0.23240822711351747,0.2072331317505619,0.4396413588640794,True,rh_isthmuscingulate_part1,6,Limbic cortex,Limbic,False
1.0,rh_lateraloccipital_part9,0.5343190402411875,Gifted,MSN,500.aparc,Node Versatility,0.23240822711351747,0.2072331317505619,0.4396413588640794,True,rh_lateraloccipital_part9,4,Secondary sensory cortex,Secondary,False
1.0,rh_lingual_part5,0.725641055241316,Gifted,MSN,500.aparc,Node Versatility,0.23240822711351747,0.2072331317505619,0.4396413588640794,True,rh_lingual_part5,4,Secondary sensory cortex,Secondary,False
1.0,rh_lingual_part6,0.7262549540054765,Gifted,MSN,500.aparc,Node Versatility,0.23240822711351747,0.2072331317505619,0.4396413588640794,True,rh_lingual_part6,4,Secondary sensory cortex,Secondary,False
1.0,rh_medialorbitofrontal_part2,0.8249334769838279,Gifted,MSN,500.aparc,Node Versatility,0.23240822711351747,0.2072331317505619,0.4396413588640794,True,rh_medialorbitofrontal_part2,4,Secondary sensory cortex,Secondary,False
1.0,rh_medialorbitofrontal_part3,0.9048696762761398,Gifted,MSN,500.aparc,Node Versatility,0.23240822711351747,0.2072331317505619,0.4396413588640794,True,rh_medialorbitofrontal_part3,4,Secondary sensory cortex,Secondary,False
1.0,rh_paracentral_part3,0.6321390565234978,Gifted,MSN,500.aparc,Node Versatility,0.23240822711351747,0.2072331317505619,0.4396413588640794,True,rh_paracentral_part3,1,Primary motor cortex,Primary,False
1.0,rh_pericalcarine_part1,0.7260266749747338,Gifted,MSN,500.aparc,Node Versatility,0.23240822711351747,0.2072331317505619,0.4396413588640794,True,rh_pericalcarine_part1,5,Primary sensory cortex,Primary,False
1.0,rh_pericalcarine_part3,0.725641055241316,Gifted,MSN,500.aparc,Node Versatility,0.23240822711351747,0.2072331317505619,0.4396413588640794,True,rh_pericalcarine_part3,5,Primary sensory cortex,Primary,False
1.0,rh_posteriorcingulate_part2,0.4531451970681803,Gifted,MSN,500.aparc,Node Versatility,0.23240822711351747,0.2072331317505619,0.4396413588640794,True,rh_posteriorcingulate_part2,6,Limbic cortex,Limbic,False
1.0,rh_precentral_part5,0.507488155113925,Gifted,MSN,500.aparc,Node Versatility,0.23240822711351747,0.2072331317505619,0.4396413588640794,True,rh_precentral_part5,1,Primary motor cortex,Primary,False
1.0,rh_precuneus_part3,0.9027271541044392,Gifted,MSN,500.aparc,Node Versatility,0.23240822711351747,0.2072331317505619,0.4396413588640794,True,rh_precuneus_part3,2,Association cortex - type 1,Association,True
1.0,rh_rostralanteriorcingulate_part1,0.4779044659241144,Gifted,MSN,500.aparc,Node Versatility,0.23240822711351747,0.2072331317505619,0.4396413588640794,True,rh_rostralanteriorcingulate_part1,6,Limbic cortex,Limbic,False
1.0,rh_rostralmiddlefrontal_part1,0.8328076039899697,Gifted,MSN,500.aparc,Node Versatility,0.23240822711351747,0.2072331317505619,0.4396413588640794,True,rh_rostralmiddlefrontal_part1,3,Association cortex - type 2,Association,True
1.0,rh_rostralmiddlefrontal_part3,0.6035382783963275,Gifted,MSN,500.aparc,Node Versatility,0.23240822711351747,0.2072331317505619,0.4396413588640794,True,rh_rostralmiddlefrontal_part3,3,Association cortex - type 2,Association,True
1.0,rh_rostralmiddlefrontal_part5,0.4537255935943677,Gifted,MSN,500.aparc,Node Versatility,0.23240822711351747,0.2072331317505619,0.4396413588640794,True,rh_rostralmiddlefrontal_part5,3,Association cortex - type 2,Association,True
1.0,rh_superiorfrontal_part10,0.4967964466914182,Gifted,MSN,500.aparc,Node Versatility,0.23240822711351747,0.2072331317505619,0.4396413588640794,True,rh_superiorfrontal_part10,2,Association cortex - type 1,Association,True
1.0,rh_superiorfrontal_part4,0.4788114063559444,Gifted,MSN,500.aparc,Node Versatility,0.23240822711351747,0.2072331317505619,0.4396413588640794,True,rh_superiorfrontal_part4,2,Association cortex - type 1,Association,True
1.0,rh_superiorfrontal_part5,0.7985262719257721,Gifted,MSN,500.aparc,Node Versatility,0.23240822711351747,0.2072331317505619,0.4396413588640794,True,rh_superiorfrontal_part5,2,Association cortex - type 1,Association,True
1.0,rh_superiorparietal_part4,0.4707178672722876,Gifted,MSN,500.aparc,Node Versatility,0.23240822711351747,0.2072331317505619,0.4396413588640794,True,rh_superiorparietal_part4,2,Association cortex - type 1,Association,True
