Density,Region,Metric_Value,Group,Method,Parcellation,Feature,Mean_Metric,SD_Metric,High_Threshold,Is_High_Node,Mapping_Region,Von_Economo_Class,Von_Economo_Label,Broad_Category,Is_Association_Cortex
0.05,lh_bankssts_part1,0.5657606746847196,Control,MIND,500.aparc,Node Versatility,0.3434705013556493,0.18995134727332716,0.5334218486289765,True,lh_bankssts_part1,3,Association cortex - type 2,Association,True
0.05,lh_bankssts_part2,0.5995661695727248,Control,MIND,500.aparc,Node Versatility,0.3434705013556493,0.18995134727332716,0.5334218486289765,True,lh_bankssts_part2,3,Association cortex - type 2,Association,True
0.05,lh_caudalmiddlefrontal_part1,0.5654727622494542,Control,MIND,500.aparc,Node Versatility,0.3434705013556493,0.18995134727332716,0.5334218486289765,True,lh_caudalmiddlefrontal_part1,2,Association cortex - type 1,Association,True
0.05,lh_caudalmiddlefrontal_part2,0.6602189009169019,Control,MIND,500.aparc,Node Versatility,0.3434705013556493,0.18995134727332716,0.5334218486289765,True,lh_caudalmiddlefrontal_part2,2,Association cortex - type 1,Association,True
0.05,lh_caudalmiddlefrontal_part4,0.759564300972674,Control,MIND,500.aparc,Node Versatility,0.3434705013556493,0.18995134727332716,0.5334218486289765,True,lh_caudalmiddlefrontal_part4,2,Association cortex - type 1,Association,True
0.05,lh_entorhinal_part1,0.5926396097828954,Control,MIND,500.aparc,Node Versatility,0.3434705013556493,0.18995134727332716,0.5334218486289765,True,lh_entorhinal_part1,6,Limbic cortex,Limbic,False
0.05,lh_fusiform_part2,0.6879200413215893,Control,MIND,500.aparc,Node Versatility,0.3434705013556493,0.18995134727332716,0.5334218486289765,True,lh_fusiform_part2,2,Association cortex - type 1,Association,True
0.05,lh_inferiorparietal_part8,0.7763065800394249,Control,MIND,500.aparc,Node Versatility,0.3434705013556493,0.18995134727332716,0.5334218486289765,True,lh_inferiorparietal_part8,3,Association cortex - type 2,Association,True
0.05,lh_inferiortemporal_part4,0.5427716859274767,Control,MIND,500.aparc,Node Versatility,0.3434705013556493,0.18995134727332716,0.5334218486289765,True,lh_inferiortemporal_part4,2,Association cortex - type 1,Association,True
0.05,lh_lateralorbitofrontal_part4,0.6341510491476635,Control,MIND,500.aparc,Node Versatility,0.3434705013556493,0.18995134727332716,0.5334218486289765,True,lh_lateralorbitofrontal_part4,4,Secondary sensory cortex,Secondary,False
0.05,lh_middletemporal_part5,0.6318186909448674,Control,MIND,500.aparc,Node Versatility,0.3434705013556493,0.18995134727332716,0.5334218486289765,True,lh_middletemporal_part5,2,Association cortex - type 1,Association,True
0.05,lh_paracentral_part3,0.6692931015109862,Control,MIND,500.aparc,Node Versatility,0.3434705013556493,0.18995134727332716,0.5334218486289765,True,lh_paracentral_part3,1,Primary motor cortex,Primary,False
0.05,lh_parsopercularis_part3,0.5805284402347781,Control,MIND,500.aparc,Node Versatility,0.3434705013556493,0.18995134727332716,0.5334218486289765,True,lh_parsopercularis_part3,2,Association cortex - type 1,Association,True
0.05,lh_precentral_part3,0.7239167063250951,Control,MIND,500.aparc,Node Versatility,0.3434705013556493,0.18995134727332716,0.5334218486289765,True,lh_precentral_part3,1,Primary motor cortex,Primary,False
0.05,lh_precentral_part5,0.9511037220203576,Control,MIND,500.aparc,Node Versatility,0.3434705013556493,0.18995134727332716,0.5334218486289765,True,lh_precentral_part5,1,Primary motor cortex,Primary,False
0.05,lh_precentral_part7,0.6692931015109862,Control,MIND,500.aparc,Node Versatility,0.3434705013556493,0.18995134727332716,0.5334218486289765,True,lh_precentral_part7,1,Primary motor cortex,Primary,False
0.05,lh_superiorfrontal_part12,0.8714060315357431,Control,MIND,500.aparc,Node Versatility,0.3434705013556493,0.18995134727332716,0.5334218486289765,True,lh_superiorfrontal_part12,2,Association cortex - type 1,Association,True
0.05,lh_superiorfrontal_part9,0.9139262634367312,Control,MIND,500.aparc,Node Versatility,0.3434705013556493,0.18995134727332716,0.5334218486289765,True,lh_superiorfrontal_part9,2,Association cortex - type 1,Association,True
0.05,lh_superiorparietal_part3,0.7210403014753488,Control,MIND,500.aparc,Node Versatility,0.3434705013556493,0.18995134727332716,0.5334218486289765,True,lh_superiorparietal_part3,2,Association cortex - type 1,Association,True
0.05,lh_superiorparietal_part8,0.8708421879637398,Control,MIND,500.aparc,Node Versatility,0.3434705013556493,0.18995134727332716,0.5334218486289765,True,lh_superiorparietal_part8,2,Association cortex - type 1,Association,True
0.05,lh_supramarginal_part1,0.6503088061975392,Control,MIND,500.aparc,Node Versatility,0.3434705013556493,0.18995134727332716,0.5334218486289765,True,lh_supramarginal_part1,3,Association cortex - type 2,Association,True
0.05,lh_temporalpole_part1,0.6882692538450127,Control,MIND,500.aparc,Node Versatility,0.3434705013556493,0.18995134727332716,0.5334218486289765,True,lh_temporalpole_part1,2,Association cortex - type 1,Association,True
0.05,rh_bankssts_part1,0.719237812326292,Control,MIND,500.aparc,Node Versatility,0.3434705013556493,0.18995134727332716,0.5334218486289765,True,rh_bankssts_part1,3,Association cortex - type 2,Association,True
0.05,rh_bankssts_part2,0.719237812326292,Control,MIND,500.aparc,Node Versatility,0.3434705013556493,0.18995134727332716,0.5334218486289765,True,rh_bankssts_part2,3,Association cortex - type 2,Association,True
0.05,rh_caudalmiddlefrontal_part2,0.8420471809989857,Control,MIND,500.aparc,Node Versatility,0.3434705013556493,0.18995134727332716,0.5334218486289765,True,rh_caudalmiddlefrontal_part2,2,Association cortex - type 1,Association,True
0.05,rh_caudalmiddlefrontal_part4,0.7138204757152399,Control,MIND,500.aparc,Node Versatility,0.3434705013556493,0.18995134727332716,0.5334218486289765,True,rh_caudalmiddlefrontal_part4,2,Association cortex - type 1,Association,True
0.05,rh_entorhinal_part1,0.5926396097828954,Control,MIND,500.aparc,Node Versatility,0.3434705013556493,0.18995134727332716,0.5334218486289765,True,rh_entorhinal_part1,6,Limbic cortex,Limbic,False
0.05,rh_fusiform_part2,0.6879200413215893,Control,MIND,500.aparc,Node Versatility,0.3434705013556493,0.18995134727332716,0.5334218486289765,True,rh_fusiform_part2,2,Association cortex - type 1,Association,True
0.05,rh_inferiorparietal_part3,0.5599390349513989,Control,MIND,500.aparc,Node Versatility,0.3434705013556493,0.18995134727332716,0.5334218486289765,True,rh_inferiorparietal_part3,3,Association cortex - type 2,Association,True
0.05,rh_inferiorparietal_part7,0.5522157630359206,Control,MIND,500.aparc,Node Versatility,0.3434705013556493,0.18995134727332716,0.5334218486289765,True,rh_inferiorparietal_part7,3,Association cortex - type 2,Association,True
0.05,rh_inferiortemporal_part2,0.583579519559328,Control,MIND,500.aparc,Node Versatility,0.3434705013556493,0.18995134727332716,0.5334218486289765,True,rh_inferiortemporal_part2,2,Association cortex - type 1,Association,True
0.05,rh_lateralorbitofrontal_part3,0.6341510491476635,Control,MIND,500.aparc,Node Versatility,0.3434705013556493,0.18995134727332716,0.5334218486289765,True,rh_lateralorbitofrontal_part3,4,Secondary sensory cortex,Secondary,False
0.05,rh_middletemporal_part1,0.6366816603072495,Control,MIND,500.aparc,Node Versatility,0.3434705013556493,0.18995134727332716,0.5334218486289765,True,rh_middletemporal_part1,2,Association cortex - type 1,Association,True
0.05,rh_middletemporal_part4,0.5377965032523419,Control,MIND,500.aparc,Node Versatility,0.3434705013556493,0.18995134727332716,0.5334218486289765,True,rh_middletemporal_part4,2,Association cortex - type 1,Association,True
0.05,rh_middletemporal_part6,0.6963315979025093,Control,MIND,500.aparc,Node Versatility,0.3434705013556493,0.18995134727332716,0.5334218486289765,True,rh_middletemporal_part6,2,Association cortex - type 1,Association,True
0.05,rh_precentral_part2,0.7239167063250951,Control,MIND,500.aparc,Node Versatility,0.3434705013556493,0.18995134727332716,0.5334218486289765,True,rh_precentral_part2,1,Primary motor cortex,Primary,False
0.05,rh_precentral_part3,0.6619883609977689,Control,MIND,500.aparc,Node Versatility,0.3434705013556493,0.18995134727332716,0.5334218486289765,True,rh_precentral_part3,1,Primary motor cortex,Primary,False
0.05,rh_precentral_part4,0.6730096873973764,Control,MIND,500.aparc,Node Versatility,0.3434705013556493,0.18995134727332716,0.5334218486289765,True,rh_precentral_part4,1,Primary motor cortex,Primary,False
0.05,rh_precentral_part5,0.6689620677310963,Control,MIND,500.aparc,Node Versatility,0.3434705013556493,0.18995134727332716,0.5334218486289765,True,rh_precentral_part5,1,Primary motor cortex,Primary,False
0.05,rh_precentral_part7,0.685686720256879,Control,MIND,500.aparc,Node Versatility,0.3434705013556493,0.18995134727332716,0.5334218486289765,True,rh_precentral_part7,1,Primary motor cortex,Primary,False
0.05,rh_precuneus_part2,0.6308955669120407,Control,MIND,500.aparc,Node Versatility,0.3434705013556493,0.18995134727332716,0.5334218486289765,True,rh_precuneus_part2,2,Association cortex - type 1,Association,True
0.05,rh_precuneus_part3,0.8417152643199663,Control,MIND,500.aparc,Node Versatility,0.3434705013556493,0.18995134727332716,0.5334218486289765,True,rh_precuneus_part3,2,Association cortex - type 1,Association,True
0.05,rh_superiorfrontal_part11,0.5444774546678478,Control,MIND,500.aparc,Node Versatility,0.3434705013556493,0.18995134727332716,0.5334218486289765,True,rh_superiorfrontal_part11,2,Association cortex - type 1,Association,True
0.05,rh_superiorparietal_part1,0.9027148549195444,Control,MIND,500.aparc,Node Versatility,0.3434705013556493,0.18995134727332716,0.5334218486289765,True,rh_superiorparietal_part1,2,Association cortex - type 1,Association,True
0.05,rh_superiorparietal_part5,0.8889689520167431,Control,MIND,500.aparc,Node Versatility,0.3434705013556493,0.18995134727332716,0.5334218486289765,True,rh_superiorparietal_part5,2,Association cortex - type 1,Association,True
0.05,rh_superiorparietal_part6,0.6401876002462684,Control,MIND,500.aparc,Node Versatility,0.3434705013556493,0.18995134727332716,0.5334218486289765,True,rh_superiorparietal_part6,2,Association cortex - type 1,Association,True
0.05,rh_supramarginal_part6,0.7092474112893564,Control,MIND,500.aparc,Node Versatility,0.3434705013556493,0.18995134727332716,0.5334218486289765,True,rh_supramarginal_part6,3,Association cortex - type 2,Association,True
0.05,rh_temporalpole_part1,0.6882692538450127,Control,MIND,500.aparc,Node Versatility,0.3434705013556493,0.18995134727332716,0.5334218486289765,True,rh_temporalpole_part1,2,Association cortex - type 1,Association,True
0.1,lh_caudalmiddlefrontal_part1,0.9197056822518084,Control,MIND,500.aparc,Node Versatility,0.4541004291521879,0.21247151976454806,0.666571948916736,True,lh_caudalmiddlefrontal_part1,2,Association cortex - type 1,Association,True
0.1,lh_entorhinal_part1,0.8610561136351458,Control,MIND,500.aparc,Node Versatility,0.4541004291521879,0.21247151976454806,0.666571948916736,True,lh_entorhinal_part1,6,Limbic cortex,Limbic,False
0.1,lh_fusiform_part2,0.7605713562976048,Control,MIND,500.aparc,Node Versatility,0.4541004291521879,0.21247151976454806,0.666571948916736,True,lh_fusiform_part2,2,Association cortex - type 1,Association,True
0.1,lh_inferiorparietal_part4,0.7442285118248217,Control,MIND,500.aparc,Node Versatility,0.4541004291521879,0.21247151976454806,0.666571948916736,True,lh_inferiorparietal_part4,3,Association cortex - type 2,Association,True
0.1,lh_isthmuscingulate_part1,0.811520112548255,Control,MIND,500.aparc,Node Versatility,0.4541004291521879,0.21247151976454806,0.666571948916736,True,lh_isthmuscingulate_part1,6,Limbic cortex,Limbic,False
0.1,lh_lateraloccipital_part4,0.6756937263576379,Control,MIND,500.aparc,Node Versatility,0.4541004291521879,0.21247151976454806,0.666571948916736,True,lh_lateraloccipital_part4,4,Secondary sensory cortex,Secondary,False
0.1,lh_lateraloccipital_part6,0.7169522111239052,Control,MIND,500.aparc,Node Versatility,0.4541004291521879,0.21247151976454806,0.666571948916736,True,lh_lateraloccipital_part6,4,Secondary sensory cortex,Secondary,False
0.1,lh_medialorbitofrontal_part2,0.696792626478522,Control,MIND,500.aparc,Node Versatility,0.4541004291521879,0.21247151976454806,0.666571948916736,True,lh_medialorbitofrontal_part2,4,Secondary sensory cortex,Secondary,False
0.1,lh_paracentral_part3,0.6675496052911739,Control,MIND,500.aparc,Node Versatility,0.4541004291521879,0.21247151976454806,0.666571948916736,True,lh_paracentral_part3,1,Primary motor cortex,Primary,False
0.1,lh_postcentral_part1,1.0,Control,MIND,500.aparc,Node Versatility,0.4541004291521879,0.21247151976454806,0.666571948916736,True,lh_postcentral_part1,5,Primary sensory cortex,Primary,False
0.1,lh_precentral_part7,0.6675496052911739,Control,MIND,500.aparc,Node Versatility,0.4541004291521879,0.21247151976454806,0.666571948916736,True,lh_precentral_part7,1,Primary motor cortex,Primary,False
0.1,lh_precuneus_part2,0.7488780960479686,Control,MIND,500.aparc,Node Versatility,0.4541004291521879,0.21247151976454806,0.666571948916736,True,lh_precuneus_part2,2,Association cortex - type 1,Association,True
0.1,lh_rostralmiddlefrontal_part1,0.7480103768065931,Control,MIND,500.aparc,Node Versatility,0.4541004291521879,0.21247151976454806,0.666571948916736,True,lh_rostralmiddlefrontal_part1,3,Association cortex - type 2,Association,True
0.1,lh_superiorfrontal_part12,0.7581432629363706,Control,MIND,500.aparc,Node Versatility,0.4541004291521879,0.21247151976454806,0.666571948916736,True,lh_superiorfrontal_part12,2,Association cortex - type 1,Association,True
0.1,lh_superiorfrontal_part2,0.6700414270096356,Control,MIND,500.aparc,Node Versatility,0.4541004291521879,0.21247151976454806,0.666571948916736,True,lh_superiorfrontal_part2,2,Association cortex - type 1,Association,True
0.1,lh_superiorfrontal_part3,0.8258619945421407,Control,MIND,500.aparc,Node Versatility,0.4541004291521879,0.21247151976454806,0.666571948916736,True,lh_superiorfrontal_part3,2,Association cortex - type 1,Association,True
0.1,lh_superiorfrontal_part8,0.7060722830984246,Control,MIND,500.aparc,Node Versatility,0.4541004291521879,0.21247151976454806,0.666571948916736,True,lh_superiorfrontal_part8,2,Association cortex - type 1,Association,True
0.1,lh_superiorfrontal_part9,0.7355273380239118,Control,MIND,500.aparc,Node Versatility,0.4541004291521879,0.21247151976454806,0.666571948916736,True,lh_superiorfrontal_part9,2,Association cortex - type 1,Association,True
0.1,lh_superiorparietal_part2,0.7169522111239052,Control,MIND,500.aparc,Node Versatility,0.4541004291521879,0.21247151976454806,0.666571948916736,True,lh_superiorparietal_part2,2,Association cortex - type 1,Association,True
0.1,lh_superiorparietal_part3,0.8626068443051558,Control,MIND,500.aparc,Node Versatility,0.4541004291521879,0.21247151976454806,0.666571948916736,True,lh_superiorparietal_part3,2,Association cortex - type 1,Association,True
0.1,lh_superiorparietal_part9,0.8528609002648105,Control,MIND,500.aparc,Node Versatility,0.4541004291521879,0.21247151976454806,0.666571948916736,True,lh_superiorparietal_part9,2,Association cortex - type 1,Association,True
0.1,lh_superiortemporal_part3,0.7263656002243842,Control,MIND,500.aparc,Node Versatility,0.4541004291521879,0.21247151976454806,0.666571948916736,True,lh_superiortemporal_part3,3,Association cortex - type 2,Association,True
0.1,lh_supramarginal_part2,0.9192807939390096,Control,MIND,500.aparc,Node Versatility,0.4541004291521879,0.21247151976454806,0.666571948916736,True,lh_supramarginal_part2,3,Association cortex - type 2,Association,True
0.1,lh_temporalpole_part1,0.9115374346671344,Control,MIND,500.aparc,Node Versatility,0.4541004291521879,0.21247151976454806,0.666571948916736,True,lh_temporalpole_part1,2,Association cortex - type 1,Association,True
0.1,lh_transversetemporal_part1,0.9197350500112492,Control,MIND,500.aparc,Node Versatility,0.4541004291521879,0.21247151976454806,0.666571948916736,True,lh_transversetemporal_part1,5,Primary sensory cortex,Primary,False
0.1,rh_bankssts_part1,0.6669101528973331,Control,MIND,500.aparc,Node Versatility,0.4541004291521879,0.21247151976454806,0.666571948916736,True,rh_bankssts_part1,3,Association cortex - type 2,Association,True
0.1,rh_entorhinal_part1,0.8610561136351458,Control,MIND,500.aparc,Node Versatility,0.4541004291521879,0.21247151976454806,0.666571948916736,True,rh_entorhinal_part1,6,Limbic cortex,Limbic,False
0.1,rh_fusiform_part2,0.7700878180008948,Control,MIND,500.aparc,Node Versatility,0.4541004291521879,0.21247151976454806,0.666571948916736,True,rh_fusiform_part2,2,Association cortex - type 1,Association,True
0.1,rh_inferiorparietal_part4,0.8547041760366044,Control,MIND,500.aparc,Node Versatility,0.4541004291521879,0.21247151976454806,0.666571948916736,True,rh_inferiorparietal_part4,3,Association cortex - type 2,Association,True
0.1,rh_inferiortemporal_part2,0.7663045219922311,Control,MIND,500.aparc,Node Versatility,0.4541004291521879,0.21247151976454806,0.666571948916736,True,rh_inferiortemporal_part2,2,Association cortex - type 1,Association,True
0.1,rh_inferiortemporal_part4,0.7748057460343183,Control,MIND,500.aparc,Node Versatility,0.4541004291521879,0.21247151976454806,0.666571948916736,True,rh_inferiortemporal_part4,2,Association cortex - type 1,Association,True
0.1,rh_inferiortemporal_part5,0.9420103469471148,Control,MIND,500.aparc,Node Versatility,0.4541004291521879,0.21247151976454806,0.666571948916736,True,rh_inferiortemporal_part5,2,Association cortex - type 1,Association,True
0.1,rh_isthmuscingulate_part1,0.9003797124912296,Control,MIND,500.aparc,Node Versatility,0.4541004291521879,0.21247151976454806,0.666571948916736,True,rh_isthmuscingulate_part1,6,Limbic cortex,Limbic,False
0.1,rh_lateraloccipital_part9,0.7121772965224907,Control,MIND,500.aparc,Node Versatility,0.4541004291521879,0.21247151976454806,0.666571948916736,True,rh_lateraloccipital_part9,4,Secondary sensory cortex,Secondary,False
0.1,rh_paracentral_part1,0.776004619057645,Control,MIND,500.aparc,Node Versatility,0.4541004291521879,0.21247151976454806,0.666571948916736,True,rh_paracentral_part1,1,Primary motor cortex,Primary,False
0.1,rh_paracentral_part2,0.6665879126864387,Control,MIND,500.aparc,Node Versatility,0.4541004291521879,0.21247151976454806,0.666571948916736,True,rh_paracentral_part2,1,Primary motor cortex,Primary,False
0.1,rh_paracentral_part3,0.9106693545075538,Control,MIND,500.aparc,Node Versatility,0.4541004291521879,0.21247151976454806,0.666571948916736,True,rh_paracentral_part3,1,Primary motor cortex,Primary,False
0.1,rh_postcentral_part1,1.0,Control,MIND,500.aparc,Node Versatility,0.4541004291521879,0.21247151976454806,0.666571948916736,True,rh_postcentral_part1,5,Primary sensory cortex,Primary,False
0.1,rh_precuneus_part3,0.8605476204095569,Control,MIND,500.aparc,Node Versatility,0.4541004291521879,0.21247151976454806,0.666571948916736,True,rh_precuneus_part3,2,Association cortex - type 1,Association,True
0.1,rh_superiorfrontal_part11,0.7096502644748834,Control,MIND,500.aparc,Node Versatility,0.4541004291521879,0.21247151976454806,0.666571948916736,True,rh_superiorfrontal_part11,2,Association cortex - type 1,Association,True
0.1,rh_superiorfrontal_part13,0.7885317508104156,Control,MIND,500.aparc,Node Versatility,0.4541004291521879,0.21247151976454806,0.666571948916736,True,rh_superiorfrontal_part13,2,Association cortex - type 1,Association,True
0.1,rh_superiorfrontal_part4,0.7614706335183581,Control,MIND,500.aparc,Node Versatility,0.4541004291521879,0.21247151976454806,0.666571948916736,True,rh_superiorfrontal_part4,2,Association cortex - type 1,Association,True
0.1,rh_superiorfrontal_part5,0.8102656732263942,Control,MIND,500.aparc,Node Versatility,0.4541004291521879,0.21247151976454806,0.666571948916736,True,rh_superiorfrontal_part5,2,Association cortex - type 1,Association,True
0.1,rh_superiorfrontal_part7,0.706375864061832,Control,MIND,500.aparc,Node Versatility,0.4541004291521879,0.21247151976454806,0.666571948916736,True,rh_superiorfrontal_part7,2,Association cortex - type 1,Association,True
0.1,rh_superiorfrontal_part8,0.7104701732617775,Control,MIND,500.aparc,Node Versatility,0.4541004291521879,0.21247151976454806,0.666571948916736,True,rh_superiorfrontal_part8,2,Association cortex - type 1,Association,True
0.1,rh_superiorparietal_part1,0.8945175893811246,Control,MIND,500.aparc,Node Versatility,0.4541004291521879,0.21247151976454806,0.666571948916736,True,rh_superiorparietal_part1,2,Association cortex - type 1,Association,True
0.1,rh_superiorparietal_part6,0.717566186962807,Control,MIND,500.aparc,Node Versatility,0.4541004291521879,0.21247151976454806,0.666571948916736,True,rh_superiorparietal_part6,2,Association cortex - type 1,Association,True
0.1,rh_supramarginal_part2,0.9192807939390096,Control,MIND,500.aparc,Node Versatility,0.4541004291521879,0.21247151976454806,0.666571948916736,True,rh_supramarginal_part2,3,Association cortex - type 2,Association,True
0.1,rh_supramarginal_part5,0.7124576084469625,Control,MIND,500.aparc,Node Versatility,0.4541004291521879,0.21247151976454806,0.666571948916736,True,rh_supramarginal_part5,3,Association cortex - type 2,Association,True
0.1,rh_supramarginal_part6,0.7730497872354134,Control,MIND,500.aparc,Node Versatility,0.4541004291521879,0.21247151976454806,0.666571948916736,True,rh_supramarginal_part6,3,Association cortex - type 2,Association,True
0.1,rh_temporalpole_part1,0.9115374346671344,Control,MIND,500.aparc,Node Versatility,0.4541004291521879,0.21247151976454806,0.666571948916736,True,rh_temporalpole_part1,2,Association cortex - type 1,Association,True
0.1,rh_transversetemporal_part1,0.9197350500112492,Control,MIND,500.aparc,Node Versatility,0.4541004291521879,0.21247151976454806,0.666571948916736,True,rh_transversetemporal_part1,5,Primary sensory cortex,Primary,False
0.15,lh_entorhinal_part1,0.8138534724388805,Control,MIND,500.aparc,Node Versatility,0.39108444271741993,0.20398636185742858,0.5950708045748485,True,lh_entorhinal_part1,6,Limbic cortex,Limbic,False
0.15,lh_inferiorparietal_part2,0.8581331309341674,Control,MIND,500.aparc,Node Versatility,0.39108444271741993,0.20398636185742858,0.5950708045748485,True,lh_inferiorparietal_part2,3,Association cortex - type 2,Association,True
0.15,lh_inferiortemporal_part3,0.7926002537626623,Control,MIND,500.aparc,Node Versatility,0.39108444271741993,0.20398636185742858,0.5950708045748485,True,lh_inferiortemporal_part3,2,Association cortex - type 1,Association,True
0.15,lh_isthmuscingulate_part1,0.7877438998527568,Control,MIND,500.aparc,Node Versatility,0.39108444271741993,0.20398636185742858,0.5950708045748485,True,lh_isthmuscingulate_part1,6,Limbic cortex,Limbic,False
0.15,lh_lateraloccipital_part1,0.6061756077016023,Control,MIND,500.aparc,Node Versatility,0.39108444271741993,0.20398636185742858,0.5950708045748485,True,lh_lateraloccipital_part1,4,Secondary sensory cortex,Secondary,False
0.15,lh_lateraloccipital_part4,0.5981426590944177,Control,MIND,500.aparc,Node Versatility,0.39108444271741993,0.20398636185742858,0.5950708045748485,True,lh_lateraloccipital_part4,4,Secondary sensory cortex,Secondary,False
0.15,lh_lateraloccipital_part6,0.7170662373200664,Control,MIND,500.aparc,Node Versatility,0.39108444271741993,0.20398636185742858,0.5950708045748485,True,lh_lateraloccipital_part6,4,Secondary sensory cortex,Secondary,False
0.15,lh_lateraloccipital_part7,0.6099447300779808,Control,MIND,500.aparc,Node Versatility,0.39108444271741993,0.20398636185742858,0.5950708045748485,True,lh_lateraloccipital_part7,4,Secondary sensory cortex,Secondary,False
0.15,lh_lateraloccipital_part9,0.6071764965573033,Control,MIND,500.aparc,Node Versatility,0.39108444271741993,0.20398636185742858,0.5950708045748485,True,lh_lateraloccipital_part9,4,Secondary sensory cortex,Secondary,False
0.15,lh_lingual_part6,0.6065782607153649,Control,MIND,500.aparc,Node Versatility,0.39108444271741993,0.20398636185742858,0.5950708045748485,True,lh_lingual_part6,4,Secondary sensory cortex,Secondary,False
0.15,lh_middletemporal_part4,0.6756409912126141,Control,MIND,500.aparc,Node Versatility,0.39108444271741993,0.20398636185742858,0.5950708045748485,True,lh_middletemporal_part4,2,Association cortex - type 1,Association,True
0.15,lh_paracentral_part1,0.6980254671622125,Control,MIND,500.aparc,Node Versatility,0.39108444271741993,0.20398636185742858,0.5950708045748485,True,lh_paracentral_part1,1,Primary motor cortex,Primary,False
0.15,lh_parsopercularis_part3,0.632422114326333,Control,MIND,500.aparc,Node Versatility,0.39108444271741993,0.20398636185742858,0.5950708045748485,True,lh_parsopercularis_part3,2,Association cortex - type 1,Association,True
0.15,lh_postcentral_part7,0.6565755198742259,Control,MIND,500.aparc,Node Versatility,0.39108444271741993,0.20398636185742858,0.5950708045748485,True,lh_postcentral_part7,5,Primary sensory cortex,Primary,False
0.15,lh_precuneus_part5,0.633797720435865,Control,MIND,500.aparc,Node Versatility,0.39108444271741993,0.20398636185742858,0.5950708045748485,True,lh_precuneus_part5,2,Association cortex - type 1,Association,True
0.15,lh_rostralmiddlefrontal_part1,0.7878425339172757,Control,MIND,500.aparc,Node Versatility,0.39108444271741993,0.20398636185742858,0.5950708045748485,True,lh_rostralmiddlefrontal_part1,3,Association cortex - type 2,Association,True
0.15,lh_superiorfrontal_part12,0.7317395285602367,Control,MIND,500.aparc,Node Versatility,0.39108444271741993,0.20398636185742858,0.5950708045748485,True,lh_superiorfrontal_part12,2,Association cortex - type 1,Association,True
0.15,lh_superiorfrontal_part13,0.6969324420774122,Control,MIND,500.aparc,Node Versatility,0.39108444271741993,0.20398636185742858,0.5950708045748485,True,lh_superiorfrontal_part13,2,Association cortex - type 1,Association,True
0.15,lh_superiorfrontal_part3,0.6178562816762475,Control,MIND,500.aparc,Node Versatility,0.39108444271741993,0.20398636185742858,0.5950708045748485,True,lh_superiorfrontal_part3,2,Association cortex - type 1,Association,True
0.15,lh_superiorfrontal_part7,0.7393430190537811,Control,MIND,500.aparc,Node Versatility,0.39108444271741993,0.20398636185742858,0.5950708045748485,True,lh_superiorfrontal_part7,2,Association cortex - type 1,Association,True
0.15,lh_superiorfrontal_part9,0.7091626891642984,Control,MIND,500.aparc,Node Versatility,0.39108444271741993,0.20398636185742858,0.5950708045748485,True,lh_superiorfrontal_part9,2,Association cortex - type 1,Association,True
0.15,lh_superiorparietal_part1,0.6248532490399158,Control,MIND,500.aparc,Node Versatility,0.39108444271741993,0.20398636185742858,0.5950708045748485,True,lh_superiorparietal_part1,2,Association cortex - type 1,Association,True
0.15,lh_superiorparietal_part2,0.7104917361981354,Control,MIND,500.aparc,Node Versatility,0.39108444271741993,0.20398636185742858,0.5950708045748485,True,lh_superiorparietal_part2,2,Association cortex - type 1,Association,True
0.15,lh_superiorparietal_part3,0.627468251910283,Control,MIND,500.aparc,Node Versatility,0.39108444271741993,0.20398636185742858,0.5950708045748485,True,lh_superiorparietal_part3,2,Association cortex - type 1,Association,True
0.15,lh_superiorparietal_part6,0.7514146006528039,Control,MIND,500.aparc,Node Versatility,0.39108444271741993,0.20398636185742858,0.5950708045748485,True,lh_superiorparietal_part6,2,Association cortex - type 1,Association,True
0.15,lh_superiorparietal_part9,0.7317807905631761,Control,MIND,500.aparc,Node Versatility,0.39108444271741993,0.20398636185742858,0.5950708045748485,True,lh_superiorparietal_part9,2,Association cortex - type 1,Association,True
0.15,lh_superiortemporal_part3,0.6895853654065439,Control,MIND,500.aparc,Node Versatility,0.39108444271741993,0.20398636185742858,0.5950708045748485,True,lh_superiortemporal_part3,3,Association cortex - type 2,Association,True
0.15,lh_supramarginal_part4,0.5970601758308786,Control,MIND,500.aparc,Node Versatility,0.39108444271741993,0.20398636185742858,0.5950708045748485,True,lh_supramarginal_part4,3,Association cortex - type 2,Association,True
0.15,lh_temporalpole_part1,1.0,Control,MIND,500.aparc,Node Versatility,0.39108444271741993,0.20398636185742858,0.5950708045748485,True,lh_temporalpole_part1,2,Association cortex - type 1,Association,True
0.15,lh_transversetemporal_part1,0.736393004112987,Control,MIND,500.aparc,Node Versatility,0.39108444271741993,0.20398636185742858,0.5950708045748485,True,lh_transversetemporal_part1,5,Primary sensory cortex,Primary,False
0.15,rh_entorhinal_part1,0.8138534724388805,Control,MIND,500.aparc,Node Versatility,0.39108444271741993,0.20398636185742858,0.5950708045748485,True,rh_entorhinal_part1,6,Limbic cortex,Limbic,False
0.15,rh_fusiform_part2,0.7640624556929974,Control,MIND,500.aparc,Node Versatility,0.39108444271741993,0.20398636185742858,0.5950708045748485,True,rh_fusiform_part2,2,Association cortex - type 1,Association,True
0.15,rh_inferiorparietal_part4,0.7465367274400402,Control,MIND,500.aparc,Node Versatility,0.39108444271741993,0.20398636185742858,0.5950708045748485,True,rh_inferiorparietal_part4,3,Association cortex - type 2,Association,True
0.15,rh_inferiortemporal_part4,0.8595265597728131,Control,MIND,500.aparc,Node Versatility,0.39108444271741993,0.20398636185742858,0.5950708045748485,True,rh_inferiortemporal_part4,2,Association cortex - type 1,Association,True
0.15,rh_inferiortemporal_part5,0.6451764055145033,Control,MIND,500.aparc,Node Versatility,0.39108444271741993,0.20398636185742858,0.5950708045748485,True,rh_inferiortemporal_part5,2,Association cortex - type 1,Association,True
0.15,rh_isthmuscingulate_part1,0.7890726378546523,Control,MIND,500.aparc,Node Versatility,0.39108444271741993,0.20398636185742858,0.5950708045748485,True,rh_isthmuscingulate_part1,6,Limbic cortex,Limbic,False
0.15,rh_lateraloccipital_part4,0.6061756077016023,Control,MIND,500.aparc,Node Versatility,0.39108444271741993,0.20398636185742858,0.5950708045748485,True,rh_lateraloccipital_part4,4,Secondary sensory cortex,Secondary,False
0.15,rh_lateraloccipital_part6,0.6035054842111247,Control,MIND,500.aparc,Node Versatility,0.39108444271741993,0.20398636185742858,0.5950708045748485,True,rh_lateraloccipital_part6,4,Secondary sensory cortex,Secondary,False
0.15,rh_lateraloccipital_part7,0.6095124711228815,Control,MIND,500.aparc,Node Versatility,0.39108444271741993,0.20398636185742858,0.5950708045748485,True,rh_lateraloccipital_part7,4,Secondary sensory cortex,Secondary,False
0.15,rh_lingual_part6,0.6519490905406483,Control,MIND,500.aparc,Node Versatility,0.39108444271741993,0.20398636185742858,0.5950708045748485,True,rh_lingual_part6,4,Secondary sensory cortex,Secondary,False
0.15,rh_paracentral_part2,0.7215095325265571,Control,MIND,500.aparc,Node Versatility,0.39108444271741993,0.20398636185742858,0.5950708045748485,True,rh_paracentral_part2,1,Primary motor cortex,Primary,False
0.15,rh_paracentral_part3,0.7055112059513928,Control,MIND,500.aparc,Node Versatility,0.39108444271741993,0.20398636185742858,0.5950708045748485,True,rh_paracentral_part3,1,Primary motor cortex,Primary,False
0.15,rh_precuneus_part3,0.6043786887834425,Control,MIND,500.aparc,Node Versatility,0.39108444271741993,0.20398636185742858,0.5950708045748485,True,rh_precuneus_part3,2,Association cortex - type 1,Association,True
0.15,rh_precuneus_part6,0.6503230506360468,Control,MIND,500.aparc,Node Versatility,0.39108444271741993,0.20398636185742858,0.5950708045748485,True,rh_precuneus_part6,2,Association cortex - type 1,Association,True
0.15,rh_superiorfrontal_part13,0.7882277759644428,Control,MIND,500.aparc,Node Versatility,0.39108444271741993,0.20398636185742858,0.5950708045748485,True,rh_superiorfrontal_part13,2,Association cortex - type 1,Association,True
0.15,rh_superiorfrontal_part3,0.6296407637100739,Control,MIND,500.aparc,Node Versatility,0.39108444271741993,0.20398636185742858,0.5950708045748485,True,rh_superiorfrontal_part3,2,Association cortex - type 1,Association,True
0.15,rh_superiorfrontal_part4,0.6611966813812309,Control,MIND,500.aparc,Node Versatility,0.39108444271741993,0.20398636185742858,0.5950708045748485,True,rh_superiorfrontal_part4,2,Association cortex - type 1,Association,True
0.15,rh_superiorparietal_part1,0.7297882912710908,Control,MIND,500.aparc,Node Versatility,0.39108444271741993,0.20398636185742858,0.5950708045748485,True,rh_superiorparietal_part1,2,Association cortex - type 1,Association,True
0.15,rh_superiorparietal_part2,0.6220465078533127,Control,MIND,500.aparc,Node Versatility,0.39108444271741993,0.20398636185742858,0.5950708045748485,True,rh_superiorparietal_part2,2,Association cortex - type 1,Association,True
0.15,rh_superiorparietal_part3,0.6962190091707767,Control,MIND,500.aparc,Node Versatility,0.39108444271741993,0.20398636185742858,0.5950708045748485,True,rh_superiorparietal_part3,2,Association cortex - type 1,Association,True
0.15,rh_superiorparietal_part4,0.6861732137797913,Control,MIND,500.aparc,Node Versatility,0.39108444271741993,0.20398636185742858,0.5950708045748485,True,rh_superiorparietal_part4,2,Association cortex - type 1,Association,True
0.15,rh_superiorparietal_part6,0.6580549114317927,Control,MIND,500.aparc,Node Versatility,0.39108444271741993,0.20398636185742858,0.5950708045748485,True,rh_superiorparietal_part6,2,Association cortex - type 1,Association,True
0.15,rh_superiortemporal_part3,0.6859038892347926,Control,MIND,500.aparc,Node Versatility,0.39108444271741993,0.20398636185742858,0.5950708045748485,True,rh_superiortemporal_part3,3,Association cortex - type 2,Association,True
0.15,rh_temporalpole_part1,1.0,Control,MIND,500.aparc,Node Versatility,0.39108444271741993,0.20398636185742858,0.5950708045748485,True,rh_temporalpole_part1,2,Association cortex - type 1,Association,True
0.15,rh_transversetemporal_part1,0.736393004112987,Control,MIND,500.aparc,Node Versatility,0.39108444271741993,0.20398636185742858,0.5950708045748485,True,rh_transversetemporal_part1,5,Primary sensory cortex,Primary,False
0.2,lh_caudalmiddlefrontal_part2,0.7116985681131198,Control,MIND,500.aparc,Node Versatility,0.4359013192974589,0.189736835400621,0.6256381546980799,True,lh_caudalmiddlefrontal_part2,2,Association cortex - type 1,Association,True
0.2,lh_entorhinal_part1,0.6478839664786818,Control,MIND,500.aparc,Node Versatility,0.4359013192974589,0.189736835400621,0.6256381546980799,True,lh_entorhinal_part1,6,Limbic cortex,Limbic,False
0.2,lh_fusiform_part5,0.6512876488787933,Control,MIND,500.aparc,Node Versatility,0.4359013192974589,0.189736835400621,0.6256381546980799,True,lh_fusiform_part5,2,Association cortex - type 1,Association,True
0.2,lh_inferiortemporal_part3,0.8445956046342312,Control,MIND,500.aparc,Node Versatility,0.4359013192974589,0.189736835400621,0.6256381546980799,True,lh_inferiortemporal_part3,2,Association cortex - type 1,Association,True
0.2,lh_isthmuscingulate_part1,0.8214404776786984,Control,MIND,500.aparc,Node Versatility,0.4359013192974589,0.189736835400621,0.6256381546980799,True,lh_isthmuscingulate_part1,6,Limbic cortex,Limbic,False
0.2,lh_lateraloccipital_part1,0.6395994352185344,Control,MIND,500.aparc,Node Versatility,0.4359013192974589,0.189736835400621,0.6256381546980799,True,lh_lateraloccipital_part1,4,Secondary sensory cortex,Secondary,False
0.2,lh_lateraloccipital_part4,0.6733080075555431,Control,MIND,500.aparc,Node Versatility,0.4359013192974589,0.189736835400621,0.6256381546980799,True,lh_lateraloccipital_part4,4,Secondary sensory cortex,Secondary,False
0.2,lh_lateraloccipital_part6,0.628974862114036,Control,MIND,500.aparc,Node Versatility,0.4359013192974589,0.189736835400621,0.6256381546980799,True,lh_lateraloccipital_part6,4,Secondary sensory cortex,Secondary,False
0.2,lh_lateraloccipital_part7,0.7058543631381031,Control,MIND,500.aparc,Node Versatility,0.4359013192974589,0.189736835400621,0.6256381546980799,True,lh_lateraloccipital_part7,4,Secondary sensory cortex,Secondary,False
0.2,lh_lateraloccipital_part9,0.630266529617128,Control,MIND,500.aparc,Node Versatility,0.4359013192974589,0.189736835400621,0.6256381546980799,True,lh_lateraloccipital_part9,4,Secondary sensory cortex,Secondary,False
0.2,lh_lingual_part6,0.6600358609384891,Control,MIND,500.aparc,Node Versatility,0.4359013192974589,0.189736835400621,0.6256381546980799,True,lh_lingual_part6,4,Secondary sensory cortex,Secondary,False
0.2,lh_middletemporal_part4,0.7055684428266642,Control,MIND,500.aparc,Node Versatility,0.4359013192974589,0.189736835400621,0.6256381546980799,True,lh_middletemporal_part4,2,Association cortex - type 1,Association,True
0.2,lh_paracentral_part1,0.7644318961000026,Control,MIND,500.aparc,Node Versatility,0.4359013192974589,0.189736835400621,0.6256381546980799,True,lh_paracentral_part1,1,Primary motor cortex,Primary,False
0.2,lh_postcentral_part7,0.680455097334919,Control,MIND,500.aparc,Node Versatility,0.4359013192974589,0.189736835400621,0.6256381546980799,True,lh_postcentral_part7,5,Primary sensory cortex,Primary,False
0.2,lh_precuneus_part2,0.914257288463204,Control,MIND,500.aparc,Node Versatility,0.4359013192974589,0.189736835400621,0.6256381546980799,True,lh_precuneus_part2,2,Association cortex - type 1,Association,True
0.2,lh_precuneus_part5,0.7266074180809776,Control,MIND,500.aparc,Node Versatility,0.4359013192974589,0.189736835400621,0.6256381546980799,True,lh_precuneus_part5,2,Association cortex - type 1,Association,True
0.2,lh_rostralmiddlefrontal_part1,0.7459364534992761,Control,MIND,500.aparc,Node Versatility,0.4359013192974589,0.189736835400621,0.6256381546980799,True,lh_rostralmiddlefrontal_part1,3,Association cortex - type 2,Association,True
0.2,lh_superiorfrontal_part12,0.7709484386080934,Control,MIND,500.aparc,Node Versatility,0.4359013192974589,0.189736835400621,0.6256381546980799,True,lh_superiorfrontal_part12,2,Association cortex - type 1,Association,True
0.2,lh_superiorfrontal_part13,0.6495627402507522,Control,MIND,500.aparc,Node Versatility,0.4359013192974589,0.189736835400621,0.6256381546980799,True,lh_superiorfrontal_part13,2,Association cortex - type 1,Association,True
0.2,lh_superiorfrontal_part3,0.7854873895677726,Control,MIND,500.aparc,Node Versatility,0.4359013192974589,0.189736835400621,0.6256381546980799,True,lh_superiorfrontal_part3,2,Association cortex - type 1,Association,True
0.2,lh_superiorfrontal_part7,0.812450679118467,Control,MIND,500.aparc,Node Versatility,0.4359013192974589,0.189736835400621,0.6256381546980799,True,lh_superiorfrontal_part7,2,Association cortex - type 1,Association,True
0.2,lh_superiorfrontal_part9,0.7248162331649874,Control,MIND,500.aparc,Node Versatility,0.4359013192974589,0.189736835400621,0.6256381546980799,True,lh_superiorfrontal_part9,2,Association cortex - type 1,Association,True
0.2,lh_superiorparietal_part1,0.7641886187203949,Control,MIND,500.aparc,Node Versatility,0.4359013192974589,0.189736835400621,0.6256381546980799,True,lh_superiorparietal_part1,2,Association cortex - type 1,Association,True
0.2,lh_superiorparietal_part6,0.6893723174804531,Control,MIND,500.aparc,Node Versatility,0.4359013192974589,0.189736835400621,0.6256381546980799,True,lh_superiorparietal_part6,2,Association cortex - type 1,Association,True
0.2,lh_superiorparietal_part9,0.7859536332070893,Control,MIND,500.aparc,Node Versatility,0.4359013192974589,0.189736835400621,0.6256381546980799,True,lh_superiorparietal_part9,2,Association cortex - type 1,Association,True
0.2,lh_superiortemporal_part2,0.6454739716894367,Control,MIND,500.aparc,Node Versatility,0.4359013192974589,0.189736835400621,0.6256381546980799,True,lh_superiortemporal_part2,3,Association cortex - type 2,Association,True
0.2,lh_temporalpole_part1,0.8429907214241007,Control,MIND,500.aparc,Node Versatility,0.4359013192974589,0.189736835400621,0.6256381546980799,True,lh_temporalpole_part1,2,Association cortex - type 1,Association,True
0.2,lh_transversetemporal_part1,0.8757095393295689,Control,MIND,500.aparc,Node Versatility,0.4359013192974589,0.189736835400621,0.6256381546980799,True,lh_transversetemporal_part1,5,Primary sensory cortex,Primary,False
0.2,rh_bankssts_part1,0.6352986895884758,Control,MIND,500.aparc,Node Versatility,0.4359013192974589,0.189736835400621,0.6256381546980799,True,rh_bankssts_part1,3,Association cortex - type 2,Association,True
0.2,rh_cuneus_part1,0.671257640568876,Control,MIND,500.aparc,Node Versatility,0.4359013192974589,0.189736835400621,0.6256381546980799,True,rh_cuneus_part1,4,Secondary sensory cortex,Secondary,False
0.2,rh_entorhinal_part1,0.6478839664786818,Control,MIND,500.aparc,Node Versatility,0.4359013192974589,0.189736835400621,0.6256381546980799,True,rh_entorhinal_part1,6,Limbic cortex,Limbic,False
0.2,rh_fusiform_part2,0.6328937016510416,Control,MIND,500.aparc,Node Versatility,0.4359013192974589,0.189736835400621,0.6256381546980799,True,rh_fusiform_part2,2,Association cortex - type 1,Association,True
0.2,rh_inferiortemporal_part4,0.7292786337596002,Control,MIND,500.aparc,Node Versatility,0.4359013192974589,0.189736835400621,0.6256381546980799,True,rh_inferiortemporal_part4,2,Association cortex - type 1,Association,True
0.2,rh_isthmuscingulate_part1,0.6754730720096738,Control,MIND,500.aparc,Node Versatility,0.4359013192974589,0.189736835400621,0.6256381546980799,True,rh_isthmuscingulate_part1,6,Limbic cortex,Limbic,False
0.2,rh_lateraloccipital_part4,0.6418935536184175,Control,MIND,500.aparc,Node Versatility,0.4359013192974589,0.189736835400621,0.6256381546980799,True,rh_lateraloccipital_part4,4,Secondary sensory cortex,Secondary,False
0.2,rh_lateraloccipital_part7,0.6292868761474579,Control,MIND,500.aparc,Node Versatility,0.4359013192974589,0.189736835400621,0.6256381546980799,True,rh_lateraloccipital_part7,4,Secondary sensory cortex,Secondary,False
0.2,rh_lateralorbitofrontal_part2,0.6784254774761049,Control,MIND,500.aparc,Node Versatility,0.4359013192974589,0.189736835400621,0.6256381546980799,True,rh_lateralorbitofrontal_part2,4,Secondary sensory cortex,Secondary,False
0.2,rh_lingual_part6,0.7293474273683253,Control,MIND,500.aparc,Node Versatility,0.4359013192974589,0.189736835400621,0.6256381546980799,True,rh_lingual_part6,4,Secondary sensory cortex,Secondary,False
0.2,rh_precuneus_part5,0.6582265498720389,Control,MIND,500.aparc,Node Versatility,0.4359013192974589,0.189736835400621,0.6256381546980799,True,rh_precuneus_part5,2,Association cortex - type 1,Association,True
0.2,rh_precuneus_part6,0.7006862900718275,Control,MIND,500.aparc,Node Versatility,0.4359013192974589,0.189736835400621,0.6256381546980799,True,rh_precuneus_part6,2,Association cortex - type 1,Association,True
0.2,rh_superiorfrontal_part13,0.8303909715181302,Control,MIND,500.aparc,Node Versatility,0.4359013192974589,0.189736835400621,0.6256381546980799,True,rh_superiorfrontal_part13,2,Association cortex - type 1,Association,True
0.2,rh_superiorfrontal_part9,0.6500635479855844,Control,MIND,500.aparc,Node Versatility,0.4359013192974589,0.189736835400621,0.6256381546980799,True,rh_superiorfrontal_part9,2,Association cortex - type 1,Association,True
0.2,rh_superiorparietal_part1,0.7434547326975213,Control,MIND,500.aparc,Node Versatility,0.4359013192974589,0.189736835400621,0.6256381546980799,True,rh_superiorparietal_part1,2,Association cortex - type 1,Association,True
0.2,rh_superiorparietal_part2,0.6413004706086992,Control,MIND,500.aparc,Node Versatility,0.4359013192974589,0.189736835400621,0.6256381546980799,True,rh_superiorparietal_part2,2,Association cortex - type 1,Association,True
0.2,rh_superiorparietal_part3,0.7991601199511549,Control,MIND,500.aparc,Node Versatility,0.4359013192974589,0.189736835400621,0.6256381546980799,True,rh_superiorparietal_part3,2,Association cortex - type 1,Association,True
0.2,rh_superiorparietal_part4,0.6942525220899969,Control,MIND,500.aparc,Node Versatility,0.4359013192974589,0.189736835400621,0.6256381546980799,True,rh_superiorparietal_part4,2,Association cortex - type 1,Association,True
0.2,rh_superiortemporal_part1,0.6454739716894367,Control,MIND,500.aparc,Node Versatility,0.4359013192974589,0.189736835400621,0.6256381546980799,True,rh_superiortemporal_part1,3,Association cortex - type 2,Association,True
0.2,rh_superiortemporal_part3,0.6526175540788743,Control,MIND,500.aparc,Node Versatility,0.4359013192974589,0.189736835400621,0.6256381546980799,True,rh_superiortemporal_part3,3,Association cortex - type 2,Association,True
0.2,rh_superiortemporal_part5,0.6662767393849758,Control,MIND,500.aparc,Node Versatility,0.4359013192974589,0.189736835400621,0.6256381546980799,True,rh_superiortemporal_part5,3,Association cortex - type 2,Association,True
0.2,rh_superiortemporal_part6,0.6563862511285654,Control,MIND,500.aparc,Node Versatility,0.4359013192974589,0.189736835400621,0.6256381546980799,True,rh_superiortemporal_part6,3,Association cortex - type 2,Association,True
0.2,rh_temporalpole_part1,0.8429907214241007,Control,MIND,500.aparc,Node Versatility,0.4359013192974589,0.189736835400621,0.6256381546980799,True,rh_temporalpole_part1,2,Association cortex - type 1,Association,True
0.2,rh_transversetemporal_part1,0.8757095393295689,Control,MIND,500.aparc,Node Versatility,0.4359013192974589,0.189736835400621,0.6256381546980799,True,rh_transversetemporal_part1,5,Primary sensory cortex,Primary,False
0.3,lh_entorhinal_part1,0.6669881638694305,Control,MIND,500.aparc,Node Versatility,0.30518328578514237,0.21639970433668895,0.5215829901218313,True,lh_entorhinal_part1,6,Limbic cortex,Limbic,False
0.3,lh_inferiortemporal_part3,0.9870739409859294,Control,MIND,500.aparc,Node Versatility,0.30518328578514237,0.21639970433668895,0.5215829901218313,True,lh_inferiortemporal_part3,2,Association cortex - type 1,Association,True
0.3,lh_inferiortemporal_part5,0.590113030103351,Control,MIND,500.aparc,Node Versatility,0.30518328578514237,0.21639970433668895,0.5215829901218313,True,lh_inferiortemporal_part5,2,Association cortex - type 1,Association,True
0.3,lh_isthmuscingulate_part1,0.9348553180359266,Control,MIND,500.aparc,Node Versatility,0.30518328578514237,0.21639970433668895,0.5215829901218313,True,lh_isthmuscingulate_part1,6,Limbic cortex,Limbic,False
0.3,lh_medialorbitofrontal_part1,0.6700769235671811,Control,MIND,500.aparc,Node Versatility,0.30518328578514237,0.21639970433668895,0.5215829901218313,True,lh_medialorbitofrontal_part1,4,Secondary sensory cortex,Secondary,False
0.3,lh_medialorbitofrontal_part3,0.7775903050867186,Control,MIND,500.aparc,Node Versatility,0.30518328578514237,0.21639970433668895,0.5215829901218313,True,lh_medialorbitofrontal_part3,4,Secondary sensory cortex,Secondary,False
0.3,lh_middletemporal_part3,0.5488814815365141,Control,MIND,500.aparc,Node Versatility,0.30518328578514237,0.21639970433668895,0.5215829901218313,True,lh_middletemporal_part3,2,Association cortex - type 1,Association,True
0.3,lh_middletemporal_part4,0.6944462881635071,Control,MIND,500.aparc,Node Versatility,0.30518328578514237,0.21639970433668895,0.5215829901218313,True,lh_middletemporal_part4,2,Association cortex - type 1,Association,True
0.3,lh_postcentral_part7,0.5558916502512978,Control,MIND,500.aparc,Node Versatility,0.30518328578514237,0.21639970433668895,0.5215829901218313,True,lh_postcentral_part7,5,Primary sensory cortex,Primary,False
0.3,lh_precentral_part4,0.5718534729594683,Control,MIND,500.aparc,Node Versatility,0.30518328578514237,0.21639970433668895,0.5215829901218313,True,lh_precentral_part4,1,Primary motor cortex,Primary,False
0.3,lh_precentral_part5,0.5887449807088766,Control,MIND,500.aparc,Node Versatility,0.30518328578514237,0.21639970433668895,0.5215829901218313,True,lh_precentral_part5,1,Primary motor cortex,Primary,False
0.3,lh_precuneus_part5,0.5416910250189895,Control,MIND,500.aparc,Node Versatility,0.30518328578514237,0.21639970433668895,0.5215829901218313,True,lh_precuneus_part5,2,Association cortex - type 1,Association,True
0.3,lh_precuneus_part6,0.5895171909764931,Control,MIND,500.aparc,Node Versatility,0.30518328578514237,0.21639970433668895,0.5215829901218313,True,lh_precuneus_part6,2,Association cortex - type 1,Association,True
0.3,lh_rostralmiddlefrontal_part1,0.6188977077634179,Control,MIND,500.aparc,Node Versatility,0.30518328578514237,0.21639970433668895,0.5215829901218313,True,lh_rostralmiddlefrontal_part1,3,Association cortex - type 2,Association,True
0.3,lh_rostralmiddlefrontal_part2,0.6610448932391514,Control,MIND,500.aparc,Node Versatility,0.30518328578514237,0.21639970433668895,0.5215829901218313,True,lh_rostralmiddlefrontal_part2,3,Association cortex - type 2,Association,True
0.3,lh_rostralmiddlefrontal_part6,0.536560237806214,Control,MIND,500.aparc,Node Versatility,0.30518328578514237,0.21639970433668895,0.5215829901218313,True,lh_rostralmiddlefrontal_part6,3,Association cortex - type 2,Association,True
0.3,lh_rostralmiddlefrontal_part7,0.6144334499263444,Control,MIND,500.aparc,Node Versatility,0.30518328578514237,0.21639970433668895,0.5215829901218313,True,lh_rostralmiddlefrontal_part7,3,Association cortex - type 2,Association,True
0.3,lh_rostralmiddlefrontal_part8,0.7613216963882344,Control,MIND,500.aparc,Node Versatility,0.30518328578514237,0.21639970433668895,0.5215829901218313,True,lh_rostralmiddlefrontal_part8,3,Association cortex - type 2,Association,True
0.3,lh_superiorfrontal_part13,0.8514385007654727,Control,MIND,500.aparc,Node Versatility,0.30518328578514237,0.21639970433668895,0.5215829901218313,True,lh_superiorfrontal_part13,2,Association cortex - type 1,Association,True
0.3,lh_superiorfrontal_part3,0.604815057132792,Control,MIND,500.aparc,Node Versatility,0.30518328578514237,0.21639970433668895,0.5215829901218313,True,lh_superiorfrontal_part3,2,Association cortex - type 1,Association,True
0.3,lh_superiorfrontal_part7,0.6604316184878651,Control,MIND,500.aparc,Node Versatility,0.30518328578514237,0.21639970433668895,0.5215829901218313,True,lh_superiorfrontal_part7,2,Association cortex - type 1,Association,True
0.3,lh_superiorparietal_part7,0.7101415420355467,Control,MIND,500.aparc,Node Versatility,0.30518328578514237,0.21639970433668895,0.5215829901218313,True,lh_superiorparietal_part7,2,Association cortex - type 1,Association,True
0.3,lh_superiortemporal_part2,0.5546350837556037,Control,MIND,500.aparc,Node Versatility,0.30518328578514237,0.21639970433668895,0.5215829901218313,True,lh_superiortemporal_part2,3,Association cortex - type 2,Association,True
0.3,lh_superiortemporal_part4,0.5610193799744421,Control,MIND,500.aparc,Node Versatility,0.30518328578514237,0.21639970433668895,0.5215829901218313,True,lh_superiortemporal_part4,3,Association cortex - type 2,Association,True
0.3,rh_entorhinal_part1,0.6669881638694305,Control,MIND,500.aparc,Node Versatility,0.30518328578514237,0.21639970433668895,0.5215829901218313,True,rh_entorhinal_part1,6,Limbic cortex,Limbic,False
0.3,rh_fusiform_part2,0.7038123300149579,Control,MIND,500.aparc,Node Versatility,0.30518328578514237,0.21639970433668895,0.5215829901218313,True,rh_fusiform_part2,2,Association cortex - type 1,Association,True
0.3,rh_inferiorparietal_part9,0.5580125609072619,Control,MIND,500.aparc,Node Versatility,0.30518328578514237,0.21639970433668895,0.5215829901218313,True,rh_inferiorparietal_part9,3,Association cortex - type 2,Association,True
0.3,rh_inferiortemporal_part3,0.6559747741428001,Control,MIND,500.aparc,Node Versatility,0.30518328578514237,0.21639970433668895,0.5215829901218313,True,rh_inferiortemporal_part3,2,Association cortex - type 1,Association,True
0.3,rh_isthmuscingulate_part1,0.5662050090912074,Control,MIND,500.aparc,Node Versatility,0.30518328578514237,0.21639970433668895,0.5215829901218313,True,rh_isthmuscingulate_part1,6,Limbic cortex,Limbic,False
0.3,rh_lateralorbitofrontal_part1,0.5248347901138635,Control,MIND,500.aparc,Node Versatility,0.30518328578514237,0.21639970433668895,0.5215829901218313,True,rh_lateralorbitofrontal_part1,4,Secondary sensory cortex,Secondary,False
0.3,rh_lateralorbitofrontal_part2,0.5880027236981765,Control,MIND,500.aparc,Node Versatility,0.30518328578514237,0.21639970433668895,0.5215829901218313,True,rh_lateralorbitofrontal_part2,4,Secondary sensory cortex,Secondary,False
0.3,rh_medialorbitofrontal_part1,0.6102300303388486,Control,MIND,500.aparc,Node Versatility,0.30518328578514237,0.21639970433668895,0.5215829901218313,True,rh_medialorbitofrontal_part1,4,Secondary sensory cortex,Secondary,False
0.3,rh_medialorbitofrontal_part2,0.5257968773079712,Control,MIND,500.aparc,Node Versatility,0.30518328578514237,0.21639970433668895,0.5215829901218313,True,rh_medialorbitofrontal_part2,4,Secondary sensory cortex,Secondary,False
0.3,rh_medialorbitofrontal_part3,0.8391266394029955,Control,MIND,500.aparc,Node Versatility,0.30518328578514237,0.21639970433668895,0.5215829901218313,True,rh_medialorbitofrontal_part3,4,Secondary sensory cortex,Secondary,False
0.3,rh_middletemporal_part3,0.5389041246738229,Control,MIND,500.aparc,Node Versatility,0.30518328578514237,0.21639970433668895,0.5215829901218313,True,rh_middletemporal_part3,2,Association cortex - type 1,Association,True
0.3,rh_precentral_part1,0.5707654058375843,Control,MIND,500.aparc,Node Versatility,0.30518328578514237,0.21639970433668895,0.5215829901218313,True,rh_precentral_part1,1,Primary motor cortex,Primary,False
0.3,rh_precentral_part2,0.7456030370154301,Control,MIND,500.aparc,Node Versatility,0.30518328578514237,0.21639970433668895,0.5215829901218313,True,rh_precentral_part2,1,Primary motor cortex,Primary,False
0.3,rh_precentral_part6,0.727582516983633,Control,MIND,500.aparc,Node Versatility,0.30518328578514237,0.21639970433668895,0.5215829901218313,True,rh_precentral_part6,1,Primary motor cortex,Primary,False
0.3,rh_precentral_part7,0.5452132956939028,Control,MIND,500.aparc,Node Versatility,0.30518328578514237,0.21639970433668895,0.5215829901218313,True,rh_precentral_part7,1,Primary motor cortex,Primary,False
0.3,rh_precuneus_part2,0.5831979824595886,Control,MIND,500.aparc,Node Versatility,0.30518328578514237,0.21639970433668895,0.5215829901218313,True,rh_precuneus_part2,2,Association cortex - type 1,Association,True
0.3,rh_precuneus_part5,0.8051064615123119,Control,MIND,500.aparc,Node Versatility,0.30518328578514237,0.21639970433668895,0.5215829901218313,True,rh_precuneus_part5,2,Association cortex - type 1,Association,True
0.3,rh_rostralmiddlefrontal_part10,0.9141351037467303,Control,MIND,500.aparc,Node Versatility,0.30518328578514237,0.21639970433668895,0.5215829901218313,True,rh_rostralmiddlefrontal_part10,3,Association cortex - type 2,Association,True
0.3,rh_rostralmiddlefrontal_part8,0.6157540577039612,Control,MIND,500.aparc,Node Versatility,0.30518328578514237,0.21639970433668895,0.5215829901218313,True,rh_rostralmiddlefrontal_part8,3,Association cortex - type 2,Association,True
0.3,rh_rostralmiddlefrontal_part9,0.6433421849321165,Control,MIND,500.aparc,Node Versatility,0.30518328578514237,0.21639970433668895,0.5215829901218313,True,rh_rostralmiddlefrontal_part9,3,Association cortex - type 2,Association,True
0.3,rh_superiorfrontal_part13,0.6852063707556173,Control,MIND,500.aparc,Node Versatility,0.30518328578514237,0.21639970433668895,0.5215829901218313,True,rh_superiorfrontal_part13,2,Association cortex - type 1,Association,True
0.3,rh_superiorparietal_part1,0.8228339646209911,Control,MIND,500.aparc,Node Versatility,0.30518328578514237,0.21639970433668895,0.5215829901218313,True,rh_superiorparietal_part1,2,Association cortex - type 1,Association,True
0.3,rh_superiorparietal_part2,0.5323129765486281,Control,MIND,500.aparc,Node Versatility,0.30518328578514237,0.21639970433668895,0.5215829901218313,True,rh_superiorparietal_part2,2,Association cortex - type 1,Association,True
0.3,rh_superiorparietal_part7,0.7077743121924273,Control,MIND,500.aparc,Node Versatility,0.30518328578514237,0.21639970433668895,0.5215829901218313,True,rh_superiorparietal_part7,2,Association cortex - type 1,Association,True
0.3,rh_superiorparietal_part9,0.6748651185890747,Control,MIND,500.aparc,Node Versatility,0.30518328578514237,0.21639970433668895,0.5215829901218313,True,rh_superiorparietal_part9,2,Association cortex - type 1,Association,True
0.3,rh_superiortemporal_part1,0.5534317926757532,Control,MIND,500.aparc,Node Versatility,0.30518328578514237,0.21639970433668895,0.5215829901218313,True,rh_superiortemporal_part1,3,Association cortex - type 2,Association,True
0.3,rh_superiortemporal_part3,0.7342560928407202,Control,MIND,500.aparc,Node Versatility,0.30518328578514237,0.21639970433668895,0.5215829901218313,True,rh_superiortemporal_part3,3,Association cortex - type 2,Association,True
0.3,rh_superiortemporal_part5,0.6449037191478858,Control,MIND,500.aparc,Node Versatility,0.30518328578514237,0.21639970433668895,0.5215829901218313,True,rh_superiortemporal_part5,3,Association cortex - type 2,Association,True
0.4,lh_inferiorparietal_part6,0.6541397857160439,Control,MIND,500.aparc,Node Versatility,0.24620273338404092,0.18896851916172736,0.4351712525457683,True,lh_inferiorparietal_part6,3,Association cortex - type 2,Association,True
0.4,lh_inferiortemporal_part5,0.5528883323268132,Control,MIND,500.aparc,Node Versatility,0.24620273338404092,0.18896851916172736,0.4351712525457683,True,lh_inferiortemporal_part5,2,Association cortex - type 1,Association,True
0.4,lh_lateraloccipital_part7,0.4613980204954775,Control,MIND,500.aparc,Node Versatility,0.24620273338404092,0.18896851916172736,0.4351712525457683,True,lh_lateraloccipital_part7,4,Secondary sensory cortex,Secondary,False
0.4,lh_medialorbitofrontal_part1,0.6019458288879589,Control,MIND,500.aparc,Node Versatility,0.24620273338404092,0.18896851916172736,0.4351712525457683,True,lh_medialorbitofrontal_part1,4,Secondary sensory cortex,Secondary,False
0.4,lh_middletemporal_part1,0.487582704787576,Control,MIND,500.aparc,Node Versatility,0.24620273338404092,0.18896851916172736,0.4351712525457683,True,lh_middletemporal_part1,2,Association cortex - type 1,Association,True
0.4,lh_middletemporal_part3,0.6835714497482615,Control,MIND,500.aparc,Node Versatility,0.24620273338404092,0.18896851916172736,0.4351712525457683,True,lh_middletemporal_part3,2,Association cortex - type 1,Association,True
0.4,lh_paracentral_part3,0.5211938262823295,Control,MIND,500.aparc,Node Versatility,0.24620273338404092,0.18896851916172736,0.4351712525457683,True,lh_paracentral_part3,1,Primary motor cortex,Primary,False
0.4,lh_parsopercularis_part2,0.6998374968261077,Control,MIND,500.aparc,Node Versatility,0.24620273338404092,0.18896851916172736,0.4351712525457683,True,lh_parsopercularis_part2,2,Association cortex - type 1,Association,True
0.4,lh_postcentral_part2,0.4773129476411237,Control,MIND,500.aparc,Node Versatility,0.24620273338404092,0.18896851916172736,0.4351712525457683,True,lh_postcentral_part2,5,Primary sensory cortex,Primary,False
0.4,lh_postcentral_part7,0.6437142735923302,Control,MIND,500.aparc,Node Versatility,0.24620273338404092,0.18896851916172736,0.4351712525457683,True,lh_postcentral_part7,5,Primary sensory cortex,Primary,False
0.4,lh_precentral_part2,0.4371985324255459,Control,MIND,500.aparc,Node Versatility,0.24620273338404092,0.18896851916172736,0.4351712525457683,True,lh_precentral_part2,1,Primary motor cortex,Primary,False
0.4,lh_precuneus_part6,0.4587901308112638,Control,MIND,500.aparc,Node Versatility,0.24620273338404092,0.18896851916172736,0.4351712525457683,True,lh_precuneus_part6,2,Association cortex - type 1,Association,True
0.4,lh_rostralmiddlefrontal_part1,0.7142716412812415,Control,MIND,500.aparc,Node Versatility,0.24620273338404092,0.18896851916172736,0.4351712525457683,True,lh_rostralmiddlefrontal_part1,3,Association cortex - type 2,Association,True
0.4,lh_rostralmiddlefrontal_part2,0.4583332323038021,Control,MIND,500.aparc,Node Versatility,0.24620273338404092,0.18896851916172736,0.4351712525457683,True,lh_rostralmiddlefrontal_part2,3,Association cortex - type 2,Association,True
0.4,lh_superiorfrontal_part13,0.759026942378909,Control,MIND,500.aparc,Node Versatility,0.24620273338404092,0.18896851916172736,0.4351712525457683,True,lh_superiorfrontal_part13,2,Association cortex - type 1,Association,True
0.4,lh_superiorfrontal_part3,0.4385609355611299,Control,MIND,500.aparc,Node Versatility,0.24620273338404092,0.18896851916172736,0.4351712525457683,True,lh_superiorfrontal_part3,2,Association cortex - type 1,Association,True
0.4,lh_superiorfrontal_part7,0.6458812217101011,Control,MIND,500.aparc,Node Versatility,0.24620273338404092,0.18896851916172736,0.4351712525457683,True,lh_superiorfrontal_part7,2,Association cortex - type 1,Association,True
0.4,lh_superiorparietal_part10,0.7750409634270927,Control,MIND,500.aparc,Node Versatility,0.24620273338404092,0.18896851916172736,0.4351712525457683,True,lh_superiorparietal_part10,2,Association cortex - type 1,Association,True
0.4,lh_superiortemporal_part2,0.6342769287595049,Control,MIND,500.aparc,Node Versatility,0.24620273338404092,0.18896851916172736,0.4351712525457683,True,lh_superiortemporal_part2,3,Association cortex - type 2,Association,True
0.4,lh_superiortemporal_part4,0.6864397546505603,Control,MIND,500.aparc,Node Versatility,0.24620273338404092,0.18896851916172736,0.4351712525457683,True,lh_superiortemporal_part4,3,Association cortex - type 2,Association,True
0.4,lh_superiortemporal_part5,0.4726189677991184,Control,MIND,500.aparc,Node Versatility,0.24620273338404092,0.18896851916172736,0.4351712525457683,True,lh_superiortemporal_part5,3,Association cortex - type 2,Association,True
0.4,lh_superiortemporal_part6,0.7295549039129937,Control,MIND,500.aparc,Node Versatility,0.24620273338404092,0.18896851916172736,0.4351712525457683,True,lh_superiortemporal_part6,3,Association cortex - type 2,Association,True
0.4,lh_superiortemporal_part7,0.4770951166497708,Control,MIND,500.aparc,Node Versatility,0.24620273338404092,0.18896851916172736,0.4351712525457683,True,lh_superiortemporal_part7,3,Association cortex - type 2,Association,True
0.4,rh_fusiform_part2,0.4856498716412282,Control,MIND,500.aparc,Node Versatility,0.24620273338404092,0.18896851916172736,0.4351712525457683,True,rh_fusiform_part2,2,Association cortex - type 1,Association,True
0.4,rh_inferiortemporal_part3,0.474863013627448,Control,MIND,500.aparc,Node Versatility,0.24620273338404092,0.18896851916172736,0.4351712525457683,True,rh_inferiortemporal_part3,2,Association cortex - type 1,Association,True
0.4,rh_lateraloccipital_part5,0.9947887907100668,Control,MIND,500.aparc,Node Versatility,0.24620273338404092,0.18896851916172736,0.4351712525457683,True,rh_lateraloccipital_part5,4,Secondary sensory cortex,Secondary,False
0.4,rh_lateraloccipital_part6,0.5398199923280543,Control,MIND,500.aparc,Node Versatility,0.24620273338404092,0.18896851916172736,0.4351712525457683,True,rh_lateraloccipital_part6,4,Secondary sensory cortex,Secondary,False
0.4,rh_lateralorbitofrontal_part1,0.5896682243566823,Control,MIND,500.aparc,Node Versatility,0.24620273338404092,0.18896851916172736,0.4351712525457683,True,rh_lateralorbitofrontal_part1,4,Secondary sensory cortex,Secondary,False
0.4,rh_lingual_part6,0.462981863482365,Control,MIND,500.aparc,Node Versatility,0.24620273338404092,0.18896851916172736,0.4351712525457683,True,rh_lingual_part6,4,Secondary sensory cortex,Secondary,False
0.4,rh_middletemporal_part1,0.5631012839125107,Control,MIND,500.aparc,Node Versatility,0.24620273338404092,0.18896851916172736,0.4351712525457683,True,rh_middletemporal_part1,2,Association cortex - type 1,Association,True
0.4,rh_middletemporal_part3,0.7103617763911471,Control,MIND,500.aparc,Node Versatility,0.24620273338404092,0.18896851916172736,0.4351712525457683,True,rh_middletemporal_part3,2,Association cortex - type 1,Association,True
0.4,rh_middletemporal_part5,0.4623611275660335,Control,MIND,500.aparc,Node Versatility,0.24620273338404092,0.18896851916172736,0.4351712525457683,True,rh_middletemporal_part5,2,Association cortex - type 1,Association,True
0.4,rh_paracentral_part2,0.4581723027751857,Control,MIND,500.aparc,Node Versatility,0.24620273338404092,0.18896851916172736,0.4351712525457683,True,rh_paracentral_part2,1,Primary motor cortex,Primary,False
0.4,rh_paracentral_part3,0.4595932593159097,Control,MIND,500.aparc,Node Versatility,0.24620273338404092,0.18896851916172736,0.4351712525457683,True,rh_paracentral_part3,1,Primary motor cortex,Primary,False
0.4,rh_parsopercularis_part1,0.9148156430423467,Control,MIND,500.aparc,Node Versatility,0.24620273338404092,0.18896851916172736,0.4351712525457683,True,rh_parsopercularis_part1,2,Association cortex - type 1,Association,True
0.4,rh_postcentral_part2,0.5146432841882312,Control,MIND,500.aparc,Node Versatility,0.24620273338404092,0.18896851916172736,0.4351712525457683,True,rh_postcentral_part2,5,Primary sensory cortex,Primary,False
0.4,rh_postcentral_part4,1.0,Control,MIND,500.aparc,Node Versatility,0.24620273338404092,0.18896851916172736,0.4351712525457683,True,rh_postcentral_part4,5,Primary sensory cortex,Primary,False
0.4,rh_rostralmiddlefrontal_part10,0.4446982381404109,Control,MIND,500.aparc,Node Versatility,0.24620273338404092,0.18896851916172736,0.4351712525457683,True,rh_rostralmiddlefrontal_part10,3,Association cortex - type 2,Association,True
0.4,rh_rostralmiddlefrontal_part4,0.4767559331486788,Control,MIND,500.aparc,Node Versatility,0.24620273338404092,0.18896851916172736,0.4351712525457683,True,rh_rostralmiddlefrontal_part4,3,Association cortex - type 2,Association,True
0.4,rh_rostralmiddlefrontal_part6,0.4943204675827157,Control,MIND,500.aparc,Node Versatility,0.24620273338404092,0.18896851916172736,0.4351712525457683,True,rh_rostralmiddlefrontal_part6,3,Association cortex - type 2,Association,True
0.4,rh_rostralmiddlefrontal_part8,0.4763875793868439,Control,MIND,500.aparc,Node Versatility,0.24620273338404092,0.18896851916172736,0.4351712525457683,True,rh_rostralmiddlefrontal_part8,3,Association cortex - type 2,Association,True
0.4,rh_rostralmiddlefrontal_part9,0.4692871917016535,Control,MIND,500.aparc,Node Versatility,0.24620273338404092,0.18896851916172736,0.4351712525457683,True,rh_rostralmiddlefrontal_part9,3,Association cortex - type 2,Association,True
0.4,rh_superiorfrontal_part13,0.4792739736609702,Control,MIND,500.aparc,Node Versatility,0.24620273338404092,0.18896851916172736,0.4351712525457683,True,rh_superiorfrontal_part13,2,Association cortex - type 1,Association,True
0.4,rh_superiorparietal_part7,0.7382414769738616,Control,MIND,500.aparc,Node Versatility,0.24620273338404092,0.18896851916172736,0.4351712525457683,True,rh_superiorparietal_part7,2,Association cortex - type 1,Association,True
0.4,rh_superiortemporal_part1,0.65580852241611,Control,MIND,500.aparc,Node Versatility,0.24620273338404092,0.18896851916172736,0.4351712525457683,True,rh_superiortemporal_part1,3,Association cortex - type 2,Association,True
0.4,rh_superiortemporal_part2,0.5513517926426919,Control,MIND,500.aparc,Node Versatility,0.24620273338404092,0.18896851916172736,0.4351712525457683,True,rh_superiortemporal_part2,3,Association cortex - type 2,Association,True
0.4,rh_superiortemporal_part3,0.5764177098029556,Control,MIND,500.aparc,Node Versatility,0.24620273338404092,0.18896851916172736,0.4351712525457683,True,rh_superiortemporal_part3,3,Association cortex - type 2,Association,True
0.4,rh_superiortemporal_part4,0.4761392511347185,Control,MIND,500.aparc,Node Versatility,0.24620273338404092,0.18896851916172736,0.4351712525457683,True,rh_superiortemporal_part4,3,Association cortex - type 2,Association,True
0.4,rh_superiortemporal_part5,0.6334680941535744,Control,MIND,500.aparc,Node Versatility,0.24620273338404092,0.18896851916172736,0.4351712525457683,True,rh_superiortemporal_part5,3,Association cortex - type 2,Association,True
0.5,lh_entorhinal_part1,0.4938048861820749,Control,MIND,500.aparc,Node Versatility,0.24565348282579352,0.20380399431763996,0.4494574771434335,True,lh_entorhinal_part1,6,Limbic cortex,Limbic,False
0.5,lh_inferiorparietal_part6,0.7714712294921201,Control,MIND,500.aparc,Node Versatility,0.24565348282579352,0.20380399431763996,0.4494574771434335,True,lh_inferiorparietal_part6,3,Association cortex - type 2,Association,True
0.5,lh_inferiortemporal_part1,0.4679118950867604,Control,MIND,500.aparc,Node Versatility,0.24565348282579352,0.20380399431763996,0.4494574771434335,True,lh_inferiortemporal_part1,2,Association cortex - type 1,Association,True
0.5,lh_lateraloccipital_part7,0.5804702961891587,Control,MIND,500.aparc,Node Versatility,0.24565348282579352,0.20380399431763996,0.4494574771434335,True,lh_lateraloccipital_part7,4,Secondary sensory cortex,Secondary,False
0.5,lh_medialorbitofrontal_part1,0.6478525838124282,Control,MIND,500.aparc,Node Versatility,0.24565348282579352,0.20380399431763996,0.4494574771434335,True,lh_medialorbitofrontal_part1,4,Secondary sensory cortex,Secondary,False
0.5,lh_middletemporal_part1,0.5169794209274939,Control,MIND,500.aparc,Node Versatility,0.24565348282579352,0.20380399431763996,0.4494574771434335,True,lh_middletemporal_part1,2,Association cortex - type 1,Association,True
0.5,lh_middletemporal_part3,0.6936642546264524,Control,MIND,500.aparc,Node Versatility,0.24565348282579352,0.20380399431763996,0.4494574771434335,True,lh_middletemporal_part3,2,Association cortex - type 1,Association,True
0.5,lh_parsopercularis_part2,0.5270934828970725,Control,MIND,500.aparc,Node Versatility,0.24565348282579352,0.20380399431763996,0.4494574771434335,True,lh_parsopercularis_part2,2,Association cortex - type 1,Association,True
0.5,lh_postcentral_part7,0.6815895166304394,Control,MIND,500.aparc,Node Versatility,0.24565348282579352,0.20380399431763996,0.4494574771434335,True,lh_postcentral_part7,5,Primary sensory cortex,Primary,False
0.5,lh_superiorfrontal_part13,0.7571630774735205,Control,MIND,500.aparc,Node Versatility,0.24565348282579352,0.20380399431763996,0.4494574771434335,True,lh_superiorfrontal_part13,2,Association cortex - type 1,Association,True
0.5,lh_superiorfrontal_part7,0.6714232912465835,Control,MIND,500.aparc,Node Versatility,0.24565348282579352,0.20380399431763996,0.4494574771434335,True,lh_superiorfrontal_part7,2,Association cortex - type 1,Association,True
0.5,lh_superiorparietal_part10,0.8658228494656871,Control,MIND,500.aparc,Node Versatility,0.24565348282579352,0.20380399431763996,0.4494574771434335,True,lh_superiorparietal_part10,2,Association cortex - type 1,Association,True
0.5,lh_superiortemporal_part2,0.8586420348021082,Control,MIND,500.aparc,Node Versatility,0.24565348282579352,0.20380399431763996,0.4494574771434335,True,lh_superiortemporal_part2,3,Association cortex - type 2,Association,True
0.5,lh_superiortemporal_part3,0.48500979432145,Control,MIND,500.aparc,Node Versatility,0.24565348282579352,0.20380399431763996,0.4494574771434335,True,lh_superiortemporal_part3,3,Association cortex - type 2,Association,True
0.5,lh_superiortemporal_part4,0.5811826570748396,Control,MIND,500.aparc,Node Versatility,0.24565348282579352,0.20380399431763996,0.4494574771434335,True,lh_superiortemporal_part4,3,Association cortex - type 2,Association,True
0.5,lh_superiortemporal_part6,0.500469267064571,Control,MIND,500.aparc,Node Versatility,0.24565348282579352,0.20380399431763996,0.4494574771434335,True,lh_superiortemporal_part6,3,Association cortex - type 2,Association,True
0.5,lh_superiortemporal_part7,0.559029254444107,Control,MIND,500.aparc,Node Versatility,0.24565348282579352,0.20380399431763996,0.4494574771434335,True,lh_superiortemporal_part7,3,Association cortex - type 2,Association,True
0.5,rh_entorhinal_part1,0.4938048861820749,Control,MIND,500.aparc,Node Versatility,0.24565348282579352,0.20380399431763996,0.4494574771434335,True,rh_entorhinal_part1,6,Limbic cortex,Limbic,False
0.5,rh_inferiorparietal_part8,0.5519717162615257,Control,MIND,500.aparc,Node Versatility,0.24565348282579352,0.20380399431763996,0.4494574771434335,True,rh_inferiorparietal_part8,3,Association cortex - type 2,Association,True
0.5,rh_inferiortemporal_part1,0.4679118950867604,Control,MIND,500.aparc,Node Versatility,0.24565348282579352,0.20380399431763996,0.4494574771434335,True,rh_inferiortemporal_part1,2,Association cortex - type 1,Association,True
0.5,rh_lateraloccipital_part5,1.0,Control,MIND,500.aparc,Node Versatility,0.24565348282579352,0.20380399431763996,0.4494574771434335,True,rh_lateraloccipital_part5,4,Secondary sensory cortex,Secondary,False
0.5,rh_lingual_part1,0.6423399009006998,Control,MIND,500.aparc,Node Versatility,0.24565348282579352,0.20380399431763996,0.4494574771434335,True,rh_lingual_part1,4,Secondary sensory cortex,Secondary,False
0.5,rh_lingual_part6,0.6730550828612589,Control,MIND,500.aparc,Node Versatility,0.24565348282579352,0.20380399431763996,0.4494574771434335,True,rh_lingual_part6,4,Secondary sensory cortex,Secondary,False
0.5,rh_medialorbitofrontal_part2,0.5153205079104892,Control,MIND,500.aparc,Node Versatility,0.24565348282579352,0.20380399431763996,0.4494574771434335,True,rh_medialorbitofrontal_part2,4,Secondary sensory cortex,Secondary,False
0.5,rh_middletemporal_part1,0.908309272306309,Control,MIND,500.aparc,Node Versatility,0.24565348282579352,0.20380399431763996,0.4494574771434335,True,rh_middletemporal_part1,2,Association cortex - type 1,Association,True
0.5,rh_middletemporal_part2,0.4661159648917299,Control,MIND,500.aparc,Node Versatility,0.24565348282579352,0.20380399431763996,0.4494574771434335,True,rh_middletemporal_part2,2,Association cortex - type 1,Association,True
0.5,rh_middletemporal_part3,0.9471220184667232,Control,MIND,500.aparc,Node Versatility,0.24565348282579352,0.20380399431763996,0.4494574771434335,True,rh_middletemporal_part3,2,Association cortex - type 1,Association,True
0.5,rh_middletemporal_part5,0.5959910541955772,Control,MIND,500.aparc,Node Versatility,0.24565348282579352,0.20380399431763996,0.4494574771434335,True,rh_middletemporal_part5,2,Association cortex - type 1,Association,True
0.5,rh_parsopercularis_part1,0.5920034321043719,Control,MIND,500.aparc,Node Versatility,0.24565348282579352,0.20380399431763996,0.4494574771434335,True,rh_parsopercularis_part1,2,Association cortex - type 1,Association,True
0.5,rh_parstriangularis_part1,0.551627690628184,Control,MIND,500.aparc,Node Versatility,0.24565348282579352,0.20380399431763996,0.4494574771434335,True,rh_parstriangularis_part1,2,Association cortex - type 1,Association,True
0.5,rh_postcentral_part4,0.8358531675816584,Control,MIND,500.aparc,Node Versatility,0.24565348282579352,0.20380399431763996,0.4494574771434335,True,rh_postcentral_part4,5,Primary sensory cortex,Primary,False
0.5,rh_superiorparietal_part1,0.8378756356872799,Control,MIND,500.aparc,Node Versatility,0.24565348282579352,0.20380399431763996,0.4494574771434335,True,rh_superiorparietal_part1,2,Association cortex - type 1,Association,True
0.5,rh_superiorparietal_part10,0.8005993289994954,Control,MIND,500.aparc,Node Versatility,0.24565348282579352,0.20380399431763996,0.4494574771434335,True,rh_superiorparietal_part10,2,Association cortex - type 1,Association,True
0.5,rh_superiorparietal_part7,0.8307069170721405,Control,MIND,500.aparc,Node Versatility,0.24565348282579352,0.20380399431763996,0.4494574771434335,True,rh_superiorparietal_part7,2,Association cortex - type 1,Association,True
0.5,rh_superiortemporal_part1,0.6842772683022004,Control,MIND,500.aparc,Node Versatility,0.24565348282579352,0.20380399431763996,0.4494574771434335,True,rh_superiortemporal_part1,3,Association cortex - type 2,Association,True
0.5,rh_superiortemporal_part2,0.7778830683790523,Control,MIND,500.aparc,Node Versatility,0.24565348282579352,0.20380399431763996,0.4494574771434335,True,rh_superiortemporal_part2,3,Association cortex - type 2,Association,True
0.5,rh_superiortemporal_part3,0.8991673900912767,Control,MIND,500.aparc,Node Versatility,0.24565348282579352,0.20380399431763996,0.4494574771434335,True,rh_superiortemporal_part3,3,Association cortex - type 2,Association,True
0.5,rh_superiortemporal_part4,0.6937739615389774,Control,MIND,500.aparc,Node Versatility,0.24565348282579352,0.20380399431763996,0.4494574771434335,True,rh_superiortemporal_part4,3,Association cortex - type 2,Association,True
0.5,rh_superiortemporal_part5,0.5979697198684157,Control,MIND,500.aparc,Node Versatility,0.24565348282579352,0.20380399431763996,0.4494574771434335,True,rh_superiortemporal_part5,3,Association cortex - type 2,Association,True
0.6,lh_entorhinal_part1,0.460039981208841,Control,MIND,500.aparc,Node Versatility,0.1605708272615593,0.1481140833472889,0.3086849106088482,True,lh_entorhinal_part1,6,Limbic cortex,Limbic,False
0.6,lh_inferiorparietal_part6,0.5420957008311522,Control,MIND,500.aparc,Node Versatility,0.1605708272615593,0.1481140833472889,0.3086849106088482,True,lh_inferiorparietal_part6,3,Association cortex - type 2,Association,True
0.6,lh_inferiortemporal_part1,0.4274613515305072,Control,MIND,500.aparc,Node Versatility,0.1605708272615593,0.1481140833472889,0.3086849106088482,True,lh_inferiortemporal_part1,2,Association cortex - type 1,Association,True
0.6,lh_inferiortemporal_part3,0.4454689596752782,Control,MIND,500.aparc,Node Versatility,0.1605708272615593,0.1481140833472889,0.3086849106088482,True,lh_inferiortemporal_part3,2,Association cortex - type 1,Association,True
0.6,lh_lateralorbitofrontal_part1,0.5010679940364986,Control,MIND,500.aparc,Node Versatility,0.1605708272615593,0.1481140833472889,0.3086849106088482,True,lh_lateralorbitofrontal_part1,4,Secondary sensory cortex,Secondary,False
0.6,lh_lateralorbitofrontal_part2,0.4298701123572529,Control,MIND,500.aparc,Node Versatility,0.1605708272615593,0.1481140833472889,0.3086849106088482,True,lh_lateralorbitofrontal_part2,4,Secondary sensory cortex,Secondary,False
0.6,lh_middletemporal_part1,0.4395692749534357,Control,MIND,500.aparc,Node Versatility,0.1605708272615593,0.1481140833472889,0.3086849106088482,True,lh_middletemporal_part1,2,Association cortex - type 1,Association,True
0.6,lh_middletemporal_part3,0.4416382518040652,Control,MIND,500.aparc,Node Versatility,0.1605708272615593,0.1481140833472889,0.3086849106088482,True,lh_middletemporal_part3,2,Association cortex - type 1,Association,True
0.6,lh_parahippocampal_part2,0.3202681435496651,Control,MIND,500.aparc,Node Versatility,0.1605708272615593,0.1481140833472889,0.3086849106088482,True,lh_parahippocampal_part2,6,Limbic cortex,Limbic,False
0.6,lh_parsopercularis_part2,0.4183524059648395,Control,MIND,500.aparc,Node Versatility,0.1605708272615593,0.1481140833472889,0.3086849106088482,True,lh_parsopercularis_part2,2,Association cortex - type 1,Association,True
0.6,lh_postcentral_part4,0.3207949572165937,Control,MIND,500.aparc,Node Versatility,0.1605708272615593,0.1481140833472889,0.3086849106088482,True,lh_postcentral_part4,5,Primary sensory cortex,Primary,False
0.6,lh_posteriorcingulate_part1,0.3416788551721491,Control,MIND,500.aparc,Node Versatility,0.1605708272615593,0.1481140833472889,0.3086849106088482,True,lh_posteriorcingulate_part1,6,Limbic cortex,Limbic,False
0.6,lh_precuneus_part4,0.434117041835613,Control,MIND,500.aparc,Node Versatility,0.1605708272615593,0.1481140833472889,0.3086849106088482,True,lh_precuneus_part4,2,Association cortex - type 1,Association,True
0.6,lh_rostralmiddlefrontal_part1,0.3372179001961914,Control,MIND,500.aparc,Node Versatility,0.1605708272615593,0.1481140833472889,0.3086849106088482,True,lh_rostralmiddlefrontal_part1,3,Association cortex - type 2,Association,True
0.6,lh_rostralmiddlefrontal_part8,0.3088982643339287,Control,MIND,500.aparc,Node Versatility,0.1605708272615593,0.1481140833472889,0.3086849106088482,True,lh_rostralmiddlefrontal_part8,3,Association cortex - type 2,Association,True
0.6,lh_superiorfrontal_part13,0.5006260154739857,Control,MIND,500.aparc,Node Versatility,0.1605708272615593,0.1481140833472889,0.3086849106088482,True,lh_superiorfrontal_part13,2,Association cortex - type 1,Association,True
0.6,lh_superiorfrontal_part5,0.3607535523361871,Control,MIND,500.aparc,Node Versatility,0.1605708272615593,0.1481140833472889,0.3086849106088482,True,lh_superiorfrontal_part5,2,Association cortex - type 1,Association,True
0.6,lh_superiorfrontal_part7,0.459626704878272,Control,MIND,500.aparc,Node Versatility,0.1605708272615593,0.1481140833472889,0.3086849106088482,True,lh_superiorfrontal_part7,2,Association cortex - type 1,Association,True
0.6,lh_superiorfrontal_part8,0.3655883575975862,Control,MIND,500.aparc,Node Versatility,0.1605708272615593,0.1481140833472889,0.3086849106088482,True,lh_superiorfrontal_part8,2,Association cortex - type 1,Association,True
0.6,lh_superiorparietal_part10,0.5249331661982455,Control,MIND,500.aparc,Node Versatility,0.1605708272615593,0.1481140833472889,0.3086849106088482,True,lh_superiorparietal_part10,2,Association cortex - type 1,Association,True
0.6,lh_superiortemporal_part2,0.4261170147242804,Control,MIND,500.aparc,Node Versatility,0.1605708272615593,0.1481140833472889,0.3086849106088482,True,lh_superiortemporal_part2,3,Association cortex - type 2,Association,True
0.6,lh_superiortemporal_part4,0.4367094136453796,Control,MIND,500.aparc,Node Versatility,0.1605708272615593,0.1481140833472889,0.3086849106088482,True,lh_superiortemporal_part4,3,Association cortex - type 2,Association,True
0.6,lh_supramarginal_part3,0.3395635673604716,Control,MIND,500.aparc,Node Versatility,0.1605708272615593,0.1481140833472889,0.3086849106088482,True,lh_supramarginal_part3,3,Association cortex - type 2,Association,True
0.6,lh_temporalpole_part1,0.3818400494405369,Control,MIND,500.aparc,Node Versatility,0.1605708272615593,0.1481140833472889,0.3086849106088482,True,lh_temporalpole_part1,2,Association cortex - type 1,Association,True
0.6,rh_entorhinal_part1,0.460039981208841,Control,MIND,500.aparc,Node Versatility,0.1605708272615593,0.1481140833472889,0.3086849106088482,True,rh_entorhinal_part1,6,Limbic cortex,Limbic,False
0.6,rh_inferiortemporal_part1,0.4274613515305072,Control,MIND,500.aparc,Node Versatility,0.1605708272615593,0.1481140833472889,0.3086849106088482,True,rh_inferiortemporal_part1,2,Association cortex - type 1,Association,True
0.6,rh_lateraloccipital_part6,0.676364980554427,Control,MIND,500.aparc,Node Versatility,0.1605708272615593,0.1481140833472889,0.3086849106088482,True,rh_lateraloccipital_part6,4,Secondary sensory cortex,Secondary,False
0.6,rh_lateralorbitofrontal_part1,0.3519388721079164,Control,MIND,500.aparc,Node Versatility,0.1605708272615593,0.1481140833472889,0.3086849106088482,True,rh_lateralorbitofrontal_part1,4,Secondary sensory cortex,Secondary,False
0.6,rh_lingual_part6,0.5304057259981211,Control,MIND,500.aparc,Node Versatility,0.1605708272615593,0.1481140833472889,0.3086849106088482,True,rh_lingual_part6,4,Secondary sensory cortex,Secondary,False
0.6,rh_medialorbitofrontal_part2,0.3415496763746147,Control,MIND,500.aparc,Node Versatility,0.1605708272615593,0.1481140833472889,0.3086849106088482,True,rh_medialorbitofrontal_part2,4,Secondary sensory cortex,Secondary,False
0.6,rh_middletemporal_part1,0.6826725980071826,Control,MIND,500.aparc,Node Versatility,0.1605708272615593,0.1481140833472889,0.3086849106088482,True,rh_middletemporal_part1,2,Association cortex - type 1,Association,True
0.6,rh_middletemporal_part2,0.4254134614090302,Control,MIND,500.aparc,Node Versatility,0.1605708272615593,0.1481140833472889,0.3086849106088482,True,rh_middletemporal_part2,2,Association cortex - type 1,Association,True
0.6,rh_middletemporal_part3,0.6269325302129265,Control,MIND,500.aparc,Node Versatility,0.1605708272615593,0.1481140833472889,0.3086849106088482,True,rh_middletemporal_part3,2,Association cortex - type 1,Association,True
0.6,rh_middletemporal_part5,0.5330915738605344,Control,MIND,500.aparc,Node Versatility,0.1605708272615593,0.1481140833472889,0.3086849106088482,True,rh_middletemporal_part5,2,Association cortex - type 1,Association,True
0.6,rh_parstriangularis_part1,0.3089089349637072,Control,MIND,500.aparc,Node Versatility,0.1605708272615593,0.1481140833472889,0.3086849106088482,True,rh_parstriangularis_part1,2,Association cortex - type 1,Association,True
0.6,rh_postcentral_part4,0.4819280873799185,Control,MIND,500.aparc,Node Versatility,0.1605708272615593,0.1481140833472889,0.3086849106088482,True,rh_postcentral_part4,5,Primary sensory cortex,Primary,False
0.6,rh_rostralmiddlefrontal_part1,0.6862910736666508,Control,MIND,500.aparc,Node Versatility,0.1605708272615593,0.1481140833472889,0.3086849106088482,True,rh_rostralmiddlefrontal_part1,3,Association cortex - type 2,Association,True
0.6,rh_rostralmiddlefrontal_part10,0.3786685720604172,Control,MIND,500.aparc,Node Versatility,0.1605708272615593,0.1481140833472889,0.3086849106088482,True,rh_rostralmiddlefrontal_part10,3,Association cortex - type 2,Association,True
0.6,rh_rostralmiddlefrontal_part8,0.3402783002667189,Control,MIND,500.aparc,Node Versatility,0.1605708272615593,0.1481140833472889,0.3086849106088482,True,rh_rostralmiddlefrontal_part8,3,Association cortex - type 2,Association,True
0.6,rh_superiorfrontal_part11,0.4262336831350902,Control,MIND,500.aparc,Node Versatility,0.1605708272615593,0.1481140833472889,0.3086849106088482,True,rh_superiorfrontal_part11,2,Association cortex - type 1,Association,True
0.6,rh_superiorparietal_part1,0.7005370473121072,Control,MIND,500.aparc,Node Versatility,0.1605708272615593,0.1481140833472889,0.3086849106088482,True,rh_superiorparietal_part1,2,Association cortex - type 1,Association,True
0.6,rh_superiorparietal_part7,0.4503431795883512,Control,MIND,500.aparc,Node Versatility,0.1605708272615593,0.1481140833472889,0.3086849106088482,True,rh_superiorparietal_part7,2,Association cortex - type 1,Association,True
0.6,rh_superiortemporal_part1,0.4390119700007066,Control,MIND,500.aparc,Node Versatility,0.1605708272615593,0.1481140833472889,0.3086849106088482,True,rh_superiortemporal_part1,3,Association cortex - type 2,Association,True
0.6,rh_superiortemporal_part2,0.4298467212179888,Control,MIND,500.aparc,Node Versatility,0.1605708272615593,0.1481140833472889,0.3086849106088482,True,rh_superiortemporal_part2,3,Association cortex - type 2,Association,True
0.6,rh_superiortemporal_part3,0.6199213624865569,Control,MIND,500.aparc,Node Versatility,0.1605708272615593,0.1481140833472889,0.3086849106088482,True,rh_superiortemporal_part3,3,Association cortex - type 2,Association,True
0.6,rh_supramarginal_part3,0.3768204914818601,Control,MIND,500.aparc,Node Versatility,0.1605708272615593,0.1481140833472889,0.3086849106088482,True,rh_supramarginal_part3,3,Association cortex - type 2,Association,True
0.6,rh_supramarginal_part5,0.3407514474566465,Control,MIND,500.aparc,Node Versatility,0.1605708272615593,0.1481140833472889,0.3086849106088482,True,rh_supramarginal_part5,3,Association cortex - type 2,Association,True
0.6,rh_temporalpole_part1,0.3818400494405369,Control,MIND,500.aparc,Node Versatility,0.1605708272615593,0.1481140833472889,0.3086849106088482,True,rh_temporalpole_part1,2,Association cortex - type 1,Association,True
0.7,lh_entorhinal_part1,0.3795133445082926,Control,MIND,500.aparc,Node Versatility,0.18254787374214268,0.16818316308789957,0.35073103683004225,True,lh_entorhinal_part1,6,Limbic cortex,Limbic,False
0.7,lh_frontalpole_part1,0.4884909882949923,Control,MIND,500.aparc,Node Versatility,0.18254787374214268,0.16818316308789957,0.35073103683004225,True,lh_frontalpole_part1,3,Association cortex - type 2,Association,True
0.7,lh_inferiorparietal_part6,0.3719658120082225,Control,MIND,500.aparc,Node Versatility,0.18254787374214268,0.16818316308789957,0.35073103683004225,True,lh_inferiorparietal_part6,3,Association cortex - type 2,Association,True
0.7,lh_inferiortemporal_part1,0.3767422468245423,Control,MIND,500.aparc,Node Versatility,0.18254787374214268,0.16818316308789957,0.35073103683004225,True,lh_inferiortemporal_part1,2,Association cortex - type 1,Association,True
0.7,lh_lingual_part3,0.4676374125150158,Control,MIND,500.aparc,Node Versatility,0.18254787374214268,0.16818316308789957,0.35073103683004225,True,lh_lingual_part3,4,Secondary sensory cortex,Secondary,False
0.7,lh_middletemporal_part1,0.7840827627276036,Control,MIND,500.aparc,Node Versatility,0.18254787374214268,0.16818316308789957,0.35073103683004225,True,lh_middletemporal_part1,2,Association cortex - type 1,Association,True
0.7,lh_middletemporal_part3,0.6788736560902195,Control,MIND,500.aparc,Node Versatility,0.18254787374214268,0.16818316308789957,0.35073103683004225,True,lh_middletemporal_part3,2,Association cortex - type 1,Association,True
0.7,lh_parsorbitalis_part1,0.4852186364519104,Control,MIND,500.aparc,Node Versatility,0.18254787374214268,0.16818316308789957,0.35073103683004225,True,lh_parsorbitalis_part1,4,Secondary sensory cortex,Secondary,False
0.7,lh_postcentral_part4,0.3784945688452308,Control,MIND,500.aparc,Node Versatility,0.18254787374214268,0.16818316308789957,0.35073103683004225,True,lh_postcentral_part4,5,Primary sensory cortex,Primary,False
0.7,lh_rostralmiddlefrontal_part4,0.4905686816086126,Control,MIND,500.aparc,Node Versatility,0.18254787374214268,0.16818316308789957,0.35073103683004225,True,lh_rostralmiddlefrontal_part4,3,Association cortex - type 2,Association,True
0.7,lh_superiorfrontal_part1,0.5041096323734499,Control,MIND,500.aparc,Node Versatility,0.18254787374214268,0.16818316308789957,0.35073103683004225,True,lh_superiorfrontal_part1,2,Association cortex - type 1,Association,True
0.7,lh_superiorfrontal_part10,0.422911350882213,Control,MIND,500.aparc,Node Versatility,0.18254787374214268,0.16818316308789957,0.35073103683004225,True,lh_superiorfrontal_part10,2,Association cortex - type 1,Association,True
0.7,lh_superiorfrontal_part13,0.3970498039208777,Control,MIND,500.aparc,Node Versatility,0.18254787374214268,0.16818316308789957,0.35073103683004225,True,lh_superiorfrontal_part13,2,Association cortex - type 1,Association,True
0.7,lh_superiorfrontal_part5,0.3792626574439701,Control,MIND,500.aparc,Node Versatility,0.18254787374214268,0.16818316308789957,0.35073103683004225,True,lh_superiorfrontal_part5,2,Association cortex - type 1,Association,True
0.7,lh_superiorfrontal_part7,0.367251063773414,Control,MIND,500.aparc,Node Versatility,0.18254787374214268,0.16818316308789957,0.35073103683004225,True,lh_superiorfrontal_part7,2,Association cortex - type 1,Association,True
0.7,lh_superiorfrontal_part8,0.4840390755100306,Control,MIND,500.aparc,Node Versatility,0.18254787374214268,0.16818316308789957,0.35073103683004225,True,lh_superiorfrontal_part8,2,Association cortex - type 1,Association,True
0.7,lh_superiorparietal_part10,0.9957747496136388,Control,MIND,500.aparc,Node Versatility,0.18254787374214268,0.16818316308789957,0.35073103683004225,True,lh_superiorparietal_part10,2,Association cortex - type 1,Association,True
0.7,lh_superiorparietal_part7,0.5249254415250222,Control,MIND,500.aparc,Node Versatility,0.18254787374214268,0.16818316308789957,0.35073103683004225,True,lh_superiorparietal_part7,2,Association cortex - type 1,Association,True
0.7,lh_superiortemporal_part2,0.7373816291652546,Control,MIND,500.aparc,Node Versatility,0.18254787374214268,0.16818316308789957,0.35073103683004225,True,lh_superiortemporal_part2,3,Association cortex - type 2,Association,True
0.7,lh_superiortemporal_part4,0.6779113511798573,Control,MIND,500.aparc,Node Versatility,0.18254787374214268,0.16818316308789957,0.35073103683004225,True,lh_superiortemporal_part4,3,Association cortex - type 2,Association,True
0.7,lh_temporalpole_part1,0.3792626574439701,Control,MIND,500.aparc,Node Versatility,0.18254787374214268,0.16818316308789957,0.35073103683004225,True,lh_temporalpole_part1,2,Association cortex - type 1,Association,True
0.7,rh_entorhinal_part1,0.3795133445082926,Control,MIND,500.aparc,Node Versatility,0.18254787374214268,0.16818316308789957,0.35073103683004225,True,rh_entorhinal_part1,6,Limbic cortex,Limbic,False
0.7,rh_frontalpole_part1,0.4884909882949923,Control,MIND,500.aparc,Node Versatility,0.18254787374214268,0.16818316308789957,0.35073103683004225,True,rh_frontalpole_part1,3,Association cortex - type 2,Association,True
0.7,rh_inferiorparietal_part8,0.3873470087161214,Control,MIND,500.aparc,Node Versatility,0.18254787374214268,0.16818316308789957,0.35073103683004225,True,rh_inferiorparietal_part8,3,Association cortex - type 2,Association,True
0.7,rh_inferiortemporal_part1,0.3966027468934623,Control,MIND,500.aparc,Node Versatility,0.18254787374214268,0.16818316308789957,0.35073103683004225,True,rh_inferiortemporal_part1,2,Association cortex - type 1,Association,True
0.7,rh_lateraloccipital_part5,0.473788141164035,Control,MIND,500.aparc,Node Versatility,0.18254787374214268,0.16818316308789957,0.35073103683004225,True,rh_lateraloccipital_part5,4,Secondary sensory cortex,Secondary,False
0.7,rh_lateraloccipital_part6,0.523107630720221,Control,MIND,500.aparc,Node Versatility,0.18254787374214268,0.16818316308789957,0.35073103683004225,True,rh_lateraloccipital_part6,4,Secondary sensory cortex,Secondary,False
0.7,rh_middletemporal_part2,0.3960130965120346,Control,MIND,500.aparc,Node Versatility,0.18254787374214268,0.16818316308789957,0.35073103683004225,True,rh_middletemporal_part2,2,Association cortex - type 1,Association,True
0.7,rh_middletemporal_part5,0.5888121471872301,Control,MIND,500.aparc,Node Versatility,0.18254787374214268,0.16818316308789957,0.35073103683004225,True,rh_middletemporal_part5,2,Association cortex - type 1,Association,True
0.7,rh_parsorbitalis_part1,0.4852186364519104,Control,MIND,500.aparc,Node Versatility,0.18254787374214268,0.16818316308789957,0.35073103683004225,True,rh_parsorbitalis_part1,4,Secondary sensory cortex,Secondary,False
0.7,rh_parstriangularis_part1,0.4626375732627918,Control,MIND,500.aparc,Node Versatility,0.18254787374214268,0.16818316308789957,0.35073103683004225,True,rh_parstriangularis_part1,2,Association cortex - type 1,Association,True
0.7,rh_postcentral_part4,0.771074705589412,Control,MIND,500.aparc,Node Versatility,0.18254787374214268,0.16818316308789957,0.35073103683004225,True,rh_postcentral_part4,5,Primary sensory cortex,Primary,False
0.7,rh_rostralmiddlefrontal_part1,0.8523417542470102,Control,MIND,500.aparc,Node Versatility,0.18254787374214268,0.16818316308789957,0.35073103683004225,True,rh_rostralmiddlefrontal_part1,3,Association cortex - type 2,Association,True
0.7,rh_superiorfrontal_part10,0.5337610908063741,Control,MIND,500.aparc,Node Versatility,0.18254787374214268,0.16818316308789957,0.35073103683004225,True,rh_superiorfrontal_part10,2,Association cortex - type 1,Association,True
0.7,rh_superiorfrontal_part11,0.3798558866441058,Control,MIND,500.aparc,Node Versatility,0.18254787374214268,0.16818316308789957,0.35073103683004225,True,rh_superiorfrontal_part11,2,Association cortex - type 1,Association,True
0.7,rh_superiorfrontal_part2,0.5738382653436848,Control,MIND,500.aparc,Node Versatility,0.18254787374214268,0.16818316308789957,0.35073103683004225,True,rh_superiorfrontal_part2,2,Association cortex - type 1,Association,True
0.7,rh_superiorfrontal_part6,0.3865104441060187,Control,MIND,500.aparc,Node Versatility,0.18254787374214268,0.16818316308789957,0.35073103683004225,True,rh_superiorfrontal_part6,2,Association cortex - type 1,Association,True
0.7,rh_superiorparietal_part1,0.4983014707171385,Control,MIND,500.aparc,Node Versatility,0.18254787374214268,0.16818316308789957,0.35073103683004225,True,rh_superiorparietal_part1,2,Association cortex - type 1,Association,True
0.7,rh_superiorparietal_part7,0.6886119634598973,Control,MIND,500.aparc,Node Versatility,0.18254787374214268,0.16818316308789957,0.35073103683004225,True,rh_superiorparietal_part7,2,Association cortex - type 1,Association,True
0.7,rh_superiorparietal_part9,0.3922653490320601,Control,MIND,500.aparc,Node Versatility,0.18254787374214268,0.16818316308789957,0.35073103683004225,True,rh_superiorparietal_part9,2,Association cortex - type 1,Association,True
0.7,rh_superiortemporal_part1,0.7373816291652546,Control,MIND,500.aparc,Node Versatility,0.18254787374214268,0.16818316308789957,0.35073103683004225,True,rh_superiortemporal_part1,3,Association cortex - type 2,Association,True
0.7,rh_superiortemporal_part3,0.8157726443999963,Control,MIND,500.aparc,Node Versatility,0.18254787374214268,0.16818316308789957,0.35073103683004225,True,rh_superiortemporal_part3,3,Association cortex - type 2,Association,True
0.7,rh_temporalpole_part1,0.3792626574439701,Control,MIND,500.aparc,Node Versatility,0.18254787374214268,0.16818316308789957,0.35073103683004225,True,rh_temporalpole_part1,2,Association cortex - type 1,Association,True
0.8,lh_caudalanteriorcingulate_part1,0.3312576133905885,Control,MIND,500.aparc,Node Versatility,0.14828645526997988,0.1661866312445928,0.3144730865145727,True,lh_caudalanteriorcingulate_part1,6,Limbic cortex,Limbic,False
0.8,lh_entorhinal_part1,0.4234350714948797,Control,MIND,500.aparc,Node Versatility,0.14828645526997988,0.1661866312445928,0.3144730865145727,True,lh_entorhinal_part1,6,Limbic cortex,Limbic,False
0.8,lh_frontalpole_part1,0.3579538850966264,Control,MIND,500.aparc,Node Versatility,0.14828645526997988,0.1661866312445928,0.3144730865145727,True,lh_frontalpole_part1,3,Association cortex - type 2,Association,True
0.8,lh_inferiortemporal_part1,0.4866856726935255,Control,MIND,500.aparc,Node Versatility,0.14828645526997988,0.1661866312445928,0.3144730865145727,True,lh_inferiortemporal_part1,2,Association cortex - type 1,Association,True
0.8,lh_insula_part2,0.5469561985439692,Control,MIND,500.aparc,Node Versatility,0.14828645526997988,0.1661866312445928,0.3144730865145727,True,lh_insula_part2,7,Insular cortex,Insular,False
0.8,lh_isthmuscingulate_part1,0.3912863618413547,Control,MIND,500.aparc,Node Versatility,0.14828645526997988,0.1661866312445928,0.3144730865145727,True,lh_isthmuscingulate_part1,6,Limbic cortex,Limbic,False
0.8,lh_isthmuscingulate_part2,0.3312576133905885,Control,MIND,500.aparc,Node Versatility,0.14828645526997988,0.1661866312445928,0.3144730865145727,True,lh_isthmuscingulate_part2,6,Limbic cortex,Limbic,False
0.8,lh_middletemporal_part1,0.7216537544630979,Control,MIND,500.aparc,Node Versatility,0.14828645526997988,0.1661866312445928,0.3144730865145727,True,lh_middletemporal_part1,2,Association cortex - type 1,Association,True
0.8,lh_middletemporal_part3,0.6335968083427235,Control,MIND,500.aparc,Node Versatility,0.14828645526997988,0.1661866312445928,0.3144730865145727,True,lh_middletemporal_part3,2,Association cortex - type 1,Association,True
0.8,lh_parsorbitalis_part1,0.3579538850966264,Control,MIND,500.aparc,Node Versatility,0.14828645526997988,0.1661866312445928,0.3144730865145727,True,lh_parsorbitalis_part1,4,Secondary sensory cortex,Secondary,False
0.8,lh_posteriorcingulate_part1,0.4146915749593895,Control,MIND,500.aparc,Node Versatility,0.14828645526997988,0.1661866312445928,0.3144730865145727,True,lh_posteriorcingulate_part1,6,Limbic cortex,Limbic,False
0.8,lh_posteriorcingulate_part2,0.3446417980504992,Control,MIND,500.aparc,Node Versatility,0.14828645526997988,0.1661866312445928,0.3144730865145727,True,lh_posteriorcingulate_part2,6,Limbic cortex,Limbic,False
0.8,lh_rostralanteriorcingulate_part1,0.4826466791152832,Control,MIND,500.aparc,Node Versatility,0.14828645526997988,0.1661866312445928,0.3144730865145727,True,lh_rostralanteriorcingulate_part1,6,Limbic cortex,Limbic,False
0.8,lh_superiorfrontal_part1,0.4342040154326549,Control,MIND,500.aparc,Node Versatility,0.14828645526997988,0.1661866312445928,0.3144730865145727,True,lh_superiorfrontal_part1,2,Association cortex - type 1,Association,True
0.8,lh_superiorfrontal_part10,0.582933290529746,Control,MIND,500.aparc,Node Versatility,0.14828645526997988,0.1661866312445928,0.3144730865145727,True,lh_superiorfrontal_part10,2,Association cortex - type 1,Association,True
0.8,lh_superiorfrontal_part13,0.4486525790913426,Control,MIND,500.aparc,Node Versatility,0.14828645526997988,0.1661866312445928,0.3144730865145727,True,lh_superiorfrontal_part13,2,Association cortex - type 1,Association,True
0.8,lh_superiorfrontal_part5,0.4013627356402711,Control,MIND,500.aparc,Node Versatility,0.14828645526997988,0.1661866312445928,0.3144730865145727,True,lh_superiorfrontal_part5,2,Association cortex - type 1,Association,True
0.8,lh_superiorfrontal_part6,0.3711897796468693,Control,MIND,500.aparc,Node Versatility,0.14828645526997988,0.1661866312445928,0.3144730865145727,True,lh_superiorfrontal_part6,2,Association cortex - type 1,Association,True
0.8,lh_superiorfrontal_part7,0.4226369592963893,Control,MIND,500.aparc,Node Versatility,0.14828645526997988,0.1661866312445928,0.3144730865145727,True,lh_superiorfrontal_part7,2,Association cortex - type 1,Association,True
0.8,lh_superiorfrontal_part8,0.3177127205983154,Control,MIND,500.aparc,Node Versatility,0.14828645526997988,0.1661866312445928,0.3144730865145727,True,lh_superiorfrontal_part8,2,Association cortex - type 1,Association,True
0.8,lh_superiorparietal_part10,0.8345092736498425,Control,MIND,500.aparc,Node Versatility,0.14828645526997988,0.1661866312445928,0.3144730865145727,True,lh_superiorparietal_part10,2,Association cortex - type 1,Association,True
0.8,lh_superiorparietal_part7,0.3337585242993008,Control,MIND,500.aparc,Node Versatility,0.14828645526997988,0.1661866312445928,0.3144730865145727,True,lh_superiorparietal_part7,2,Association cortex - type 1,Association,True
0.8,lh_superiortemporal_part2,0.9740243135118414,Control,MIND,500.aparc,Node Versatility,0.14828645526997988,0.1661866312445928,0.3144730865145727,True,lh_superiortemporal_part2,3,Association cortex - type 2,Association,True
0.8,lh_superiortemporal_part4,0.7224209852969598,Control,MIND,500.aparc,Node Versatility,0.14828645526997988,0.1661866312445928,0.3144730865145727,True,lh_superiortemporal_part4,3,Association cortex - type 2,Association,True
0.8,lh_temporalpole_part1,0.4036447662299083,Control,MIND,500.aparc,Node Versatility,0.14828645526997988,0.1661866312445928,0.3144730865145727,True,lh_temporalpole_part1,2,Association cortex - type 1,Association,True
0.8,rh_caudalanteriorcingulate_part1,0.3224809017057584,Control,MIND,500.aparc,Node Versatility,0.14828645526997988,0.1661866312445928,0.3144730865145727,True,rh_caudalanteriorcingulate_part1,6,Limbic cortex,Limbic,False
0.8,rh_entorhinal_part1,0.4234350714948797,Control,MIND,500.aparc,Node Versatility,0.14828645526997988,0.1661866312445928,0.3144730865145727,True,rh_entorhinal_part1,6,Limbic cortex,Limbic,False
0.8,rh_frontalpole_part1,0.3579538850966264,Control,MIND,500.aparc,Node Versatility,0.14828645526997988,0.1661866312445928,0.3144730865145727,True,rh_frontalpole_part1,3,Association cortex - type 2,Association,True
0.8,rh_fusiform_part4,0.4416482391191382,Control,MIND,500.aparc,Node Versatility,0.14828645526997988,0.1661866312445928,0.3144730865145727,True,rh_fusiform_part4,2,Association cortex - type 1,Association,True
0.8,rh_inferiortemporal_part1,0.4849934592742161,Control,MIND,500.aparc,Node Versatility,0.14828645526997988,0.1661866312445928,0.3144730865145727,True,rh_inferiortemporal_part1,2,Association cortex - type 1,Association,True
0.8,rh_inferiortemporal_part3,0.3401922616564803,Control,MIND,500.aparc,Node Versatility,0.14828645526997988,0.1661866312445928,0.3144730865145727,True,rh_inferiortemporal_part3,2,Association cortex - type 1,Association,True
0.8,rh_insula_part1,0.5476938546775426,Control,MIND,500.aparc,Node Versatility,0.14828645526997988,0.1661866312445928,0.3144730865145727,True,rh_insula_part1,7,Insular cortex,Insular,False
0.8,rh_isthmuscingulate_part2,0.3720595612418545,Control,MIND,500.aparc,Node Versatility,0.14828645526997988,0.1661866312445928,0.3144730865145727,True,rh_isthmuscingulate_part2,6,Limbic cortex,Limbic,False
0.8,rh_lateraloccipital_part5,0.340244144665943,Control,MIND,500.aparc,Node Versatility,0.14828645526997988,0.1661866312445928,0.3144730865145727,True,rh_lateraloccipital_part5,4,Secondary sensory cortex,Secondary,False
0.8,rh_lateraloccipital_part6,0.3870332344678522,Control,MIND,500.aparc,Node Versatility,0.14828645526997988,0.1661866312445928,0.3144730865145727,True,rh_lateraloccipital_part6,4,Secondary sensory cortex,Secondary,False
0.8,rh_middletemporal_part2,0.4844177039934008,Control,MIND,500.aparc,Node Versatility,0.14828645526997988,0.1661866312445928,0.3144730865145727,True,rh_middletemporal_part2,2,Association cortex - type 1,Association,True
0.8,rh_middletemporal_part3,0.4451916844653171,Control,MIND,500.aparc,Node Versatility,0.14828645526997988,0.1661866312445928,0.3144730865145727,True,rh_middletemporal_part3,2,Association cortex - type 1,Association,True
0.8,rh_middletemporal_part5,0.384399413604061,Control,MIND,500.aparc,Node Versatility,0.14828645526997988,0.1661866312445928,0.3144730865145727,True,rh_middletemporal_part5,2,Association cortex - type 1,Association,True
0.8,rh_parsorbitalis_part1,0.3579538850966264,Control,MIND,500.aparc,Node Versatility,0.14828645526997988,0.1661866312445928,0.3144730865145727,True,rh_parsorbitalis_part1,4,Secondary sensory cortex,Secondary,False
0.8,rh_postcentral_part4,0.3650218883738618,Control,MIND,500.aparc,Node Versatility,0.14828645526997988,0.1661866312445928,0.3144730865145727,True,rh_postcentral_part4,5,Primary sensory cortex,Primary,False
0.8,rh_posteriorcingulate_part2,0.3669152872010554,Control,MIND,500.aparc,Node Versatility,0.14828645526997988,0.1661866312445928,0.3144730865145727,True,rh_posteriorcingulate_part2,6,Limbic cortex,Limbic,False
0.8,rh_rostralanteriorcingulate_part1,0.5205017232944894,Control,MIND,500.aparc,Node Versatility,0.14828645526997988,0.1661866312445928,0.3144730865145727,True,rh_rostralanteriorcingulate_part1,6,Limbic cortex,Limbic,False
0.8,rh_rostralmiddlefrontal_part1,0.589530107138029,Control,MIND,500.aparc,Node Versatility,0.14828645526997988,0.1661866312445928,0.3144730865145727,True,rh_rostralmiddlefrontal_part1,3,Association cortex - type 2,Association,True
0.8,rh_superiorfrontal_part1,0.4641751505390658,Control,MIND,500.aparc,Node Versatility,0.14828645526997988,0.1661866312445928,0.3144730865145727,True,rh_superiorfrontal_part1,2,Association cortex - type 1,Association,True
0.8,rh_superiorfrontal_part10,0.5022007169109902,Control,MIND,500.aparc,Node Versatility,0.14828645526997988,0.1661866312445928,0.3144730865145727,True,rh_superiorfrontal_part10,2,Association cortex - type 1,Association,True
0.8,rh_superiorfrontal_part2,0.5225324918953325,Control,MIND,500.aparc,Node Versatility,0.14828645526997988,0.1661866312445928,0.3144730865145727,True,rh_superiorfrontal_part2,2,Association cortex - type 1,Association,True
0.8,rh_superiorfrontal_part6,0.4855634955796437,Control,MIND,500.aparc,Node Versatility,0.14828645526997988,0.1661866312445928,0.3144730865145727,True,rh_superiorfrontal_part6,2,Association cortex - type 1,Association,True
0.8,rh_superiorparietal_part7,0.5483475357098406,Control,MIND,500.aparc,Node Versatility,0.14828645526997988,0.1661866312445928,0.3144730865145727,True,rh_superiorparietal_part7,2,Association cortex - type 1,Association,True
0.8,rh_superiortemporal_part1,0.7407033850444545,Control,MIND,500.aparc,Node Versatility,0.14828645526997988,0.1661866312445928,0.3144730865145727,True,rh_superiortemporal_part1,3,Association cortex - type 2,Association,True
0.8,rh_superiortemporal_part3,0.63746340035832,Control,MIND,500.aparc,Node Versatility,0.14828645526997988,0.1661866312445928,0.3144730865145727,True,rh_superiortemporal_part3,3,Association cortex - type 2,Association,True
0.8,rh_temporalpole_part1,0.4036447662299083,Control,MIND,500.aparc,Node Versatility,0.14828645526997988,0.1661866312445928,0.3144730865145727,True,rh_temporalpole_part1,2,Association cortex - type 1,Association,True
0.9,lh_caudalanteriorcingulate_part1,0.352910723147431,Control,MIND,500.aparc,Node Versatility,0.14645799544249238,0.12362848098540322,0.2700864764278956,True,lh_caudalanteriorcingulate_part1,6,Limbic cortex,Limbic,False
0.9,lh_entorhinal_part1,0.2765821097237988,Control,MIND,500.aparc,Node Versatility,0.14645799544249238,0.12362848098540322,0.2700864764278956,True,lh_entorhinal_part1,6,Limbic cortex,Limbic,False
0.9,lh_frontalpole_part1,0.3850347735728736,Control,MIND,500.aparc,Node Versatility,0.14645799544249238,0.12362848098540322,0.2700864764278956,True,lh_frontalpole_part1,3,Association cortex - type 2,Association,True
0.9,lh_fusiform_part1,0.3431963038710781,Control,MIND,500.aparc,Node Versatility,0.14645799544249238,0.12362848098540322,0.2700864764278956,True,lh_fusiform_part1,2,Association cortex - type 1,Association,True
0.9,lh_fusiform_part4,0.3582628208276919,Control,MIND,500.aparc,Node Versatility,0.14645799544249238,0.12362848098540322,0.2700864764278956,True,lh_fusiform_part4,2,Association cortex - type 1,Association,True
0.9,lh_inferiortemporal_part3,0.4611550925568357,Control,MIND,500.aparc,Node Versatility,0.14645799544249238,0.12362848098540322,0.2700864764278956,True,lh_inferiortemporal_part3,2,Association cortex - type 1,Association,True
0.9,lh_isthmuscingulate_part2,0.2783670780683632,Control,MIND,500.aparc,Node Versatility,0.14645799544249238,0.12362848098540322,0.2700864764278956,True,lh_isthmuscingulate_part2,6,Limbic cortex,Limbic,False
0.9,lh_lingual_part1,0.30453086931725,Control,MIND,500.aparc,Node Versatility,0.14645799544249238,0.12362848098540322,0.2700864764278956,True,lh_lingual_part1,4,Secondary sensory cortex,Secondary,False
0.9,lh_middletemporal_part1,0.3924448786580684,Control,MIND,500.aparc,Node Versatility,0.14645799544249238,0.12362848098540322,0.2700864764278956,True,lh_middletemporal_part1,2,Association cortex - type 1,Association,True
0.9,lh_middletemporal_part3,0.3351358761702133,Control,MIND,500.aparc,Node Versatility,0.14645799544249238,0.12362848098540322,0.2700864764278956,True,lh_middletemporal_part3,2,Association cortex - type 1,Association,True
0.9,lh_paracentral_part2,0.2868611492807533,Control,MIND,500.aparc,Node Versatility,0.14645799544249238,0.12362848098540322,0.2700864764278956,True,lh_paracentral_part2,1,Primary motor cortex,Primary,False
0.9,lh_parsorbitalis_part1,0.3977691333359593,Control,MIND,500.aparc,Node Versatility,0.14645799544249238,0.12362848098540322,0.2700864764278956,True,lh_parsorbitalis_part1,4,Secondary sensory cortex,Secondary,False
0.9,lh_posteriorcingulate_part1,0.3982013055709356,Control,MIND,500.aparc,Node Versatility,0.14645799544249238,0.12362848098540322,0.2700864764278956,True,lh_posteriorcingulate_part1,6,Limbic cortex,Limbic,False
0.9,lh_precuneus_part4,0.3008037782289999,Control,MIND,500.aparc,Node Versatility,0.14645799544249238,0.12362848098540322,0.2700864764278956,True,lh_precuneus_part4,2,Association cortex - type 1,Association,True
0.9,lh_rostralanteriorcingulate_part1,0.2893705284607712,Control,MIND,500.aparc,Node Versatility,0.14645799544249238,0.12362848098540322,0.2700864764278956,True,lh_rostralanteriorcingulate_part1,6,Limbic cortex,Limbic,False
0.9,lh_superiorfrontal_part1,0.3827069660784898,Control,MIND,500.aparc,Node Versatility,0.14645799544249238,0.12362848098540322,0.2700864764278956,True,lh_superiorfrontal_part1,2,Association cortex - type 1,Association,True
0.9,lh_superiorfrontal_part10,0.3813032493818836,Control,MIND,500.aparc,Node Versatility,0.14645799544249238,0.12362848098540322,0.2700864764278956,True,lh_superiorfrontal_part10,2,Association cortex - type 1,Association,True
0.9,lh_superiorfrontal_part13,0.4729335885977455,Control,MIND,500.aparc,Node Versatility,0.14645799544249238,0.12362848098540322,0.2700864764278956,True,lh_superiorfrontal_part13,2,Association cortex - type 1,Association,True
0.9,lh_superiorfrontal_part3,0.3295766572604799,Control,MIND,500.aparc,Node Versatility,0.14645799544249238,0.12362848098540322,0.2700864764278956,True,lh_superiorfrontal_part3,2,Association cortex - type 1,Association,True
0.9,lh_superiorfrontal_part7,0.4616706070555438,Control,MIND,500.aparc,Node Versatility,0.14645799544249238,0.12362848098540322,0.2700864764278956,True,lh_superiorfrontal_part7,2,Association cortex - type 1,Association,True
0.9,lh_superiorparietal_part10,0.484983570319629,Control,MIND,500.aparc,Node Versatility,0.14645799544249238,0.12362848098540322,0.2700864764278956,True,lh_superiorparietal_part10,2,Association cortex - type 1,Association,True
0.9,lh_superiortemporal_part2,0.5003256947742802,Control,MIND,500.aparc,Node Versatility,0.14645799544249238,0.12362848098540322,0.2700864764278956,True,lh_superiortemporal_part2,3,Association cortex - type 2,Association,True
0.9,lh_superiortemporal_part4,0.3890672399182296,Control,MIND,500.aparc,Node Versatility,0.14645799544249238,0.12362848098540322,0.2700864764278956,True,lh_superiortemporal_part4,3,Association cortex - type 2,Association,True
0.9,lh_superiortemporal_part5,0.2730096645796712,Control,MIND,500.aparc,Node Versatility,0.14645799544249238,0.12362848098540322,0.2700864764278956,True,lh_superiortemporal_part5,3,Association cortex - type 2,Association,True
0.9,lh_superiortemporal_part6,0.3102594561926113,Control,MIND,500.aparc,Node Versatility,0.14645799544249238,0.12362848098540322,0.2700864764278956,True,lh_superiortemporal_part6,3,Association cortex - type 2,Association,True
0.9,lh_supramarginal_part3,0.3024694169830556,Control,MIND,500.aparc,Node Versatility,0.14645799544249238,0.12362848098540322,0.2700864764278956,True,lh_supramarginal_part3,3,Association cortex - type 2,Association,True
0.9,lh_temporalpole_part1,0.456439181931103,Control,MIND,500.aparc,Node Versatility,0.14645799544249238,0.12362848098540322,0.2700864764278956,True,lh_temporalpole_part1,2,Association cortex - type 1,Association,True
0.9,lh_transversetemporal_part1,0.280581575128829,Control,MIND,500.aparc,Node Versatility,0.14645799544249238,0.12362848098540322,0.2700864764278956,True,lh_transversetemporal_part1,5,Primary sensory cortex,Primary,False
0.9,rh_caudalanteriorcingulate_part1,0.3495832404323638,Control,MIND,500.aparc,Node Versatility,0.14645799544249238,0.12362848098540322,0.2700864764278956,True,rh_caudalanteriorcingulate_part1,6,Limbic cortex,Limbic,False
0.9,rh_frontalpole_part1,0.3919376440997362,Control,MIND,500.aparc,Node Versatility,0.14645799544249238,0.12362848098540322,0.2700864764278956,True,rh_frontalpole_part1,3,Association cortex - type 2,Association,True
0.9,rh_fusiform_part4,0.3877468622349028,Control,MIND,500.aparc,Node Versatility,0.14645799544249238,0.12362848098540322,0.2700864764278956,True,rh_fusiform_part4,2,Association cortex - type 1,Association,True
0.9,rh_fusiform_part5,0.3431963038710781,Control,MIND,500.aparc,Node Versatility,0.14645799544249238,0.12362848098540322,0.2700864764278956,True,rh_fusiform_part5,2,Association cortex - type 1,Association,True
0.9,rh_inferiorparietal_part9,0.2705226643307771,Control,MIND,500.aparc,Node Versatility,0.14645799544249238,0.12362848098540322,0.2700864764278956,True,rh_inferiorparietal_part9,3,Association cortex - type 2,Association,True
0.9,rh_inferiortemporal_part3,0.3978984884859278,Control,MIND,500.aparc,Node Versatility,0.14645799544249238,0.12362848098540322,0.2700864764278956,True,rh_inferiortemporal_part3,2,Association cortex - type 1,Association,True
0.9,rh_insula_part1,0.3127363195480386,Control,MIND,500.aparc,Node Versatility,0.14645799544249238,0.12362848098540322,0.2700864764278956,True,rh_insula_part1,7,Insular cortex,Insular,False
0.9,rh_isthmuscingulate_part2,0.2756903699270379,Control,MIND,500.aparc,Node Versatility,0.14645799544249238,0.12362848098540322,0.2700864764278956,True,rh_isthmuscingulate_part2,6,Limbic cortex,Limbic,False
0.9,rh_lateraloccipital_part5,0.2801085047689182,Control,MIND,500.aparc,Node Versatility,0.14645799544249238,0.12362848098540322,0.2700864764278956,True,rh_lateraloccipital_part5,4,Secondary sensory cortex,Secondary,False
0.9,rh_lateraloccipital_part6,0.4345754636183823,Control,MIND,500.aparc,Node Versatility,0.14645799544249238,0.12362848098540322,0.2700864764278956,True,rh_lateraloccipital_part6,4,Secondary sensory cortex,Secondary,False
0.9,rh_middletemporal_part3,0.3082557762984099,Control,MIND,500.aparc,Node Versatility,0.14645799544249238,0.12362848098540322,0.2700864764278956,True,rh_middletemporal_part3,2,Association cortex - type 1,Association,True
0.9,rh_middletemporal_part5,0.2722472595446042,Control,MIND,500.aparc,Node Versatility,0.14645799544249238,0.12362848098540322,0.2700864764278956,True,rh_middletemporal_part5,2,Association cortex - type 1,Association,True
0.9,rh_parsorbitalis_part1,0.3240991006002029,Control,MIND,500.aparc,Node Versatility,0.14645799544249238,0.12362848098540322,0.2700864764278956,True,rh_parsorbitalis_part1,4,Secondary sensory cortex,Secondary,False
0.9,rh_parstriangularis_part1,0.2872099058216459,Control,MIND,500.aparc,Node Versatility,0.14645799544249238,0.12362848098540322,0.2700864764278956,True,rh_parstriangularis_part1,2,Association cortex - type 1,Association,True
0.9,rh_postcentral_part4,0.2730362058948281,Control,MIND,500.aparc,Node Versatility,0.14645799544249238,0.12362848098540322,0.2700864764278956,True,rh_postcentral_part4,5,Primary sensory cortex,Primary,False
0.9,rh_posteriorcingulate_part1,0.3120254666318946,Control,MIND,500.aparc,Node Versatility,0.14645799544249238,0.12362848098540322,0.2700864764278956,True,rh_posteriorcingulate_part1,6,Limbic cortex,Limbic,False
0.9,rh_posteriorcingulate_part2,0.2883933573077053,Control,MIND,500.aparc,Node Versatility,0.14645799544249238,0.12362848098540322,0.2700864764278956,True,rh_posteriorcingulate_part2,6,Limbic cortex,Limbic,False
0.9,rh_precentral_part3,0.3207066660886636,Control,MIND,500.aparc,Node Versatility,0.14645799544249238,0.12362848098540322,0.2700864764278956,True,rh_precentral_part3,1,Primary motor cortex,Primary,False
0.9,rh_precuneus_part7,0.30453086931725,Control,MIND,500.aparc,Node Versatility,0.14645799544249238,0.12362848098540322,0.2700864764278956,True,rh_precuneus_part7,2,Association cortex - type 1,Association,True
0.9,rh_rostralanteriorcingulate_part1,0.2893705284607712,Control,MIND,500.aparc,Node Versatility,0.14645799544249238,0.12362848098540322,0.2700864764278956,True,rh_rostralanteriorcingulate_part1,6,Limbic cortex,Limbic,False
0.9,rh_superiorfrontal_part1,0.2893705284607712,Control,MIND,500.aparc,Node Versatility,0.14645799544249238,0.12362848098540322,0.2700864764278956,True,rh_superiorfrontal_part1,2,Association cortex - type 1,Association,True
0.9,rh_superiorfrontal_part10,0.285150185333455,Control,MIND,500.aparc,Node Versatility,0.14645799544249238,0.12362848098540322,0.2700864764278956,True,rh_superiorfrontal_part10,2,Association cortex - type 1,Association,True
0.9,rh_superiorfrontal_part13,0.4329933246056134,Control,MIND,500.aparc,Node Versatility,0.14645799544249238,0.12362848098540322,0.2700864764278956,True,rh_superiorfrontal_part13,2,Association cortex - type 1,Association,True
0.9,rh_superiorfrontal_part2,0.4027205916978457,Control,MIND,500.aparc,Node Versatility,0.14645799544249238,0.12362848098540322,0.2700864764278956,True,rh_superiorfrontal_part2,2,Association cortex - type 1,Association,True
0.9,rh_superiorparietal_part10,0.3092481588181445,Control,MIND,500.aparc,Node Versatility,0.14645799544249238,0.12362848098540322,0.2700864764278956,True,rh_superiorparietal_part10,2,Association cortex - type 1,Association,True
0.9,rh_superiorparietal_part7,0.2881292199707845,Control,MIND,500.aparc,Node Versatility,0.14645799544249238,0.12362848098540322,0.2700864764278956,True,rh_superiorparietal_part7,2,Association cortex - type 1,Association,True
0.9,rh_superiortemporal_part1,0.5003256947742802,Control,MIND,500.aparc,Node Versatility,0.14645799544249238,0.12362848098540322,0.2700864764278956,True,rh_superiortemporal_part1,3,Association cortex - type 2,Association,True
0.9,rh_superiortemporal_part3,0.4390131375366498,Control,MIND,500.aparc,Node Versatility,0.14645799544249238,0.12362848098540322,0.2700864764278956,True,rh_superiortemporal_part3,3,Association cortex - type 2,Association,True
0.9,rh_temporalpole_part1,0.4572841720576681,Control,MIND,500.aparc,Node Versatility,0.14645799544249238,0.12362848098540322,0.2700864764278956,True,rh_temporalpole_part1,2,Association cortex - type 1,Association,True
0.9,rh_transversetemporal_part1,0.280581575128829,Control,MIND,500.aparc,Node Versatility,0.14645799544249238,0.12362848098540322,0.2700864764278956,True,rh_transversetemporal_part1,5,Primary sensory cortex,Primary,False
1.0,lh_caudalanteriorcingulate_part1,0.4616790685866442,Control,MIND,500.aparc,Node Versatility,0.28076640852093526,0.16258661541941188,0.44335302394034715,True,lh_caudalanteriorcingulate_part1,6,Limbic cortex,Limbic,False
1.0,lh_entorhinal_part1,0.4440674997579735,Control,MIND,500.aparc,Node Versatility,0.28076640852093526,0.16258661541941188,0.44335302394034715,True,lh_entorhinal_part1,6,Limbic cortex,Limbic,False
1.0,lh_inferiortemporal_part3,0.743356900474629,Control,MIND,500.aparc,Node Versatility,0.28076640852093526,0.16258661541941188,0.44335302394034715,True,lh_inferiortemporal_part3,2,Association cortex - type 1,Association,True
1.0,lh_insula_part2,0.4814860133100599,Control,MIND,500.aparc,Node Versatility,0.28076640852093526,0.16258661541941188,0.44335302394034715,True,lh_insula_part2,7,Insular cortex,Insular,False
1.0,lh_isthmuscingulate_part1,0.5177506453368106,Control,MIND,500.aparc,Node Versatility,0.28076640852093526,0.16258661541941188,0.44335302394034715,True,lh_isthmuscingulate_part1,6,Limbic cortex,Limbic,False
1.0,lh_lateraloccipital_part6,0.4463097946329289,Control,MIND,500.aparc,Node Versatility,0.28076640852093526,0.16258661541941188,0.44335302394034715,True,lh_lateraloccipital_part6,4,Secondary sensory cortex,Secondary,False
1.0,lh_lingual_part1,0.4492463002961419,Control,MIND,500.aparc,Node Versatility,0.28076640852093526,0.16258661541941188,0.44335302394034715,True,lh_lingual_part1,4,Secondary sensory cortex,Secondary,False
1.0,lh_lingual_part5,0.453788016350323,Control,MIND,500.aparc,Node Versatility,0.28076640852093526,0.16258661541941188,0.44335302394034715,True,lh_lingual_part5,4,Secondary sensory cortex,Secondary,False
1.0,lh_paracentral_part2,0.5548099219530824,Control,MIND,500.aparc,Node Versatility,0.28076640852093526,0.16258661541941188,0.44335302394034715,True,lh_paracentral_part2,1,Primary motor cortex,Primary,False
1.0,lh_parahippocampal_part2,0.5147484240225713,Control,MIND,500.aparc,Node Versatility,0.28076640852093526,0.16258661541941188,0.44335302394034715,True,lh_parahippocampal_part2,6,Limbic cortex,Limbic,False
1.0,lh_parsopercularis_part2,0.4645711552696712,Control,MIND,500.aparc,Node Versatility,0.28076640852093526,0.16258661541941188,0.44335302394034715,True,lh_parsopercularis_part2,2,Association cortex - type 1,Association,True
1.0,lh_pericalcarine_part1,0.5764533177352879,Control,MIND,500.aparc,Node Versatility,0.28076640852093526,0.16258661541941188,0.44335302394034715,True,lh_pericalcarine_part1,5,Primary sensory cortex,Primary,False
1.0,lh_pericalcarine_part2,0.5764533177352879,Control,MIND,500.aparc,Node Versatility,0.28076640852093526,0.16258661541941188,0.44335302394034715,True,lh_pericalcarine_part2,5,Primary sensory cortex,Primary,False
1.0,lh_precuneus_part4,0.4492463002961419,Control,MIND,500.aparc,Node Versatility,0.28076640852093526,0.16258661541941188,0.44335302394034715,True,lh_precuneus_part4,2,Association cortex - type 1,Association,True
1.0,lh_precuneus_part5,0.4486024238484868,Control,MIND,500.aparc,Node Versatility,0.28076640852093526,0.16258661541941188,0.44335302394034715,True,lh_precuneus_part5,2,Association cortex - type 1,Association,True
1.0,lh_rostralanteriorcingulate_part1,0.4921894049920484,Control,MIND,500.aparc,Node Versatility,0.28076640852093526,0.16258661541941188,0.44335302394034715,True,lh_rostralanteriorcingulate_part1,6,Limbic cortex,Limbic,False
1.0,lh_rostralmiddlefrontal_part1,0.5760658704380073,Control,MIND,500.aparc,Node Versatility,0.28076640852093526,0.16258661541941188,0.44335302394034715,True,lh_rostralmiddlefrontal_part1,3,Association cortex - type 2,Association,True
1.0,lh_superiorfrontal_part10,0.5138212052838357,Control,MIND,500.aparc,Node Versatility,0.28076640852093526,0.16258661541941188,0.44335302394034715,True,lh_superiorfrontal_part10,2,Association cortex - type 1,Association,True
1.0,lh_superiorfrontal_part13,0.8082841170071979,Control,MIND,500.aparc,Node Versatility,0.28076640852093526,0.16258661541941188,0.44335302394034715,True,lh_superiorfrontal_part13,2,Association cortex - type 1,Association,True
1.0,lh_superiorfrontal_part3,0.5614678553417493,Control,MIND,500.aparc,Node Versatility,0.28076640852093526,0.16258661541941188,0.44335302394034715,True,lh_superiorfrontal_part3,2,Association cortex - type 1,Association,True
1.0,lh_superiorfrontal_part6,0.5030446373405069,Control,MIND,500.aparc,Node Versatility,0.28076640852093526,0.16258661541941188,0.44335302394034715,True,lh_superiorfrontal_part6,2,Association cortex - type 1,Association,True
1.0,lh_superiorfrontal_part7,0.8317078023018566,Control,MIND,500.aparc,Node Versatility,0.28076640852093526,0.16258661541941188,0.44335302394034715,True,lh_superiorfrontal_part7,2,Association cortex - type 1,Association,True
1.0,lh_superiorparietal_part1,0.4896088758713927,Control,MIND,500.aparc,Node Versatility,0.28076640852093526,0.16258661541941188,0.44335302394034715,True,lh_superiorparietal_part1,2,Association cortex - type 1,Association,True
1.0,lh_superiorparietal_part5,0.570876241120012,Control,MIND,500.aparc,Node Versatility,0.28076640852093526,0.16258661541941188,0.44335302394034715,True,lh_superiorparietal_part5,2,Association cortex - type 1,Association,True
1.0,lh_superiorparietal_part9,0.4767510077051683,Control,MIND,500.aparc,Node Versatility,0.28076640852093526,0.16258661541941188,0.44335302394034715,True,lh_superiorparietal_part9,2,Association cortex - type 1,Association,True
1.0,lh_superiortemporal_part5,0.5105651471470013,Control,MIND,500.aparc,Node Versatility,0.28076640852093526,0.16258661541941188,0.44335302394034715,True,lh_superiortemporal_part5,3,Association cortex - type 2,Association,True
1.0,rh_caudalanteriorcingulate_part1,0.4616790685866442,Control,MIND,500.aparc,Node Versatility,0.28076640852093526,0.16258661541941188,0.44335302394034715,True,rh_caudalanteriorcingulate_part1,6,Limbic cortex,Limbic,False
1.0,rh_entorhinal_part1,0.4440674997579735,Control,MIND,500.aparc,Node Versatility,0.28076640852093526,0.16258661541941188,0.44335302394034715,True,rh_entorhinal_part1,6,Limbic cortex,Limbic,False
1.0,rh_fusiform_part3,0.4565736452294323,Control,MIND,500.aparc,Node Versatility,0.28076640852093526,0.16258661541941188,0.44335302394034715,True,rh_fusiform_part3,2,Association cortex - type 1,Association,True
1.0,rh_insula_part1,0.4814860133100599,Control,MIND,500.aparc,Node Versatility,0.28076640852093526,0.16258661541941188,0.44335302394034715,True,rh_insula_part1,7,Insular cortex,Insular,False
1.0,rh_isthmuscingulate_part1,0.5177506453368106,Control,MIND,500.aparc,Node Versatility,0.28076640852093526,0.16258661541941188,0.44335302394034715,True,rh_isthmuscingulate_part1,6,Limbic cortex,Limbic,False
1.0,rh_lateraloccipital_part6,0.6059752845457916,Control,MIND,500.aparc,Node Versatility,0.28076640852093526,0.16258661541941188,0.44335302394034715,True,rh_lateraloccipital_part6,4,Secondary sensory cortex,Secondary,False
1.0,rh_lingual_part3,0.473325278952115,Control,MIND,500.aparc,Node Versatility,0.28076640852093526,0.16258661541941188,0.44335302394034715,True,rh_lingual_part3,4,Secondary sensory cortex,Secondary,False
1.0,rh_lingual_part5,0.5338927561972823,Control,MIND,500.aparc,Node Versatility,0.28076640852093526,0.16258661541941188,0.44335302394034715,True,rh_lingual_part5,4,Secondary sensory cortex,Secondary,False
1.0,rh_medialorbitofrontal_part2,0.4538251926435457,Control,MIND,500.aparc,Node Versatility,0.28076640852093526,0.16258661541941188,0.44335302394034715,True,rh_medialorbitofrontal_part2,4,Secondary sensory cortex,Secondary,False
1.0,rh_middletemporal_part1,0.6382458038349546,Control,MIND,500.aparc,Node Versatility,0.28076640852093526,0.16258661541941188,0.44335302394034715,True,rh_middletemporal_part1,2,Association cortex - type 1,Association,True
1.0,rh_parahippocampal_part1,0.5147484240225713,Control,MIND,500.aparc,Node Versatility,0.28076640852093526,0.16258661541941188,0.44335302394034715,True,rh_parahippocampal_part1,6,Limbic cortex,Limbic,False
1.0,rh_pericalcarine_part1,0.5764533177352879,Control,MIND,500.aparc,Node Versatility,0.28076640852093526,0.16258661541941188,0.44335302394034715,True,rh_pericalcarine_part1,5,Primary sensory cortex,Primary,False
1.0,rh_pericalcarine_part2,0.5764533177352879,Control,MIND,500.aparc,Node Versatility,0.28076640852093526,0.16258661541941188,0.44335302394034715,True,rh_pericalcarine_part2,5,Primary sensory cortex,Primary,False
1.0,rh_pericalcarine_part3,0.5764533177352879,Control,MIND,500.aparc,Node Versatility,0.28076640852093526,0.16258661541941188,0.44335302394034715,True,rh_pericalcarine_part3,5,Primary sensory cortex,Primary,False
1.0,rh_postcentral_part6,0.5500599212783787,Control,MIND,500.aparc,Node Versatility,0.28076640852093526,0.16258661541941188,0.44335302394034715,True,rh_postcentral_part6,5,Primary sensory cortex,Primary,False
1.0,rh_precuneus_part5,0.4665760531405373,Control,MIND,500.aparc,Node Versatility,0.28076640852093526,0.16258661541941188,0.44335302394034715,True,rh_precuneus_part5,2,Association cortex - type 1,Association,True
1.0,rh_precuneus_part7,0.4492463002961419,Control,MIND,500.aparc,Node Versatility,0.28076640852093526,0.16258661541941188,0.44335302394034715,True,rh_precuneus_part7,2,Association cortex - type 1,Association,True
1.0,rh_rostralanteriorcingulate_part1,0.4921894049920484,Control,MIND,500.aparc,Node Versatility,0.28076640852093526,0.16258661541941188,0.44335302394034715,True,rh_rostralanteriorcingulate_part1,6,Limbic cortex,Limbic,False
1.0,rh_superiorfrontal_part10,0.5115618046178075,Control,MIND,500.aparc,Node Versatility,0.28076640852093526,0.16258661541941188,0.44335302394034715,True,rh_superiorfrontal_part10,2,Association cortex - type 1,Association,True
1.0,rh_superiorfrontal_part13,0.6904207743565631,Control,MIND,500.aparc,Node Versatility,0.28076640852093526,0.16258661541941188,0.44335302394034715,True,rh_superiorfrontal_part13,2,Association cortex - type 1,Association,True
1.0,rh_superiorfrontal_part4,0.4720271673463946,Control,MIND,500.aparc,Node Versatility,0.28076640852093526,0.16258661541941188,0.44335302394034715,True,rh_superiorfrontal_part4,2,Association cortex - type 1,Association,True
1.0,rh_superiorparietal_part1,0.657422734532045,Control,MIND,500.aparc,Node Versatility,0.28076640852093526,0.16258661541941188,0.44335302394034715,True,rh_superiorparietal_part1,2,Association cortex - type 1,Association,True
1.0,rh_superiorparietal_part10,0.984553845404081,Control,MIND,500.aparc,Node Versatility,0.28076640852093526,0.16258661541941188,0.44335302394034715,True,rh_superiorparietal_part10,2,Association cortex - type 1,Association,True
1.0,rh_superiorparietal_part5,0.4720236741017774,Control,MIND,500.aparc,Node Versatility,0.28076640852093526,0.16258661541941188,0.44335302394034715,True,rh_superiorparietal_part5,2,Association cortex - type 1,Association,True
1.0,rh_superiortemporal_part4,0.4880595585120406,Control,MIND,500.aparc,Node Versatility,0.28076640852093526,0.16258661541941188,0.44335302394034715,True,rh_superiortemporal_part4,3,Association cortex - type 2,Association,True
1.0,rh_superiortemporal_part5,0.4534045003317701,Control,MIND,500.aparc,Node Versatility,0.28076640852093526,0.16258661541941188,0.44335302394034715,True,rh_superiortemporal_part5,3,Association cortex - type 2,Association,True
0.05,lh_caudalmiddlefrontal_part1,0.6592158532151579,Gifted,MIND,500.aparc,Node Versatility,0.385296865598254,0.22027166764471295,0.605568533242967,True,lh_caudalmiddlefrontal_part1,2,Association cortex - type 1,Association,True
0.05,lh_fusiform_part2,0.9927617720837084,Gifted,MIND,500.aparc,Node Versatility,0.385296865598254,0.22027166764471295,0.605568533242967,True,lh_fusiform_part2,2,Association cortex - type 1,Association,True
0.05,lh_inferiorparietal_part1,0.6407966215651603,Gifted,MIND,500.aparc,Node Versatility,0.385296865598254,0.22027166764471295,0.605568533242967,True,lh_inferiorparietal_part1,3,Association cortex - type 2,Association,True
0.05,lh_inferiortemporal_part2,0.642865336787411,Gifted,MIND,500.aparc,Node Versatility,0.385296865598254,0.22027166764471295,0.605568533242967,True,lh_inferiortemporal_part2,2,Association cortex - type 1,Association,True
0.05,lh_inferiortemporal_part4,0.8164571738416893,Gifted,MIND,500.aparc,Node Versatility,0.385296865598254,0.22027166764471295,0.605568533242967,True,lh_inferiortemporal_part4,2,Association cortex - type 1,Association,True
0.05,lh_lateraloccipital_part6,0.7262714920422982,Gifted,MIND,500.aparc,Node Versatility,0.385296865598254,0.22027166764471295,0.605568533242967,True,lh_lateraloccipital_part6,4,Secondary sensory cortex,Secondary,False
0.05,lh_lateralorbitofrontal_part3,0.8207614386073435,Gifted,MIND,500.aparc,Node Versatility,0.385296865598254,0.22027166764471295,0.605568533242967,True,lh_lateralorbitofrontal_part3,4,Secondary sensory cortex,Secondary,False
0.05,lh_paracentral_part2,0.898416521897828,Gifted,MIND,500.aparc,Node Versatility,0.385296865598254,0.22027166764471295,0.605568533242967,True,lh_paracentral_part2,1,Primary motor cortex,Primary,False
0.05,lh_precentral_part9,0.6369403460333237,Gifted,MIND,500.aparc,Node Versatility,0.385296865598254,0.22027166764471295,0.605568533242967,True,lh_precentral_part9,1,Primary motor cortex,Primary,False
0.05,lh_precuneus_part7,0.8623517589536267,Gifted,MIND,500.aparc,Node Versatility,0.385296865598254,0.22027166764471295,0.605568533242967,True,lh_precuneus_part7,2,Association cortex - type 1,Association,True
0.05,lh_rostralmiddlefrontal_part7,0.725170320841233,Gifted,MIND,500.aparc,Node Versatility,0.385296865598254,0.22027166764471295,0.605568533242967,True,lh_rostralmiddlefrontal_part7,3,Association cortex - type 2,Association,True
0.05,lh_superiorfrontal_part11,0.6350036197979974,Gifted,MIND,500.aparc,Node Versatility,0.385296865598254,0.22027166764471295,0.605568533242967,True,lh_superiorfrontal_part11,2,Association cortex - type 1,Association,True
0.05,lh_superiorfrontal_part12,0.8081435084163789,Gifted,MIND,500.aparc,Node Versatility,0.385296865598254,0.22027166764471295,0.605568533242967,True,lh_superiorfrontal_part12,2,Association cortex - type 1,Association,True
0.05,lh_superiorfrontal_part2,0.6768981685075556,Gifted,MIND,500.aparc,Node Versatility,0.385296865598254,0.22027166764471295,0.605568533242967,True,lh_superiorfrontal_part2,2,Association cortex - type 1,Association,True
0.05,lh_superiorfrontal_part5,0.6145225597650283,Gifted,MIND,500.aparc,Node Versatility,0.385296865598254,0.22027166764471295,0.605568533242967,True,lh_superiorfrontal_part5,2,Association cortex - type 1,Association,True
0.05,lh_superiorfrontal_part8,0.6737722103973888,Gifted,MIND,500.aparc,Node Versatility,0.385296865598254,0.22027166764471295,0.605568533242967,True,lh_superiorfrontal_part8,2,Association cortex - type 1,Association,True
0.05,lh_superiorfrontal_part9,0.8455050176036489,Gifted,MIND,500.aparc,Node Versatility,0.385296865598254,0.22027166764471295,0.605568533242967,True,lh_superiorfrontal_part9,2,Association cortex - type 1,Association,True
0.05,lh_superiorparietal_part2,0.8275781930515411,Gifted,MIND,500.aparc,Node Versatility,0.385296865598254,0.22027166764471295,0.605568533242967,True,lh_superiorparietal_part2,2,Association cortex - type 1,Association,True
0.05,lh_supramarginal_part1,0.7071408746187041,Gifted,MIND,500.aparc,Node Versatility,0.385296865598254,0.22027166764471295,0.605568533242967,True,lh_supramarginal_part1,3,Association cortex - type 2,Association,True
0.05,lh_supramarginal_part2,0.6168960747189927,Gifted,MIND,500.aparc,Node Versatility,0.385296865598254,0.22027166764471295,0.605568533242967,True,lh_supramarginal_part2,3,Association cortex - type 2,Association,True
0.05,lh_supramarginal_part5,0.6938416435429268,Gifted,MIND,500.aparc,Node Versatility,0.385296865598254,0.22027166764471295,0.605568533242967,True,lh_supramarginal_part5,3,Association cortex - type 2,Association,True
0.05,rh_bankssts_part1,1.0,Gifted,MIND,500.aparc,Node Versatility,0.385296865598254,0.22027166764471295,0.605568533242967,True,rh_bankssts_part1,3,Association cortex - type 2,Association,True
0.05,rh_bankssts_part2,0.7608769241086857,Gifted,MIND,500.aparc,Node Versatility,0.385296865598254,0.22027166764471295,0.605568533242967,True,rh_bankssts_part2,3,Association cortex - type 2,Association,True
0.05,rh_caudalmiddlefrontal_part4,0.7668448327556074,Gifted,MIND,500.aparc,Node Versatility,0.385296865598254,0.22027166764471295,0.605568533242967,True,rh_caudalmiddlefrontal_part4,2,Association cortex - type 1,Association,True
0.05,rh_inferiorparietal_part3,0.8383859905681614,Gifted,MIND,500.aparc,Node Versatility,0.385296865598254,0.22027166764471295,0.605568533242967,True,rh_inferiorparietal_part3,3,Association cortex - type 2,Association,True
0.05,rh_inferiortemporal_part5,0.9441394599735736,Gifted,MIND,500.aparc,Node Versatility,0.385296865598254,0.22027166764471295,0.605568533242967,True,rh_inferiortemporal_part5,2,Association cortex - type 1,Association,True
0.05,rh_lateraloccipital_part2,0.6449114000423553,Gifted,MIND,500.aparc,Node Versatility,0.385296865598254,0.22027166764471295,0.605568533242967,True,rh_lateraloccipital_part2,4,Secondary sensory cortex,Secondary,False
0.05,rh_lateraloccipital_part8,0.7061236091796876,Gifted,MIND,500.aparc,Node Versatility,0.385296865598254,0.22027166764471295,0.605568533242967,True,rh_lateraloccipital_part8,4,Secondary sensory cortex,Secondary,False
0.05,rh_lateraloccipital_part9,0.9065268685102764,Gifted,MIND,500.aparc,Node Versatility,0.385296865598254,0.22027166764471295,0.605568533242967,True,rh_lateraloccipital_part9,4,Secondary sensory cortex,Secondary,False
0.05,rh_middletemporal_part4,0.835430569459489,Gifted,MIND,500.aparc,Node Versatility,0.385296865598254,0.22027166764471295,0.605568533242967,True,rh_middletemporal_part4,2,Association cortex - type 1,Association,True
0.05,rh_paracentral_part1,0.9887480862082244,Gifted,MIND,500.aparc,Node Versatility,0.385296865598254,0.22027166764471295,0.605568533242967,True,rh_paracentral_part1,1,Primary motor cortex,Primary,False
0.05,rh_paracentral_part2,0.6768981685075556,Gifted,MIND,500.aparc,Node Versatility,0.385296865598254,0.22027166764471295,0.605568533242967,True,rh_paracentral_part2,1,Primary motor cortex,Primary,False
0.05,rh_precuneus_part2,0.8878456740972698,Gifted,MIND,500.aparc,Node Versatility,0.385296865598254,0.22027166764471295,0.605568533242967,True,rh_precuneus_part2,2,Association cortex - type 1,Association,True
0.05,rh_precuneus_part3,0.8286929750584976,Gifted,MIND,500.aparc,Node Versatility,0.385296865598254,0.22027166764471295,0.605568533242967,True,rh_precuneus_part3,2,Association cortex - type 1,Association,True
0.05,rh_precuneus_part6,0.647635244610659,Gifted,MIND,500.aparc,Node Versatility,0.385296865598254,0.22027166764471295,0.605568533242967,True,rh_precuneus_part6,2,Association cortex - type 1,Association,True
0.05,rh_rostralmiddlefrontal_part3,0.6354614720115034,Gifted,MIND,500.aparc,Node Versatility,0.385296865598254,0.22027166764471295,0.605568533242967,True,rh_rostralmiddlefrontal_part3,3,Association cortex - type 2,Association,True
0.05,rh_superiorfrontal_part12,0.7464613681041478,Gifted,MIND,500.aparc,Node Versatility,0.385296865598254,0.22027166764471295,0.605568533242967,True,rh_superiorfrontal_part12,2,Association cortex - type 1,Association,True
0.05,rh_superiorfrontal_part3,0.6613608555513731,Gifted,MIND,500.aparc,Node Versatility,0.385296865598254,0.22027166764471295,0.605568533242967,True,rh_superiorfrontal_part3,2,Association cortex - type 1,Association,True
0.05,rh_superiorfrontal_part5,0.6349281092784183,Gifted,MIND,500.aparc,Node Versatility,0.385296865598254,0.22027166764471295,0.605568533242967,True,rh_superiorfrontal_part5,2,Association cortex - type 1,Association,True
0.05,rh_superiorfrontal_part6,0.6133591806063716,Gifted,MIND,500.aparc,Node Versatility,0.385296865598254,0.22027166764471295,0.605568533242967,True,rh_superiorfrontal_part6,2,Association cortex - type 1,Association,True
0.05,rh_superiorfrontal_part7,0.6730024652804996,Gifted,MIND,500.aparc,Node Versatility,0.385296865598254,0.22027166764471295,0.605568533242967,True,rh_superiorfrontal_part7,2,Association cortex - type 1,Association,True
0.05,rh_superiorfrontal_part9,0.6350036197979974,Gifted,MIND,500.aparc,Node Versatility,0.385296865598254,0.22027166764471295,0.605568533242967,True,rh_superiorfrontal_part9,2,Association cortex - type 1,Association,True
0.05,rh_superiorparietal_part10,0.6257886053510567,Gifted,MIND,500.aparc,Node Versatility,0.385296865598254,0.22027166764471295,0.605568533242967,True,rh_superiorparietal_part10,2,Association cortex - type 1,Association,True
0.05,rh_superiorparietal_part6,0.6278370646897243,Gifted,MIND,500.aparc,Node Versatility,0.385296865598254,0.22027166764471295,0.605568533242967,True,rh_superiorparietal_part6,2,Association cortex - type 1,Association,True
0.05,rh_superiortemporal_part6,1.0,Gifted,MIND,500.aparc,Node Versatility,0.385296865598254,0.22027166764471295,0.605568533242967,True,rh_superiortemporal_part6,3,Association cortex - type 2,Association,True
0.05,rh_supramarginal_part2,0.6168960747189927,Gifted,MIND,500.aparc,Node Versatility,0.385296865598254,0.22027166764471295,0.605568533242967,True,rh_supramarginal_part2,3,Association cortex - type 2,Association,True
0.05,rh_supramarginal_part5,0.7589757929903949,Gifted,MIND,500.aparc,Node Versatility,0.385296865598254,0.22027166764471295,0.605568533242967,True,rh_supramarginal_part5,3,Association cortex - type 2,Association,True
0.05,rh_supramarginal_part6,0.6548059779399562,Gifted,MIND,500.aparc,Node Versatility,0.385296865598254,0.22027166764471295,0.605568533242967,True,rh_supramarginal_part6,3,Association cortex - type 2,Association,True
0.1,lh_caudalmiddlefrontal_part1,0.5889523950937091,Gifted,MIND,500.aparc,Node Versatility,0.35314949338633767,0.19164943716032443,0.5447989305466621,True,lh_caudalmiddlefrontal_part1,2,Association cortex - type 1,Association,True
0.1,lh_caudalmiddlefrontal_part4,0.5762433097799183,Gifted,MIND,500.aparc,Node Versatility,0.35314949338633767,0.19164943716032443,0.5447989305466621,True,lh_caudalmiddlefrontal_part4,2,Association cortex - type 1,Association,True
0.1,lh_fusiform_part2,0.7619690296878711,Gifted,MIND,500.aparc,Node Versatility,0.35314949338633767,0.19164943716032443,0.5447989305466621,True,lh_fusiform_part2,2,Association cortex - type 1,Association,True
0.1,lh_fusiform_part5,0.6610247718391153,Gifted,MIND,500.aparc,Node Versatility,0.35314949338633767,0.19164943716032443,0.5447989305466621,True,lh_fusiform_part5,2,Association cortex - type 1,Association,True
0.1,lh_inferiorparietal_part2,0.5495046234591188,Gifted,MIND,500.aparc,Node Versatility,0.35314949338633767,0.19164943716032443,0.5447989305466621,True,lh_inferiorparietal_part2,3,Association cortex - type 2,Association,True
0.1,lh_inferiorparietal_part8,0.704343344888974,Gifted,MIND,500.aparc,Node Versatility,0.35314949338633767,0.19164943716032443,0.5447989305466621,True,lh_inferiorparietal_part8,3,Association cortex - type 2,Association,True
0.1,lh_lateraloccipital_part6,0.663146196804475,Gifted,MIND,500.aparc,Node Versatility,0.35314949338633767,0.19164943716032443,0.5447989305466621,True,lh_lateraloccipital_part6,4,Secondary sensory cortex,Secondary,False
0.1,lh_lateralorbitofrontal_part1,0.8791061582462267,Gifted,MIND,500.aparc,Node Versatility,0.35314949338633767,0.19164943716032443,0.5447989305466621,True,lh_lateralorbitofrontal_part1,4,Secondary sensory cortex,Secondary,False
0.1,lh_medialorbitofrontal_part3,0.7508457804125876,Gifted,MIND,500.aparc,Node Versatility,0.35314949338633767,0.19164943716032443,0.5447989305466621,True,lh_medialorbitofrontal_part3,4,Secondary sensory cortex,Secondary,False
0.1,lh_middletemporal_part4,0.5492255641502521,Gifted,MIND,500.aparc,Node Versatility,0.35314949338633767,0.19164943716032443,0.5447989305466621,True,lh_middletemporal_part4,2,Association cortex - type 1,Association,True
0.1,lh_paracentral_part1,0.9147716058394556,Gifted,MIND,500.aparc,Node Versatility,0.35314949338633767,0.19164943716032443,0.5447989305466621,True,lh_paracentral_part1,1,Primary motor cortex,Primary,False
0.1,lh_paracentral_part3,0.6208331422604312,Gifted,MIND,500.aparc,Node Versatility,0.35314949338633767,0.19164943716032443,0.5447989305466621,True,lh_paracentral_part3,1,Primary motor cortex,Primary,False
0.1,lh_precentral_part1,0.7303809865197547,Gifted,MIND,500.aparc,Node Versatility,0.35314949338633767,0.19164943716032443,0.5447989305466621,True,lh_precentral_part1,1,Primary motor cortex,Primary,False
0.1,lh_precentral_part3,0.5536824736834933,Gifted,MIND,500.aparc,Node Versatility,0.35314949338633767,0.19164943716032443,0.5447989305466621,True,lh_precentral_part3,1,Primary motor cortex,Primary,False
0.1,lh_precentral_part6,0.7301273315945455,Gifted,MIND,500.aparc,Node Versatility,0.35314949338633767,0.19164943716032443,0.5447989305466621,True,lh_precentral_part6,1,Primary motor cortex,Primary,False
0.1,lh_precuneus_part2,0.5950967852903715,Gifted,MIND,500.aparc,Node Versatility,0.35314949338633767,0.19164943716032443,0.5447989305466621,True,lh_precuneus_part2,2,Association cortex - type 1,Association,True
0.1,lh_precuneus_part5,0.625841462590283,Gifted,MIND,500.aparc,Node Versatility,0.35314949338633767,0.19164943716032443,0.5447989305466621,True,lh_precuneus_part5,2,Association cortex - type 1,Association,True
0.1,lh_superiorfrontal_part13,0.8810382393567213,Gifted,MIND,500.aparc,Node Versatility,0.35314949338633767,0.19164943716032443,0.5447989305466621,True,lh_superiorfrontal_part13,2,Association cortex - type 1,Association,True
0.1,lh_superiorfrontal_part3,0.8492390780901427,Gifted,MIND,500.aparc,Node Versatility,0.35314949338633767,0.19164943716032443,0.5447989305466621,True,lh_superiorfrontal_part3,2,Association cortex - type 1,Association,True
0.1,lh_superiorfrontal_part7,0.8804152113391992,Gifted,MIND,500.aparc,Node Versatility,0.35314949338633767,0.19164943716032443,0.5447989305466621,True,lh_superiorfrontal_part7,2,Association cortex - type 1,Association,True
0.1,lh_superiorfrontal_part9,0.5598715944540813,Gifted,MIND,500.aparc,Node Versatility,0.35314949338633767,0.19164943716032443,0.5447989305466621,True,lh_superiorfrontal_part9,2,Association cortex - type 1,Association,True
0.1,lh_superiorparietal_part2,0.6535121876379273,Gifted,MIND,500.aparc,Node Versatility,0.35314949338633767,0.19164943716032443,0.5447989305466621,True,lh_superiorparietal_part2,2,Association cortex - type 1,Association,True
0.1,lh_superiorparietal_part3,0.6894418681478734,Gifted,MIND,500.aparc,Node Versatility,0.35314949338633767,0.19164943716032443,0.5447989305466621,True,lh_superiorparietal_part3,2,Association cortex - type 1,Association,True
0.1,lh_superiorparietal_part9,0.7019850545470825,Gifted,MIND,500.aparc,Node Versatility,0.35314949338633767,0.19164943716032443,0.5447989305466621,True,lh_superiorparietal_part9,2,Association cortex - type 1,Association,True
0.1,lh_superiortemporal_part2,0.6641042524947252,Gifted,MIND,500.aparc,Node Versatility,0.35314949338633767,0.19164943716032443,0.5447989305466621,True,lh_superiortemporal_part2,3,Association cortex - type 2,Association,True
0.1,lh_superiortemporal_part3,0.6002698700551885,Gifted,MIND,500.aparc,Node Versatility,0.35314949338633767,0.19164943716032443,0.5447989305466621,True,lh_superiortemporal_part3,3,Association cortex - type 2,Association,True
0.1,lh_supramarginal_part6,0.6154573164481432,Gifted,MIND,500.aparc,Node Versatility,0.35314949338633767,0.19164943716032443,0.5447989305466621,True,lh_supramarginal_part6,3,Association cortex - type 2,Association,True
0.1,rh_bankssts_part2,0.5547852004959238,Gifted,MIND,500.aparc,Node Versatility,0.35314949338633767,0.19164943716032443,0.5447989305466621,True,rh_bankssts_part2,3,Association cortex - type 2,Association,True
0.1,rh_fusiform_part2,0.6467793289902743,Gifted,MIND,500.aparc,Node Versatility,0.35314949338633767,0.19164943716032443,0.5447989305466621,True,rh_fusiform_part2,2,Association cortex - type 1,Association,True
0.1,rh_inferiorparietal_part10,0.7083437164221249,Gifted,MIND,500.aparc,Node Versatility,0.35314949338633767,0.19164943716032443,0.5447989305466621,True,rh_inferiorparietal_part10,3,Association cortex - type 2,Association,True
0.1,rh_inferiorparietal_part3,0.6767161093430103,Gifted,MIND,500.aparc,Node Versatility,0.35314949338633767,0.19164943716032443,0.5447989305466621,True,rh_inferiorparietal_part3,3,Association cortex - type 2,Association,True
0.1,rh_inferiorparietal_part4,0.6512708768265694,Gifted,MIND,500.aparc,Node Versatility,0.35314949338633767,0.19164943716032443,0.5447989305466621,True,rh_inferiorparietal_part4,3,Association cortex - type 2,Association,True
0.1,rh_inferiorparietal_part7,0.8598769737000077,Gifted,MIND,500.aparc,Node Versatility,0.35314949338633767,0.19164943716032443,0.5447989305466621,True,rh_inferiorparietal_part7,3,Association cortex - type 2,Association,True
0.1,rh_inferiortemporal_part2,0.5846309627081746,Gifted,MIND,500.aparc,Node Versatility,0.35314949338633767,0.19164943716032443,0.5447989305466621,True,rh_inferiortemporal_part2,2,Association cortex - type 1,Association,True
0.1,rh_inferiortemporal_part4,0.6373711246811549,Gifted,MIND,500.aparc,Node Versatility,0.35314949338633767,0.19164943716032443,0.5447989305466621,True,rh_inferiortemporal_part4,2,Association cortex - type 1,Association,True
0.1,rh_lateralorbitofrontal_part2,0.6749970575825275,Gifted,MIND,500.aparc,Node Versatility,0.35314949338633767,0.19164943716032443,0.5447989305466621,True,rh_lateralorbitofrontal_part2,4,Secondary sensory cortex,Secondary,False
0.1,rh_middletemporal_part4,0.766642694656034,Gifted,MIND,500.aparc,Node Versatility,0.35314949338633767,0.19164943716032443,0.5447989305466621,True,rh_middletemporal_part4,2,Association cortex - type 1,Association,True
0.1,rh_paracentral_part3,0.9147716058394556,Gifted,MIND,500.aparc,Node Versatility,0.35314949338633767,0.19164943716032443,0.5447989305466621,True,rh_paracentral_part3,1,Primary motor cortex,Primary,False
0.1,rh_precentral_part2,0.5536824736834933,Gifted,MIND,500.aparc,Node Versatility,0.35314949338633767,0.19164943716032443,0.5447989305466621,True,rh_precentral_part2,1,Primary motor cortex,Primary,False
0.1,rh_precentral_part6,0.7306337816941911,Gifted,MIND,500.aparc,Node Versatility,0.35314949338633767,0.19164943716032443,0.5447989305466621,True,rh_precentral_part6,1,Primary motor cortex,Primary,False
0.1,rh_precentral_part7,0.6208331422604312,Gifted,MIND,500.aparc,Node Versatility,0.35314949338633767,0.19164943716032443,0.5447989305466621,True,rh_precentral_part7,1,Primary motor cortex,Primary,False
0.1,rh_precuneus_part6,0.6462362329894222,Gifted,MIND,500.aparc,Node Versatility,0.35314949338633767,0.19164943716032443,0.5447989305466621,True,rh_precuneus_part6,2,Association cortex - type 1,Association,True
0.1,rh_superiorfrontal_part13,0.661509927632384,Gifted,MIND,500.aparc,Node Versatility,0.35314949338633767,0.19164943716032443,0.5447989305466621,True,rh_superiorfrontal_part13,2,Association cortex - type 1,Association,True
0.1,rh_superiorfrontal_part4,0.6471617842403758,Gifted,MIND,500.aparc,Node Versatility,0.35314949338633767,0.19164943716032443,0.5447989305466621,True,rh_superiorfrontal_part4,2,Association cortex - type 1,Association,True
0.1,rh_superiorfrontal_part7,0.5472194944199733,Gifted,MIND,500.aparc,Node Versatility,0.35314949338633767,0.19164943716032443,0.5447989305466621,True,rh_superiorfrontal_part7,2,Association cortex - type 1,Association,True
0.1,rh_superiorparietal_part1,0.6819635758945481,Gifted,MIND,500.aparc,Node Versatility,0.35314949338633767,0.19164943716032443,0.5447989305466621,True,rh_superiorparietal_part1,2,Association cortex - type 1,Association,True
0.1,rh_superiorparietal_part10,0.7123019260246647,Gifted,MIND,500.aparc,Node Versatility,0.35314949338633767,0.19164943716032443,0.5447989305466621,True,rh_superiorparietal_part10,2,Association cortex - type 1,Association,True
0.1,rh_superiorparietal_part6,0.6803339732070184,Gifted,MIND,500.aparc,Node Versatility,0.35314949338633767,0.19164943716032443,0.5447989305466621,True,rh_superiorparietal_part6,2,Association cortex - type 1,Association,True
0.1,rh_superiortemporal_part1,0.6641042524947252,Gifted,MIND,500.aparc,Node Versatility,0.35314949338633767,0.19164943716032443,0.5447989305466621,True,rh_superiortemporal_part1,3,Association cortex - type 2,Association,True
0.1,rh_superiortemporal_part6,0.562433114198588,Gifted,MIND,500.aparc,Node Versatility,0.35314949338633767,0.19164943716032443,0.5447989305466621,True,rh_superiortemporal_part6,3,Association cortex - type 2,Association,True
0.1,rh_supramarginal_part3,0.7609110074883926,Gifted,MIND,500.aparc,Node Versatility,0.35314949338633767,0.19164943716032443,0.5447989305466621,True,rh_supramarginal_part3,3,Association cortex - type 2,Association,True
0.15,lh_fusiform_part2,0.5645656621663798,Gifted,MIND,500.aparc,Node Versatility,0.29287915056675207,0.1649475430922315,0.45782669365898354,True,lh_fusiform_part2,2,Association cortex - type 1,Association,True
0.15,lh_fusiform_part5,0.8069914887530316,Gifted,MIND,500.aparc,Node Versatility,0.29287915056675207,0.1649475430922315,0.45782669365898354,True,lh_fusiform_part5,2,Association cortex - type 1,Association,True
0.15,lh_inferiorparietal_part2,0.7862709785890817,Gifted,MIND,500.aparc,Node Versatility,0.29287915056675207,0.1649475430922315,0.45782669365898354,True,lh_inferiorparietal_part2,3,Association cortex - type 2,Association,True
0.15,lh_inferiorparietal_part8,0.4743166419134353,Gifted,MIND,500.aparc,Node Versatility,0.29287915056675207,0.1649475430922315,0.45782669365898354,True,lh_inferiorparietal_part8,3,Association cortex - type 2,Association,True
0.15,lh_inferiortemporal_part3,0.4633820462330181,Gifted,MIND,500.aparc,Node Versatility,0.29287915056675207,0.1649475430922315,0.45782669365898354,True,lh_inferiortemporal_part3,2,Association cortex - type 1,Association,True
0.15,lh_inferiortemporal_part4,0.4772762415271207,Gifted,MIND,500.aparc,Node Versatility,0.29287915056675207,0.1649475430922315,0.45782669365898354,True,lh_inferiortemporal_part4,2,Association cortex - type 1,Association,True
0.15,lh_isthmuscingulate_part1,0.4659504618817127,Gifted,MIND,500.aparc,Node Versatility,0.29287915056675207,0.1649475430922315,0.45782669365898354,True,lh_isthmuscingulate_part1,6,Limbic cortex,Limbic,False
0.15,lh_lateraloccipital_part1,0.5336665002819099,Gifted,MIND,500.aparc,Node Versatility,0.29287915056675207,0.1649475430922315,0.45782669365898354,True,lh_lateraloccipital_part1,4,Secondary sensory cortex,Secondary,False
0.15,lh_lateraloccipital_part2,0.6630772845895478,Gifted,MIND,500.aparc,Node Versatility,0.29287915056675207,0.1649475430922315,0.45782669365898354,True,lh_lateraloccipital_part2,4,Secondary sensory cortex,Secondary,False
0.15,lh_lateraloccipital_part6,0.5418744124468869,Gifted,MIND,500.aparc,Node Versatility,0.29287915056675207,0.1649475430922315,0.45782669365898354,True,lh_lateraloccipital_part6,4,Secondary sensory cortex,Secondary,False
0.15,lh_lateraloccipital_part7,0.5360681106609322,Gifted,MIND,500.aparc,Node Versatility,0.29287915056675207,0.1649475430922315,0.45782669365898354,True,lh_lateraloccipital_part7,4,Secondary sensory cortex,Secondary,False
0.15,lh_lateraloccipital_part9,0.5101828852391835,Gifted,MIND,500.aparc,Node Versatility,0.29287915056675207,0.1649475430922315,0.45782669365898354,True,lh_lateraloccipital_part9,4,Secondary sensory cortex,Secondary,False
0.15,lh_lingual_part6,0.5334210100773512,Gifted,MIND,500.aparc,Node Versatility,0.29287915056675207,0.1649475430922315,0.45782669365898354,True,lh_lingual_part6,4,Secondary sensory cortex,Secondary,False
0.15,lh_middletemporal_part5,0.6489604924380661,Gifted,MIND,500.aparc,Node Versatility,0.29287915056675207,0.1649475430922315,0.45782669365898354,True,lh_middletemporal_part5,2,Association cortex - type 1,Association,True
0.15,lh_paracentral_part1,0.5708463915260127,Gifted,MIND,500.aparc,Node Versatility,0.29287915056675207,0.1649475430922315,0.45782669365898354,True,lh_paracentral_part1,1,Primary motor cortex,Primary,False
0.15,lh_precentral_part1,0.4800781599745976,Gifted,MIND,500.aparc,Node Versatility,0.29287915056675207,0.1649475430922315,0.45782669365898354,True,lh_precentral_part1,1,Primary motor cortex,Primary,False
0.15,lh_precentral_part7,0.4679668981509771,Gifted,MIND,500.aparc,Node Versatility,0.29287915056675207,0.1649475430922315,0.45782669365898354,True,lh_precentral_part7,1,Primary motor cortex,Primary,False
0.15,lh_superiorfrontal_part11,0.4690536063921297,Gifted,MIND,500.aparc,Node Versatility,0.29287915056675207,0.1649475430922315,0.45782669365898354,True,lh_superiorfrontal_part11,2,Association cortex - type 1,Association,True
0.15,lh_superiorfrontal_part12,0.6809286714980338,Gifted,MIND,500.aparc,Node Versatility,0.29287915056675207,0.1649475430922315,0.45782669365898354,True,lh_superiorfrontal_part12,2,Association cortex - type 1,Association,True
0.15,lh_superiorfrontal_part13,0.5662845154228645,Gifted,MIND,500.aparc,Node Versatility,0.29287915056675207,0.1649475430922315,0.45782669365898354,True,lh_superiorfrontal_part13,2,Association cortex - type 1,Association,True
0.15,lh_superiorfrontal_part3,0.6260780493868096,Gifted,MIND,500.aparc,Node Versatility,0.29287915056675207,0.1649475430922315,0.45782669365898354,True,lh_superiorfrontal_part3,2,Association cortex - type 1,Association,True
0.15,lh_superiorfrontal_part7,0.6647513373485981,Gifted,MIND,500.aparc,Node Versatility,0.29287915056675207,0.1649475430922315,0.45782669365898354,True,lh_superiorfrontal_part7,2,Association cortex - type 1,Association,True
0.15,lh_superiorfrontal_part9,0.53153488057904,Gifted,MIND,500.aparc,Node Versatility,0.29287915056675207,0.1649475430922315,0.45782669365898354,True,lh_superiorfrontal_part9,2,Association cortex - type 1,Association,True
0.15,lh_superiorparietal_part2,0.5614413405746996,Gifted,MIND,500.aparc,Node Versatility,0.29287915056675207,0.1649475430922315,0.45782669365898354,True,lh_superiorparietal_part2,2,Association cortex - type 1,Association,True
0.15,lh_superiorparietal_part3,0.8232402807109789,Gifted,MIND,500.aparc,Node Versatility,0.29287915056675207,0.1649475430922315,0.45782669365898354,True,lh_superiorparietal_part3,2,Association cortex - type 1,Association,True
0.15,lh_superiorparietal_part9,0.6348971375288369,Gifted,MIND,500.aparc,Node Versatility,0.29287915056675207,0.1649475430922315,0.45782669365898354,True,lh_superiorparietal_part9,2,Association cortex - type 1,Association,True
0.15,lh_superiortemporal_part2,0.6005476778486898,Gifted,MIND,500.aparc,Node Versatility,0.29287915056675207,0.1649475430922315,0.45782669365898354,True,lh_superiortemporal_part2,3,Association cortex - type 2,Association,True
0.15,lh_superiortemporal_part3,0.5942984618704442,Gifted,MIND,500.aparc,Node Versatility,0.29287915056675207,0.1649475430922315,0.45782669365898354,True,lh_superiortemporal_part3,3,Association cortex - type 2,Association,True
0.15,lh_supramarginal_part2,0.4844771208941924,Gifted,MIND,500.aparc,Node Versatility,0.29287915056675207,0.1649475430922315,0.45782669365898354,True,lh_supramarginal_part2,3,Association cortex - type 2,Association,True
0.15,rh_bankssts_part2,0.6211128924261954,Gifted,MIND,500.aparc,Node Versatility,0.29287915056675207,0.1649475430922315,0.45782669365898354,True,rh_bankssts_part2,3,Association cortex - type 2,Association,True
0.15,rh_fusiform_part2,0.6035991037442932,Gifted,MIND,500.aparc,Node Versatility,0.29287915056675207,0.1649475430922315,0.45782669365898354,True,rh_fusiform_part2,2,Association cortex - type 1,Association,True
0.15,rh_inferiorparietal_part4,0.8574308912293923,Gifted,MIND,500.aparc,Node Versatility,0.29287915056675207,0.1649475430922315,0.45782669365898354,True,rh_inferiorparietal_part4,3,Association cortex - type 2,Association,True
0.15,rh_inferiorparietal_part7,0.5635294665659654,Gifted,MIND,500.aparc,Node Versatility,0.29287915056675207,0.1649475430922315,0.45782669365898354,True,rh_inferiorparietal_part7,3,Association cortex - type 2,Association,True
0.15,rh_inferiortemporal_part4,0.5978360851467992,Gifted,MIND,500.aparc,Node Versatility,0.29287915056675207,0.1649475430922315,0.45782669365898354,True,rh_inferiortemporal_part4,2,Association cortex - type 1,Association,True
0.15,rh_isthmuscingulate_part1,0.4659504618817127,Gifted,MIND,500.aparc,Node Versatility,0.29287915056675207,0.1649475430922315,0.45782669365898354,True,rh_isthmuscingulate_part1,6,Limbic cortex,Limbic,False
0.15,rh_lateraloccipital_part2,0.4877970170571694,Gifted,MIND,500.aparc,Node Versatility,0.29287915056675207,0.1649475430922315,0.45782669365898354,True,rh_lateraloccipital_part2,4,Secondary sensory cortex,Secondary,False
0.15,rh_lateraloccipital_part4,0.5336665002819099,Gifted,MIND,500.aparc,Node Versatility,0.29287915056675207,0.1649475430922315,0.45782669365898354,True,rh_lateraloccipital_part4,4,Secondary sensory cortex,Secondary,False
0.15,rh_lateraloccipital_part7,0.5100227064183607,Gifted,MIND,500.aparc,Node Versatility,0.29287915056675207,0.1649475430922315,0.45782669365898354,True,rh_lateraloccipital_part7,4,Secondary sensory cortex,Secondary,False
0.15,rh_lateraloccipital_part8,0.5369043955005146,Gifted,MIND,500.aparc,Node Versatility,0.29287915056675207,0.1649475430922315,0.45782669365898354,True,rh_lateraloccipital_part8,4,Secondary sensory cortex,Secondary,False
0.15,rh_lingual_part6,0.5238842215527162,Gifted,MIND,500.aparc,Node Versatility,0.29287915056675207,0.1649475430922315,0.45782669365898354,True,rh_lingual_part6,4,Secondary sensory cortex,Secondary,False
0.15,rh_middletemporal_part4,0.6684737911622967,Gifted,MIND,500.aparc,Node Versatility,0.29287915056675207,0.1649475430922315,0.45782669365898354,True,rh_middletemporal_part4,2,Association cortex - type 1,Association,True
0.15,rh_paracentral_part3,0.7303224645827937,Gifted,MIND,500.aparc,Node Versatility,0.29287915056675207,0.1649475430922315,0.45782669365898354,True,rh_paracentral_part3,1,Primary motor cortex,Primary,False
0.15,rh_superiorfrontal_part12,0.506817716827257,Gifted,MIND,500.aparc,Node Versatility,0.29287915056675207,0.1649475430922315,0.45782669365898354,True,rh_superiorfrontal_part12,2,Association cortex - type 1,Association,True
0.15,rh_superiorfrontal_part13,0.5355311864854835,Gifted,MIND,500.aparc,Node Versatility,0.29287915056675207,0.1649475430922315,0.45782669365898354,True,rh_superiorfrontal_part13,2,Association cortex - type 1,Association,True
0.15,rh_superiorfrontal_part4,0.6820635952106481,Gifted,MIND,500.aparc,Node Versatility,0.29287915056675207,0.1649475430922315,0.45782669365898354,True,rh_superiorfrontal_part4,2,Association cortex - type 1,Association,True
0.15,rh_superiorfrontal_part5,0.4945470064835967,Gifted,MIND,500.aparc,Node Versatility,0.29287915056675207,0.1649475430922315,0.45782669365898354,True,rh_superiorfrontal_part5,2,Association cortex - type 1,Association,True
0.15,rh_superiorfrontal_part9,0.6044959767882714,Gifted,MIND,500.aparc,Node Versatility,0.29287915056675207,0.1649475430922315,0.45782669365898354,True,rh_superiorfrontal_part9,2,Association cortex - type 1,Association,True
0.15,rh_superiorparietal_part1,0.5191497085011877,Gifted,MIND,500.aparc,Node Versatility,0.29287915056675207,0.1649475430922315,0.45782669365898354,True,rh_superiorparietal_part1,2,Association cortex - type 1,Association,True
0.15,rh_superiorparietal_part10,0.5965936345166062,Gifted,MIND,500.aparc,Node Versatility,0.29287915056675207,0.1649475430922315,0.45782669365898354,True,rh_superiorparietal_part10,2,Association cortex - type 1,Association,True
0.15,rh_superiorparietal_part6,0.7819363323545115,Gifted,MIND,500.aparc,Node Versatility,0.29287915056675207,0.1649475430922315,0.45782669365898354,True,rh_superiorparietal_part6,2,Association cortex - type 1,Association,True
0.15,rh_superiortemporal_part1,0.6005476778486898,Gifted,MIND,500.aparc,Node Versatility,0.29287915056675207,0.1649475430922315,0.45782669365898354,True,rh_superiortemporal_part1,3,Association cortex - type 2,Association,True
0.15,rh_supramarginal_part2,0.4844771208941924,Gifted,MIND,500.aparc,Node Versatility,0.29287915056675207,0.1649475430922315,0.45782669365898354,True,rh_supramarginal_part2,3,Association cortex - type 2,Association,True
0.2,lh_caudalmiddlefrontal_part4,0.610350978222281,Gifted,MIND,500.aparc,Node Versatility,0.395457221840795,0.19239138031947114,0.5878486021602661,True,lh_caudalmiddlefrontal_part4,2,Association cortex - type 1,Association,True
0.2,lh_fusiform_part2,0.7277123963071174,Gifted,MIND,500.aparc,Node Versatility,0.395457221840795,0.19239138031947114,0.5878486021602661,True,lh_fusiform_part2,2,Association cortex - type 1,Association,True
0.2,lh_fusiform_part5,0.8449283552466939,Gifted,MIND,500.aparc,Node Versatility,0.395457221840795,0.19239138031947114,0.5878486021602661,True,lh_fusiform_part5,2,Association cortex - type 1,Association,True
0.2,lh_inferiorparietal_part2,0.6854780184374059,Gifted,MIND,500.aparc,Node Versatility,0.395457221840795,0.19239138031947114,0.5878486021602661,True,lh_inferiorparietal_part2,3,Association cortex - type 2,Association,True
0.2,lh_inferiortemporal_part4,0.6879842772367073,Gifted,MIND,500.aparc,Node Versatility,0.395457221840795,0.19239138031947114,0.5878486021602661,True,lh_inferiortemporal_part4,2,Association cortex - type 1,Association,True
0.2,lh_lateraloccipital_part1,0.8151020007156768,Gifted,MIND,500.aparc,Node Versatility,0.395457221840795,0.19239138031947114,0.5878486021602661,True,lh_lateraloccipital_part1,4,Secondary sensory cortex,Secondary,False
0.2,lh_lateraloccipital_part2,0.7481686242935418,Gifted,MIND,500.aparc,Node Versatility,0.395457221840795,0.19239138031947114,0.5878486021602661,True,lh_lateraloccipital_part2,4,Secondary sensory cortex,Secondary,False
0.2,lh_lateraloccipital_part4,0.6581662745436195,Gifted,MIND,500.aparc,Node Versatility,0.395457221840795,0.19239138031947114,0.5878486021602661,True,lh_lateraloccipital_part4,4,Secondary sensory cortex,Secondary,False
0.2,lh_lateraloccipital_part6,0.810194459493519,Gifted,MIND,500.aparc,Node Versatility,0.395457221840795,0.19239138031947114,0.5878486021602661,True,lh_lateraloccipital_part6,4,Secondary sensory cortex,Secondary,False
0.2,lh_lateraloccipital_part7,0.7510330925520765,Gifted,MIND,500.aparc,Node Versatility,0.395457221840795,0.19239138031947114,0.5878486021602661,True,lh_lateraloccipital_part7,4,Secondary sensory cortex,Secondary,False
0.2,lh_lateraloccipital_part9,0.7034688869893416,Gifted,MIND,500.aparc,Node Versatility,0.395457221840795,0.19239138031947114,0.5878486021602661,True,lh_lateraloccipital_part9,4,Secondary sensory cortex,Secondary,False
0.2,lh_lingual_part6,0.8159682828946094,Gifted,MIND,500.aparc,Node Versatility,0.395457221840795,0.19239138031947114,0.5878486021602661,True,lh_lingual_part6,4,Secondary sensory cortex,Secondary,False
0.2,lh_middletemporal_part4,0.6017262015633724,Gifted,MIND,500.aparc,Node Versatility,0.395457221840795,0.19239138031947114,0.5878486021602661,True,lh_middletemporal_part4,2,Association cortex - type 1,Association,True
0.2,lh_middletemporal_part5,0.7172669964787336,Gifted,MIND,500.aparc,Node Versatility,0.395457221840795,0.19239138031947114,0.5878486021602661,True,lh_middletemporal_part5,2,Association cortex - type 1,Association,True
0.2,lh_paracentral_part1,0.6402316897530121,Gifted,MIND,500.aparc,Node Versatility,0.395457221840795,0.19239138031947114,0.5878486021602661,True,lh_paracentral_part1,1,Primary motor cortex,Primary,False
0.2,lh_rostralmiddlefrontal_part1,0.6001584017328322,Gifted,MIND,500.aparc,Node Versatility,0.395457221840795,0.19239138031947114,0.5878486021602661,True,lh_rostralmiddlefrontal_part1,3,Association cortex - type 2,Association,True
0.2,lh_superiorfrontal_part11,0.6748887359530491,Gifted,MIND,500.aparc,Node Versatility,0.395457221840795,0.19239138031947114,0.5878486021602661,True,lh_superiorfrontal_part11,2,Association cortex - type 1,Association,True
0.2,lh_superiorfrontal_part12,0.7973559994716688,Gifted,MIND,500.aparc,Node Versatility,0.395457221840795,0.19239138031947114,0.5878486021602661,True,lh_superiorfrontal_part12,2,Association cortex - type 1,Association,True
0.2,lh_superiorfrontal_part13,0.7479059802802964,Gifted,MIND,500.aparc,Node Versatility,0.395457221840795,0.19239138031947114,0.5878486021602661,True,lh_superiorfrontal_part13,2,Association cortex - type 1,Association,True
0.2,lh_superiorfrontal_part3,0.7598738952614786,Gifted,MIND,500.aparc,Node Versatility,0.395457221840795,0.19239138031947114,0.5878486021602661,True,lh_superiorfrontal_part3,2,Association cortex - type 1,Association,True
0.2,lh_superiorfrontal_part7,0.7992772544946283,Gifted,MIND,500.aparc,Node Versatility,0.395457221840795,0.19239138031947114,0.5878486021602661,True,lh_superiorfrontal_part7,2,Association cortex - type 1,Association,True
0.2,lh_superiorfrontal_part9,0.6891091259520793,Gifted,MIND,500.aparc,Node Versatility,0.395457221840795,0.19239138031947114,0.5878486021602661,True,lh_superiorfrontal_part9,2,Association cortex - type 1,Association,True
0.2,lh_superiorparietal_part2,0.6622489514888161,Gifted,MIND,500.aparc,Node Versatility,0.395457221840795,0.19239138031947114,0.5878486021602661,True,lh_superiorparietal_part2,2,Association cortex - type 1,Association,True
0.2,lh_superiorparietal_part3,0.8150321644790516,Gifted,MIND,500.aparc,Node Versatility,0.395457221840795,0.19239138031947114,0.5878486021602661,True,lh_superiorparietal_part3,2,Association cortex - type 1,Association,True
0.2,lh_superiorparietal_part9,1.0,Gifted,MIND,500.aparc,Node Versatility,0.395457221840795,0.19239138031947114,0.5878486021602661,True,lh_superiorparietal_part9,2,Association cortex - type 1,Association,True
0.2,lh_superiortemporal_part2,0.7709492154087756,Gifted,MIND,500.aparc,Node Versatility,0.395457221840795,0.19239138031947114,0.5878486021602661,True,lh_superiortemporal_part2,3,Association cortex - type 2,Association,True
0.2,lh_superiortemporal_part3,0.7459176779025616,Gifted,MIND,500.aparc,Node Versatility,0.395457221840795,0.19239138031947114,0.5878486021602661,True,lh_superiortemporal_part3,3,Association cortex - type 2,Association,True
0.2,lh_supramarginal_part2,0.6806885337256884,Gifted,MIND,500.aparc,Node Versatility,0.395457221840795,0.19239138031947114,0.5878486021602661,True,lh_supramarginal_part2,3,Association cortex - type 2,Association,True
0.2,rh_fusiform_part2,0.7401221881601168,Gifted,MIND,500.aparc,Node Versatility,0.395457221840795,0.19239138031947114,0.5878486021602661,True,rh_fusiform_part2,2,Association cortex - type 1,Association,True
0.2,rh_isthmuscingulate_part1,0.8433968063102946,Gifted,MIND,500.aparc,Node Versatility,0.395457221840795,0.19239138031947114,0.5878486021602661,True,rh_isthmuscingulate_part1,6,Limbic cortex,Limbic,False
0.2,rh_lateraloccipital_part2,0.8646632059180986,Gifted,MIND,500.aparc,Node Versatility,0.395457221840795,0.19239138031947114,0.5878486021602661,True,rh_lateraloccipital_part2,4,Secondary sensory cortex,Secondary,False
0.2,rh_lateraloccipital_part4,0.8222843142965509,Gifted,MIND,500.aparc,Node Versatility,0.395457221840795,0.19239138031947114,0.5878486021602661,True,rh_lateraloccipital_part4,4,Secondary sensory cortex,Secondary,False
0.2,rh_lateraloccipital_part6,0.7313674995094148,Gifted,MIND,500.aparc,Node Versatility,0.395457221840795,0.19239138031947114,0.5878486021602661,True,rh_lateraloccipital_part6,4,Secondary sensory cortex,Secondary,False
0.2,rh_lateraloccipital_part7,0.7267570532391593,Gifted,MIND,500.aparc,Node Versatility,0.395457221840795,0.19239138031947114,0.5878486021602661,True,rh_lateraloccipital_part7,4,Secondary sensory cortex,Secondary,False
0.2,rh_lateraloccipital_part8,0.6843904794760297,Gifted,MIND,500.aparc,Node Versatility,0.395457221840795,0.19239138031947114,0.5878486021602661,True,rh_lateraloccipital_part8,4,Secondary sensory cortex,Secondary,False
0.2,rh_lateraloccipital_part9,0.6324666019823859,Gifted,MIND,500.aparc,Node Versatility,0.395457221840795,0.19239138031947114,0.5878486021602661,True,rh_lateraloccipital_part9,4,Secondary sensory cortex,Secondary,False
0.2,rh_lingual_part6,0.8216155862164896,Gifted,MIND,500.aparc,Node Versatility,0.395457221840795,0.19239138031947114,0.5878486021602661,True,rh_lingual_part6,4,Secondary sensory cortex,Secondary,False
0.2,rh_precuneus_part3,0.5886088691350746,Gifted,MIND,500.aparc,Node Versatility,0.395457221840795,0.19239138031947114,0.5878486021602661,True,rh_precuneus_part3,2,Association cortex - type 1,Association,True
0.2,rh_precuneus_part6,0.6070473917332496,Gifted,MIND,500.aparc,Node Versatility,0.395457221840795,0.19239138031947114,0.5878486021602661,True,rh_precuneus_part6,2,Association cortex - type 1,Association,True
0.2,rh_rostralmiddlefrontal_part10,0.6096663243520691,Gifted,MIND,500.aparc,Node Versatility,0.395457221840795,0.19239138031947114,0.5878486021602661,True,rh_rostralmiddlefrontal_part10,3,Association cortex - type 2,Association,True
0.2,rh_rostralmiddlefrontal_part7,0.6370586459562261,Gifted,MIND,500.aparc,Node Versatility,0.395457221840795,0.19239138031947114,0.5878486021602661,True,rh_rostralmiddlefrontal_part7,3,Association cortex - type 2,Association,True
0.2,rh_rostralmiddlefrontal_part8,0.6049186653296315,Gifted,MIND,500.aparc,Node Versatility,0.395457221840795,0.19239138031947114,0.5878486021602661,True,rh_rostralmiddlefrontal_part8,3,Association cortex - type 2,Association,True
0.2,rh_superiorfrontal_part12,0.6639865454388898,Gifted,MIND,500.aparc,Node Versatility,0.395457221840795,0.19239138031947114,0.5878486021602661,True,rh_superiorfrontal_part12,2,Association cortex - type 1,Association,True
0.2,rh_superiorfrontal_part13,0.7357007454484079,Gifted,MIND,500.aparc,Node Versatility,0.395457221840795,0.19239138031947114,0.5878486021602661,True,rh_superiorfrontal_part13,2,Association cortex - type 1,Association,True
0.2,rh_superiorfrontal_part4,0.9406070608063168,Gifted,MIND,500.aparc,Node Versatility,0.395457221840795,0.19239138031947114,0.5878486021602661,True,rh_superiorfrontal_part4,2,Association cortex - type 1,Association,True
0.2,rh_superiorfrontal_part9,0.6663843159054029,Gifted,MIND,500.aparc,Node Versatility,0.395457221840795,0.19239138031947114,0.5878486021602661,True,rh_superiorfrontal_part9,2,Association cortex - type 1,Association,True
0.2,rh_superiorparietal_part1,0.7718183614311384,Gifted,MIND,500.aparc,Node Versatility,0.395457221840795,0.19239138031947114,0.5878486021602661,True,rh_superiorparietal_part1,2,Association cortex - type 1,Association,True
0.2,rh_superiorparietal_part10,0.7853602979367204,Gifted,MIND,500.aparc,Node Versatility,0.395457221840795,0.19239138031947114,0.5878486021602661,True,rh_superiorparietal_part10,2,Association cortex - type 1,Association,True
0.2,rh_superiorparietal_part6,0.6795492359735881,Gifted,MIND,500.aparc,Node Versatility,0.395457221840795,0.19239138031947114,0.5878486021602661,True,rh_superiorparietal_part6,2,Association cortex - type 1,Association,True
0.2,rh_superiortemporal_part1,0.7709492154087756,Gifted,MIND,500.aparc,Node Versatility,0.395457221840795,0.19239138031947114,0.5878486021602661,True,rh_superiortemporal_part1,3,Association cortex - type 2,Association,True
0.2,rh_supramarginal_part2,0.6806885337256884,Gifted,MIND,500.aparc,Node Versatility,0.395457221840795,0.19239138031947114,0.5878486021602661,True,rh_supramarginal_part2,3,Association cortex - type 2,Association,True
0.2,rh_supramarginal_part5,0.6561565096742878,Gifted,MIND,500.aparc,Node Versatility,0.395457221840795,0.19239138031947114,0.5878486021602661,True,rh_supramarginal_part5,3,Association cortex - type 2,Association,True
0.3,lh_cuneus_part1,0.6549343728553898,Gifted,MIND,500.aparc,Node Versatility,0.3778693183380691,0.2620197159551523,0.6398890342932213,True,lh_cuneus_part1,4,Secondary sensory cortex,Secondary,False
0.3,lh_isthmuscingulate_part1,0.8867620618800119,Gifted,MIND,500.aparc,Node Versatility,0.3778693183380691,0.2620197159551523,0.6398890342932213,True,lh_isthmuscingulate_part1,6,Limbic cortex,Limbic,False
0.3,lh_lateraloccipital_part1,0.6494055409207735,Gifted,MIND,500.aparc,Node Versatility,0.3778693183380691,0.2620197159551523,0.6398890342932213,True,lh_lateraloccipital_part1,4,Secondary sensory cortex,Secondary,False
0.3,lh_lateraloccipital_part4,0.7186644223459183,Gifted,MIND,500.aparc,Node Versatility,0.3778693183380691,0.2620197159551523,0.6398890342932213,True,lh_lateraloccipital_part4,4,Secondary sensory cortex,Secondary,False
0.3,lh_lateraloccipital_part6,0.8089324292439961,Gifted,MIND,500.aparc,Node Versatility,0.3778693183380691,0.2620197159551523,0.6398890342932213,True,lh_lateraloccipital_part6,4,Secondary sensory cortex,Secondary,False
0.3,lh_lateraloccipital_part7,0.7781698212852349,Gifted,MIND,500.aparc,Node Versatility,0.3778693183380691,0.2620197159551523,0.6398890342932213,True,lh_lateraloccipital_part7,4,Secondary sensory cortex,Secondary,False
0.3,lh_lingual_part3,0.7158312200495419,Gifted,MIND,500.aparc,Node Versatility,0.3778693183380691,0.2620197159551523,0.6398890342932213,True,lh_lingual_part3,4,Secondary sensory cortex,Secondary,False
0.3,lh_lingual_part5,0.7722520726168253,Gifted,MIND,500.aparc,Node Versatility,0.3778693183380691,0.2620197159551523,0.6398890342932213,True,lh_lingual_part5,4,Secondary sensory cortex,Secondary,False
0.3,lh_lingual_part6,0.7093284549186321,Gifted,MIND,500.aparc,Node Versatility,0.3778693183380691,0.2620197159551523,0.6398890342932213,True,lh_lingual_part6,4,Secondary sensory cortex,Secondary,False
0.3,lh_medialorbitofrontal_part1,0.6829640590550153,Gifted,MIND,500.aparc,Node Versatility,0.3778693183380691,0.2620197159551523,0.6398890342932213,True,lh_medialorbitofrontal_part1,4,Secondary sensory cortex,Secondary,False
0.3,lh_medialorbitofrontal_part2,0.9090301530083972,Gifted,MIND,500.aparc,Node Versatility,0.3778693183380691,0.2620197159551523,0.6398890342932213,True,lh_medialorbitofrontal_part2,4,Secondary sensory cortex,Secondary,False
0.3,lh_medialorbitofrontal_part3,0.7457658480381447,Gifted,MIND,500.aparc,Node Versatility,0.3778693183380691,0.2620197159551523,0.6398890342932213,True,lh_medialorbitofrontal_part3,4,Secondary sensory cortex,Secondary,False
0.3,lh_paracentral_part1,0.8063674150569061,Gifted,MIND,500.aparc,Node Versatility,0.3778693183380691,0.2620197159551523,0.6398890342932213,True,lh_paracentral_part1,1,Primary motor cortex,Primary,False
0.3,lh_paracentral_part3,0.7466727030690311,Gifted,MIND,500.aparc,Node Versatility,0.3778693183380691,0.2620197159551523,0.6398890342932213,True,lh_paracentral_part3,1,Primary motor cortex,Primary,False
0.3,lh_pericalcarine_part1,0.7722520726168253,Gifted,MIND,500.aparc,Node Versatility,0.3778693183380691,0.2620197159551523,0.6398890342932213,True,lh_pericalcarine_part1,5,Primary sensory cortex,Primary,False
0.3,lh_pericalcarine_part2,0.7722520726168253,Gifted,MIND,500.aparc,Node Versatility,0.3778693183380691,0.2620197159551523,0.6398890342932213,True,lh_pericalcarine_part2,5,Primary sensory cortex,Primary,False
0.3,lh_postcentral_part1,0.6570322640866779,Gifted,MIND,500.aparc,Node Versatility,0.3778693183380691,0.2620197159551523,0.6398890342932213,True,lh_postcentral_part1,5,Primary sensory cortex,Primary,False
0.3,lh_postcentral_part3,0.6866197123392725,Gifted,MIND,500.aparc,Node Versatility,0.3778693183380691,0.2620197159551523,0.6398890342932213,True,lh_postcentral_part3,5,Primary sensory cortex,Primary,False
0.3,lh_postcentral_part5,0.6920590017760168,Gifted,MIND,500.aparc,Node Versatility,0.3778693183380691,0.2620197159551523,0.6398890342932213,True,lh_postcentral_part5,5,Primary sensory cortex,Primary,False
0.3,lh_postcentral_part6,0.6920590017760168,Gifted,MIND,500.aparc,Node Versatility,0.3778693183380691,0.2620197159551523,0.6398890342932213,True,lh_postcentral_part6,5,Primary sensory cortex,Primary,False
0.3,lh_postcentral_part8,0.6920590017760168,Gifted,MIND,500.aparc,Node Versatility,0.3778693183380691,0.2620197159551523,0.6398890342932213,True,lh_postcentral_part8,5,Primary sensory cortex,Primary,False
0.3,lh_precentral_part3,0.976705398375239,Gifted,MIND,500.aparc,Node Versatility,0.3778693183380691,0.2620197159551523,0.6398890342932213,True,lh_precentral_part3,1,Primary motor cortex,Primary,False
0.3,lh_precuneus_part5,0.8133712474921453,Gifted,MIND,500.aparc,Node Versatility,0.3778693183380691,0.2620197159551523,0.6398890342932213,True,lh_precuneus_part5,2,Association cortex - type 1,Association,True
0.3,lh_rostralmiddlefrontal_part1,0.8154298702245625,Gifted,MIND,500.aparc,Node Versatility,0.3778693183380691,0.2620197159551523,0.6398890342932213,True,lh_rostralmiddlefrontal_part1,3,Association cortex - type 2,Association,True
0.3,lh_rostralmiddlefrontal_part2,0.7226840179772801,Gifted,MIND,500.aparc,Node Versatility,0.3778693183380691,0.2620197159551523,0.6398890342932213,True,lh_rostralmiddlefrontal_part2,3,Association cortex - type 2,Association,True
0.3,lh_rostralmiddlefrontal_part8,0.6530761387767241,Gifted,MIND,500.aparc,Node Versatility,0.3778693183380691,0.2620197159551523,0.6398890342932213,True,lh_rostralmiddlefrontal_part8,3,Association cortex - type 2,Association,True
0.3,lh_superiorfrontal_part2,0.6747958352824246,Gifted,MIND,500.aparc,Node Versatility,0.3778693183380691,0.2620197159551523,0.6398890342932213,True,lh_superiorfrontal_part2,2,Association cortex - type 1,Association,True
0.3,lh_superiorfrontal_part3,0.7904935808624198,Gifted,MIND,500.aparc,Node Versatility,0.3778693183380691,0.2620197159551523,0.6398890342932213,True,lh_superiorfrontal_part3,2,Association cortex - type 1,Association,True
0.3,lh_superiorfrontal_part7,0.6945781868621013,Gifted,MIND,500.aparc,Node Versatility,0.3778693183380691,0.2620197159551523,0.6398890342932213,True,lh_superiorfrontal_part7,2,Association cortex - type 1,Association,True
0.3,lh_superiorparietal_part2,0.7788085551548696,Gifted,MIND,500.aparc,Node Versatility,0.3778693183380691,0.2620197159551523,0.6398890342932213,True,lh_superiorparietal_part2,2,Association cortex - type 1,Association,True
0.3,lh_superiorparietal_part6,0.8118337463992463,Gifted,MIND,500.aparc,Node Versatility,0.3778693183380691,0.2620197159551523,0.6398890342932213,True,lh_superiorparietal_part6,2,Association cortex - type 1,Association,True
0.3,lh_superiorparietal_part9,0.7771011379836155,Gifted,MIND,500.aparc,Node Versatility,0.3778693183380691,0.2620197159551523,0.6398890342932213,True,lh_superiorparietal_part9,2,Association cortex - type 1,Association,True
0.3,rh_cuneus_part1,0.6614063827520509,Gifted,MIND,500.aparc,Node Versatility,0.3778693183380691,0.2620197159551523,0.6398890342932213,True,rh_cuneus_part1,4,Secondary sensory cortex,Secondary,False
0.3,rh_fusiform_part2,0.6847083963154754,Gifted,MIND,500.aparc,Node Versatility,0.3778693183380691,0.2620197159551523,0.6398890342932213,True,rh_fusiform_part2,2,Association cortex - type 1,Association,True
0.3,rh_lateraloccipital_part4,0.7053198539000095,Gifted,MIND,500.aparc,Node Versatility,0.3778693183380691,0.2620197159551523,0.6398890342932213,True,rh_lateraloccipital_part4,4,Secondary sensory cortex,Secondary,False
0.3,rh_lateraloccipital_part6,0.9800652326987812,Gifted,MIND,500.aparc,Node Versatility,0.3778693183380691,0.2620197159551523,0.6398890342932213,True,rh_lateraloccipital_part6,4,Secondary sensory cortex,Secondary,False
0.3,rh_lateraloccipital_part7,0.6520701552083129,Gifted,MIND,500.aparc,Node Versatility,0.3778693183380691,0.2620197159551523,0.6398890342932213,True,rh_lateraloccipital_part7,4,Secondary sensory cortex,Secondary,False
0.3,rh_lateraloccipital_part8,0.7068750632795325,Gifted,MIND,500.aparc,Node Versatility,0.3778693183380691,0.2620197159551523,0.6398890342932213,True,rh_lateraloccipital_part8,4,Secondary sensory cortex,Secondary,False
0.3,rh_lateralorbitofrontal_part2,0.8443843667969347,Gifted,MIND,500.aparc,Node Versatility,0.3778693183380691,0.2620197159551523,0.6398890342932213,True,rh_lateralorbitofrontal_part2,4,Secondary sensory cortex,Secondary,False
0.3,rh_lingual_part5,0.7722520726168253,Gifted,MIND,500.aparc,Node Versatility,0.3778693183380691,0.2620197159551523,0.6398890342932213,True,rh_lingual_part5,4,Secondary sensory cortex,Secondary,False
0.3,rh_lingual_part6,0.7896319929733502,Gifted,MIND,500.aparc,Node Versatility,0.3778693183380691,0.2620197159551523,0.6398890342932213,True,rh_lingual_part6,4,Secondary sensory cortex,Secondary,False
0.3,rh_medialorbitofrontal_part1,0.6944201219376206,Gifted,MIND,500.aparc,Node Versatility,0.3778693183380691,0.2620197159551523,0.6398890342932213,True,rh_medialorbitofrontal_part1,4,Secondary sensory cortex,Secondary,False
0.3,rh_medialorbitofrontal_part3,0.6943861918151327,Gifted,MIND,500.aparc,Node Versatility,0.3778693183380691,0.2620197159551523,0.6398890342932213,True,rh_medialorbitofrontal_part3,4,Secondary sensory cortex,Secondary,False
0.3,rh_paracentral_part3,1.0,Gifted,MIND,500.aparc,Node Versatility,0.3778693183380691,0.2620197159551523,0.6398890342932213,True,rh_paracentral_part3,1,Primary motor cortex,Primary,False
0.3,rh_pericalcarine_part1,0.7722520726168253,Gifted,MIND,500.aparc,Node Versatility,0.3778693183380691,0.2620197159551523,0.6398890342932213,True,rh_pericalcarine_part1,5,Primary sensory cortex,Primary,False
0.3,rh_pericalcarine_part2,0.6717231701934652,Gifted,MIND,500.aparc,Node Versatility,0.3778693183380691,0.2620197159551523,0.6398890342932213,True,rh_pericalcarine_part2,5,Primary sensory cortex,Primary,False
0.3,rh_pericalcarine_part3,0.7722520726168253,Gifted,MIND,500.aparc,Node Versatility,0.3778693183380691,0.2620197159551523,0.6398890342932213,True,rh_pericalcarine_part3,5,Primary sensory cortex,Primary,False
0.3,rh_postcentral_part1,0.6435476158134207,Gifted,MIND,500.aparc,Node Versatility,0.3778693183380691,0.2620197159551523,0.6398890342932213,True,rh_postcentral_part1,5,Primary sensory cortex,Primary,False
0.3,rh_postcentral_part3,0.68775419175529,Gifted,MIND,500.aparc,Node Versatility,0.3778693183380691,0.2620197159551523,0.6398890342932213,True,rh_postcentral_part3,5,Primary sensory cortex,Primary,False
0.3,rh_postcentral_part5,0.6920590017760168,Gifted,MIND,500.aparc,Node Versatility,0.3778693183380691,0.2620197159551523,0.6398890342932213,True,rh_postcentral_part5,5,Primary sensory cortex,Primary,False
0.3,rh_postcentral_part6,0.68775419175529,Gifted,MIND,500.aparc,Node Versatility,0.3778693183380691,0.2620197159551523,0.6398890342932213,True,rh_postcentral_part6,5,Primary sensory cortex,Primary,False
0.3,rh_postcentral_part7,0.6920590017760168,Gifted,MIND,500.aparc,Node Versatility,0.3778693183380691,0.2620197159551523,0.6398890342932213,True,rh_postcentral_part7,5,Primary sensory cortex,Primary,False
0.3,rh_postcentral_part8,0.6920590017760168,Gifted,MIND,500.aparc,Node Versatility,0.3778693183380691,0.2620197159551523,0.6398890342932213,True,rh_postcentral_part8,5,Primary sensory cortex,Primary,False
0.3,rh_precentral_part2,0.9712173268554016,Gifted,MIND,500.aparc,Node Versatility,0.3778693183380691,0.2620197159551523,0.6398890342932213,True,rh_precentral_part2,1,Primary motor cortex,Primary,False
0.3,rh_precentral_part6,0.8991445478202134,Gifted,MIND,500.aparc,Node Versatility,0.3778693183380691,0.2620197159551523,0.6398890342932213,True,rh_precentral_part6,1,Primary motor cortex,Primary,False
0.3,rh_precuneus_part6,0.6442931687901426,Gifted,MIND,500.aparc,Node Versatility,0.3778693183380691,0.2620197159551523,0.6398890342932213,True,rh_precuneus_part6,2,Association cortex - type 1,Association,True
0.3,rh_rostralmiddlefrontal_part10,0.7133625720212288,Gifted,MIND,500.aparc,Node Versatility,0.3778693183380691,0.2620197159551523,0.6398890342932213,True,rh_rostralmiddlefrontal_part10,3,Association cortex - type 2,Association,True
0.3,rh_rostralmiddlefrontal_part2,0.6587684571960131,Gifted,MIND,500.aparc,Node Versatility,0.3778693183380691,0.2620197159551523,0.6398890342932213,True,rh_rostralmiddlefrontal_part2,3,Association cortex - type 2,Association,True
0.3,rh_rostralmiddlefrontal_part4,0.6470792203420452,Gifted,MIND,500.aparc,Node Versatility,0.3778693183380691,0.2620197159551523,0.6398890342932213,True,rh_rostralmiddlefrontal_part4,3,Association cortex - type 2,Association,True
0.3,rh_rostralmiddlefrontal_part6,0.6473926099451156,Gifted,MIND,500.aparc,Node Versatility,0.3778693183380691,0.2620197159551523,0.6398890342932213,True,rh_rostralmiddlefrontal_part6,3,Association cortex - type 2,Association,True
0.3,rh_rostralmiddlefrontal_part7,0.6861859449642597,Gifted,MIND,500.aparc,Node Versatility,0.3778693183380691,0.2620197159551523,0.6398890342932213,True,rh_rostralmiddlefrontal_part7,3,Association cortex - type 2,Association,True
0.3,rh_rostralmiddlefrontal_part8,0.8075481139726949,Gifted,MIND,500.aparc,Node Versatility,0.3778693183380691,0.2620197159551523,0.6398890342932213,True,rh_rostralmiddlefrontal_part8,3,Association cortex - type 2,Association,True
0.3,rh_superiorfrontal_part13,0.6729194217806396,Gifted,MIND,500.aparc,Node Versatility,0.3778693183380691,0.2620197159551523,0.6398890342932213,True,rh_superiorfrontal_part13,2,Association cortex - type 1,Association,True
0.3,rh_superiorparietal_part1,0.6724946290604319,Gifted,MIND,500.aparc,Node Versatility,0.3778693183380691,0.2620197159551523,0.6398890342932213,True,rh_superiorparietal_part1,2,Association cortex - type 1,Association,True
0.3,rh_superiorparietal_part10,0.7194019756295758,Gifted,MIND,500.aparc,Node Versatility,0.3778693183380691,0.2620197159551523,0.6398890342932213,True,rh_superiorparietal_part10,2,Association cortex - type 1,Association,True
0.3,rh_superiorparietal_part3,0.7350871424802751,Gifted,MIND,500.aparc,Node Versatility,0.3778693183380691,0.2620197159551523,0.6398890342932213,True,rh_superiorparietal_part3,2,Association cortex - type 1,Association,True
0.3,rh_superiorparietal_part4,0.8052111170174621,Gifted,MIND,500.aparc,Node Versatility,0.3778693183380691,0.2620197159551523,0.6398890342932213,True,rh_superiorparietal_part4,2,Association cortex - type 1,Association,True
0.4,lh_fusiform_part2,0.6351393854114884,Gifted,MIND,500.aparc,Node Versatility,0.26608857403269454,0.204503499414833,0.4705920734475275,True,lh_fusiform_part2,2,Association cortex - type 1,Association,True
0.4,lh_inferiortemporal_part1,0.526102277518334,Gifted,MIND,500.aparc,Node Versatility,0.26608857403269454,0.204503499414833,0.4705920734475275,True,lh_inferiortemporal_part1,2,Association cortex - type 1,Association,True
0.4,lh_inferiortemporal_part3,0.6422880766890987,Gifted,MIND,500.aparc,Node Versatility,0.26608857403269454,0.204503499414833,0.4705920734475275,True,lh_inferiortemporal_part3,2,Association cortex - type 1,Association,True
0.4,lh_isthmuscingulate_part1,0.6164027746087887,Gifted,MIND,500.aparc,Node Versatility,0.26608857403269454,0.204503499414833,0.4705920734475275,True,lh_isthmuscingulate_part1,6,Limbic cortex,Limbic,False
0.4,lh_lateralorbitofrontal_part1,0.4707998101995997,Gifted,MIND,500.aparc,Node Versatility,0.26608857403269454,0.204503499414833,0.4705920734475275,True,lh_lateralorbitofrontal_part1,4,Secondary sensory cortex,Secondary,False
0.4,lh_lingual_part3,0.9141383196271652,Gifted,MIND,500.aparc,Node Versatility,0.26608857403269454,0.204503499414833,0.4705920734475275,True,lh_lingual_part3,4,Secondary sensory cortex,Secondary,False
0.4,lh_medialorbitofrontal_part1,0.5294907836168671,Gifted,MIND,500.aparc,Node Versatility,0.26608857403269454,0.204503499414833,0.4705920734475275,True,lh_medialorbitofrontal_part1,4,Secondary sensory cortex,Secondary,False
0.4,lh_medialorbitofrontal_part3,0.7907905293400452,Gifted,MIND,500.aparc,Node Versatility,0.26608857403269454,0.204503499414833,0.4705920734475275,True,lh_medialorbitofrontal_part3,4,Secondary sensory cortex,Secondary,False
0.4,lh_middletemporal_part1,0.5097960410353064,Gifted,MIND,500.aparc,Node Versatility,0.26608857403269454,0.204503499414833,0.4705920734475275,True,lh_middletemporal_part1,2,Association cortex - type 1,Association,True
0.4,lh_middletemporal_part3,0.661646492736788,Gifted,MIND,500.aparc,Node Versatility,0.26608857403269454,0.204503499414833,0.4705920734475275,True,lh_middletemporal_part3,2,Association cortex - type 1,Association,True
0.4,lh_paracentral_part3,0.7526683016628111,Gifted,MIND,500.aparc,Node Versatility,0.26608857403269454,0.204503499414833,0.4705920734475275,True,lh_paracentral_part3,1,Primary motor cortex,Primary,False
0.4,lh_postcentral_part2,0.5929180522280606,Gifted,MIND,500.aparc,Node Versatility,0.26608857403269454,0.204503499414833,0.4705920734475275,True,lh_postcentral_part2,5,Primary sensory cortex,Primary,False
0.4,lh_precentral_part3,0.5320547665831795,Gifted,MIND,500.aparc,Node Versatility,0.26608857403269454,0.204503499414833,0.4705920734475275,True,lh_precentral_part3,1,Primary motor cortex,Primary,False
0.4,lh_precentral_part5,0.5632954370532312,Gifted,MIND,500.aparc,Node Versatility,0.26608857403269454,0.204503499414833,0.4705920734475275,True,lh_precentral_part5,1,Primary motor cortex,Primary,False
0.4,lh_precuneus_part6,0.5576862576684603,Gifted,MIND,500.aparc,Node Versatility,0.26608857403269454,0.204503499414833,0.4705920734475275,True,lh_precuneus_part6,2,Association cortex - type 1,Association,True
0.4,lh_rostralmiddlefrontal_part2,0.6781539880966313,Gifted,MIND,500.aparc,Node Versatility,0.26608857403269454,0.204503499414833,0.4705920734475275,True,lh_rostralmiddlefrontal_part2,3,Association cortex - type 2,Association,True
0.4,lh_superiorfrontal_part13,0.6454423369449825,Gifted,MIND,500.aparc,Node Versatility,0.26608857403269454,0.204503499414833,0.4705920734475275,True,lh_superiorfrontal_part13,2,Association cortex - type 1,Association,True
0.4,lh_superiorfrontal_part3,0.5237128215987661,Gifted,MIND,500.aparc,Node Versatility,0.26608857403269454,0.204503499414833,0.4705920734475275,True,lh_superiorfrontal_part3,2,Association cortex - type 1,Association,True
0.4,lh_superiorfrontal_part7,0.7029875518122133,Gifted,MIND,500.aparc,Node Versatility,0.26608857403269454,0.204503499414833,0.4705920734475275,True,lh_superiorfrontal_part7,2,Association cortex - type 1,Association,True
0.4,lh_superiorfrontal_part8,0.4908747861373077,Gifted,MIND,500.aparc,Node Versatility,0.26608857403269454,0.204503499414833,0.4705920734475275,True,lh_superiorfrontal_part8,2,Association cortex - type 1,Association,True
0.4,lh_superiorparietal_part3,0.5867125529870902,Gifted,MIND,500.aparc,Node Versatility,0.26608857403269454,0.204503499414833,0.4705920734475275,True,lh_superiorparietal_part3,2,Association cortex - type 1,Association,True
0.4,lh_superiorparietal_part7,0.6674853874242672,Gifted,MIND,500.aparc,Node Versatility,0.26608857403269454,0.204503499414833,0.4705920734475275,True,lh_superiorparietal_part7,2,Association cortex - type 1,Association,True
0.4,lh_superiortemporal_part2,0.6136058234982148,Gifted,MIND,500.aparc,Node Versatility,0.26608857403269454,0.204503499414833,0.4705920734475275,True,lh_superiortemporal_part2,3,Association cortex - type 2,Association,True
0.4,lh_superiortemporal_part4,0.6190610422504466,Gifted,MIND,500.aparc,Node Versatility,0.26608857403269454,0.204503499414833,0.4705920734475275,True,lh_superiortemporal_part4,3,Association cortex - type 2,Association,True
0.4,lh_superiortemporal_part5,0.4973404258718187,Gifted,MIND,500.aparc,Node Versatility,0.26608857403269454,0.204503499414833,0.4705920734475275,True,lh_superiortemporal_part5,3,Association cortex - type 2,Association,True
0.4,lh_superiortemporal_part6,0.576131390131239,Gifted,MIND,500.aparc,Node Versatility,0.26608857403269454,0.204503499414833,0.4705920734475275,True,lh_superiortemporal_part6,3,Association cortex - type 2,Association,True
0.4,lh_superiortemporal_part7,0.559998405573125,Gifted,MIND,500.aparc,Node Versatility,0.26608857403269454,0.204503499414833,0.4705920734475275,True,lh_superiortemporal_part7,3,Association cortex - type 2,Association,True
0.4,rh_fusiform_part2,0.6010254140676932,Gifted,MIND,500.aparc,Node Versatility,0.26608857403269454,0.204503499414833,0.4705920734475275,True,rh_fusiform_part2,2,Association cortex - type 1,Association,True
0.4,rh_inferiorparietal_part9,0.6025145202201964,Gifted,MIND,500.aparc,Node Versatility,0.26608857403269454,0.204503499414833,0.4705920734475275,True,rh_inferiorparietal_part9,3,Association cortex - type 2,Association,True
0.4,rh_inferiortemporal_part1,0.5257026817542452,Gifted,MIND,500.aparc,Node Versatility,0.26608857403269454,0.204503499414833,0.4705920734475275,True,rh_inferiortemporal_part1,2,Association cortex - type 1,Association,True
0.4,rh_inferiortemporal_part3,0.6547082596635759,Gifted,MIND,500.aparc,Node Versatility,0.26608857403269454,0.204503499414833,0.4705920734475275,True,rh_inferiortemporal_part3,2,Association cortex - type 1,Association,True
0.4,rh_lateralorbitofrontal_part1,0.509718573332232,Gifted,MIND,500.aparc,Node Versatility,0.26608857403269454,0.204503499414833,0.4705920734475275,True,rh_lateralorbitofrontal_part1,4,Secondary sensory cortex,Secondary,False
0.4,rh_lateralorbitofrontal_part2,0.5894765451701417,Gifted,MIND,500.aparc,Node Versatility,0.26608857403269454,0.204503499414833,0.4705920734475275,True,rh_lateralorbitofrontal_part2,4,Secondary sensory cortex,Secondary,False
0.4,rh_medialorbitofrontal_part1,0.5074313099254796,Gifted,MIND,500.aparc,Node Versatility,0.26608857403269454,0.204503499414833,0.4705920734475275,True,rh_medialorbitofrontal_part1,4,Secondary sensory cortex,Secondary,False
0.4,rh_medialorbitofrontal_part3,0.5342965214159161,Gifted,MIND,500.aparc,Node Versatility,0.26608857403269454,0.204503499414833,0.4705920734475275,True,rh_medialorbitofrontal_part3,4,Secondary sensory cortex,Secondary,False
0.4,rh_middletemporal_part1,0.7587974363621802,Gifted,MIND,500.aparc,Node Versatility,0.26608857403269454,0.204503499414833,0.4705920734475275,True,rh_middletemporal_part1,2,Association cortex - type 1,Association,True
0.4,rh_middletemporal_part2,0.5244068867418483,Gifted,MIND,500.aparc,Node Versatility,0.26608857403269454,0.204503499414833,0.4705920734475275,True,rh_middletemporal_part2,2,Association cortex - type 1,Association,True
0.4,rh_middletemporal_part3,0.6099061815395365,Gifted,MIND,500.aparc,Node Versatility,0.26608857403269454,0.204503499414833,0.4705920734475275,True,rh_middletemporal_part3,2,Association cortex - type 1,Association,True
0.4,rh_middletemporal_part6,0.6940664096708931,Gifted,MIND,500.aparc,Node Versatility,0.26608857403269454,0.204503499414833,0.4705920734475275,True,rh_middletemporal_part6,2,Association cortex - type 1,Association,True
0.4,rh_paracentral_part3,0.5892338239265876,Gifted,MIND,500.aparc,Node Versatility,0.26608857403269454,0.204503499414833,0.4705920734475275,True,rh_paracentral_part3,1,Primary motor cortex,Primary,False
0.4,rh_parsopercularis_part1,0.6107044734322485,Gifted,MIND,500.aparc,Node Versatility,0.26608857403269454,0.204503499414833,0.4705920734475275,True,rh_parsopercularis_part1,2,Association cortex - type 1,Association,True
0.4,rh_precentral_part2,0.5172093967175374,Gifted,MIND,500.aparc,Node Versatility,0.26608857403269454,0.204503499414833,0.4705920734475275,True,rh_precentral_part2,1,Primary motor cortex,Primary,False
0.4,rh_precentral_part5,0.5429018786101149,Gifted,MIND,500.aparc,Node Versatility,0.26608857403269454,0.204503499414833,0.4705920734475275,True,rh_precentral_part5,1,Primary motor cortex,Primary,False
0.4,rh_precentral_part6,0.9294475890346882,Gifted,MIND,500.aparc,Node Versatility,0.26608857403269454,0.204503499414833,0.4705920734475275,True,rh_precentral_part6,1,Primary motor cortex,Primary,False
0.4,rh_precuneus_part5,0.5519641806972991,Gifted,MIND,500.aparc,Node Versatility,0.26608857403269454,0.204503499414833,0.4705920734475275,True,rh_precuneus_part5,2,Association cortex - type 1,Association,True
0.4,rh_rostralmiddlefrontal_part10,0.5617798580442139,Gifted,MIND,500.aparc,Node Versatility,0.26608857403269454,0.204503499414833,0.4705920734475275,True,rh_rostralmiddlefrontal_part10,3,Association cortex - type 2,Association,True
0.4,rh_rostralmiddlefrontal_part4,0.818387266798034,Gifted,MIND,500.aparc,Node Versatility,0.26608857403269454,0.204503499414833,0.4705920734475275,True,rh_rostralmiddlefrontal_part4,3,Association cortex - type 2,Association,True
0.4,rh_rostralmiddlefrontal_part6,0.8160353083663268,Gifted,MIND,500.aparc,Node Versatility,0.26608857403269454,0.204503499414833,0.4705920734475275,True,rh_rostralmiddlefrontal_part6,3,Association cortex - type 2,Association,True
0.4,rh_rostralmiddlefrontal_part7,0.5270962944368921,Gifted,MIND,500.aparc,Node Versatility,0.26608857403269454,0.204503499414833,0.4705920734475275,True,rh_rostralmiddlefrontal_part7,3,Association cortex - type 2,Association,True
0.4,rh_rostralmiddlefrontal_part8,0.5112522774139177,Gifted,MIND,500.aparc,Node Versatility,0.26608857403269454,0.204503499414833,0.4705920734475275,True,rh_rostralmiddlefrontal_part8,3,Association cortex - type 2,Association,True
0.4,rh_rostralmiddlefrontal_part9,0.5366207016989861,Gifted,MIND,500.aparc,Node Versatility,0.26608857403269454,0.204503499414833,0.4705920734475275,True,rh_rostralmiddlefrontal_part9,3,Association cortex - type 2,Association,True
0.4,rh_superiorfrontal_part11,0.4905314451826046,Gifted,MIND,500.aparc,Node Versatility,0.26608857403269454,0.204503499414833,0.4705920734475275,True,rh_superiorfrontal_part11,2,Association cortex - type 1,Association,True
0.4,rh_superiorfrontal_part7,0.6008368873962563,Gifted,MIND,500.aparc,Node Versatility,0.26608857403269454,0.204503499414833,0.4705920734475275,True,rh_superiorfrontal_part7,2,Association cortex - type 1,Association,True
0.4,rh_superiorparietal_part10,0.5761484830562079,Gifted,MIND,500.aparc,Node Versatility,0.26608857403269454,0.204503499414833,0.4705920734475275,True,rh_superiorparietal_part10,2,Association cortex - type 1,Association,True
0.4,rh_superiorparietal_part9,0.553358332882643,Gifted,MIND,500.aparc,Node Versatility,0.26608857403269454,0.204503499414833,0.4705920734475275,True,rh_superiorparietal_part9,2,Association cortex - type 1,Association,True
0.4,rh_superiortemporal_part1,0.6091278204624222,Gifted,MIND,500.aparc,Node Versatility,0.26608857403269454,0.204503499414833,0.4705920734475275,True,rh_superiortemporal_part1,3,Association cortex - type 2,Association,True
0.4,rh_superiortemporal_part2,0.6674844214061252,Gifted,MIND,500.aparc,Node Versatility,0.26608857403269454,0.204503499414833,0.4705920734475275,True,rh_superiortemporal_part2,3,Association cortex - type 2,Association,True
0.4,rh_superiortemporal_part3,0.6173811358003808,Gifted,MIND,500.aparc,Node Versatility,0.26608857403269454,0.204503499414833,0.4705920734475275,True,rh_superiortemporal_part3,3,Association cortex - type 2,Association,True
0.4,rh_superiortemporal_part4,0.5567928938249951,Gifted,MIND,500.aparc,Node Versatility,0.26608857403269454,0.204503499414833,0.4705920734475275,True,rh_superiortemporal_part4,3,Association cortex - type 2,Association,True
0.5,lh_entorhinal_part1,0.6795193086675727,Gifted,MIND,500.aparc,Node Versatility,0.1887850650617529,0.17140371314330444,0.36018877820505735,True,lh_entorhinal_part1,6,Limbic cortex,Limbic,False
0.5,lh_inferiortemporal_part1,0.4484784941796936,Gifted,MIND,500.aparc,Node Versatility,0.1887850650617529,0.17140371314330444,0.36018877820505735,True,lh_inferiortemporal_part1,2,Association cortex - type 1,Association,True
0.5,lh_inferiortemporal_part3,0.4476264552657947,Gifted,MIND,500.aparc,Node Versatility,0.1887850650617529,0.17140371314330444,0.36018877820505735,True,lh_inferiortemporal_part3,2,Association cortex - type 1,Association,True
0.5,lh_lateralorbitofrontal_part1,0.4803262685797175,Gifted,MIND,500.aparc,Node Versatility,0.1887850650617529,0.17140371314330444,0.36018877820505735,True,lh_lateralorbitofrontal_part1,4,Secondary sensory cortex,Secondary,False
0.5,lh_lateralorbitofrontal_part2,0.5904374201570672,Gifted,MIND,500.aparc,Node Versatility,0.1887850650617529,0.17140371314330444,0.36018877820505735,True,lh_lateralorbitofrontal_part2,4,Secondary sensory cortex,Secondary,False
0.5,lh_medialorbitofrontal_part1,0.4614926745375947,Gifted,MIND,500.aparc,Node Versatility,0.1887850650617529,0.17140371314330444,0.36018877820505735,True,lh_medialorbitofrontal_part1,4,Secondary sensory cortex,Secondary,False
0.5,lh_middletemporal_part1,0.4484784941796936,Gifted,MIND,500.aparc,Node Versatility,0.1887850650617529,0.17140371314330444,0.36018877820505735,True,lh_middletemporal_part1,2,Association cortex - type 1,Association,True
0.5,lh_middletemporal_part3,0.7536516887751942,Gifted,MIND,500.aparc,Node Versatility,0.1887850650617529,0.17140371314330444,0.36018877820505735,True,lh_middletemporal_part3,2,Association cortex - type 1,Association,True
0.5,lh_postcentral_part4,0.4945518033005903,Gifted,MIND,500.aparc,Node Versatility,0.1887850650617529,0.17140371314330444,0.36018877820505735,True,lh_postcentral_part4,5,Primary sensory cortex,Primary,False
0.5,lh_superiorfrontal_part13,0.5740076983009981,Gifted,MIND,500.aparc,Node Versatility,0.1887850650617529,0.17140371314330444,0.36018877820505735,True,lh_superiorfrontal_part13,2,Association cortex - type 1,Association,True
0.5,lh_superiorfrontal_part5,0.411340801041399,Gifted,MIND,500.aparc,Node Versatility,0.1887850650617529,0.17140371314330444,0.36018877820505735,True,lh_superiorfrontal_part5,2,Association cortex - type 1,Association,True
0.5,lh_superiorfrontal_part7,0.7261799066889064,Gifted,MIND,500.aparc,Node Versatility,0.1887850650617529,0.17140371314330444,0.36018877820505735,True,lh_superiorfrontal_part7,2,Association cortex - type 1,Association,True
0.5,lh_superiorfrontal_part8,0.5157157792718461,Gifted,MIND,500.aparc,Node Versatility,0.1887850650617529,0.17140371314330444,0.36018877820505735,True,lh_superiorfrontal_part8,2,Association cortex - type 1,Association,True
0.5,lh_superiorparietal_part10,0.4175376270413442,Gifted,MIND,500.aparc,Node Versatility,0.1887850650617529,0.17140371314330444,0.36018877820505735,True,lh_superiorparietal_part10,2,Association cortex - type 1,Association,True
0.5,lh_superiortemporal_part2,0.7053475116001268,Gifted,MIND,500.aparc,Node Versatility,0.1887850650617529,0.17140371314330444,0.36018877820505735,True,lh_superiortemporal_part2,3,Association cortex - type 2,Association,True
0.5,lh_superiortemporal_part4,0.6750474084848295,Gifted,MIND,500.aparc,Node Versatility,0.1887850650617529,0.17140371314330444,0.36018877820505735,True,lh_superiortemporal_part4,3,Association cortex - type 2,Association,True
0.5,lh_superiortemporal_part6,0.429375284887704,Gifted,MIND,500.aparc,Node Versatility,0.1887850650617529,0.17140371314330444,0.36018877820505735,True,lh_superiortemporal_part6,3,Association cortex - type 2,Association,True
0.5,lh_superiortemporal_part7,0.5280850824755238,Gifted,MIND,500.aparc,Node Versatility,0.1887850650617529,0.17140371314330444,0.36018877820505735,True,lh_superiortemporal_part7,3,Association cortex - type 2,Association,True
0.5,lh_temporalpole_part1,0.4429043017273359,Gifted,MIND,500.aparc,Node Versatility,0.1887850650617529,0.17140371314330444,0.36018877820505735,True,lh_temporalpole_part1,2,Association cortex - type 1,Association,True
0.5,rh_entorhinal_part1,0.6795193086675727,Gifted,MIND,500.aparc,Node Versatility,0.1887850650617529,0.17140371314330444,0.36018877820505735,True,rh_entorhinal_part1,6,Limbic cortex,Limbic,False
0.5,rh_fusiform_part2,0.4496153020739464,Gifted,MIND,500.aparc,Node Versatility,0.1887850650617529,0.17140371314330444,0.36018877820505735,True,rh_fusiform_part2,2,Association cortex - type 1,Association,True
0.5,rh_inferiortemporal_part1,0.4484784941796936,Gifted,MIND,500.aparc,Node Versatility,0.1887850650617529,0.17140371314330444,0.36018877820505735,True,rh_inferiortemporal_part1,2,Association cortex - type 1,Association,True
0.5,rh_inferiortemporal_part3,0.4763715090870626,Gifted,MIND,500.aparc,Node Versatility,0.1887850650617529,0.17140371314330444,0.36018877820505735,True,rh_inferiortemporal_part3,2,Association cortex - type 1,Association,True
0.5,rh_lateraloccipital_part5,0.5151713179269487,Gifted,MIND,500.aparc,Node Versatility,0.1887850650617529,0.17140371314330444,0.36018877820505735,True,rh_lateraloccipital_part5,4,Secondary sensory cortex,Secondary,False
0.5,rh_lateralorbitofrontal_part1,0.5390363608635533,Gifted,MIND,500.aparc,Node Versatility,0.1887850650617529,0.17140371314330444,0.36018877820505735,True,rh_lateralorbitofrontal_part1,4,Secondary sensory cortex,Secondary,False
0.5,rh_lateralorbitofrontal_part2,0.5771671197994224,Gifted,MIND,500.aparc,Node Versatility,0.1887850650617529,0.17140371314330444,0.36018877820505735,True,rh_lateralorbitofrontal_part2,4,Secondary sensory cortex,Secondary,False
0.5,rh_medialorbitofrontal_part2,0.4330884836101358,Gifted,MIND,500.aparc,Node Versatility,0.1887850650617529,0.17140371314330444,0.36018877820505735,True,rh_medialorbitofrontal_part2,4,Secondary sensory cortex,Secondary,False
0.5,rh_middletemporal_part1,0.5356977927938524,Gifted,MIND,500.aparc,Node Versatility,0.1887850650617529,0.17140371314330444,0.36018877820505735,True,rh_middletemporal_part1,2,Association cortex - type 1,Association,True
0.5,rh_middletemporal_part2,0.4484784941796936,Gifted,MIND,500.aparc,Node Versatility,0.1887850650617529,0.17140371314330444,0.36018877820505735,True,rh_middletemporal_part2,2,Association cortex - type 1,Association,True
0.5,rh_middletemporal_part3,0.690549661529907,Gifted,MIND,500.aparc,Node Versatility,0.1887850650617529,0.17140371314330444,0.36018877820505735,True,rh_middletemporal_part3,2,Association cortex - type 1,Association,True
0.5,rh_middletemporal_part5,0.3957885473524711,Gifted,MIND,500.aparc,Node Versatility,0.1887850650617529,0.17140371314330444,0.36018877820505735,True,rh_middletemporal_part5,2,Association cortex - type 1,Association,True
0.5,rh_middletemporal_part6,0.7903697479767302,Gifted,MIND,500.aparc,Node Versatility,0.1887850650617529,0.17140371314330444,0.36018877820505735,True,rh_middletemporal_part6,2,Association cortex - type 1,Association,True
0.5,rh_paracentral_part2,0.5024202136867464,Gifted,MIND,500.aparc,Node Versatility,0.1887850650617529,0.17140371314330444,0.36018877820505735,True,rh_paracentral_part2,1,Primary motor cortex,Primary,False
0.5,rh_parsopercularis_part1,0.437333988965371,Gifted,MIND,500.aparc,Node Versatility,0.1887850650617529,0.17140371314330444,0.36018877820505735,True,rh_parsopercularis_part1,2,Association cortex - type 1,Association,True
0.5,rh_parstriangularis_part1,0.3857402117345402,Gifted,MIND,500.aparc,Node Versatility,0.1887850650617529,0.17140371314330444,0.36018877820505735,True,rh_parstriangularis_part1,2,Association cortex - type 1,Association,True
0.5,rh_precentral_part2,0.3757647944571778,Gifted,MIND,500.aparc,Node Versatility,0.1887850650617529,0.17140371314330444,0.36018877820505735,True,rh_precentral_part2,1,Primary motor cortex,Primary,False
0.5,rh_precentral_part6,0.4865466113657901,Gifted,MIND,500.aparc,Node Versatility,0.1887850650617529,0.17140371314330444,0.36018877820505735,True,rh_precentral_part6,1,Primary motor cortex,Primary,False
0.5,rh_rostralmiddlefrontal_part1,0.4175376270413442,Gifted,MIND,500.aparc,Node Versatility,0.1887850650617529,0.17140371314330444,0.36018877820505735,True,rh_rostralmiddlefrontal_part1,3,Association cortex - type 2,Association,True
0.5,rh_superiorfrontal_part11,0.4478535800408963,Gifted,MIND,500.aparc,Node Versatility,0.1887850650617529,0.17140371314330444,0.36018877820505735,True,rh_superiorfrontal_part11,2,Association cortex - type 1,Association,True
0.5,rh_superiorfrontal_part3,0.390495800993592,Gifted,MIND,500.aparc,Node Versatility,0.1887850650617529,0.17140371314330444,0.36018877820505735,True,rh_superiorfrontal_part3,2,Association cortex - type 1,Association,True
0.5,rh_superiorfrontal_part7,0.635452212044775,Gifted,MIND,500.aparc,Node Versatility,0.1887850650617529,0.17140371314330444,0.36018877820505735,True,rh_superiorfrontal_part7,2,Association cortex - type 1,Association,True
0.5,rh_superiorparietal_part1,0.3983769987713629,Gifted,MIND,500.aparc,Node Versatility,0.1887850650617529,0.17140371314330444,0.36018877820505735,True,rh_superiorparietal_part1,2,Association cortex - type 1,Association,True
0.5,rh_superiorparietal_part7,0.5305026984013917,Gifted,MIND,500.aparc,Node Versatility,0.1887850650617529,0.17140371314330444,0.36018877820505735,True,rh_superiorparietal_part7,2,Association cortex - type 1,Association,True
0.5,rh_superiortemporal_part1,0.7071499929441116,Gifted,MIND,500.aparc,Node Versatility,0.1887850650617529,0.17140371314330444,0.36018877820505735,True,rh_superiortemporal_part1,3,Association cortex - type 2,Association,True
0.5,rh_superiortemporal_part3,0.7061244723151685,Gifted,MIND,500.aparc,Node Versatility,0.1887850650617529,0.17140371314330444,0.36018877820505735,True,rh_superiortemporal_part3,3,Association cortex - type 2,Association,True
0.5,rh_superiortemporal_part4,0.5513592879660357,Gifted,MIND,500.aparc,Node Versatility,0.1887850650617529,0.17140371314330444,0.36018877820505735,True,rh_superiortemporal_part4,3,Association cortex - type 2,Association,True
0.5,rh_temporalpole_part1,0.4429043017273359,Gifted,MIND,500.aparc,Node Versatility,0.1887850650617529,0.17140371314330444,0.36018877820505735,True,rh_temporalpole_part1,2,Association cortex - type 1,Association,True
0.6,lh_entorhinal_part1,0.7817860345044083,Gifted,MIND,500.aparc,Node Versatility,0.22011674490686878,0.1826820160021339,0.4027987609090027,True,lh_entorhinal_part1,6,Limbic cortex,Limbic,False
0.6,lh_frontalpole_part1,0.4270202178068336,Gifted,MIND,500.aparc,Node Versatility,0.22011674490686878,0.1826820160021339,0.4027987609090027,True,lh_frontalpole_part1,3,Association cortex - type 2,Association,True
0.6,lh_fusiform_part2,0.4699035305471472,Gifted,MIND,500.aparc,Node Versatility,0.22011674490686878,0.1826820160021339,0.4027987609090027,True,lh_fusiform_part2,2,Association cortex - type 1,Association,True
0.6,lh_inferiorparietal_part6,0.570566503741936,Gifted,MIND,500.aparc,Node Versatility,0.22011674490686878,0.1826820160021339,0.4027987609090027,True,lh_inferiorparietal_part6,3,Association cortex - type 2,Association,True
0.6,lh_inferiortemporal_part1,0.4417929727512547,Gifted,MIND,500.aparc,Node Versatility,0.22011674490686878,0.1826820160021339,0.4027987609090027,True,lh_inferiortemporal_part1,2,Association cortex - type 1,Association,True
0.6,lh_inferiortemporal_part3,0.5558797031866356,Gifted,MIND,500.aparc,Node Versatility,0.22011674490686878,0.1826820160021339,0.4027987609090027,True,lh_inferiortemporal_part3,2,Association cortex - type 1,Association,True
0.6,lh_lateraloccipital_part7,0.6973681763005226,Gifted,MIND,500.aparc,Node Versatility,0.22011674490686878,0.1826820160021339,0.4027987609090027,True,lh_lateraloccipital_part7,4,Secondary sensory cortex,Secondary,False
0.6,lh_medialorbitofrontal_part1,0.4804106311490171,Gifted,MIND,500.aparc,Node Versatility,0.22011674490686878,0.1826820160021339,0.4027987609090027,True,lh_medialorbitofrontal_part1,4,Secondary sensory cortex,Secondary,False
0.6,lh_middletemporal_part1,0.4569253799444562,Gifted,MIND,500.aparc,Node Versatility,0.22011674490686878,0.1826820160021339,0.4027987609090027,True,lh_middletemporal_part1,2,Association cortex - type 1,Association,True
0.6,lh_middletemporal_part3,0.8097342596822705,Gifted,MIND,500.aparc,Node Versatility,0.22011674490686878,0.1826820160021339,0.4027987609090027,True,lh_middletemporal_part3,2,Association cortex - type 1,Association,True
0.6,lh_parsorbitalis_part1,0.4280924008105129,Gifted,MIND,500.aparc,Node Versatility,0.22011674490686878,0.1826820160021339,0.4027987609090027,True,lh_parsorbitalis_part1,4,Secondary sensory cortex,Secondary,False
0.6,lh_parstriangularis_part1,0.4990580413437502,Gifted,MIND,500.aparc,Node Versatility,0.22011674490686878,0.1826820160021339,0.4027987609090027,True,lh_parstriangularis_part1,2,Association cortex - type 1,Association,True
0.6,lh_rostralmiddlefrontal_part4,0.4351153077246592,Gifted,MIND,500.aparc,Node Versatility,0.22011674490686878,0.1826820160021339,0.4027987609090027,True,lh_rostralmiddlefrontal_part4,3,Association cortex - type 2,Association,True
0.6,lh_superiorfrontal_part1,0.4291798979560156,Gifted,MIND,500.aparc,Node Versatility,0.22011674490686878,0.1826820160021339,0.4027987609090027,True,lh_superiorfrontal_part1,2,Association cortex - type 1,Association,True
0.6,lh_superiorfrontal_part13,0.6221631791268385,Gifted,MIND,500.aparc,Node Versatility,0.22011674490686878,0.1826820160021339,0.4027987609090027,True,lh_superiorfrontal_part13,2,Association cortex - type 1,Association,True
0.6,lh_superiorfrontal_part5,0.4456111621148138,Gifted,MIND,500.aparc,Node Versatility,0.22011674490686878,0.1826820160021339,0.4027987609090027,True,lh_superiorfrontal_part5,2,Association cortex - type 1,Association,True
0.6,lh_superiorfrontal_part7,0.4227932960037669,Gifted,MIND,500.aparc,Node Versatility,0.22011674490686878,0.1826820160021339,0.4027987609090027,True,lh_superiorfrontal_part7,2,Association cortex - type 1,Association,True
0.6,lh_superiorfrontal_part8,0.5618021597516105,Gifted,MIND,500.aparc,Node Versatility,0.22011674490686878,0.1826820160021339,0.4027987609090027,True,lh_superiorfrontal_part8,2,Association cortex - type 1,Association,True
0.6,lh_superiorparietal_part10,0.6247603925302111,Gifted,MIND,500.aparc,Node Versatility,0.22011674490686878,0.1826820160021339,0.4027987609090027,True,lh_superiorparietal_part10,2,Association cortex - type 1,Association,True
0.6,lh_superiortemporal_part2,0.9691734299190328,Gifted,MIND,500.aparc,Node Versatility,0.22011674490686878,0.1826820160021339,0.4027987609090027,True,lh_superiortemporal_part2,3,Association cortex - type 2,Association,True
0.6,lh_superiortemporal_part4,0.5327429264855997,Gifted,MIND,500.aparc,Node Versatility,0.22011674490686878,0.1826820160021339,0.4027987609090027,True,lh_superiortemporal_part4,3,Association cortex - type 2,Association,True
0.6,lh_superiortemporal_part6,0.503722042780739,Gifted,MIND,500.aparc,Node Versatility,0.22011674490686878,0.1826820160021339,0.4027987609090027,True,lh_superiortemporal_part6,3,Association cortex - type 2,Association,True
0.6,lh_superiortemporal_part7,0.4495054840636198,Gifted,MIND,500.aparc,Node Versatility,0.22011674490686878,0.1826820160021339,0.4027987609090027,True,lh_superiortemporal_part7,3,Association cortex - type 2,Association,True
0.6,lh_supramarginal_part3,0.5341747057527789,Gifted,MIND,500.aparc,Node Versatility,0.22011674490686878,0.1826820160021339,0.4027987609090027,True,lh_supramarginal_part3,3,Association cortex - type 2,Association,True
0.6,lh_temporalpole_part1,0.4440985918416675,Gifted,MIND,500.aparc,Node Versatility,0.22011674490686878,0.1826820160021339,0.4027987609090027,True,lh_temporalpole_part1,2,Association cortex - type 1,Association,True
0.6,rh_entorhinal_part1,0.7817860345044083,Gifted,MIND,500.aparc,Node Versatility,0.22011674490686878,0.1826820160021339,0.4027987609090027,True,rh_entorhinal_part1,6,Limbic cortex,Limbic,False
0.6,rh_frontalpole_part1,0.442140288278081,Gifted,MIND,500.aparc,Node Versatility,0.22011674490686878,0.1826820160021339,0.4027987609090027,True,rh_frontalpole_part1,3,Association cortex - type 2,Association,True
0.6,rh_inferiortemporal_part1,0.4417929727512547,Gifted,MIND,500.aparc,Node Versatility,0.22011674490686878,0.1826820160021339,0.4027987609090027,True,rh_inferiortemporal_part1,2,Association cortex - type 1,Association,True
0.6,rh_inferiortemporal_part3,0.5751497144468841,Gifted,MIND,500.aparc,Node Versatility,0.22011674490686878,0.1826820160021339,0.4027987609090027,True,rh_inferiortemporal_part3,2,Association cortex - type 1,Association,True
0.6,rh_lateraloccipital_part6,0.4558233607758901,Gifted,MIND,500.aparc,Node Versatility,0.22011674490686878,0.1826820160021339,0.4027987609090027,True,rh_lateraloccipital_part6,4,Secondary sensory cortex,Secondary,False
0.6,rh_middletemporal_part1,0.895225676170245,Gifted,MIND,500.aparc,Node Versatility,0.22011674490686878,0.1826820160021339,0.4027987609090027,True,rh_middletemporal_part1,2,Association cortex - type 1,Association,True
0.6,rh_middletemporal_part2,0.4417929727512547,Gifted,MIND,500.aparc,Node Versatility,0.22011674490686878,0.1826820160021339,0.4027987609090027,True,rh_middletemporal_part2,2,Association cortex - type 1,Association,True
0.6,rh_middletemporal_part3,0.9063817056633108,Gifted,MIND,500.aparc,Node Versatility,0.22011674490686878,0.1826820160021339,0.4027987609090027,True,rh_middletemporal_part3,2,Association cortex - type 1,Association,True
0.6,rh_middletemporal_part6,0.7368400233040133,Gifted,MIND,500.aparc,Node Versatility,0.22011674490686878,0.1826820160021339,0.4027987609090027,True,rh_middletemporal_part6,2,Association cortex - type 1,Association,True
0.6,rh_parsopercularis_part1,0.5637657323660435,Gifted,MIND,500.aparc,Node Versatility,0.22011674490686878,0.1826820160021339,0.4027987609090027,True,rh_parsopercularis_part1,2,Association cortex - type 1,Association,True
0.6,rh_parsorbitalis_part1,0.4280924008105129,Gifted,MIND,500.aparc,Node Versatility,0.22011674490686878,0.1826820160021339,0.4027987609090027,True,rh_parsorbitalis_part1,4,Secondary sensory cortex,Secondary,False
0.6,rh_parstriangularis_part1,0.6992659354629576,Gifted,MIND,500.aparc,Node Versatility,0.22011674490686878,0.1826820160021339,0.4027987609090027,True,rh_parstriangularis_part1,2,Association cortex - type 1,Association,True
0.6,rh_precentral_part6,0.526795615766727,Gifted,MIND,500.aparc,Node Versatility,0.22011674490686878,0.1826820160021339,0.4027987609090027,True,rh_precentral_part6,1,Primary motor cortex,Primary,False
0.6,rh_rostralmiddlefrontal_part1,0.4539772243747957,Gifted,MIND,500.aparc,Node Versatility,0.22011674490686878,0.1826820160021339,0.4027987609090027,True,rh_rostralmiddlefrontal_part1,3,Association cortex - type 2,Association,True
0.6,rh_superiorfrontal_part11,0.4577673369176848,Gifted,MIND,500.aparc,Node Versatility,0.22011674490686878,0.1826820160021339,0.4027987609090027,True,rh_superiorfrontal_part11,2,Association cortex - type 1,Association,True
0.6,rh_superiorfrontal_part2,0.4280924008105129,Gifted,MIND,500.aparc,Node Versatility,0.22011674490686878,0.1826820160021339,0.4027987609090027,True,rh_superiorfrontal_part2,2,Association cortex - type 1,Association,True
0.6,rh_superiorfrontal_part6,0.4439197523974348,Gifted,MIND,500.aparc,Node Versatility,0.22011674490686878,0.1826820160021339,0.4027987609090027,True,rh_superiorfrontal_part6,2,Association cortex - type 1,Association,True
0.6,rh_superiorfrontal_part7,0.6970377991431254,Gifted,MIND,500.aparc,Node Versatility,0.22011674490686878,0.1826820160021339,0.4027987609090027,True,rh_superiorfrontal_part7,2,Association cortex - type 1,Association,True
0.6,rh_superiorparietal_part7,0.6071548646920333,Gifted,MIND,500.aparc,Node Versatility,0.22011674490686878,0.1826820160021339,0.4027987609090027,True,rh_superiorparietal_part7,2,Association cortex - type 1,Association,True
0.6,rh_superiortemporal_part1,0.6102260599640486,Gifted,MIND,500.aparc,Node Versatility,0.22011674490686878,0.1826820160021339,0.4027987609090027,True,rh_superiortemporal_part1,3,Association cortex - type 2,Association,True
0.6,rh_superiortemporal_part3,1.0,Gifted,MIND,500.aparc,Node Versatility,0.22011674490686878,0.1826820160021339,0.4027987609090027,True,rh_superiortemporal_part3,3,Association cortex - type 2,Association,True
0.6,rh_superiortemporal_part4,0.7573921517550858,Gifted,MIND,500.aparc,Node Versatility,0.22011674490686878,0.1826820160021339,0.4027987609090027,True,rh_superiortemporal_part4,3,Association cortex - type 2,Association,True
0.6,rh_temporalpole_part1,0.4440985918416675,Gifted,MIND,500.aparc,Node Versatility,0.22011674490686878,0.1826820160021339,0.4027987609090027,True,rh_temporalpole_part1,2,Association cortex - type 1,Association,True
0.7,lh_entorhinal_part1,0.4582168269670817,Gifted,MIND,500.aparc,Node Versatility,0.20044837559328418,0.1800279145223637,0.3804762901156479,True,lh_entorhinal_part1,6,Limbic cortex,Limbic,False
0.7,lh_frontalpole_part1,0.6538471376142262,Gifted,MIND,500.aparc,Node Versatility,0.20044837559328418,0.1800279145223637,0.3804762901156479,True,lh_frontalpole_part1,3,Association cortex - type 2,Association,True
0.7,lh_inferiorparietal_part6,0.5401185733270548,Gifted,MIND,500.aparc,Node Versatility,0.20044837559328418,0.1800279145223637,0.3804762901156479,True,lh_inferiorparietal_part6,3,Association cortex - type 2,Association,True
0.7,lh_inferiortemporal_part1,0.4501091514043321,Gifted,MIND,500.aparc,Node Versatility,0.20044837559328418,0.1800279145223637,0.3804762901156479,True,lh_inferiortemporal_part1,2,Association cortex - type 1,Association,True
0.7,lh_inferiortemporal_part3,0.4216230315874563,Gifted,MIND,500.aparc,Node Versatility,0.20044837559328418,0.1800279145223637,0.3804762901156479,True,lh_inferiortemporal_part3,2,Association cortex - type 1,Association,True
0.7,lh_lateraloccipital_part7,0.440770860757585,Gifted,MIND,500.aparc,Node Versatility,0.20044837559328418,0.1800279145223637,0.3804762901156479,True,lh_lateraloccipital_part7,4,Secondary sensory cortex,Secondary,False
0.7,lh_lateralorbitofrontal_part1,0.4274651090529646,Gifted,MIND,500.aparc,Node Versatility,0.20044837559328418,0.1800279145223637,0.3804762901156479,True,lh_lateralorbitofrontal_part1,4,Secondary sensory cortex,Secondary,False
0.7,lh_lateralorbitofrontal_part2,0.4327206986632259,Gifted,MIND,500.aparc,Node Versatility,0.20044837559328418,0.1800279145223637,0.3804762901156479,True,lh_lateralorbitofrontal_part2,4,Secondary sensory cortex,Secondary,False
0.7,lh_middletemporal_part1,0.6111908380355638,Gifted,MIND,500.aparc,Node Versatility,0.20044837559328418,0.1800279145223637,0.3804762901156479,True,lh_middletemporal_part1,2,Association cortex - type 1,Association,True
0.7,lh_middletemporal_part3,0.638214258346558,Gifted,MIND,500.aparc,Node Versatility,0.20044837559328418,0.1800279145223637,0.3804762901156479,True,lh_middletemporal_part3,2,Association cortex - type 1,Association,True
0.7,lh_parsorbitalis_part1,0.539639343651693,Gifted,MIND,500.aparc,Node Versatility,0.20044837559328418,0.1800279145223637,0.3804762901156479,True,lh_parsorbitalis_part1,4,Secondary sensory cortex,Secondary,False
0.7,lh_postcentral_part4,0.654858282961036,Gifted,MIND,500.aparc,Node Versatility,0.20044837559328418,0.1800279145223637,0.3804762901156479,True,lh_postcentral_part4,5,Primary sensory cortex,Primary,False
0.7,lh_rostralmiddlefrontal_part4,0.553812181507924,Gifted,MIND,500.aparc,Node Versatility,0.20044837559328418,0.1800279145223637,0.3804762901156479,True,lh_rostralmiddlefrontal_part4,3,Association cortex - type 2,Association,True
0.7,lh_superiorfrontal_part1,0.5692498814162842,Gifted,MIND,500.aparc,Node Versatility,0.20044837559328418,0.1800279145223637,0.3804762901156479,True,lh_superiorfrontal_part1,2,Association cortex - type 1,Association,True
0.7,lh_superiorfrontal_part10,0.5464628799487913,Gifted,MIND,500.aparc,Node Versatility,0.20044837559328418,0.1800279145223637,0.3804762901156479,True,lh_superiorfrontal_part10,2,Association cortex - type 1,Association,True
0.7,lh_superiorfrontal_part13,0.4989721395825083,Gifted,MIND,500.aparc,Node Versatility,0.20044837559328418,0.1800279145223637,0.3804762901156479,True,lh_superiorfrontal_part13,2,Association cortex - type 1,Association,True
0.7,lh_superiorfrontal_part5,0.4919641815621651,Gifted,MIND,500.aparc,Node Versatility,0.20044837559328418,0.1800279145223637,0.3804762901156479,True,lh_superiorfrontal_part5,2,Association cortex - type 1,Association,True
0.7,lh_superiorparietal_part10,0.8833731862222336,Gifted,MIND,500.aparc,Node Versatility,0.20044837559328418,0.1800279145223637,0.3804762901156479,True,lh_superiorparietal_part10,2,Association cortex - type 1,Association,True
0.7,lh_superiortemporal_part2,0.6417353368030602,Gifted,MIND,500.aparc,Node Versatility,0.20044837559328418,0.1800279145223637,0.3804762901156479,True,lh_superiortemporal_part2,3,Association cortex - type 2,Association,True
0.7,lh_superiortemporal_part4,0.6323611127086807,Gifted,MIND,500.aparc,Node Versatility,0.20044837559328418,0.1800279145223637,0.3804762901156479,True,lh_superiortemporal_part4,3,Association cortex - type 2,Association,True
0.7,lh_supramarginal_part3,0.4607702112253895,Gifted,MIND,500.aparc,Node Versatility,0.20044837559328418,0.1800279145223637,0.3804762901156479,True,lh_supramarginal_part3,3,Association cortex - type 2,Association,True
0.7,lh_temporalpole_part1,0.505739387005677,Gifted,MIND,500.aparc,Node Versatility,0.20044837559328418,0.1800279145223637,0.3804762901156479,True,lh_temporalpole_part1,2,Association cortex - type 1,Association,True
0.7,rh_entorhinal_part1,0.4577818593123291,Gifted,MIND,500.aparc,Node Versatility,0.20044837559328418,0.1800279145223637,0.3804762901156479,True,rh_entorhinal_part1,6,Limbic cortex,Limbic,False
0.7,rh_frontalpole_part1,0.6538471376142262,Gifted,MIND,500.aparc,Node Versatility,0.20044837559328418,0.1800279145223637,0.3804762901156479,True,rh_frontalpole_part1,3,Association cortex - type 2,Association,True
0.7,rh_fusiform_part4,0.3964534723228793,Gifted,MIND,500.aparc,Node Versatility,0.20044837559328418,0.1800279145223637,0.3804762901156479,True,rh_fusiform_part4,2,Association cortex - type 1,Association,True
0.7,rh_inferiortemporal_part1,0.4501091514043321,Gifted,MIND,500.aparc,Node Versatility,0.20044837559328418,0.1800279145223637,0.3804762901156479,True,rh_inferiortemporal_part1,2,Association cortex - type 1,Association,True
0.7,rh_inferiortemporal_part3,0.8380410328072708,Gifted,MIND,500.aparc,Node Versatility,0.20044837559328418,0.1800279145223637,0.3804762901156479,True,rh_inferiortemporal_part3,2,Association cortex - type 1,Association,True
0.7,rh_lateraloccipital_part6,0.4475800883173566,Gifted,MIND,500.aparc,Node Versatility,0.20044837559328418,0.1800279145223637,0.3804762901156479,True,rh_lateraloccipital_part6,4,Secondary sensory cortex,Secondary,False
0.7,rh_lateralorbitofrontal_part1,0.3833941631059279,Gifted,MIND,500.aparc,Node Versatility,0.20044837559328418,0.1800279145223637,0.3804762901156479,True,rh_lateralorbitofrontal_part1,4,Secondary sensory cortex,Secondary,False
0.7,rh_middletemporal_part2,0.4501091514043321,Gifted,MIND,500.aparc,Node Versatility,0.20044837559328418,0.1800279145223637,0.3804762901156479,True,rh_middletemporal_part2,2,Association cortex - type 1,Association,True
0.7,rh_middletemporal_part3,0.8115035885971648,Gifted,MIND,500.aparc,Node Versatility,0.20044837559328418,0.1800279145223637,0.3804762901156479,True,rh_middletemporal_part3,2,Association cortex - type 1,Association,True
0.7,rh_middletemporal_part6,0.5875157455187842,Gifted,MIND,500.aparc,Node Versatility,0.20044837559328418,0.1800279145223637,0.3804762901156479,True,rh_middletemporal_part6,2,Association cortex - type 1,Association,True
0.7,rh_parsorbitalis_part1,0.580309774356653,Gifted,MIND,500.aparc,Node Versatility,0.20044837559328418,0.1800279145223637,0.3804762901156479,True,rh_parsorbitalis_part1,4,Secondary sensory cortex,Secondary,False
0.7,rh_parstriangularis_part1,0.5069200425916598,Gifted,MIND,500.aparc,Node Versatility,0.20044837559328418,0.1800279145223637,0.3804762901156479,True,rh_parstriangularis_part1,2,Association cortex - type 1,Association,True
0.7,rh_postcentral_part4,0.6918453279478144,Gifted,MIND,500.aparc,Node Versatility,0.20044837559328418,0.1800279145223637,0.3804762901156479,True,rh_postcentral_part4,5,Primary sensory cortex,Primary,False
0.7,rh_rostralmiddlefrontal_part1,0.7463558519753521,Gifted,MIND,500.aparc,Node Versatility,0.20044837559328418,0.1800279145223637,0.3804762901156479,True,rh_rostralmiddlefrontal_part1,3,Association cortex - type 2,Association,True
0.7,rh_superiorfrontal_part11,0.455668126427585,Gifted,MIND,500.aparc,Node Versatility,0.20044837559328418,0.1800279145223637,0.3804762901156479,True,rh_superiorfrontal_part11,2,Association cortex - type 1,Association,True
0.7,rh_superiorfrontal_part2,0.5463929015550921,Gifted,MIND,500.aparc,Node Versatility,0.20044837559328418,0.1800279145223637,0.3804762901156479,True,rh_superiorfrontal_part2,2,Association cortex - type 1,Association,True
0.7,rh_superiorfrontal_part6,0.5904218940012637,Gifted,MIND,500.aparc,Node Versatility,0.20044837559328418,0.1800279145223637,0.3804762901156479,True,rh_superiorfrontal_part6,2,Association cortex - type 1,Association,True
0.7,rh_superiorfrontal_part7,0.6483661607980995,Gifted,MIND,500.aparc,Node Versatility,0.20044837559328418,0.1800279145223637,0.3804762901156479,True,rh_superiorfrontal_part7,2,Association cortex - type 1,Association,True
0.7,rh_superiorparietal_part7,0.8578609356672942,Gifted,MIND,500.aparc,Node Versatility,0.20044837559328418,0.1800279145223637,0.3804762901156479,True,rh_superiorparietal_part7,2,Association cortex - type 1,Association,True
0.7,rh_superiortemporal_part1,0.6332280896256248,Gifted,MIND,500.aparc,Node Versatility,0.20044837559328418,0.1800279145223637,0.3804762901156479,True,rh_superiortemporal_part1,3,Association cortex - type 2,Association,True
0.7,rh_superiortemporal_part3,1.0,Gifted,MIND,500.aparc,Node Versatility,0.20044837559328418,0.1800279145223637,0.3804762901156479,True,rh_superiortemporal_part3,3,Association cortex - type 2,Association,True
0.7,rh_temporalpole_part1,0.505739387005677,Gifted,MIND,500.aparc,Node Versatility,0.20044837559328418,0.1800279145223637,0.3804762901156479,True,rh_temporalpole_part1,2,Association cortex - type 1,Association,True
0.8,lh_entorhinal_part1,0.4374514682506137,Gifted,MIND,500.aparc,Node Versatility,0.169595739197901,0.18336240602692336,0.3529581452248244,True,lh_entorhinal_part1,6,Limbic cortex,Limbic,False
0.8,lh_frontalpole_part1,0.5122499717852298,Gifted,MIND,500.aparc,Node Versatility,0.169595739197901,0.18336240602692336,0.3529581452248244,True,lh_frontalpole_part1,3,Association cortex - type 2,Association,True
0.8,lh_inferiortemporal_part1,0.436358642622982,Gifted,MIND,500.aparc,Node Versatility,0.169595739197901,0.18336240602692336,0.3529581452248244,True,lh_inferiortemporal_part1,2,Association cortex - type 1,Association,True
0.8,lh_insula_part2,0.5842284501022643,Gifted,MIND,500.aparc,Node Versatility,0.169595739197901,0.18336240602692336,0.3529581452248244,True,lh_insula_part2,7,Insular cortex,Insular,False
0.8,lh_middletemporal_part1,0.7286261340713601,Gifted,MIND,500.aparc,Node Versatility,0.169595739197901,0.18336240602692336,0.3529581452248244,True,lh_middletemporal_part1,2,Association cortex - type 1,Association,True
0.8,lh_middletemporal_part3,0.5401182942080769,Gifted,MIND,500.aparc,Node Versatility,0.169595739197901,0.18336240602692336,0.3529581452248244,True,lh_middletemporal_part3,2,Association cortex - type 1,Association,True
0.8,lh_parsorbitalis_part1,0.5096616823976603,Gifted,MIND,500.aparc,Node Versatility,0.169595739197901,0.18336240602692336,0.3529581452248244,True,lh_parsorbitalis_part1,4,Secondary sensory cortex,Secondary,False
0.8,lh_postcentral_part4,0.3846336321483326,Gifted,MIND,500.aparc,Node Versatility,0.169595739197901,0.18336240602692336,0.3529581452248244,True,lh_postcentral_part4,5,Primary sensory cortex,Primary,False
0.8,lh_rostralanteriorcingulate_part1,0.4774049242583731,Gifted,MIND,500.aparc,Node Versatility,0.169595739197901,0.18336240602692336,0.3529581452248244,True,lh_rostralanteriorcingulate_part1,6,Limbic cortex,Limbic,False
0.8,lh_superiorfrontal_part1,0.505400996950683,Gifted,MIND,500.aparc,Node Versatility,0.169595739197901,0.18336240602692336,0.3529581452248244,True,lh_superiorfrontal_part1,2,Association cortex - type 1,Association,True
0.8,lh_superiorfrontal_part10,0.5408532593904906,Gifted,MIND,500.aparc,Node Versatility,0.169595739197901,0.18336240602692336,0.3529581452248244,True,lh_superiorfrontal_part10,2,Association cortex - type 1,Association,True
0.8,lh_superiorfrontal_part13,0.5787058863841592,Gifted,MIND,500.aparc,Node Versatility,0.169595739197901,0.18336240602692336,0.3529581452248244,True,lh_superiorfrontal_part13,2,Association cortex - type 1,Association,True
0.8,lh_superiorfrontal_part5,0.4810910137815171,Gifted,MIND,500.aparc,Node Versatility,0.169595739197901,0.18336240602692336,0.3529581452248244,True,lh_superiorfrontal_part5,2,Association cortex - type 1,Association,True
0.8,lh_superiorfrontal_part6,0.4925139191051027,Gifted,MIND,500.aparc,Node Versatility,0.169595739197901,0.18336240602692336,0.3529581452248244,True,lh_superiorfrontal_part6,2,Association cortex - type 1,Association,True
0.8,lh_superiorfrontal_part7,0.5091098595665615,Gifted,MIND,500.aparc,Node Versatility,0.169595739197901,0.18336240602692336,0.3529581452248244,True,lh_superiorfrontal_part7,2,Association cortex - type 1,Association,True
0.8,lh_superiorfrontal_part8,0.3536323627779337,Gifted,MIND,500.aparc,Node Versatility,0.169595739197901,0.18336240602692336,0.3529581452248244,True,lh_superiorfrontal_part8,2,Association cortex - type 1,Association,True
0.8,lh_superiorparietal_part10,0.9131701514972536,Gifted,MIND,500.aparc,Node Versatility,0.169595739197901,0.18336240602692336,0.3529581452248244,True,lh_superiorparietal_part10,2,Association cortex - type 1,Association,True
0.8,lh_superiortemporal_part2,1.0,Gifted,MIND,500.aparc,Node Versatility,0.169595739197901,0.18336240602692336,0.3529581452248244,True,lh_superiortemporal_part2,3,Association cortex - type 2,Association,True
0.8,lh_superiortemporal_part4,0.9678150651128422,Gifted,MIND,500.aparc,Node Versatility,0.169595739197901,0.18336240602692336,0.3529581452248244,True,lh_superiortemporal_part4,3,Association cortex - type 2,Association,True
0.8,lh_temporalpole_part1,0.4379301338858324,Gifted,MIND,500.aparc,Node Versatility,0.169595739197901,0.18336240602692336,0.3529581452248244,True,lh_temporalpole_part1,2,Association cortex - type 1,Association,True
0.8,rh_entorhinal_part1,0.4374514682506137,Gifted,MIND,500.aparc,Node Versatility,0.169595739197901,0.18336240602692336,0.3529581452248244,True,rh_entorhinal_part1,6,Limbic cortex,Limbic,False
0.8,rh_frontalpole_part1,0.5122499717852298,Gifted,MIND,500.aparc,Node Versatility,0.169595739197901,0.18336240602692336,0.3529581452248244,True,rh_frontalpole_part1,3,Association cortex - type 2,Association,True
0.8,rh_fusiform_part4,0.4164036494720919,Gifted,MIND,500.aparc,Node Versatility,0.169595739197901,0.18336240602692336,0.3529581452248244,True,rh_fusiform_part4,2,Association cortex - type 1,Association,True
0.8,rh_inferiortemporal_part1,0.436358642622982,Gifted,MIND,500.aparc,Node Versatility,0.169595739197901,0.18336240602692336,0.3529581452248244,True,rh_inferiortemporal_part1,2,Association cortex - type 1,Association,True
0.8,rh_inferiortemporal_part3,0.5357072165904606,Gifted,MIND,500.aparc,Node Versatility,0.169595739197901,0.18336240602692336,0.3529581452248244,True,rh_inferiortemporal_part3,2,Association cortex - type 1,Association,True
0.8,rh_insula_part1,0.5814483741835523,Gifted,MIND,500.aparc,Node Versatility,0.169595739197901,0.18336240602692336,0.3529581452248244,True,rh_insula_part1,7,Insular cortex,Insular,False
0.8,rh_lateraloccipital_part6,0.3617756189735233,Gifted,MIND,500.aparc,Node Versatility,0.169595739197901,0.18336240602692336,0.3529581452248244,True,rh_lateraloccipital_part6,4,Secondary sensory cortex,Secondary,False
0.8,rh_middletemporal_part2,0.436358642622982,Gifted,MIND,500.aparc,Node Versatility,0.169595739197901,0.18336240602692336,0.3529581452248244,True,rh_middletemporal_part2,2,Association cortex - type 1,Association,True
0.8,rh_middletemporal_part3,0.6289358017539053,Gifted,MIND,500.aparc,Node Versatility,0.169595739197901,0.18336240602692336,0.3529581452248244,True,rh_middletemporal_part3,2,Association cortex - type 1,Association,True
0.8,rh_middletemporal_part6,0.4539712539201096,Gifted,MIND,500.aparc,Node Versatility,0.169595739197901,0.18336240602692336,0.3529581452248244,True,rh_middletemporal_part6,2,Association cortex - type 1,Association,True
0.8,rh_parsorbitalis_part1,0.5122499717852298,Gifted,MIND,500.aparc,Node Versatility,0.169595739197901,0.18336240602692336,0.3529581452248244,True,rh_parsorbitalis_part1,4,Secondary sensory cortex,Secondary,False
0.8,rh_postcentral_part4,0.629523741359467,Gifted,MIND,500.aparc,Node Versatility,0.169595739197901,0.18336240602692336,0.3529581452248244,True,rh_postcentral_part4,5,Primary sensory cortex,Primary,False
0.8,rh_rostralanteriorcingulate_part1,0.4774049242583731,Gifted,MIND,500.aparc,Node Versatility,0.169595739197901,0.18336240602692336,0.3529581452248244,True,rh_rostralanteriorcingulate_part1,6,Limbic cortex,Limbic,False
0.8,rh_rostralmiddlefrontal_part1,0.6628219819140116,Gifted,MIND,500.aparc,Node Versatility,0.169595739197901,0.18336240602692336,0.3529581452248244,True,rh_rostralmiddlefrontal_part1,3,Association cortex - type 2,Association,True
0.8,rh_superiorfrontal_part1,0.5088981677766545,Gifted,MIND,500.aparc,Node Versatility,0.169595739197901,0.18336240602692336,0.3529581452248244,True,rh_superiorfrontal_part1,2,Association cortex - type 1,Association,True
0.8,rh_superiorfrontal_part10,0.4195338365618065,Gifted,MIND,500.aparc,Node Versatility,0.169595739197901,0.18336240602692336,0.3529581452248244,True,rh_superiorfrontal_part10,2,Association cortex - type 1,Association,True
0.8,rh_superiorfrontal_part11,0.3584364836201059,Gifted,MIND,500.aparc,Node Versatility,0.169595739197901,0.18336240602692336,0.3529581452248244,True,rh_superiorfrontal_part11,2,Association cortex - type 1,Association,True
0.8,rh_superiorfrontal_part2,0.6795541569712023,Gifted,MIND,500.aparc,Node Versatility,0.169595739197901,0.18336240602692336,0.3529581452248244,True,rh_superiorfrontal_part2,2,Association cortex - type 1,Association,True
0.8,rh_superiorfrontal_part6,0.4861775085062358,Gifted,MIND,500.aparc,Node Versatility,0.169595739197901,0.18336240602692336,0.3529581452248244,True,rh_superiorfrontal_part6,2,Association cortex - type 1,Association,True
0.8,rh_superiorfrontal_part7,0.3985085097162504,Gifted,MIND,500.aparc,Node Versatility,0.169595739197901,0.18336240602692336,0.3529581452248244,True,rh_superiorfrontal_part7,2,Association cortex - type 1,Association,True
0.8,rh_superiorparietal_part7,0.6141428552204307,Gifted,MIND,500.aparc,Node Versatility,0.169595739197901,0.18336240602692336,0.3529581452248244,True,rh_superiorparietal_part7,2,Association cortex - type 1,Association,True
0.8,rh_superiortemporal_part1,0.987919151626006,Gifted,MIND,500.aparc,Node Versatility,0.169595739197901,0.18336240602692336,0.3529581452248244,True,rh_superiortemporal_part1,3,Association cortex - type 2,Association,True
0.8,rh_superiortemporal_part3,0.7885334809976954,Gifted,MIND,500.aparc,Node Versatility,0.169595739197901,0.18336240602692336,0.3529581452248244,True,rh_superiortemporal_part3,3,Association cortex - type 2,Association,True
0.8,rh_temporalpole_part1,0.4379301338858324,Gifted,MIND,500.aparc,Node Versatility,0.169595739197901,0.18336240602692336,0.3529581452248244,True,rh_temporalpole_part1,2,Association cortex - type 1,Association,True
0.9,lh_entorhinal_part1,0.3941072213821136,Gifted,MIND,500.aparc,Node Versatility,0.15222416018267843,0.18407156263042881,0.33629572281310727,True,lh_entorhinal_part1,6,Limbic cortex,Limbic,False
0.9,lh_frontalpole_part1,0.4989726661305788,Gifted,MIND,500.aparc,Node Versatility,0.15222416018267843,0.18407156263042881,0.33629572281310727,True,lh_frontalpole_part1,3,Association cortex - type 2,Association,True
0.9,lh_fusiform_part1,0.3517786277917619,Gifted,MIND,500.aparc,Node Versatility,0.15222416018267843,0.18407156263042881,0.33629572281310727,True,lh_fusiform_part1,2,Association cortex - type 1,Association,True
0.9,lh_inferiortemporal_part1,0.6485636783339518,Gifted,MIND,500.aparc,Node Versatility,0.15222416018267843,0.18407156263042881,0.33629572281310727,True,lh_inferiortemporal_part1,2,Association cortex - type 1,Association,True
0.9,lh_inferiortemporal_part3,0.6148403613229791,Gifted,MIND,500.aparc,Node Versatility,0.15222416018267843,0.18407156263042881,0.33629572281310727,True,lh_inferiortemporal_part3,2,Association cortex - type 1,Association,True
0.9,lh_insula_part2,0.4224081973747565,Gifted,MIND,500.aparc,Node Versatility,0.15222416018267843,0.18407156263042881,0.33629572281310727,True,lh_insula_part2,7,Insular cortex,Insular,False
0.9,lh_middletemporal_part1,0.4914524676859979,Gifted,MIND,500.aparc,Node Versatility,0.15222416018267843,0.18407156263042881,0.33629572281310727,True,lh_middletemporal_part1,2,Association cortex - type 1,Association,True
0.9,lh_middletemporal_part3,0.4833801376378336,Gifted,MIND,500.aparc,Node Versatility,0.15222416018267843,0.18407156263042881,0.33629572281310727,True,lh_middletemporal_part3,2,Association cortex - type 1,Association,True
0.9,lh_parsorbitalis_part1,0.5195539700532011,Gifted,MIND,500.aparc,Node Versatility,0.15222416018267843,0.18407156263042881,0.33629572281310727,True,lh_parsorbitalis_part1,4,Secondary sensory cortex,Secondary,False
0.9,lh_postcentral_part4,0.3476906116806664,Gifted,MIND,500.aparc,Node Versatility,0.15222416018267843,0.18407156263042881,0.33629572281310727,True,lh_postcentral_part4,5,Primary sensory cortex,Primary,False
0.9,lh_posteriorcingulate_part1,0.4349518279265494,Gifted,MIND,500.aparc,Node Versatility,0.15222416018267843,0.18407156263042881,0.33629572281310727,True,lh_posteriorcingulate_part1,6,Limbic cortex,Limbic,False
0.9,lh_rostralanteriorcingulate_part1,0.3894412089251399,Gifted,MIND,500.aparc,Node Versatility,0.15222416018267843,0.18407156263042881,0.33629572281310727,True,lh_rostralanteriorcingulate_part1,6,Limbic cortex,Limbic,False
0.9,lh_superiorfrontal_part1,0.5391008111829514,Gifted,MIND,500.aparc,Node Versatility,0.15222416018267843,0.18407156263042881,0.33629572281310727,True,lh_superiorfrontal_part1,2,Association cortex - type 1,Association,True
0.9,lh_superiorfrontal_part10,0.3713068500663525,Gifted,MIND,500.aparc,Node Versatility,0.15222416018267843,0.18407156263042881,0.33629572281310727,True,lh_superiorfrontal_part10,2,Association cortex - type 1,Association,True
0.9,lh_superiorfrontal_part13,0.4223471036247211,Gifted,MIND,500.aparc,Node Versatility,0.15222416018267843,0.18407156263042881,0.33629572281310727,True,lh_superiorfrontal_part13,2,Association cortex - type 1,Association,True
0.9,lh_superiorfrontal_part3,0.4037174219665141,Gifted,MIND,500.aparc,Node Versatility,0.15222416018267843,0.18407156263042881,0.33629572281310727,True,lh_superiorfrontal_part3,2,Association cortex - type 1,Association,True
0.9,lh_superiorfrontal_part5,0.5407316093467534,Gifted,MIND,500.aparc,Node Versatility,0.15222416018267843,0.18407156263042881,0.33629572281310727,True,lh_superiorfrontal_part5,2,Association cortex - type 1,Association,True
0.9,lh_superiorfrontal_part6,0.3590590225856453,Gifted,MIND,500.aparc,Node Versatility,0.15222416018267843,0.18407156263042881,0.33629572281310727,True,lh_superiorfrontal_part6,2,Association cortex - type 1,Association,True
0.9,lh_superiorfrontal_part7,0.4671698750058247,Gifted,MIND,500.aparc,Node Versatility,0.15222416018267843,0.18407156263042881,0.33629572281310727,True,lh_superiorfrontal_part7,2,Association cortex - type 1,Association,True
0.9,lh_superiorfrontal_part8,0.3798579135775902,Gifted,MIND,500.aparc,Node Versatility,0.15222416018267843,0.18407156263042881,0.33629572281310727,True,lh_superiorfrontal_part8,2,Association cortex - type 1,Association,True
0.9,lh_superiorparietal_part10,0.7050148914042544,Gifted,MIND,500.aparc,Node Versatility,0.15222416018267843,0.18407156263042881,0.33629572281310727,True,lh_superiorparietal_part10,2,Association cortex - type 1,Association,True
0.9,lh_superiortemporal_part2,0.8681892740398275,Gifted,MIND,500.aparc,Node Versatility,0.15222416018267843,0.18407156263042881,0.33629572281310727,True,lh_superiortemporal_part2,3,Association cortex - type 2,Association,True
0.9,lh_superiortemporal_part4,0.8144772359770961,Gifted,MIND,500.aparc,Node Versatility,0.15222416018267843,0.18407156263042881,0.33629572281310727,True,lh_superiortemporal_part4,3,Association cortex - type 2,Association,True
0.9,lh_temporalpole_part1,1.0,Gifted,MIND,500.aparc,Node Versatility,0.15222416018267843,0.18407156263042881,0.33629572281310727,True,lh_temporalpole_part1,2,Association cortex - type 1,Association,True
0.9,rh_entorhinal_part1,0.3941072213821136,Gifted,MIND,500.aparc,Node Versatility,0.15222416018267843,0.18407156263042881,0.33629572281310727,True,rh_entorhinal_part1,6,Limbic cortex,Limbic,False
0.9,rh_frontalpole_part1,0.4989726661305788,Gifted,MIND,500.aparc,Node Versatility,0.15222416018267843,0.18407156263042881,0.33629572281310727,True,rh_frontalpole_part1,3,Association cortex - type 2,Association,True
0.9,rh_fusiform_part5,0.3475405256885446,Gifted,MIND,500.aparc,Node Versatility,0.15222416018267843,0.18407156263042881,0.33629572281310727,True,rh_fusiform_part5,2,Association cortex - type 1,Association,True
0.9,rh_inferiortemporal_part1,0.6485636783339518,Gifted,MIND,500.aparc,Node Versatility,0.15222416018267843,0.18407156263042881,0.33629572281310727,True,rh_inferiortemporal_part1,2,Association cortex - type 1,Association,True
0.9,rh_inferiortemporal_part3,0.4280172277049867,Gifted,MIND,500.aparc,Node Versatility,0.15222416018267843,0.18407156263042881,0.33629572281310727,True,rh_inferiortemporal_part3,2,Association cortex - type 1,Association,True
0.9,rh_insula_part1,0.4218747632628983,Gifted,MIND,500.aparc,Node Versatility,0.15222416018267843,0.18407156263042881,0.33629572281310727,True,rh_insula_part1,7,Insular cortex,Insular,False
0.9,rh_middletemporal_part2,0.6524580252027449,Gifted,MIND,500.aparc,Node Versatility,0.15222416018267843,0.18407156263042881,0.33629572281310727,True,rh_middletemporal_part2,2,Association cortex - type 1,Association,True
0.9,rh_middletemporal_part3,0.5482800031610471,Gifted,MIND,500.aparc,Node Versatility,0.15222416018267843,0.18407156263042881,0.33629572281310727,True,rh_middletemporal_part3,2,Association cortex - type 1,Association,True
0.9,rh_middletemporal_part6,0.4948371834024909,Gifted,MIND,500.aparc,Node Versatility,0.15222416018267843,0.18407156263042881,0.33629572281310727,True,rh_middletemporal_part6,2,Association cortex - type 1,Association,True
0.9,rh_parsorbitalis_part1,0.5053626266319474,Gifted,MIND,500.aparc,Node Versatility,0.15222416018267843,0.18407156263042881,0.33629572281310727,True,rh_parsorbitalis_part1,4,Secondary sensory cortex,Secondary,False
0.9,rh_rostralanteriorcingulate_part1,0.3894412089251399,Gifted,MIND,500.aparc,Node Versatility,0.15222416018267843,0.18407156263042881,0.33629572281310727,True,rh_rostralanteriorcingulate_part1,6,Limbic cortex,Limbic,False
0.9,rh_superiorfrontal_part1,0.3492501470149192,Gifted,MIND,500.aparc,Node Versatility,0.15222416018267843,0.18407156263042881,0.33629572281310727,True,rh_superiorfrontal_part1,2,Association cortex - type 1,Association,True
0.9,rh_superiorfrontal_part11,0.5748915275733613,Gifted,MIND,500.aparc,Node Versatility,0.15222416018267843,0.18407156263042881,0.33629572281310727,True,rh_superiorfrontal_part11,2,Association cortex - type 1,Association,True
0.9,rh_superiorfrontal_part13,0.3803451917508652,Gifted,MIND,500.aparc,Node Versatility,0.15222416018267843,0.18407156263042881,0.33629572281310727,True,rh_superiorfrontal_part13,2,Association cortex - type 1,Association,True
0.9,rh_superiorfrontal_part2,0.4674322663200759,Gifted,MIND,500.aparc,Node Versatility,0.15222416018267843,0.18407156263042881,0.33629572281310727,True,rh_superiorfrontal_part2,2,Association cortex - type 1,Association,True
0.9,rh_superiorfrontal_part7,0.359747976543594,Gifted,MIND,500.aparc,Node Versatility,0.15222416018267843,0.18407156263042881,0.33629572281310727,True,rh_superiorfrontal_part7,2,Association cortex - type 1,Association,True
0.9,rh_superiorparietal_part7,0.4109075471702618,Gifted,MIND,500.aparc,Node Versatility,0.15222416018267843,0.18407156263042881,0.33629572281310727,True,rh_superiorparietal_part7,2,Association cortex - type 1,Association,True
0.9,rh_superiorparietal_part9,0.3550871931180616,Gifted,MIND,500.aparc,Node Versatility,0.15222416018267843,0.18407156263042881,0.33629572281310727,True,rh_superiorparietal_part9,2,Association cortex - type 1,Association,True
0.9,rh_superiortemporal_part1,0.8681892740398275,Gifted,MIND,500.aparc,Node Versatility,0.15222416018267843,0.18407156263042881,0.33629572281310727,True,rh_superiortemporal_part1,3,Association cortex - type 2,Association,True
0.9,rh_superiortemporal_part3,0.5661891547144966,Gifted,MIND,500.aparc,Node Versatility,0.15222416018267843,0.18407156263042881,0.33629572281310727,True,rh_superiortemporal_part3,3,Association cortex - type 2,Association,True
0.9,rh_temporalpole_part1,1.0,Gifted,MIND,500.aparc,Node Versatility,0.15222416018267843,0.18407156263042881,0.33629572281310727,True,rh_temporalpole_part1,2,Association cortex - type 1,Association,True
1.0,lh_caudalmiddlefrontal_part3,0.6650775504933669,Gifted,MIND,500.aparc,Node Versatility,0.2985315681468197,0.19094149835588622,0.48947306650270594,True,lh_caudalmiddlefrontal_part3,2,Association cortex - type 1,Association,True
1.0,lh_entorhinal_part1,0.5754538131328402,Gifted,MIND,500.aparc,Node Versatility,0.2985315681468197,0.19094149835588622,0.48947306650270594,True,lh_entorhinal_part1,6,Limbic cortex,Limbic,False
1.0,lh_fusiform_part3,0.5186768012753167,Gifted,MIND,500.aparc,Node Versatility,0.2985315681468197,0.19094149835588622,0.48947306650270594,True,lh_fusiform_part3,2,Association cortex - type 1,Association,True
1.0,lh_inferiortemporal_part6,0.49022149680957,Gifted,MIND,500.aparc,Node Versatility,0.2985315681468197,0.19094149835588622,0.48947306650270594,True,lh_inferiortemporal_part6,2,Association cortex - type 1,Association,True
1.0,lh_insula_part1,0.9433715414024272,Gifted,MIND,500.aparc,Node Versatility,0.2985315681468197,0.19094149835588622,0.48947306650270594,True,lh_insula_part1,7,Insular cortex,Insular,False
1.0,lh_lateralorbitofrontal_part1,0.5186561705453305,Gifted,MIND,500.aparc,Node Versatility,0.2985315681468197,0.19094149835588622,0.48947306650270594,True,lh_lateralorbitofrontal_part1,4,Secondary sensory cortex,Secondary,False
1.0,lh_lingual_part3,0.5608510232951783,Gifted,MIND,500.aparc,Node Versatility,0.2985315681468197,0.19094149835588622,0.48947306650270594,True,lh_lingual_part3,4,Secondary sensory cortex,Secondary,False
1.0,lh_medialorbitofrontal_part1,0.600650555151275,Gifted,MIND,500.aparc,Node Versatility,0.2985315681468197,0.19094149835588622,0.48947306650270594,True,lh_medialorbitofrontal_part1,4,Secondary sensory cortex,Secondary,False
1.0,lh_postcentral_part7,0.5106332771703143,Gifted,MIND,500.aparc,Node Versatility,0.2985315681468197,0.19094149835588622,0.48947306650270594,True,lh_postcentral_part7,5,Primary sensory cortex,Primary,False
1.0,lh_precuneus_part1,0.8679241506890075,Gifted,MIND,500.aparc,Node Versatility,0.2985315681468197,0.19094149835588622,0.48947306650270594,True,lh_precuneus_part1,2,Association cortex - type 1,Association,True
1.0,lh_superiorfrontal_part10,0.6020312177502457,Gifted,MIND,500.aparc,Node Versatility,0.2985315681468197,0.19094149835588622,0.48947306650270594,True,lh_superiorfrontal_part10,2,Association cortex - type 1,Association,True
1.0,lh_superiorfrontal_part13,0.5331108815190014,Gifted,MIND,500.aparc,Node Versatility,0.2985315681468197,0.19094149835588622,0.48947306650270594,True,lh_superiorfrontal_part13,2,Association cortex - type 1,Association,True
1.0,lh_superiorfrontal_part3,0.4957717125820588,Gifted,MIND,500.aparc,Node Versatility,0.2985315681468197,0.19094149835588622,0.48947306650270594,True,lh_superiorfrontal_part3,2,Association cortex - type 1,Association,True
1.0,lh_superiorfrontal_part5,0.5534624297901287,Gifted,MIND,500.aparc,Node Versatility,0.2985315681468197,0.19094149835588622,0.48947306650270594,True,lh_superiorfrontal_part5,2,Association cortex - type 1,Association,True
1.0,lh_superiorfrontal_part7,0.7969695526505368,Gifted,MIND,500.aparc,Node Versatility,0.2985315681468197,0.19094149835588622,0.48947306650270594,True,lh_superiorfrontal_part7,2,Association cortex - type 1,Association,True
1.0,lh_superiorparietal_part1,0.5952706651303167,Gifted,MIND,500.aparc,Node Versatility,0.2985315681468197,0.19094149835588622,0.48947306650270594,True,lh_superiorparietal_part1,2,Association cortex - type 1,Association,True
1.0,lh_superiorparietal_part10,0.7657003490791262,Gifted,MIND,500.aparc,Node Versatility,0.2985315681468197,0.19094149835588622,0.48947306650270594,True,lh_superiorparietal_part10,2,Association cortex - type 1,Association,True
1.0,lh_superiortemporal_part1,0.6593959319651764,Gifted,MIND,500.aparc,Node Versatility,0.2985315681468197,0.19094149835588622,0.48947306650270594,True,lh_superiortemporal_part1,3,Association cortex - type 2,Association,True
1.0,lh_temporalpole_part1,0.7400876372369539,Gifted,MIND,500.aparc,Node Versatility,0.2985315681468197,0.19094149835588622,0.48947306650270594,True,lh_temporalpole_part1,2,Association cortex - type 1,Association,True
1.0,rh_caudalmiddlefrontal_part1,1.0,Gifted,MIND,500.aparc,Node Versatility,0.2985315681468197,0.19094149835588622,0.48947306650270594,True,rh_caudalmiddlefrontal_part1,2,Association cortex - type 1,Association,True
1.0,rh_entorhinal_part1,0.5754538131328402,Gifted,MIND,500.aparc,Node Versatility,0.2985315681468197,0.19094149835588622,0.48947306650270594,True,rh_entorhinal_part1,6,Limbic cortex,Limbic,False
1.0,rh_frontalpole_part1,0.5016741654055171,Gifted,MIND,500.aparc,Node Versatility,0.2985315681468197,0.19094149835588622,0.48947306650270594,True,rh_frontalpole_part1,3,Association cortex - type 2,Association,True
1.0,rh_fusiform_part1,0.539972894934628,Gifted,MIND,500.aparc,Node Versatility,0.2985315681468197,0.19094149835588622,0.48947306650270594,True,rh_fusiform_part1,2,Association cortex - type 1,Association,True
1.0,rh_insula_part2,0.9433715414024272,Gifted,MIND,500.aparc,Node Versatility,0.2985315681468197,0.19094149835588622,0.48947306650270594,True,rh_insula_part2,7,Insular cortex,Insular,False
1.0,rh_lateraloccipital_part6,0.6716993899838245,Gifted,MIND,500.aparc,Node Versatility,0.2985315681468197,0.19094149835588622,0.48947306650270594,True,rh_lateraloccipital_part6,4,Secondary sensory cortex,Secondary,False
1.0,rh_lateralorbitofrontal_part2,0.6612451944509343,Gifted,MIND,500.aparc,Node Versatility,0.2985315681468197,0.19094149835588622,0.48947306650270594,True,rh_lateralorbitofrontal_part2,4,Secondary sensory cortex,Secondary,False
1.0,rh_lingual_part3,0.6926248720446044,Gifted,MIND,500.aparc,Node Versatility,0.2985315681468197,0.19094149835588622,0.48947306650270594,True,rh_lingual_part3,4,Secondary sensory cortex,Secondary,False
1.0,rh_middletemporal_part3,0.5047161321136098,Gifted,MIND,500.aparc,Node Versatility,0.2985315681468197,0.19094149835588622,0.48947306650270594,True,rh_middletemporal_part3,2,Association cortex - type 1,Association,True
1.0,rh_middletemporal_part5,0.5398100625511364,Gifted,MIND,500.aparc,Node Versatility,0.2985315681468197,0.19094149835588622,0.48947306650270594,True,rh_middletemporal_part5,2,Association cortex - type 1,Association,True
1.0,rh_middletemporal_part6,0.7303656277127824,Gifted,MIND,500.aparc,Node Versatility,0.2985315681468197,0.19094149835588622,0.48947306650270594,True,rh_middletemporal_part6,2,Association cortex - type 1,Association,True
1.0,rh_precentral_part1,0.4927287271181934,Gifted,MIND,500.aparc,Node Versatility,0.2985315681468197,0.19094149835588622,0.48947306650270594,True,rh_precentral_part1,1,Primary motor cortex,Primary,False
1.0,rh_precuneus_part1,0.6058209775627192,Gifted,MIND,500.aparc,Node Versatility,0.2985315681468197,0.19094149835588622,0.48947306650270594,True,rh_precuneus_part1,2,Association cortex - type 1,Association,True
1.0,rh_precuneus_part6,0.6548858461803895,Gifted,MIND,500.aparc,Node Versatility,0.2985315681468197,0.19094149835588622,0.48947306650270594,True,rh_precuneus_part6,2,Association cortex - type 1,Association,True
1.0,rh_superiorfrontal_part11,0.6823341173699607,Gifted,MIND,500.aparc,Node Versatility,0.2985315681468197,0.19094149835588622,0.48947306650270594,True,rh_superiorfrontal_part11,2,Association cortex - type 1,Association,True
1.0,rh_superiorfrontal_part13,0.6718441950681427,Gifted,MIND,500.aparc,Node Versatility,0.2985315681468197,0.19094149835588622,0.48947306650270594,True,rh_superiorfrontal_part13,2,Association cortex - type 1,Association,True
1.0,rh_superiorparietal_part2,0.6356563258693214,Gifted,MIND,500.aparc,Node Versatility,0.2985315681468197,0.19094149835588622,0.48947306650270594,True,rh_superiorparietal_part2,2,Association cortex - type 1,Association,True
1.0,rh_superiorparietal_part7,0.9451053400644972,Gifted,MIND,500.aparc,Node Versatility,0.2985315681468197,0.19094149835588622,0.48947306650270594,True,rh_superiorparietal_part7,2,Association cortex - type 1,Association,True
1.0,rh_superiorparietal_part9,0.5952571963692624,Gifted,MIND,500.aparc,Node Versatility,0.2985315681468197,0.19094149835588622,0.48947306650270594,True,rh_superiorparietal_part9,2,Association cortex - type 1,Association,True
1.0,rh_supramarginal_part2,0.7839123822877233,Gifted,MIND,500.aparc,Node Versatility,0.2985315681468197,0.19094149835588622,0.48947306650270594,True,rh_supramarginal_part2,3,Association cortex - type 2,Association,True
1.0,rh_supramarginal_part6,0.5094346588535198,Gifted,MIND,500.aparc,Node Versatility,0.2985315681468197,0.19094149835588622,0.48947306650270594,True,rh_supramarginal_part6,3,Association cortex - type 2,Association,True
1.0,rh_temporalpole_part1,0.7400876372369539,Gifted,MIND,500.aparc,Node Versatility,0.2985315681468197,0.19094149835588622,0.48947306650270594,True,rh_temporalpole_part1,2,Association cortex - type 1,Association,True
