Method,Parcellation,Density,Feature,Region,Control_normalized,Gifted_normalized,Diff_gifted_minus_controls
MSN,aparc,0.03,Participation Coefficient,lh_bankssts,0.0,0.6804546656268601,0.6804546656268601
MSN,aparc,0.03,Participation Coefficient,lh_caudalanteriorcingulate,0.0,0.0,0.0
MSN,aparc,0.03,Participation Coefficient,lh_caudalmiddlefrontal,0.0,0.0,0.0
MSN,aparc,0.03,Participation Coefficient,lh_cuneus,0.0,0.0,0.0
MSN,aparc,0.03,Participation Coefficient,lh_entorhinal,0.0,0.6272977989162627,0.6272977989162627
MSN,aparc,0.03,Participation Coefficient,lh_fusiform,0.0,0.0,0.0
MSN,aparc,0.03,Participation Coefficient,lh_inferiorparietal,0.0,0.0,0.0
MSN,aparc,0.03,Participation Coefficient,lh_inferiortemporal,0.0,0.8618993782638553,0.8618993782638553
MSN,aparc,0.03,Participation Coefficient,lh_isthmuscingulate,0.0,0.0,0.0
MSN,aparc,0.03,Participation Coefficient,lh_lateraloccipital,0.0,0.0,0.0
MSN,aparc,0.03,Participation Coefficient,lh_lateralorbitofrontal,0.0,0.0,0.0
MSN,aparc,0.03,Participation Coefficient,lh_lingual,0.0,0.0,0.0
MSN,aparc,0.03,Participation Coefficient,lh_medialorbitofrontal,0.0,0.0,0.0
MSN,aparc,0.03,Participation Coefficient,lh_middletemporal,0.0,0.0,0.0
MSN,aparc,0.03,Participation Coefficient,lh_parahippocampal,0.0,0.0,0.0
MSN,aparc,0.03,Participation Coefficient,lh_paracentral,0.8947364426279064,0.0,-0.8947364426279064
MSN,aparc,0.03,Participation Coefficient,lh_parsopercularis,0.8798274873400181,0.842914036825703,-0.03691345051431516
MSN,aparc,0.03,Participation Coefficient,lh_parsorbitalis,0.0,0.0,0.0
MSN,aparc,0.03,Participation Coefficient,lh_parstriangularis,0.0,0.0,0.0
MSN,aparc,0.03,Participation Coefficient,lh_pericalcarine,0.0,0.0,0.0
MSN,aparc,0.03,Participation Coefficient,lh_postcentral,0.7781032933116723,0.0,-0.7781032933116723
MSN,aparc,0.03,Participation Coefficient,lh_posteriorcingulate,0.670702604977342,0.0,-0.670702604977342
MSN,aparc,0.03,Participation Coefficient,lh_precentral,0.0,0.0,0.0
MSN,aparc,0.03,Participation Coefficient,lh_precuneus,0.0,0.0,0.0
MSN,aparc,0.03,Participation Coefficient,lh_rostralanteriorcingulate,0.0,0.0,0.0
MSN,aparc,0.03,Participation Coefficient,lh_rostralmiddlefrontal,0.0,0.0,0.0
MSN,aparc,0.03,Participation Coefficient,lh_superiorfrontal,0.7030355545323277,0.8487818857820653,0.14574633124973757
MSN,aparc,0.03,Participation Coefficient,lh_superiorparietal,0.6666438848533467,0.0,-0.6666438848533467
MSN,aparc,0.03,Participation Coefficient,lh_superiortemporal,0.0,0.0,0.0
MSN,aparc,0.03,Participation Coefficient,lh_supramarginal,0.0,0.0,0.0
MSN,aparc,0.03,Participation Coefficient,lh_frontalpole,0.0,0.0,0.0
MSN,aparc,0.03,Participation Coefficient,lh_temporalpole,0.0,0.0,0.0
MSN,aparc,0.03,Participation Coefficient,lh_transversetemporal,0.0,0.0,0.0
MSN,aparc,0.03,Participation Coefficient,lh_insula,0.0,0.0,0.0
MSN,aparc,0.03,Participation Coefficient,rh_bankssts,0.0,1.0,1.0
MSN,aparc,0.03,Participation Coefficient,rh_caudalanteriorcingulate,0.0,0.0,0.0
MSN,aparc,0.03,Participation Coefficient,rh_caudalmiddlefrontal,0.0,0.0,0.0
MSN,aparc,0.03,Participation Coefficient,rh_cuneus,0.8944201485609335,0.8942122497192405,-0.00020789884169303274
MSN,aparc,0.03,Participation Coefficient,rh_entorhinal,0.8766282741153567,0.0,-0.8766282741153567
MSN,aparc,0.03,Participation Coefficient,rh_fusiform,0.0,0.0,0.0
MSN,aparc,0.03,Participation Coefficient,rh_inferiorparietal,0.0,0.0,0.0
MSN,aparc,0.03,Participation Coefficient,rh_inferiortemporal,0.7290788427236237,0.0,-0.7290788427236237
MSN,aparc,0.03,Participation Coefficient,rh_isthmuscingulate,0.0,0.0,0.0
MSN,aparc,0.03,Participation Coefficient,rh_lateraloccipital,0.0,0.0,0.0
MSN,aparc,0.03,Participation Coefficient,rh_lateralorbitofrontal,0.0,0.0,0.0
MSN,aparc,0.03,Participation Coefficient,rh_lingual,0.0,0.0,0.0
MSN,aparc,0.03,Participation Coefficient,rh_medialorbitofrontal,0.0,0.0,0.0
MSN,aparc,0.03,Participation Coefficient,rh_middletemporal,0.0,0.0,0.0
MSN,aparc,0.03,Participation Coefficient,rh_parahippocampal,0.0,0.0,0.0
MSN,aparc,0.03,Participation Coefficient,rh_paracentral,0.0,0.8951567945143856,0.8951567945143856
MSN,aparc,0.03,Participation Coefficient,rh_parsopercularis,0.7926738921622096,0.0,-0.7926738921622096
MSN,aparc,0.03,Participation Coefficient,rh_parsorbitalis,0.0,0.0,0.0
MSN,aparc,0.03,Participation Coefficient,rh_parstriangularis,0.0,0.0,0.0
MSN,aparc,0.03,Participation Coefficient,rh_pericalcarine,0.0,0.0,0.0
MSN,aparc,0.03,Participation Coefficient,rh_postcentral,0.0,0.8936218219308917,0.8936218219308917
MSN,aparc,0.03,Participation Coefficient,rh_posteriorcingulate,0.0,0.0,0.0
MSN,aparc,0.03,Participation Coefficient,rh_precentral,0.7955797824813999,0.6769381577413377,-0.11864162474006223
MSN,aparc,0.03,Participation Coefficient,rh_precuneus,0.0,0.0,0.0
MSN,aparc,0.03,Participation Coefficient,rh_rostralanteriorcingulate,0.0,0.0,0.0
MSN,aparc,0.03,Participation Coefficient,rh_rostralmiddlefrontal,0.0,0.0,0.0
MSN,aparc,0.03,Participation Coefficient,rh_superiorfrontal,0.0,0.0,0.0
MSN,aparc,0.03,Participation Coefficient,rh_superiorparietal,0.0,0.7959169818059081,0.7959169818059081
MSN,aparc,0.03,Participation Coefficient,rh_superiortemporal,0.0,0.0,0.0
MSN,aparc,0.03,Participation Coefficient,rh_supramarginal,0.0,0.0,0.0
MSN,aparc,0.03,Participation Coefficient,rh_frontalpole,0.0,0.0,0.0
MSN,aparc,0.03,Participation Coefficient,rh_temporalpole,0.0,0.0,0.0
MSN,aparc,0.03,Participation Coefficient,rh_transversetemporal,0.7941709121621102,0.0,-0.7941709121621102
MSN,aparc,0.03,Participation Coefficient,rh_insula,0.0,0.0,0.0
MSN,aparc,0.03,Node Versatility,lh_bankssts,0.9935374326260903,0.0,-0.9935374326260903
MSN,aparc,0.03,Node Versatility,lh_caudalanteriorcingulate,1.0,0.11252946041039012,-0.8874705395896099
MSN,aparc,0.03,Node Versatility,lh_caudalmiddlefrontal,0.9935374326260903,0.11252946041039012,-0.8810079722157002
MSN,aparc,0.03,Node Versatility,lh_cuneus,0.06975855255421408,0.22650140947377922,0.15674285691956513
MSN,aparc,0.03,Node Versatility,lh_entorhinal,0.47510058844728087,0.0,-0.47510058844728087
MSN,aparc,0.03,Node Versatility,lh_fusiform,0.651001182543852,0.05001171164310176,-0.6009894709007502
MSN,aparc,0.03,Node Versatility,lh_inferiorparietal,0.38786244352199717,0.5097623919600416,0.12189994843804441
MSN,aparc,0.03,Node Versatility,lh_inferiortemporal,0.7999046758387817,0.008543508501961512,-0.7913611673368202
MSN,aparc,0.03,Node Versatility,lh_isthmuscingulate,0.3040053112826627,0.0,-0.3040053112826627
MSN,aparc,0.03,Node Versatility,lh_lateraloccipital,0.16534119974249542,0.2316568762241156,0.06631567648162018
MSN,aparc,0.03,Node Versatility,lh_lateralorbitofrontal,0.3040053112826627,0.1111528971933583,-0.19285241408930442
MSN,aparc,0.03,Node Versatility,lh_lingual,0.06975855255421408,0.5434779872962443,0.4737194347420302
MSN,aparc,0.03,Node Versatility,lh_medialorbitofrontal,0.16534119974249542,0.1111528971933583,-0.05418830254913712
MSN,aparc,0.03,Node Versatility,lh_middletemporal,0.28721301419638967,0.008543508501961512,-0.27866950569442817
MSN,aparc,0.03,Node Versatility,lh_parahippocampal,0.48487862081094796,0.05001171164310176,-0.4348669091678462
MSN,aparc,0.03,Node Versatility,lh_paracentral,0.8074376887915382,0.27669366134673046,-0.5307440274448078
MSN,aparc,0.03,Node Versatility,lh_parsopercularis,0.5511570302749577,0.05001171164310176,-0.5011453186318559
MSN,aparc,0.03,Node Versatility,lh_parsorbitalis,0.2369575710214636,0.0,-0.2369575710214636
MSN,aparc,0.03,Node Versatility,lh_parstriangularis,0.7504196359849744,0.05001171164310176,-0.7004079243418726
MSN,aparc,0.03,Node Versatility,lh_pericalcarine,0.06975855255421408,0.22650140947377922,0.15674285691956513
MSN,aparc,0.03,Node Versatility,lh_postcentral,0.5538490041373516,0.7298983834460645,0.1760493793087129
MSN,aparc,0.03,Node Versatility,lh_posteriorcingulate,0.8268552697575002,0.0,-0.8268552697575002
MSN,aparc,0.03,Node Versatility,lh_precentral,0.3881538261845179,0.5097623919600416,0.1216085657755237
MSN,aparc,0.03,Node Versatility,lh_precuneus,0.06975855255421408,0.22650140947377922,0.15674285691956513
MSN,aparc,0.03,Node Versatility,lh_rostralanteriorcingulate,0.5511570302749577,0.05001171164310176,-0.5011453186318559
MSN,aparc,0.03,Node Versatility,lh_rostralmiddlefrontal,0.1990367683780342,0.2316568762241156,0.03262010784608141
MSN,aparc,0.03,Node Versatility,lh_superiorfrontal,0.5919860343568919,0.20934851680583896,-0.3826375175510529
MSN,aparc,0.03,Node Versatility,lh_superiorparietal,0.5941238718356572,0.803523410512717,0.20939953867705985
MSN,aparc,0.03,Node Versatility,lh_superiortemporal,0.28721301419638967,0.008543508501961512,-0.27866950569442817
MSN,aparc,0.03,Node Versatility,lh_supramarginal,0.5919860343568919,0.20934851680583896,-0.3826375175510529
MSN,aparc,0.03,Node Versatility,lh_frontalpole,0.4905357296132254,0.0,-0.4905357296132254
MSN,aparc,0.03,Node Versatility,lh_temporalpole,0.2369575710214636,0.0,-0.2369575710214636
MSN,aparc,0.03,Node Versatility,lh_transversetemporal,0.9400980710216756,0.11252946041039012,-0.8275686106112855
MSN,aparc,0.03,Node Versatility,lh_insula,0.3040053112826627,0.1111528971933583,-0.19285241408930442
MSN,aparc,0.03,Node Versatility,rh_bankssts,0.651001182543852,0.11252946041039012,-0.5384717221334618
MSN,aparc,0.03,Node Versatility,rh_caudalanteriorcingulate,0.8268552697575002,0.0,-0.8268552697575002
MSN,aparc,0.03,Node Versatility,rh_caudalmiddlefrontal,0.8268552697575002,0.0,-0.8268552697575002
MSN,aparc,0.03,Node Versatility,rh_cuneus,0.6462552235529018,0.642981701240794,-0.0032735223121077572
MSN,aparc,0.03,Node Versatility,rh_entorhinal,0.47510058844728087,0.0,-0.47510058844728087
MSN,aparc,0.03,Node Versatility,rh_fusiform,0.651001182543852,0.11252946041039012,-0.5384717221334618
MSN,aparc,0.03,Node Versatility,rh_inferiorparietal,0.38786244352199717,0.22985914278205008,-0.1580033007399471
MSN,aparc,0.03,Node Versatility,rh_inferiortemporal,0.7999046758387817,0.008543508501961512,-0.7913611673368202
MSN,aparc,0.03,Node Versatility,rh_isthmuscingulate,0.3040053112826627,0.0,-0.3040053112826627
MSN,aparc,0.03,Node Versatility,rh_lateraloccipital,0.16534119974249542,0.2316568762241156,0.06631567648162018
MSN,aparc,0.03,Node Versatility,rh_lateralorbitofrontal,0.3040053112826627,0.1111528971933583,-0.19285241408930442
MSN,aparc,0.03,Node Versatility,rh_lingual,0.14328644324385864,0.8052817563739325,0.6619953131300739
MSN,aparc,0.03,Node Versatility,rh_medialorbitofrontal,0.16534119974249542,0.2316568762241156,0.06631567648162018
MSN,aparc,0.03,Node Versatility,rh_middletemporal,0.28721301419638967,0.008543508501961512,-0.27866950569442817
MSN,aparc,0.03,Node Versatility,rh_parahippocampal,0.46248630584862854,0.25529393646274084,-0.2071923693858877
MSN,aparc,0.03,Node Versatility,rh_paracentral,0.8074376887915382,0.3511785115422037,-0.4562591772493345
MSN,aparc,0.03,Node Versatility,rh_parsopercularis,0.7504196359849744,0.05001171164310176,-0.7004079243418726
MSN,aparc,0.03,Node Versatility,rh_parsorbitalis,0.2369575710214636,0.0,-0.2369575710214636
MSN,aparc,0.03,Node Versatility,rh_parstriangularis,0.4031427751516689,0.05001171164310176,-0.35313106350856716
MSN,aparc,0.03,Node Versatility,rh_pericalcarine,0.06975855255421408,0.22650140947377922,0.15674285691956513
MSN,aparc,0.03,Node Versatility,rh_postcentral,0.5941238718356572,0.7305040240078345,0.13638015217217736
MSN,aparc,0.03,Node Versatility,rh_posteriorcingulate,0.8268552697575002,0.0,-0.8268552697575002
MSN,aparc,0.03,Node Versatility,rh_precentral,0.3881538261845179,0.5097623919600416,0.1216085657755237
MSN,aparc,0.03,Node Versatility,rh_precuneus,0.06975855255421408,0.22650140947377922,0.15674285691956513
MSN,aparc,0.03,Node Versatility,rh_rostralanteriorcingulate,0.4031427751516689,0.25529393646274084,-0.14784883868892806
MSN,aparc,0.03,Node Versatility,rh_rostralmiddlefrontal,0.1990367683780342,0.2316568762241156,0.03262010784608141
MSN,aparc,0.03,Node Versatility,rh_superiorfrontal,0.5919860343568919,0.20934851680583896,-0.3826375175510529
MSN,aparc,0.03,Node Versatility,rh_superiorparietal,0.5941238718356572,0.9352203774573978,0.34109650562174065
MSN,aparc,0.03,Node Versatility,rh_superiortemporal,0.28721301419638967,0.008543508501961512,-0.27866950569442817
MSN,aparc,0.03,Node Versatility,rh_supramarginal,0.38786244352199717,0.22985914278205008,-0.1580033007399471
MSN,aparc,0.03,Node Versatility,rh_frontalpole,0.4905357296132254,0.0,-0.4905357296132254
MSN,aparc,0.03,Node Versatility,rh_temporalpole,0.2369575710214636,0.0,-0.2369575710214636
MSN,aparc,0.03,Node Versatility,rh_transversetemporal,0.9400980710216756,0.11252946041039012,-0.8275686106112855
MSN,aparc,0.03,Node Versatility,rh_insula,0.3040053112826627,0.1111528971933583,-0.19285241408930442
MSN,aparc,0.03,Node Strength,lh_bankssts,0.5638984674163826,0.7736908491246188,0.20979238170823622
MSN,aparc,0.03,Node Strength,lh_caudalanteriorcingulate,0.3649269757798248,0.3537683178425024,-0.011158657937322403
MSN,aparc,0.03,Node Strength,lh_caudalmiddlefrontal,0.1368211551487839,0.13846715987796668,0.0016460047291827762
MSN,aparc,0.03,Node Strength,lh_cuneus,0.3427477326741698,0.5450806056817468,0.20233287300757696
MSN,aparc,0.03,Node Strength,lh_entorhinal,0.3628986686255575,0.49789037239112705,0.13499170376556957
MSN,aparc,0.03,Node Strength,lh_fusiform,0.04109839498538098,0.00206413927476725,-0.03903425571061373
MSN,aparc,0.03,Node Strength,lh_inferiorparietal,0.1489754287463731,0.1419846540489047,-0.006990774697468394
MSN,aparc,0.03,Node Strength,lh_inferiortemporal,0.13327659649796444,0.2766206836600543,0.14334408716208988
MSN,aparc,0.03,Node Strength,lh_isthmuscingulate,0.14060855358132557,0.1442304231829846,0.003621869601659028
MSN,aparc,0.03,Node Strength,lh_lateraloccipital,0.1547685531608309,0.5811324408980171,0.42636388773718614
MSN,aparc,0.03,Node Strength,lh_lateralorbitofrontal,0.06462532891422904,0.07230292898472183,0.007677600070492799
MSN,aparc,0.03,Node Strength,lh_lingual,0.5532832804819549,0.3668479613060247,-0.18643531917593015
MSN,aparc,0.03,Node Strength,lh_medialorbitofrontal,0.018601872226993634,0.0009288755704734373,-0.017672996656520196
MSN,aparc,0.03,Node Strength,lh_middletemporal,0.3475614908807058,0.5476804259694621,0.20011893508875628
MSN,aparc,0.03,Node Strength,lh_parahippocampal,0.34753942060307497,0.20881036856502075,-0.13872905203805422
MSN,aparc,0.03,Node Strength,lh_paracentral,0.3513134408496579,0.3532188081718362,0.0019053673221783307
MSN,aparc,0.03,Node Strength,lh_parsopercularis,0.30256219126368555,0.2718907627818266,-0.030671428481858942
MSN,aparc,0.03,Node Strength,lh_parsorbitalis,0.5861572620223974,0.366419575907118,-0.21973768611527938
MSN,aparc,0.03,Node Strength,lh_parstriangularis,0.13865590984335915,0.32435626508469334,0.1857003552413342
MSN,aparc,0.03,Node Strength,lh_pericalcarine,0.1511434777533467,0.15156704937981985,0.0004235716264731626
MSN,aparc,0.03,Node Strength,lh_postcentral,0.5562956826696942,0.3682374031545497,-0.18805827951514448
MSN,aparc,0.03,Node Strength,lh_posteriorcingulate,0.7911436995909688,0.1516565840149007,-0.6394871155760681
MSN,aparc,0.03,Node Strength,lh_precentral,0.351897822980124,0.15057608483540771,-0.2013217381447163
MSN,aparc,0.03,Node Strength,lh_precuneus,0.13059095995741943,0.1473267237618355,0.016735763804416076
MSN,aparc,0.03,Node Strength,lh_rostralanteriorcingulate,0.34704814589222,0.7660818257269734,0.41903367983475337
MSN,aparc,0.03,Node Strength,lh_rostralmiddlefrontal,0.3679678917037671,0.15185715299489033,-0.21611073870887676
MSN,aparc,0.03,Node Strength,lh_superiorfrontal,0.5198634774497851,0.29196103391705186,-0.22790244353273326
MSN,aparc,0.03,Node Strength,lh_superiorparietal,0.7886567151154759,0.36869034487882435,-0.4199663702366515
MSN,aparc,0.03,Node Strength,lh_superiortemporal,0.13227882107259398,0.3216404051276906,0.18936158405509662
MSN,aparc,0.03,Node Strength,lh_supramarginal,0.34878083523677367,0.3497012610813158,0.0009204258445421054
MSN,aparc,0.03,Node Strength,lh_frontalpole,0.36642152523208144,0.5578461790895747,0.19142465385749324
MSN,aparc,0.03,Node Strength,lh_temporalpole,0.8012028198142236,0.3710284262614063,-0.4301743935528173
MSN,aparc,0.03,Node Strength,lh_transversetemporal,0.1518516993168618,0.21283707949203187,0.06098538017517008
MSN,aparc,0.03,Node Strength,lh_insula,0.2665538113220968,0.2823269543641408,0.01577314304204397
MSN,aparc,0.03,Node Strength,rh_bankssts,0.44752358893699384,1.0,0.5524764110630062
MSN,aparc,0.03,Node Strength,rh_caudalanteriorcingulate,0.3346047178821351,0.1506296995285223,-0.1839750183536128
MSN,aparc,0.03,Node Strength,rh_caudalmiddlefrontal,0.11933865245917755,0.13899458572086426,0.019655933261686714
MSN,aparc,0.03,Node Strength,rh_cuneus,0.34394548257929075,0.3498682070789921,0.005922724499701326
MSN,aparc,0.03,Node Strength,rh_entorhinal,0.3081208101971526,0.3710089581612093,0.06288814796405673
MSN,aparc,0.03,Node Strength,rh_fusiform,0.13668076161571108,0.0,-0.13668076161571108
MSN,aparc,0.03,Node Strength,rh_inferiorparietal,0.4891142518943287,0.49265724252089,0.003542990626561271
MSN,aparc,0.03,Node Strength,rh_inferiortemporal,0.4865275634361427,0.1340038209077166,-0.3525237425284261
MSN,aparc,0.03,Node Strength,rh_isthmuscingulate,0.14100425515120812,0.35278385446625443,0.2117795993150463
MSN,aparc,0.03,Node Strength,rh_lateraloccipital,0.482699721671013,0.15495323422850799,-0.327746487442505
MSN,aparc,0.03,Node Strength,rh_lateralorbitofrontal,0.18137689840983956,0.2661985393710499,0.08482164096121037
MSN,aparc,0.03,Node Strength,rh_lingual,0.36119755502076706,0.36497253449624734,0.003774979475480278
MSN,aparc,0.03,Node Strength,rh_medialorbitofrontal,0.13192204892985174,0.0778497451776487,-0.05407230375220304
MSN,aparc,0.03,Node Strength,rh_middletemporal,0.5445419865432751,0.5351064662535668,-0.009435520289708288
MSN,aparc,0.03,Node Strength,rh_parahippocampal,0.3517654245527694,0.14432614045333197,-0.2074392840994374
MSN,aparc,0.03,Node Strength,rh_paracentral,0.3509018286582467,0.35587040846825724,0.004968579810010532
MSN,aparc,0.03,Node Strength,rh_parsopercularis,0.5497256773087521,0.34548420927881807,-0.20424146802993404
MSN,aparc,0.03,Node Strength,rh_parsorbitalis,0.3698458922555665,0.3657444908575685,-0.004101401397998028
MSN,aparc,0.03,Node Strength,rh_parstriangularis,0.12637176049278537,0.12071402004776519,-0.005657740445020182
MSN,aparc,0.03,Node Strength,rh_pericalcarine,0.3386533015273327,0.341590308803906,0.0029370072765733113
MSN,aparc,0.03,Node Strength,rh_postcentral,0.15062962945767927,0.3537124272282491,0.2030827977705698
MSN,aparc,0.03,Node Strength,rh_posteriorcingulate,0.1486240408851183,0.5781738321617425,0.4295497912766242
MSN,aparc,0.03,Node Strength,rh_precentral,0.5691483079075053,0.7847117086949541,0.21556340078744884
MSN,aparc,0.03,Node Strength,rh_precuneus,0.3225809748915478,0.3504969764915796,0.027916001600031826
MSN,aparc,0.03,Node Strength,rh_rostralanteriorcingulate,0.5423412982761777,0.5609755673013657,0.018634269025187944
MSN,aparc,0.03,Node Strength,rh_rostralmiddlefrontal,0.3630123104820421,0.5078047848426801,0.14479247436063802
MSN,aparc,0.03,Node Strength,rh_superiorfrontal,0.15469447778602544,0.3613062545824579,0.20661177679643247
MSN,aparc,0.03,Node Strength,rh_superiorparietal,0.15184614377655167,0.5803208187543816,0.4284746749778299
MSN,aparc,0.03,Node Strength,rh_superiortemporal,0.333475163648219,0.13226534097606613,-0.20120982267215287
MSN,aparc,0.03,Node Strength,rh_supramarginal,0.06697317983158516,0.07199322478304668,0.005020044951461522
MSN,aparc,0.03,Node Strength,rh_frontalpole,0.3525151781772178,0.14618432391181022,-0.20633085426540757
MSN,aparc,0.03,Node Strength,rh_temporalpole,0.15357933508465568,0.5882431324222852,0.4346637973376295
MSN,aparc,0.03,Node Strength,rh_transversetemporal,0.5790385302536466,0.3619673062776011,-0.2170712239760455
MSN,aparc,0.03,Node Strength,rh_insula,0.7718713418336979,0.3647954355492121,-0.40707590628448576
MSN,aparc,0.03,Local Efficiency,lh_bankssts,0.0,0.0,0.0
MSN,aparc,0.03,Local Efficiency,lh_caudalanteriorcingulate,0.0,0.0,0.0
MSN,aparc,0.03,Local Efficiency,lh_caudalmiddlefrontal,0.0,0.0,0.0
MSN,aparc,0.03,Local Efficiency,lh_cuneus,0.0,0.0,0.0
MSN,aparc,0.03,Local Efficiency,lh_entorhinal,0.0,0.3332930476727847,0.3332930476727847
MSN,aparc,0.03,Local Efficiency,lh_fusiform,0.0,0.0,0.0
MSN,aparc,0.03,Local Efficiency,lh_inferiorparietal,0.0,0.0,0.0
MSN,aparc,0.03,Local Efficiency,lh_inferiortemporal,0.0,0.0,0.0
MSN,aparc,0.03,Local Efficiency,lh_isthmuscingulate,0.0,0.0,0.0
MSN,aparc,0.03,Local Efficiency,lh_lateraloccipital,0.0,0.0,0.0
MSN,aparc,0.03,Local Efficiency,lh_lateralorbitofrontal,0.0,0.0,0.0
MSN,aparc,0.03,Local Efficiency,lh_lingual,0.0,0.0,0.0
MSN,aparc,0.03,Local Efficiency,lh_medialorbitofrontal,0.0,0.0,0.0
MSN,aparc,0.03,Local Efficiency,lh_middletemporal,0.0,0.0,0.0
MSN,aparc,0.03,Local Efficiency,lh_parahippocampal,0.0,0.0,0.0
MSN,aparc,0.03,Local Efficiency,lh_paracentral,0.0,0.0,0.0
MSN,aparc,0.03,Local Efficiency,lh_parsopercularis,0.0,0.0,0.0
MSN,aparc,0.03,Local Efficiency,lh_parsorbitalis,0.3333333333333333,0.0,-0.3333333333333333
MSN,aparc,0.03,Local Efficiency,lh_parstriangularis,0.0,0.0,0.0
MSN,aparc,0.03,Local Efficiency,lh_pericalcarine,0.0,0.0,0.0
MSN,aparc,0.03,Local Efficiency,lh_postcentral,0.0,0.0,0.0
MSN,aparc,0.03,Local Efficiency,lh_posteriorcingulate,0.0,0.0,0.0
MSN,aparc,0.03,Local Efficiency,lh_precentral,0.0,0.0,0.0
MSN,aparc,0.03,Local Efficiency,lh_precuneus,0.0,0.0,0.0
MSN,aparc,0.03,Local Efficiency,lh_rostralanteriorcingulate,0.0,0.0,0.0
MSN,aparc,0.03,Local Efficiency,lh_rostralmiddlefrontal,0.0,0.0,0.0
MSN,aparc,0.03,Local Efficiency,lh_superiorfrontal,0.0,0.0,0.0
MSN,aparc,0.03,Local Efficiency,lh_superiorparietal,0.0,0.0,0.0
MSN,aparc,0.03,Local Efficiency,lh_superiortemporal,0.0,0.0,0.0
MSN,aparc,0.03,Local Efficiency,lh_supramarginal,0.0,0.0,0.0
MSN,aparc,0.03,Local Efficiency,lh_frontalpole,0.0,0.0,0.0
MSN,aparc,0.03,Local Efficiency,lh_temporalpole,0.16666666666666669,0.0,-0.16666666666666669
MSN,aparc,0.03,Local Efficiency,lh_transversetemporal,0.0,0.0,0.0
MSN,aparc,0.03,Local Efficiency,lh_insula,0.0,0.0,0.0
MSN,aparc,0.03,Local Efficiency,rh_bankssts,0.0,0.0,0.0
MSN,aparc,0.03,Local Efficiency,rh_caudalanteriorcingulate,0.0,0.0,0.0
MSN,aparc,0.03,Local Efficiency,rh_caudalmiddlefrontal,0.0,0.0,0.0
MSN,aparc,0.03,Local Efficiency,rh_cuneus,0.0,0.0,0.0
MSN,aparc,0.03,Local Efficiency,rh_entorhinal,0.0,0.9998791430183541,0.9998791430183541
MSN,aparc,0.03,Local Efficiency,rh_fusiform,0.0,0.0,0.0
MSN,aparc,0.03,Local Efficiency,rh_inferiorparietal,0.0,0.0,0.0
MSN,aparc,0.03,Local Efficiency,rh_inferiortemporal,0.0,0.0,0.0
MSN,aparc,0.03,Local Efficiency,rh_isthmuscingulate,0.0,0.0,0.0
MSN,aparc,0.03,Local Efficiency,rh_lateraloccipital,0.0,0.0,0.0
MSN,aparc,0.03,Local Efficiency,rh_lateralorbitofrontal,0.0,0.0,0.0
MSN,aparc,0.03,Local Efficiency,rh_lingual,0.0,0.0,0.0
MSN,aparc,0.03,Local Efficiency,rh_medialorbitofrontal,0.0,0.0,0.0
MSN,aparc,0.03,Local Efficiency,rh_middletemporal,0.0,0.0,0.0
MSN,aparc,0.03,Local Efficiency,rh_parahippocampal,0.0,0.0,0.0
MSN,aparc,0.03,Local Efficiency,rh_paracentral,0.0,0.0,0.0
MSN,aparc,0.03,Local Efficiency,rh_parsopercularis,0.0,0.0,0.0
MSN,aparc,0.03,Local Efficiency,rh_parsorbitalis,1.0,0.0,-1.0
MSN,aparc,0.03,Local Efficiency,rh_parstriangularis,0.0,0.0,0.0
MSN,aparc,0.03,Local Efficiency,rh_pericalcarine,0.0,0.0,0.0
MSN,aparc,0.03,Local Efficiency,rh_postcentral,0.0,0.0,0.0
MSN,aparc,0.03,Local Efficiency,rh_posteriorcingulate,0.0,0.0,0.0
MSN,aparc,0.03,Local Efficiency,rh_precentral,0.0,0.0,0.0
MSN,aparc,0.03,Local Efficiency,rh_precuneus,0.0,0.0,0.0
MSN,aparc,0.03,Local Efficiency,rh_rostralanteriorcingulate,0.0,0.0,0.0
MSN,aparc,0.03,Local Efficiency,rh_rostralmiddlefrontal,0.0,0.0,0.0
MSN,aparc,0.03,Local Efficiency,rh_superiorfrontal,0.0,0.0,0.0
MSN,aparc,0.03,Local Efficiency,rh_superiorparietal,0.0,0.0,0.0
MSN,aparc,0.03,Local Efficiency,rh_superiortemporal,0.0,0.0,0.0
MSN,aparc,0.03,Local Efficiency,rh_supramarginal,0.0,0.0,0.0
MSN,aparc,0.03,Local Efficiency,rh_frontalpole,0.0,0.0,0.0
MSN,aparc,0.03,Local Efficiency,rh_temporalpole,0.0,0.3332930476727847,0.3332930476727847
MSN,aparc,0.03,Local Efficiency,rh_transversetemporal,0.0,0.0,0.0
MSN,aparc,0.03,Local Efficiency,rh_insula,0.0,0.0,0.0
MSN,aparc,0.03,Clustering Coefficient,lh_bankssts,0.0,0.0,0.0
MSN,aparc,0.03,Clustering Coefficient,lh_caudalanteriorcingulate,0.0,0.0,0.0
MSN,aparc,0.03,Clustering Coefficient,lh_caudalmiddlefrontal,0.0,0.0,0.0
MSN,aparc,0.03,Clustering Coefficient,lh_cuneus,0.0,0.0,0.0
MSN,aparc,0.03,Clustering Coefficient,lh_entorhinal,0.0,0.3332930476727848,0.3332930476727848
MSN,aparc,0.03,Clustering Coefficient,lh_fusiform,0.0,0.0,0.0
MSN,aparc,0.03,Clustering Coefficient,lh_inferiorparietal,0.0,0.0,0.0
MSN,aparc,0.03,Clustering Coefficient,lh_inferiortemporal,0.0,0.0,0.0
MSN,aparc,0.03,Clustering Coefficient,lh_isthmuscingulate,0.0,0.0,0.0
MSN,aparc,0.03,Clustering Coefficient,lh_lateraloccipital,0.0,0.0,0.0
MSN,aparc,0.03,Clustering Coefficient,lh_lateralorbitofrontal,0.0,0.0,0.0
MSN,aparc,0.03,Clustering Coefficient,lh_lingual,0.0,0.0,0.0
MSN,aparc,0.03,Clustering Coefficient,lh_medialorbitofrontal,0.0,0.0,0.0
MSN,aparc,0.03,Clustering Coefficient,lh_middletemporal,0.0,0.0,0.0
MSN,aparc,0.03,Clustering Coefficient,lh_parahippocampal,0.0,0.0,0.0
MSN,aparc,0.03,Clustering Coefficient,lh_paracentral,0.0,0.0,0.0
MSN,aparc,0.03,Clustering Coefficient,lh_parsopercularis,0.0,0.0,0.0
MSN,aparc,0.03,Clustering Coefficient,lh_parsorbitalis,0.33333333333333337,0.0,-0.33333333333333337
MSN,aparc,0.03,Clustering Coefficient,lh_parstriangularis,0.0,0.0,0.0
MSN,aparc,0.03,Clustering Coefficient,lh_pericalcarine,0.0,0.0,0.0
MSN,aparc,0.03,Clustering Coefficient,lh_postcentral,0.0,0.0,0.0
MSN,aparc,0.03,Clustering Coefficient,lh_posteriorcingulate,0.0,0.0,0.0
MSN,aparc,0.03,Clustering Coefficient,lh_precentral,0.0,0.0,0.0
MSN,aparc,0.03,Clustering Coefficient,lh_precuneus,0.0,0.0,0.0
MSN,aparc,0.03,Clustering Coefficient,lh_rostralanteriorcingulate,0.0,0.0,0.0
MSN,aparc,0.03,Clustering Coefficient,lh_rostralmiddlefrontal,0.0,0.0,0.0
MSN,aparc,0.03,Clustering Coefficient,lh_superiorfrontal,0.0,0.0,0.0
MSN,aparc,0.03,Clustering Coefficient,lh_superiorparietal,0.0,0.0,0.0
MSN,aparc,0.03,Clustering Coefficient,lh_superiortemporal,0.0,0.0,0.0
MSN,aparc,0.03,Clustering Coefficient,lh_supramarginal,0.0,0.0,0.0
MSN,aparc,0.03,Clustering Coefficient,lh_frontalpole,0.0,0.0,0.0
MSN,aparc,0.03,Clustering Coefficient,lh_temporalpole,0.16666666666666666,0.0,-0.16666666666666666
MSN,aparc,0.03,Clustering Coefficient,lh_transversetemporal,0.0,0.0,0.0
MSN,aparc,0.03,Clustering Coefficient,lh_insula,0.0,0.0,0.0
MSN,aparc,0.03,Clustering Coefficient,rh_bankssts,0.0,0.0,0.0
MSN,aparc,0.03,Clustering Coefficient,rh_caudalanteriorcingulate,0.0,0.0,0.0
MSN,aparc,0.03,Clustering Coefficient,rh_caudalmiddlefrontal,0.0,0.0,0.0
MSN,aparc,0.03,Clustering Coefficient,rh_cuneus,0.0,0.0,0.0
MSN,aparc,0.03,Clustering Coefficient,rh_entorhinal,0.0,0.9998791430183543,0.9998791430183543
MSN,aparc,0.03,Clustering Coefficient,rh_fusiform,0.0,0.0,0.0
MSN,aparc,0.03,Clustering Coefficient,rh_inferiorparietal,0.0,0.0,0.0
MSN,aparc,0.03,Clustering Coefficient,rh_inferiortemporal,0.0,0.0,0.0
MSN,aparc,0.03,Clustering Coefficient,rh_isthmuscingulate,0.0,0.0,0.0
MSN,aparc,0.03,Clustering Coefficient,rh_lateraloccipital,0.0,0.0,0.0
MSN,aparc,0.03,Clustering Coefficient,rh_lateralorbitofrontal,0.0,0.0,0.0
MSN,aparc,0.03,Clustering Coefficient,rh_lingual,0.0,0.0,0.0
MSN,aparc,0.03,Clustering Coefficient,rh_medialorbitofrontal,0.0,0.0,0.0
MSN,aparc,0.03,Clustering Coefficient,rh_middletemporal,0.0,0.0,0.0
MSN,aparc,0.03,Clustering Coefficient,rh_parahippocampal,0.0,0.0,0.0
MSN,aparc,0.03,Clustering Coefficient,rh_paracentral,0.0,0.0,0.0
MSN,aparc,0.03,Clustering Coefficient,rh_parsopercularis,0.0,0.0,0.0
MSN,aparc,0.03,Clustering Coefficient,rh_parsorbitalis,1.0,0.0,-1.0
MSN,aparc,0.03,Clustering Coefficient,rh_parstriangularis,0.0,0.0,0.0
MSN,aparc,0.03,Clustering Coefficient,rh_pericalcarine,0.0,0.0,0.0
MSN,aparc,0.03,Clustering Coefficient,rh_postcentral,0.0,0.0,0.0
MSN,aparc,0.03,Clustering Coefficient,rh_posteriorcingulate,0.0,0.0,0.0
MSN,aparc,0.03,Clustering Coefficient,rh_precentral,0.0,0.0,0.0
MSN,aparc,0.03,Clustering Coefficient,rh_precuneus,0.0,0.0,0.0
MSN,aparc,0.03,Clustering Coefficient,rh_rostralanteriorcingulate,0.0,0.0,0.0
MSN,aparc,0.03,Clustering Coefficient,rh_rostralmiddlefrontal,0.0,0.0,0.0
MSN,aparc,0.03,Clustering Coefficient,rh_superiorfrontal,0.0,0.0,0.0
MSN,aparc,0.03,Clustering Coefficient,rh_superiorparietal,0.0,0.0,0.0
MSN,aparc,0.03,Clustering Coefficient,rh_superiortemporal,0.0,0.0,0.0
MSN,aparc,0.03,Clustering Coefficient,rh_supramarginal,0.0,0.0,0.0
MSN,aparc,0.03,Clustering Coefficient,rh_frontalpole,0.0,0.0,0.0
MSN,aparc,0.03,Clustering Coefficient,rh_temporalpole,0.0,0.3332930476727848,0.3332930476727848
MSN,aparc,0.03,Clustering Coefficient,rh_transversetemporal,0.0,0.0,0.0
MSN,aparc,0.03,Clustering Coefficient,rh_insula,0.0,0.0,0.0
MSN,aparc,0.03,Betweenness Centrality,lh_bankssts,0.6219110378912686,0.31054365733113676,-0.3113673805601318
MSN,aparc,0.03,Betweenness Centrality,lh_caudalanteriorcingulate,0.5436573311367381,0.054365733113673806,-0.48929159802306427
MSN,aparc,0.03,Betweenness Centrality,lh_caudalmiddlefrontal,0.0,0.0,0.0
MSN,aparc,0.03,Betweenness Centrality,lh_cuneus,0.1070840197693575,0.21087314662273476,0.10378912685337727
MSN,aparc,0.03,Betweenness Centrality,lh_entorhinal,0.9077429983525536,0.9077429983525536,0.0
MSN,aparc,0.03,Betweenness Centrality,lh_fusiform,0.0,0.0,0.0
MSN,aparc,0.03,Betweenness Centrality,lh_inferiorparietal,0.0,0.0,0.0
MSN,aparc,0.03,Betweenness Centrality,lh_inferiortemporal,0.0,0.8649093904448105,0.8649093904448105
MSN,aparc,0.03,Betweenness Centrality,lh_isthmuscingulate,0.0,0.0,0.0
MSN,aparc,0.03,Betweenness Centrality,lh_lateraloccipital,0.0,0.2100494233937397,0.2100494233937397
MSN,aparc,0.03,Betweenness Centrality,lh_lateralorbitofrontal,0.0,0.0,0.0
MSN,aparc,0.03,Betweenness Centrality,lh_lingual,0.2602965403624382,0.2553542009884679,-0.004942339373970317
MSN,aparc,0.03,Betweenness Centrality,lh_medialorbitofrontal,0.0,0.0,0.0
MSN,aparc,0.03,Betweenness Centrality,lh_middletemporal,0.9192751235584844,1.0,0.0807248764415156
MSN,aparc,0.03,Betweenness Centrality,lh_parahippocampal,0.8649093904448105,0.054365733113673806,-0.8105436573311368
MSN,aparc,0.03,Betweenness Centrality,lh_paracentral,0.7512355848434926,0.7512355848434926,0.0
MSN,aparc,0.03,Betweenness Centrality,lh_parsopercularis,0.8896210873146623,0.899505766062603,0.009884678747940745
MSN,aparc,0.03,Betweenness Centrality,lh_parsorbitalis,0.9242174629324547,0.9242174629324547,0.0
MSN,aparc,0.03,Betweenness Centrality,lh_parstriangularis,0.0,0.054365733113673806,0.054365733113673806
MSN,aparc,0.03,Betweenness Centrality,lh_pericalcarine,0.0,0.0,0.0
MSN,aparc,0.03,Betweenness Centrality,lh_postcentral,0.6507413509060955,0.4299835255354201,-0.22075782537067545
MSN,aparc,0.03,Betweenness Centrality,lh_posteriorcingulate,0.528830313014827,0.0,-0.528830313014827
MSN,aparc,0.03,Betweenness Centrality,lh_precentral,0.8154859967051071,0.0,-0.8154859967051071
MSN,aparc,0.03,Betweenness Centrality,lh_precuneus,0.0,0.0,0.0
MSN,aparc,0.03,Betweenness Centrality,lh_rostralanteriorcingulate,0.8780889621087314,0.985172981878089,0.10708401976935755
MSN,aparc,0.03,Betweenness Centrality,lh_rostralmiddlefrontal,0.20757825370675453,0.0,-0.20757825370675453
MSN,aparc,0.03,Betweenness Centrality,lh_superiorfrontal,0.8846787479406919,0.8500823723228995,-0.034596375617792385
MSN,aparc,0.03,Betweenness Centrality,lh_superiorparietal,0.7257001647446458,0.4695222405271829,-0.25617792421746294
MSN,aparc,0.03,Betweenness Centrality,lh_superiortemporal,0.0,0.054365733113673806,0.054365733113673806
MSN,aparc,0.03,Betweenness Centrality,lh_supramarginal,0.8336079077429983,0.8154859967051071,-0.01812191103789118
MSN,aparc,0.03,Betweenness Centrality,lh_frontalpole,0.9242174629324547,0.9481054365733114,0.023887973640856708
MSN,aparc,0.03,Betweenness Centrality,lh_temporalpole,0.943986820428336,0.9225700164744646,-0.021416803953871466
MSN,aparc,0.03,Betweenness Centrality,lh_transversetemporal,0.0,0.054365733113673806,0.054365733113673806
MSN,aparc,0.03,Betweenness Centrality,lh_insula,0.1070840197693575,0.15815485996705106,0.05107084019769356
MSN,aparc,0.03,Betweenness Centrality,rh_bankssts,0.7248764415156508,0.7833607907742999,0.05848434925864909
MSN,aparc,0.03,Betweenness Centrality,rh_caudalanteriorcingulate,0.054365733113673806,0.0,-0.054365733113673806
MSN,aparc,0.03,Betweenness Centrality,rh_caudalmiddlefrontal,0.0,0.0,0.0
MSN,aparc,0.03,Betweenness Centrality,rh_cuneus,0.34596375617792424,0.34596375617792424,0.0
MSN,aparc,0.03,Betweenness Centrality,rh_entorhinal,0.899505766062603,0.0,-0.899505766062603
MSN,aparc,0.03,Betweenness Centrality,rh_fusiform,0.054365733113673806,0.0,-0.054365733113673806
MSN,aparc,0.03,Betweenness Centrality,rh_inferiorparietal,0.10790774299835255,0.8121911037891268,0.7042833607907742
MSN,aparc,0.03,Betweenness Centrality,rh_inferiortemporal,0.9110378912685337,0.0,-0.9110378912685337
MSN,aparc,0.03,Betweenness Centrality,rh_isthmuscingulate,0.0,0.054365733113673806,0.054365733113673806
MSN,aparc,0.03,Betweenness Centrality,rh_lateraloccipital,0.15980230642504117,0.0,-0.15980230642504117
MSN,aparc,0.03,Betweenness Centrality,rh_lateralorbitofrontal,0.054365733113673806,0.10790774299835255,0.05354200988467875
MSN,aparc,0.03,Betweenness Centrality,rh_lingual,0.3014827018121911,0.3014827018121911,0.0
MSN,aparc,0.03,Betweenness Centrality,rh_medialorbitofrontal,0.054365733113673806,0.0,-0.054365733113673806
MSN,aparc,0.03,Betweenness Centrality,rh_middletemporal,0.9604612850082372,0.15980230642504117,-0.8006589785831961
MSN,aparc,0.03,Betweenness Centrality,rh_parahippocampal,0.8500823723228995,0.0,-0.8500823723228995
MSN,aparc,0.03,Betweenness Centrality,rh_paracentral,0.7265238879736409,0.7265238879736409,0.0
MSN,aparc,0.03,Betweenness Centrality,rh_parsopercularis,0.8121911037891268,0.1070840197693575,-0.7051070840197693
MSN,aparc,0.03,Betweenness Centrality,rh_parsorbitalis,0.0,0.9242174629324547,0.9242174629324547
MSN,aparc,0.03,Betweenness Centrality,rh_parstriangularis,0.0,0.0,0.0
MSN,aparc,0.03,Betweenness Centrality,rh_pericalcarine,0.054365733113673806,0.054365733113673806,0.0
MSN,aparc,0.03,Betweenness Centrality,rh_postcentral,0.0,0.38879736408566723,0.38879736408566723
MSN,aparc,0.03,Betweenness Centrality,rh_posteriorcingulate,0.0,0.10790774299835255,0.10790774299835255
MSN,aparc,0.03,Betweenness Centrality,rh_precentral,0.8401976935749588,0.7800658978583196,-0.06013179571663918
MSN,aparc,0.03,Betweenness Centrality,rh_precuneus,0.054365733113673806,0.054365733113673806,0.0
MSN,aparc,0.03,Betweenness Centrality,rh_rostralanteriorcingulate,0.8517298187808896,0.8121911037891268,-0.03953871499176276
MSN,aparc,0.03,Betweenness Centrality,rh_rostralmiddlefrontal,0.2553542009884679,0.10790774299835255,-0.14744645799011535
MSN,aparc,0.03,Betweenness Centrality,rh_superiorfrontal,0.0,0.8336079077429983,0.8336079077429983
MSN,aparc,0.03,Betweenness Centrality,rh_superiorparietal,0.0,0.7174629324546952,0.7174629324546952
MSN,aparc,0.03,Betweenness Centrality,rh_superiortemporal,0.054365733113673806,0.0,-0.054365733113673806
MSN,aparc,0.03,Betweenness Centrality,rh_supramarginal,0.0,0.0,0.0
MSN,aparc,0.03,Betweenness Centrality,rh_frontalpole,0.9225700164744646,0.0,-0.9225700164744646
MSN,aparc,0.03,Betweenness Centrality,rh_temporalpole,0.0,0.9192751235584844,0.9192751235584844
MSN,aparc,0.03,Betweenness Centrality,rh_transversetemporal,0.35090609555189456,0.1070840197693575,-0.24382207578253706
MSN,aparc,0.03,Betweenness Centrality,rh_insula,0.26112026359143325,0.20757825370675453,-0.05354200988467872
MSN,aparc,0.03,Eigenvector Centrality,lh_bankssts,0.0001999326160725912,0.7729221098142061,0.7727221771981335
MSN,aparc,0.03,Eigenvector Centrality,lh_caudalanteriorcingulate,0.0001321546183018594,0.44184696994423206,0.4417148153259302
MSN,aparc,0.03,Eigenvector Centrality,lh_caudalmiddlefrontal,7.393497497074911e-05,0.16087322335337947,0.16079928837840873
MSN,aparc,0.03,Eigenvector Centrality,lh_cuneus,9.565833323554883e-05,3.739649465565306e-08,-9.562093674089317e-05
MSN,aparc,0.03,Eigenvector Centrality,lh_entorhinal,0.47724281130907786,0.02556680397999157,-0.4516760073290863
MSN,aparc,0.03,Eigenvector Centrality,lh_fusiform,1.0814536070004639e-05,0.004523793614134224,0.0045129790780642194
MSN,aparc,0.03,Eigenvector Centrality,lh_inferiorparietal,0.0005593564599922518,4.105143606257681e-06,-0.0005552513163859941
MSN,aparc,0.03,Eigenvector Centrality,lh_inferiortemporal,0.010436570422155112,0.0003084116082742685,-0.010128158813880843
MSN,aparc,0.03,Eigenvector Centrality,lh_isthmuscingulate,2.5482743926060457e-05,0.1267157186126784,0.12669023586875236
MSN,aparc,0.03,Eigenvector Centrality,lh_lateraloccipital,7.460092885418181e-05,4.259571196526389e-06,-7.034135765765543e-05
MSN,aparc,0.03,Eigenvector Centrality,lh_lateralorbitofrontal,1.5069478506250458e-06,0.011526240671178318,0.011524733723327693
MSN,aparc,0.03,Eigenvector Centrality,lh_lingual,0.00020689566747683963,7.349000965659842e-08,-0.00020682217746718305
MSN,aparc,0.03,Eigenvector Centrality,lh_medialorbitofrontal,5.99827707371621e-06,0.0054584901591633395,0.005452491882089623
MSN,aparc,0.03,Eigenvector Centrality,lh_middletemporal,0.0996906641917013,0.0007793560227663262,-0.09891130816893498
MSN,aparc,0.03,Eigenvector Centrality,lh_parahippocampal,0.01604471459170847,0.0383617548685535,0.02231704027684503
MSN,aparc,0.03,Eigenvector Centrality,lh_paracentral,0.0011911358061804274,0.22712828684431122,0.22593715103813078
MSN,aparc,0.03,Eigenvector Centrality,lh_parsopercularis,0.07473348671197586,0.04393504744523281,-0.030798439266743048
MSN,aparc,0.03,Eigenvector Centrality,lh_parsorbitalis,0.8732066296304086,0.004969143787914808,-0.8682374858424938
MSN,aparc,0.03,Eigenvector Centrality,lh_parstriangularis,0.0009597721141507258,0.018276989287101742,0.017317217172951017
MSN,aparc,0.03,Eigenvector Centrality,lh_pericalcarine,3.370214356089204e-05,0.0,-3.370214356089204e-05
MSN,aparc,0.03,Eigenvector Centrality,lh_postcentral,0.0015292863518345675,1.6557702372799584e-06,-0.0015276305815972876
MSN,aparc,0.03,Eigenvector Centrality,lh_posteriorcingulate,0.00013400438342698863,0.1642201626187127,0.16408615823528572
MSN,aparc,0.03,Eigenvector Centrality,lh_precentral,0.0034804141811048367,4.2772575229946365e-06,-0.003476136923581842
MSN,aparc,0.03,Eigenvector Centrality,lh_precuneus,1.3947360960270902e-05,2.836741641053243e-10,-1.3947077286106797e-05
MSN,aparc,0.03,Eigenvector Centrality,lh_rostralanteriorcingulate,0.03460518810295879,0.10138452964398434,0.06677934154102555
MSN,aparc,0.03,Eigenvector Centrality,lh_rostralmiddlefrontal,0.0003699947446478173,8.11797260331589e-07,-0.00036918294738748575
MSN,aparc,0.03,Eigenvector Centrality,lh_superiorfrontal,0.012792999835288197,9.41178238887111e-05,-0.012698882011399485
MSN,aparc,0.03,Eigenvector Centrality,lh_superiorparietal,0.0025204521154598486,3.5056622716961834e-06,-0.0025169464531881523
MSN,aparc,0.03,Eigenvector Centrality,lh_superiortemporal,0.009028553281850494,0.00015713562294546123,-0.008871417658905032
MSN,aparc,0.03,Eigenvector Centrality,lh_supramarginal,0.006242147841568866,2.172691661335507e-05,-0.0062204209249555106
MSN,aparc,0.03,Eigenvector Centrality,lh_frontalpole,0.4291287173190344,0.0014456409818566142,-0.4276830763371778
MSN,aparc,0.03,Eigenvector Centrality,lh_temporalpole,1.0,0.010301157245544212,-0.9896988427544557
MSN,aparc,0.03,Eigenvector Centrality,lh_transversetemporal,3.756967662862618e-05,0.17302624320657722,0.1729886735299486
MSN,aparc,0.03,Eigenvector Centrality,lh_insula,2.8014010817586447e-05,0.18651437616244115,0.18648636215162356
MSN,aparc,0.03,Eigenvector Centrality,rh_bankssts,0.0003057265744766369,0.9864062201961098,0.9861004936216332
MSN,aparc,0.03,Eigenvector Centrality,rh_caudalanteriorcingulate,6.0163920338080004e-05,0.16343557665320543,0.16337541273286735
MSN,aparc,0.03,Eigenvector Centrality,rh_caudalmiddlefrontal,2.0301354931997334e-05,0.28215095004142327,0.2821306486864913
MSN,aparc,0.03,Eigenvector Centrality,rh_cuneus,0.0006949304461432405,3.353128882546631e-07,-0.0006945951332549858
MSN,aparc,0.03,Eigenvector Centrality,rh_entorhinal,0.2093181431218283,0.01833735057680265,-0.19098079254502565
MSN,aparc,0.03,Eigenvector Centrality,rh_fusiform,5.6089617305869525e-05,0.019759514869234926,0.019703425251929058
MSN,aparc,0.03,Eigenvector Centrality,rh_inferiorparietal,0.0014259049794202797,1.3167131301956257e-05,-0.0014127378481183235
MSN,aparc,0.03,Eigenvector Centrality,rh_inferiortemporal,0.02872949912116345,0.0001433096663735441,-0.028586189454789905
MSN,aparc,0.03,Eigenvector Centrality,rh_isthmuscingulate,2.5532213968856422e-05,0.33836547395264355,0.3383399417386747
MSN,aparc,0.03,Eigenvector Centrality,rh_lateraloccipital,0.00018512817689846534,1.6734061431364048e-06,-0.00018345477075532894
MSN,aparc,0.03,Eigenvector Centrality,rh_lateralorbitofrontal,6.3972467613334456e-06,0.047106393346610036,0.047099996099848704
MSN,aparc,0.03,Eigenvector Centrality,rh_lingual,0.00035123908713400757,1.5600501530268955e-07,-0.0003510830821187049
MSN,aparc,0.03,Eigenvector Centrality,rh_medialorbitofrontal,3.967590415792034e-05,5.301495982259601e-07,-3.914575455969438e-05
MSN,aparc,0.03,Eigenvector Centrality,rh_middletemporal,0.05840344573068242,0.00040252527590323877,-0.058000920454779184
MSN,aparc,0.03,Eigenvector Centrality,rh_parahippocampal,0.007910768208403269,0.053722841169138884,0.04581207296073561
MSN,aparc,0.03,Eigenvector Centrality,rh_paracentral,0.0005806129706335449,0.4594005316860726,0.45881991871543903
MSN,aparc,0.03,Eigenvector Centrality,rh_parsopercularis,0.0025716635225545696,0.044247917119044376,0.041676253596489805
MSN,aparc,0.03,Eigenvector Centrality,rh_parsorbitalis,0.7496643281806216,0.0024793732159281664,-0.7471849549646934
MSN,aparc,0.03,Eigenvector Centrality,rh_parstriangularis,0.0016090012888981158,0.00606893117291381,0.004459929884015694
MSN,aparc,0.03,Eigenvector Centrality,rh_pericalcarine,8.505436237523693e-05,1.0955985064590457e-08,-8.504340639017233e-05
MSN,aparc,0.03,Eigenvector Centrality,rh_postcentral,0.0009964362511623306,7.680629430092246e-07,-0.0009956681882193213
MSN,aparc,0.03,Eigenvector Centrality,rh_posteriorcingulate,5.247661910621122e-05,0.4233616347637729,0.4233091581446667
MSN,aparc,0.03,Eigenvector Centrality,rh_precentral,0.0028971851640091557,1.1093574986150371e-05,-0.002886091589023005
MSN,aparc,0.03,Eigenvector Centrality,rh_precuneus,3.8938177338993146e-05,1.2062616668098733e-08,-3.892611472232505e-05
MSN,aparc,0.03,Eigenvector Centrality,rh_rostralanteriorcingulate,0.004590484517376522,0.1433884810534294,0.1387979965360529
MSN,aparc,0.03,Eigenvector Centrality,rh_rostralmiddlefrontal,0.0007407087341368062,2.101804180732133e-06,-0.0007386069299560741
MSN,aparc,0.03,Eigenvector Centrality,rh_superiorfrontal,0.005153713885681787,4.5133570494673634e-05,-0.005108580315187114
MSN,aparc,0.03,Eigenvector Centrality,rh_superiorparietal,0.0010021031079176948,7.299998645847113e-06,-0.0009948031092718477
MSN,aparc,0.03,Eigenvector Centrality,rh_superiortemporal,0.02498035867081701,5.544869530871082e-05,-0.0249249099755083
MSN,aparc,0.03,Eigenvector Centrality,rh_supramarginal,0.00034325195264510276,3.209200728706396e-06,-0.00034004275191639637
MSN,aparc,0.03,Eigenvector Centrality,rh_frontalpole,0.20740456904554636,0.0005464767135406754,-0.20685809233200567
MSN,aparc,0.03,Eigenvector Centrality,rh_temporalpole,0.4007935434564235,0.02121585427116083,-0.37957768918526263
MSN,aparc,0.03,Eigenvector Centrality,rh_transversetemporal,9.450151781420206e-05,0.44458636204763835,0.44449186052982415
MSN,aparc,0.03,Eigenvector Centrality,rh_insula,6.763704155377388e-05,0.45035509688581277,0.450287459844259
MSN,aparc,0.03,Node Degree,lh_bankssts,0.5,0.75,0.25
MSN,aparc,0.03,Node Degree,lh_caudalanteriorcingulate,0.25,0.25,0.0
MSN,aparc,0.03,Node Degree,lh_caudalmiddlefrontal,0.0,0.0,0.0
MSN,aparc,0.03,Node Degree,lh_cuneus,0.25,0.5,0.25
MSN,aparc,0.03,Node Degree,lh_entorhinal,0.25,0.5,0.25
MSN,aparc,0.03,Node Degree,lh_fusiform,0.0,0.0,0.0
MSN,aparc,0.03,Node Degree,lh_inferiorparietal,0.0,0.0,0.0
MSN,aparc,0.03,Node Degree,lh_inferiortemporal,0.0,0.25,0.25
MSN,aparc,0.03,Node Degree,lh_isthmuscingulate,0.0,0.0,0.0
MSN,aparc,0.03,Node Degree,lh_lateraloccipital,0.0,0.5,0.5
MSN,aparc,0.03,Node Degree,lh_lateralorbitofrontal,0.0,0.0,0.0
MSN,aparc,0.03,Node Degree,lh_lingual,0.5,0.25,-0.25
MSN,aparc,0.03,Node Degree,lh_medialorbitofrontal,0.0,0.0,0.0
MSN,aparc,0.03,Node Degree,lh_middletemporal,0.25,0.5,0.25
MSN,aparc,0.03,Node Degree,lh_parahippocampal,0.25,0.25,0.0
MSN,aparc,0.03,Node Degree,lh_paracentral,0.25,0.25,0.0
MSN,aparc,0.03,Node Degree,lh_parsopercularis,0.25,0.25,0.0
MSN,aparc,0.03,Node Degree,lh_parsorbitalis,0.5,0.25,-0.25
MSN,aparc,0.03,Node Degree,lh_parstriangularis,0.0,0.25,0.25
MSN,aparc,0.03,Node Degree,lh_pericalcarine,0.0,0.0,0.0
MSN,aparc,0.03,Node Degree,lh_postcentral,0.5,0.25,-0.25
MSN,aparc,0.03,Node Degree,lh_posteriorcingulate,0.75,0.0,-0.75
MSN,aparc,0.03,Node Degree,lh_precentral,0.25,0.0,-0.25
MSN,aparc,0.03,Node Degree,lh_precuneus,0.0,0.0,0.0
MSN,aparc,0.03,Node Degree,lh_rostralanteriorcingulate,0.25,0.75,0.5
MSN,aparc,0.03,Node Degree,lh_rostralmiddlefrontal,0.25,0.0,-0.25
MSN,aparc,0.03,Node Degree,lh_superiorfrontal,0.5,0.25,-0.25
MSN,aparc,0.03,Node Degree,lh_superiorparietal,0.75,0.25,-0.5
MSN,aparc,0.03,Node Degree,lh_superiortemporal,0.0,0.25,0.25
MSN,aparc,0.03,Node Degree,lh_supramarginal,0.25,0.25,0.0
MSN,aparc,0.03,Node Degree,lh_frontalpole,0.25,0.5,0.25
MSN,aparc,0.03,Node Degree,lh_temporalpole,0.75,0.25,-0.5
MSN,aparc,0.03,Node Degree,lh_transversetemporal,0.0,0.25,0.25
MSN,aparc,0.03,Node Degree,lh_insula,0.25,0.25,0.0
MSN,aparc,0.03,Node Degree,rh_bankssts,0.5,1.0,0.5
MSN,aparc,0.03,Node Degree,rh_caudalanteriorcingulate,0.25,0.0,-0.25
MSN,aparc,0.03,Node Degree,rh_caudalmiddlefrontal,0.0,0.0,0.0
MSN,aparc,0.03,Node Degree,rh_cuneus,0.25,0.25,0.0
MSN,aparc,0.03,Node Degree,rh_entorhinal,0.25,0.25,0.0
MSN,aparc,0.03,Node Degree,rh_fusiform,0.25,0.0,-0.25
MSN,aparc,0.03,Node Degree,rh_inferiorparietal,0.5,0.5,0.0
MSN,aparc,0.03,Node Degree,rh_inferiortemporal,0.5,0.0,-0.5
MSN,aparc,0.03,Node Degree,rh_isthmuscingulate,0.0,0.25,0.25
MSN,aparc,0.03,Node Degree,rh_lateraloccipital,0.5,0.0,-0.5
MSN,aparc,0.03,Node Degree,rh_lateralorbitofrontal,0.25,0.5,0.25
MSN,aparc,0.03,Node Degree,rh_lingual,0.25,0.25,0.0
MSN,aparc,0.03,Node Degree,rh_medialorbitofrontal,0.25,0.0,-0.25
MSN,aparc,0.03,Node Degree,rh_middletemporal,0.5,0.5,0.0
MSN,aparc,0.03,Node Degree,rh_parahippocampal,0.25,0.0,-0.25
MSN,aparc,0.03,Node Degree,rh_paracentral,0.25,0.25,0.0
MSN,aparc,0.03,Node Degree,rh_parsopercularis,0.5,0.25,-0.25
MSN,aparc,0.03,Node Degree,rh_parsorbitalis,0.25,0.25,0.0
MSN,aparc,0.03,Node Degree,rh_parstriangularis,0.0,0.0,0.0
MSN,aparc,0.03,Node Degree,rh_pericalcarine,0.25,0.25,0.0
MSN,aparc,0.03,Node Degree,rh_postcentral,0.0,0.25,0.25
MSN,aparc,0.03,Node Degree,rh_posteriorcingulate,0.0,0.5,0.5
MSN,aparc,0.03,Node Degree,rh_precentral,0.5,0.75,0.25
MSN,aparc,0.03,Node Degree,rh_precuneus,0.25,0.25,0.0
MSN,aparc,0.03,Node Degree,rh_rostralanteriorcingulate,0.5,0.5,0.0
MSN,aparc,0.03,Node Degree,rh_rostralmiddlefrontal,0.25,0.5,0.25
MSN,aparc,0.03,Node Degree,rh_superiorfrontal,0.0,0.25,0.25
MSN,aparc,0.03,Node Degree,rh_superiorparietal,0.0,0.5,0.5
MSN,aparc,0.03,Node Degree,rh_superiortemporal,0.25,0.0,-0.25
MSN,aparc,0.03,Node Degree,rh_supramarginal,0.0,0.0,0.0
MSN,aparc,0.03,Node Degree,rh_frontalpole,0.25,0.0,-0.25
MSN,aparc,0.03,Node Degree,rh_temporalpole,0.0,0.5,0.5
MSN,aparc,0.03,Node Degree,rh_transversetemporal,0.5,0.25,-0.25
MSN,aparc,0.03,Node Degree,rh_insula,0.75,0.25,-0.5
MSN,aparc,0.05,Participation Coefficient,lh_bankssts,0.0,0.0,0.0
MSN,aparc,0.05,Participation Coefficient,lh_caudalanteriorcingulate,0.0,0.0,0.0
MSN,aparc,0.05,Participation Coefficient,lh_caudalmiddlefrontal,0.0,0.0,0.0
MSN,aparc,0.05,Participation Coefficient,lh_cuneus,0.0,0.0,0.0
MSN,aparc,0.05,Participation Coefficient,lh_entorhinal,0.0,0.4488327940653253,0.4488327940653253
MSN,aparc,0.05,Participation Coefficient,lh_fusiform,0.0,0.0,0.0
MSN,aparc,0.05,Participation Coefficient,lh_inferiorparietal,0.0,0.0,0.0
MSN,aparc,0.05,Participation Coefficient,lh_inferiortemporal,0.0,0.0,0.0
MSN,aparc,0.05,Participation Coefficient,lh_isthmuscingulate,0.0,0.0,0.0
MSN,aparc,0.05,Participation Coefficient,lh_lateraloccipital,0.0,0.0,0.0
MSN,aparc,0.05,Participation Coefficient,lh_lateralorbitofrontal,0.0,0.0,0.0
MSN,aparc,0.05,Participation Coefficient,lh_lingual,0.0,0.0,0.0
MSN,aparc,0.05,Participation Coefficient,lh_medialorbitofrontal,0.0,0.0,0.0
MSN,aparc,0.05,Participation Coefficient,lh_middletemporal,0.9995315221309439,0.8727841305561941,-0.1267473915747498
MSN,aparc,0.05,Participation Coefficient,lh_parahippocampal,0.0,0.0,0.0
MSN,aparc,0.05,Participation Coefficient,lh_paracentral,0.0,0.0,0.0
MSN,aparc,0.05,Participation Coefficient,lh_parsopercularis,0.9828732691366814,0.9416364990832597,-0.041236770053421634
MSN,aparc,0.05,Participation Coefficient,lh_parsorbitalis,0.0,0.0,0.0
MSN,aparc,0.05,Participation Coefficient,lh_parstriangularis,0.0,0.0,0.0
MSN,aparc,0.05,Participation Coefficient,lh_pericalcarine,0.0,0.0,0.0
MSN,aparc,0.05,Participation Coefficient,lh_postcentral,0.46934580658113373,0.0,-0.46934580658113373
MSN,aparc,0.05,Participation Coefficient,lh_posteriorcingulate,0.0,0.0,0.0
MSN,aparc,0.05,Participation Coefficient,lh_precentral,0.8792370291970053,0.0,-0.8792370291970053
MSN,aparc,0.05,Participation Coefficient,lh_precuneus,0.0,0.0,0.0
MSN,aparc,0.05,Participation Coefficient,lh_rostralanteriorcingulate,0.0,0.0,0.0
MSN,aparc,0.05,Participation Coefficient,lh_rostralmiddlefrontal,0.0,0.0,0.0
MSN,aparc,0.05,Participation Coefficient,lh_superiorfrontal,0.0,0.0,0.0
MSN,aparc,0.05,Participation Coefficient,lh_superiorparietal,0.0,0.0,0.0
MSN,aparc,0.05,Participation Coefficient,lh_superiortemporal,0.0,0.0,0.0
MSN,aparc,0.05,Participation Coefficient,lh_supramarginal,0.9998351008816861,1.0,0.00016489911831385484
MSN,aparc,0.05,Participation Coefficient,lh_frontalpole,0.0,0.7222942780360427,0.7222942780360427
MSN,aparc,0.05,Participation Coefficient,lh_temporalpole,0.0,0.0,0.0
MSN,aparc,0.05,Participation Coefficient,lh_transversetemporal,0.0,0.0,0.0
MSN,aparc,0.05,Participation Coefficient,lh_insula,0.0,0.0,0.0
MSN,aparc,0.05,Participation Coefficient,rh_bankssts,0.449486307051015,0.48599701578109555,0.036510708730080554
MSN,aparc,0.05,Participation Coefficient,rh_caudalanteriorcingulate,0.0,0.0,0.0
MSN,aparc,0.05,Participation Coefficient,rh_caudalmiddlefrontal,0.0,0.0,0.0
MSN,aparc,0.05,Participation Coefficient,rh_cuneus,0.8722763567471786,0.9989427812045134,0.12666642445733478
MSN,aparc,0.05,Participation Coefficient,rh_entorhinal,0.7960242270422236,0.0,-0.7960242270422236
MSN,aparc,0.05,Participation Coefficient,rh_fusiform,0.0,0.0,0.0
MSN,aparc,0.05,Participation Coefficient,rh_inferiorparietal,0.0,0.5728804108690483,0.5728804108690483
MSN,aparc,0.05,Participation Coefficient,rh_inferiortemporal,0.0,0.0,0.0
MSN,aparc,0.05,Participation Coefficient,rh_isthmuscingulate,0.0,0.0,0.0
MSN,aparc,0.05,Participation Coefficient,rh_lateraloccipital,0.0,0.0,0.0
MSN,aparc,0.05,Participation Coefficient,rh_lateralorbitofrontal,0.0,0.0,0.0
MSN,aparc,0.05,Participation Coefficient,rh_lingual,0.0,0.0,0.0
MSN,aparc,0.05,Participation Coefficient,rh_medialorbitofrontal,0.0,0.0,0.0
MSN,aparc,0.05,Participation Coefficient,rh_middletemporal,0.0,0.0,0.0
MSN,aparc,0.05,Participation Coefficient,rh_parahippocampal,0.0,0.0,0.0
MSN,aparc,0.05,Participation Coefficient,rh_paracentral,0.9994832321446623,0.9999979515009733,0.0005147193563109775
MSN,aparc,0.05,Participation Coefficient,rh_parsopercularis,0.0,0.0,0.0
MSN,aparc,0.05,Participation Coefficient,rh_parsorbitalis,0.0,0.0,0.0
MSN,aparc,0.05,Participation Coefficient,rh_parstriangularis,0.0,0.0,0.0
MSN,aparc,0.05,Participation Coefficient,rh_pericalcarine,0.0,0.0,0.0
MSN,aparc,0.05,Participation Coefficient,rh_postcentral,0.0,0.7245914914778244,0.7245914914778244
MSN,aparc,0.05,Participation Coefficient,rh_posteriorcingulate,0.0,0.0,0.0
MSN,aparc,0.05,Participation Coefficient,rh_precentral,0.0,0.0,0.0
MSN,aparc,0.05,Participation Coefficient,rh_precuneus,0.0,0.0,0.0
MSN,aparc,0.05,Participation Coefficient,rh_rostralanteriorcingulate,0.0,0.0,0.0
MSN,aparc,0.05,Participation Coefficient,rh_rostralmiddlefrontal,0.0,0.0,0.0
MSN,aparc,0.05,Participation Coefficient,rh_superiorfrontal,0.0,0.0,0.0
MSN,aparc,0.05,Participation Coefficient,rh_superiorparietal,0.0,0.0,0.0
MSN,aparc,0.05,Participation Coefficient,rh_superiortemporal,0.0,0.0,0.0
MSN,aparc,0.05,Participation Coefficient,rh_supramarginal,0.0,0.0,0.0
MSN,aparc,0.05,Participation Coefficient,rh_frontalpole,0.7318075156531596,0.0,-0.7318075156531596
MSN,aparc,0.05,Participation Coefficient,rh_temporalpole,0.0,0.0,0.0
MSN,aparc,0.05,Participation Coefficient,rh_transversetemporal,0.0,0.0,0.0
MSN,aparc,0.05,Participation Coefficient,rh_insula,0.0,0.0,0.0
MSN,aparc,0.05,Node Versatility,lh_bankssts,0.2450757161139494,0.20169570989719238,-0.04338000621675703
MSN,aparc,0.05,Node Versatility,lh_caudalanteriorcingulate,0.2955824187180391,0.02039018099000594,-0.27519223772803314
MSN,aparc,0.05,Node Versatility,lh_caudalmiddlefrontal,0.2450757161139494,0.02039018099000594,-0.22468553512394346
MSN,aparc,0.05,Node Versatility,lh_cuneus,0.0,0.0,0.0
MSN,aparc,0.05,Node Versatility,lh_entorhinal,0.024227808678152312,0.09326346122344367,0.06903565254529136
MSN,aparc,0.05,Node Versatility,lh_fusiform,0.0,0.023538242352130326,0.023538242352130326
MSN,aparc,0.05,Node Versatility,lh_inferiorparietal,0.006774901313406062,0.24305320712509335,0.2362783058116873
MSN,aparc,0.05,Node Versatility,lh_inferiortemporal,0.04014039413096347,0.23288151575391086,0.19274112162294738
MSN,aparc,0.05,Node Versatility,lh_isthmuscingulate,0.2702866641402464,0.0722335755726072,-0.19805308856763917
MSN,aparc,0.05,Node Versatility,lh_lateraloccipital,0.006774901313406062,0.11345174952393079,0.10667684821052473
MSN,aparc,0.05,Node Versatility,lh_lateralorbitofrontal,0.16579407903044324,0.002579718564461648,-0.1632143604659816
MSN,aparc,0.05,Node Versatility,lh_lingual,0.0,0.0,0.0
MSN,aparc,0.05,Node Versatility,lh_medialorbitofrontal,0.006774901313406062,0.002579718564461648,-0.004195182748944414
MSN,aparc,0.05,Node Versatility,lh_middletemporal,0.04014039413096347,0.23288151575391086,0.19274112162294738
MSN,aparc,0.05,Node Versatility,lh_parahippocampal,0.014304878035923608,0.023538242352130326,0.009233364316206718
MSN,aparc,0.05,Node Versatility,lh_paracentral,0.0234772255268913,0.06779539383083044,0.04431816830393914
MSN,aparc,0.05,Node Versatility,lh_parsopercularis,0.014304878035923608,0.023538242352130326,0.009233364316206718
MSN,aparc,0.05,Node Versatility,lh_parsorbitalis,0.024227808678152312,0.09326346122344367,0.06903565254529136
MSN,aparc,0.05,Node Versatility,lh_parstriangularis,0.0234772255268913,0.023538242352130326,6.101682523902696e-05
MSN,aparc,0.05,Node Versatility,lh_pericalcarine,0.0,0.0,0.0
MSN,aparc,0.05,Node Versatility,lh_postcentral,0.006774901313406062,0.11855107955984771,0.11177617824644165
MSN,aparc,0.05,Node Versatility,lh_posteriorcingulate,0.2955824187180391,0.02039018099000594,-0.27519223772803314
MSN,aparc,0.05,Node Versatility,lh_precentral,0.006774901313406062,0.24305320712509335,0.2362783058116873
MSN,aparc,0.05,Node Versatility,lh_precuneus,0.0,0.0,0.0
MSN,aparc,0.05,Node Versatility,lh_rostralanteriorcingulate,0.014304878035923608,0.023538242352130326,0.009233364316206718
MSN,aparc,0.05,Node Versatility,lh_rostralmiddlefrontal,0.006774901313406062,0.11345174952393079,0.10667684821052473
MSN,aparc,0.05,Node Versatility,lh_superiorfrontal,0.0738194904576935,0.4558465333077063,0.3820270428500128
MSN,aparc,0.05,Node Versatility,lh_superiorparietal,0.006774901313406062,0.11855107955984771,0.11177617824644165
MSN,aparc,0.05,Node Versatility,lh_superiortemporal,0.04014039413096347,0.23288151575391086,0.19274112162294738
MSN,aparc,0.05,Node Versatility,lh_supramarginal,0.0738194904576935,0.4558465333077063,0.3820270428500128
MSN,aparc,0.05,Node Versatility,lh_frontalpole,0.024227808678152312,0.10296478706353447,0.07873697838538216
MSN,aparc,0.05,Node Versatility,lh_temporalpole,0.024227808678152312,0.09326346122344367,0.06903565254529136
MSN,aparc,0.05,Node Versatility,lh_transversetemporal,0.2450757161139494,0.02039018099000594,-0.22468553512394346
MSN,aparc,0.05,Node Versatility,lh_insula,0.3477097621193888,0.02849041630331532,-0.3192193458160735
MSN,aparc,0.05,Node Versatility,rh_bankssts,0.2450757161139494,0.02039018099000594,-0.22468553512394346
MSN,aparc,0.05,Node Versatility,rh_caudalanteriorcingulate,1.0,0.02039018099000594,-0.9796098190099941
MSN,aparc,0.05,Node Versatility,rh_caudalmiddlefrontal,1.0,0.20169570989719238,-0.7983042901028077
MSN,aparc,0.05,Node Versatility,rh_cuneus,0.0,0.0,0.0
MSN,aparc,0.05,Node Versatility,rh_entorhinal,0.024227808678152312,0.09326346122344367,0.06903565254529136
MSN,aparc,0.05,Node Versatility,rh_fusiform,0.0,0.02039018099000594,0.02039018099000594
MSN,aparc,0.05,Node Versatility,rh_inferiorparietal,0.006774901313406062,0.23778497066252569,0.23101006934911963
MSN,aparc,0.05,Node Versatility,rh_inferiortemporal,0.04014039413096347,0.23288151575391086,0.19274112162294738
MSN,aparc,0.05,Node Versatility,rh_isthmuscingulate,0.2702866641402464,0.0722335755726072,-0.19805308856763917
MSN,aparc,0.05,Node Versatility,rh_lateraloccipital,0.006774901313406062,0.11345174952393079,0.10667684821052473
MSN,aparc,0.05,Node Versatility,rh_lateralorbitofrontal,0.16579407903044324,0.002579718564461648,-0.1632143604659816
MSN,aparc,0.05,Node Versatility,rh_lingual,0.0,0.0,0.0
MSN,aparc,0.05,Node Versatility,rh_medialorbitofrontal,0.006774901313406062,0.11345174952393079,0.10667684821052473
MSN,aparc,0.05,Node Versatility,rh_middletemporal,0.04014039413096347,0.23288151575391086,0.19274112162294738
MSN,aparc,0.05,Node Versatility,rh_parahippocampal,0.014304878035923608,0.06779539383083044,0.05349051579490684
MSN,aparc,0.05,Node Versatility,rh_paracentral,0.0234772255268913,0.06779539383083044,0.04431816830393914
MSN,aparc,0.05,Node Versatility,rh_parsopercularis,0.0234772255268913,0.023538242352130326,6.101682523902696e-05
MSN,aparc,0.05,Node Versatility,rh_parsorbitalis,0.024227808678152312,0.09326346122344367,0.06903565254529136
MSN,aparc,0.05,Node Versatility,rh_parstriangularis,0.04042598208216335,0.023538242352130326,-0.016887739730033026
MSN,aparc,0.05,Node Versatility,rh_pericalcarine,0.0,0.0,0.0
MSN,aparc,0.05,Node Versatility,rh_postcentral,0.006774901313406062,0.11855107955984771,0.11177617824644165
MSN,aparc,0.05,Node Versatility,rh_posteriorcingulate,1.0,0.02039018099000594,-0.9796098190099941
MSN,aparc,0.05,Node Versatility,rh_precentral,0.006774901313406062,0.24305320712509335,0.2362783058116873
MSN,aparc,0.05,Node Versatility,rh_precuneus,0.0,0.0,0.0
MSN,aparc,0.05,Node Versatility,rh_rostralanteriorcingulate,0.04042598208216335,0.06779539383083044,0.02736941174866709
MSN,aparc,0.05,Node Versatility,rh_rostralmiddlefrontal,0.006774901313406062,0.11345174952393079,0.10667684821052473
MSN,aparc,0.05,Node Versatility,rh_superiorfrontal,0.0738194904576935,0.4558465333077063,0.3820270428500128
MSN,aparc,0.05,Node Versatility,rh_superiorparietal,0.006774901313406062,0.11853370830061052,0.11175880698720446
MSN,aparc,0.05,Node Versatility,rh_superiortemporal,0.04014039413096347,0.23288151575391086,0.19274112162294738
MSN,aparc,0.05,Node Versatility,rh_supramarginal,0.006774901313406062,0.23778497066252569,0.23101006934911963
MSN,aparc,0.05,Node Versatility,rh_frontalpole,0.024227808678152312,0.10296478706353447,0.07873697838538216
MSN,aparc,0.05,Node Versatility,rh_temporalpole,0.024227808678152312,0.09326346122344367,0.06903565254529136
MSN,aparc,0.05,Node Versatility,rh_transversetemporal,0.2955824187180391,0.02039018099000594,-0.27519223772803314
MSN,aparc,0.05,Node Versatility,rh_insula,0.2702866641402464,0.02039018099000594,-0.24989648315024043
MSN,aparc,0.05,Node Strength,lh_bankssts,0.6858708536250518,0.7878933118472515,0.10202245822219969
MSN,aparc,0.05,Node Strength,lh_caudalanteriorcingulate,0.5894323711723563,0.5823986281789884,-0.007033742993367897
MSN,aparc,0.05,Node Strength,lh_caudalmiddlefrontal,0.0665698101914108,0.06737066750237786,0.0008008573109670597
MSN,aparc,0.05,Node Strength,lh_cuneus,0.37120503201535504,0.3673105207392856,-0.0038945112760694345
MSN,aparc,0.05,Node Strength,lh_entorhinal,0.48361884168449215,0.44934323354238764,-0.03427560814210451
MSN,aparc,0.05,Node Strength,lh_fusiform,0.019996267027371013,0.0010042990762683492,-0.018991967951102664
MSN,aparc,0.05,Node Strength,lh_inferiorparietal,0.27621649688883004,0.06908209084955033,-0.2071344060392797
MSN,aparc,0.05,Node Strength,lh_inferiortemporal,0.06484521872497578,0.13458873656082984,0.06974351783585406
MSN,aparc,0.05,Node Strength,lh_isthmuscingulate,0.06841255442565859,0.07017476123978975,0.0017622068141311537
MSN,aparc,0.05,Node Strength,lh_lateraloccipital,0.38494935254627677,0.488458551955275,0.10350919940899822
MSN,aparc,0.05,Node Strength,lh_lateralorbitofrontal,0.03144320682499337,0.03517871380023038,0.0037355069752370157
MSN,aparc,0.05,Node Strength,lh_lingual,0.2691978658103897,0.1784884737063641,-0.0907093921040256
MSN,aparc,0.05,Node Strength,lh_medialorbitofrontal,0.009050669847139124,0.00045194085922322183,-0.008598728987915902
MSN,aparc,0.05,Node Strength,lh_middletemporal,0.16910471522194268,0.2664718183579972,0.09736710313605454
MSN,aparc,0.05,Node Strength,lh_parahippocampal,0.16909397701270043,0.10159588688062259,-0.06749809013207785
MSN,aparc,0.05,Node Strength,lh_paracentral,0.17093021214169318,0.17185726133115803,0.0009270491894648458
MSN,aparc,0.05,Node Strength,lh_parsopercularis,0.14721047795290376,0.1322874116323741,-0.014923066320529671
MSN,aparc,0.05,Node Strength,lh_parsorbitalis,0.5943213399505418,0.5903082163072922,-0.004013123643249572
MSN,aparc,0.05,Node Strength,lh_parstriangularis,0.06746250307675339,0.15781430128698104,0.09035179821022765
MSN,aparc,0.05,Node Strength,lh_pericalcarine,0.07353828152356041,0.07374436867979092,0.00020608715623050833
MSN,aparc,0.05,Node Strength,lh_postcentral,0.6779195190981868,0.3840370959381678,-0.293882423160019
MSN,aparc,0.05,Node Strength,lh_posteriorcingulate,0.8983379434388977,0.48171946836092,-0.4166184750779777
MSN,aparc,0.05,Node Strength,lh_precentral,0.27252852463898924,0.2787387212886139,0.006210196649624633
MSN,aparc,0.05,Node Strength,lh_precuneus,0.06353853252902321,0.07168125445427487,0.008142721925251659
MSN,aparc,0.05,Node Strength,lh_rostralanteriorcingulate,0.16885494917948346,0.372734184814309,0.20387923563482552
MSN,aparc,0.05,Node Strength,lh_rostralmiddlefrontal,0.283414033044095,0.4848097083196277,0.2013956752755327
MSN,aparc,0.05,Node Strength,lh_superiorfrontal,0.25293758835500196,0.1420525253569966,-0.11088506299800535
MSN,aparc,0.05,Node Strength,lh_superiorparietal,0.5874750971151038,0.6945778567398778,0.107102759624774
MSN,aparc,0.05,Node Strength,lh_superiortemporal,0.06435975490464524,0.15649291000324628,0.09213315509860104
MSN,aparc,0.05,Node Strength,lh_supramarginal,0.16969798255880397,0.17014581223616496,0.00044782967736098356
MSN,aparc,0.05,Node Strength,lh_frontalpole,0.48801722992516244,0.37349578148233253,-0.11452144844282991
MSN,aparc,0.05,Node Strength,lh_temporalpole,0.4933661911106763,0.4926178273496423,-0.0007483637610339877
MSN,aparc,0.05,Node Strength,lh_transversetemporal,0.48475379785399486,0.5117109581693661,0.02695716031537121
MSN,aparc,0.05,Node Strength,lh_insula,0.33280291112073035,0.34221885560544973,0.009415944484719385
MSN,aparc,0.05,Node Strength,rh_bankssts,0.7324322575127332,0.690722709067806,-0.04170954844492725
MSN,aparc,0.05,Node Strength,rh_caudalanteriorcingulate,0.46793448549535405,0.07328830469161622,-0.3946461808037378
MSN,aparc,0.05,Node Strength,rh_caudalmiddlefrontal,0.05806376531514615,0.06762728453074277,0.009563519215596616
MSN,aparc,0.05,Node Strength,rh_cuneus,0.2686793079536153,0.17022703917336954,-0.09845226878024574
MSN,aparc,0.05,Node Strength,rh_entorhinal,0.25133146435456066,0.3878918964858709,0.13656043213131025
MSN,aparc,0.05,Node Strength,rh_fusiform,0.06650150225439187,0.0,-0.06650150225439187
MSN,aparc,0.05,Node Strength,rh_inferiorparietal,0.44099216109217265,0.5490511466451303,0.10805898555295768
MSN,aparc,0.05,Node Strength,rh_inferiortemporal,0.23671812678100654,0.06519904698253666,-0.17151907979846986
MSN,aparc,0.05,Node Strength,rh_isthmuscingulate,0.06860508151235714,0.17164563626783255,0.10304055475547541
MSN,aparc,0.05,Node Strength,rh_lateraloccipital,0.33854362236449664,0.38502851273939404,0.04648489037489739
MSN,aparc,0.05,Node Strength,rh_lateralorbitofrontal,0.08824823681045449,0.12951788208403453,0.04126964527358004
MSN,aparc,0.05,Node Strength,rh_lingual,0.27884777482166007,0.2796796269661571,0.0008318521444970473
MSN,aparc,0.05,Node Strength,rh_medialorbitofrontal,0.06418616878195751,0.03787749602238199,-0.026308672759575526
MSN,aparc,0.05,Node Strength,rh_middletemporal,0.2649448226483695,0.2603540063081621,-0.004590816340207415
MSN,aparc,0.05,Node Strength,rh_parahippocampal,0.1711501230852386,0.07022133211190477,-0.10092879097333383
MSN,aparc,0.05,Node Strength,rh_paracentral,0.17072994380289047,0.17314738732259766,0.0024174435197071853
MSN,aparc,0.05,Node Strength,rh_parsopercularis,0.2674669275814372,0.16809402179663574,-0.09937290578480146
MSN,aparc,0.05,Node Strength,rh_parsorbitalis,0.5907981976239982,0.382536288964173,-0.2082619086598252
MSN,aparc,0.05,Node Strength,rh_parstriangularis,0.0614856971526886,0.058732945159565196,-0.0027527519931234007
MSN,aparc,0.05,Node Strength,rh_pericalcarine,0.16477046973367498,0.16619945940065786,0.0014289896669828772
MSN,aparc,0.05,Node Strength,rh_postcentral,0.2777104616427681,0.3784635853045489,0.1007531236617808
MSN,aparc,0.05,Node Strength,rh_posteriorcingulate,0.17406163653660675,0.7919709521482233,0.6179093156116165
MSN,aparc,0.05,Node Strength,rh_precentral,0.5817919583179166,0.5877328453940509,0.005940887076134271
MSN,aparc,0.05,Node Strength,rh_precuneus,0.15695054062757235,0.17053296452829436,0.013582423900722007
MSN,aparc,0.05,Node Strength,rh_rostralanteriorcingulate,0.2638740861816891,0.27294051856718904,0.009066432385499923
MSN,aparc,0.05,Node Strength,rh_rostralmiddlefrontal,0.38459158452134584,0.6578987077394691,0.2733071232181233
MSN,aparc,0.05,Node Strength,rh_superiorfrontal,0.07526600701972408,0.17579217747700437,0.1005261704572803
MSN,aparc,0.05,Node Strength,rh_superiorparietal,0.38074414880807533,1.0,0.6192558511919246
MSN,aparc,0.05,Node Strength,rh_superiortemporal,0.1622510665362476,0.06435319621519224,-0.09789787032105536
MSN,aparc,0.05,Node Strength,rh_supramarginal,0.032585544716792085,0.035028028404404145,0.00244248368761206
MSN,aparc,0.05,Node Strength,rh_frontalpole,0.37484361099361785,0.07112542417279405,-0.3037181868208238
MSN,aparc,0.05,Node Strength,rh_temporalpole,0.5908868440095588,0.49275360467653656,-0.09813323933302226
MSN,aparc,0.05,Node Strength,rh_transversetemporal,0.7931496743745807,0.7913708452796759,-0.001778829094904788
MSN,aparc,0.05,Node Strength,rh_insula,0.890613069830753,0.6902852166964758,-0.20032785313427715
MSN,aparc,0.05,Local Efficiency,lh_bankssts,0.6808457006505018,0.47444004406952944,-0.20640565658097232
MSN,aparc,0.05,Local Efficiency,lh_caudalanteriorcingulate,0.888339273521085,0.5901501222971101,-0.29818915122397494
MSN,aparc,0.05,Local Efficiency,lh_caudalmiddlefrontal,0.0,0.0,0.0
MSN,aparc,0.05,Local Efficiency,lh_cuneus,0.40986814390537724,0.1651872471526198,-0.24468089675275745
MSN,aparc,0.05,Local Efficiency,lh_entorhinal,0.839085497417976,0.5996037391094167,-0.23948175830855933
MSN,aparc,0.05,Local Efficiency,lh_fusiform,0.0,0.0,0.0
MSN,aparc,0.05,Local Efficiency,lh_inferiorparietal,0.9765606999193386,0.0,-0.9765606999193386
MSN,aparc,0.05,Local Efficiency,lh_inferiortemporal,0.0,0.0,0.0
MSN,aparc,0.05,Local Efficiency,lh_isthmuscingulate,0.0,0.0,0.0
MSN,aparc,0.05,Local Efficiency,lh_lateraloccipital,0.8274602936995243,0.8915611565486259,0.06410086284910155
MSN,aparc,0.05,Local Efficiency,lh_lateralorbitofrontal,0.0,0.0,0.0
MSN,aparc,0.05,Local Efficiency,lh_lingual,0.33090196097522967,0.9911234829157187,0.660221521940489
MSN,aparc,0.05,Local Efficiency,lh_medialorbitofrontal,0.0,0.0,0.0
MSN,aparc,0.05,Local Efficiency,lh_middletemporal,0.0,0.0,0.0
MSN,aparc,0.05,Local Efficiency,lh_parahippocampal,0.0,0.0,0.0
MSN,aparc,0.05,Local Efficiency,lh_paracentral,0.0,0.0,0.0
MSN,aparc,0.05,Local Efficiency,lh_parsopercularis,0.0,0.0,0.0
MSN,aparc,0.05,Local Efficiency,lh_parsorbitalis,0.8611502122591631,0.7717745450647083,-0.08937566719445478
MSN,aparc,0.05,Local Efficiency,lh_parstriangularis,0.0,0.0,0.0
MSN,aparc,0.05,Local Efficiency,lh_pericalcarine,0.0,0.0,0.0
MSN,aparc,0.05,Local Efficiency,lh_postcentral,0.3033099815016354,0.9069124862727702,0.6036025047711349
MSN,aparc,0.05,Local Efficiency,lh_posteriorcingulate,0.7295739729113556,0.8332412507499191,0.10366727783856344
MSN,aparc,0.05,Local Efficiency,lh_precentral,0.3251901243505168,0.9879391181495243,0.6627489937990074
MSN,aparc,0.05,Local Efficiency,lh_precuneus,0.0,0.0,0.0
MSN,aparc,0.05,Local Efficiency,lh_rostralanteriorcingulate,0.0,0.0,0.0
MSN,aparc,0.05,Local Efficiency,lh_rostralmiddlefrontal,1.0,0.8388624071099918,-0.16113759289000817
MSN,aparc,0.05,Local Efficiency,lh_superiorfrontal,0.0,0.0,0.0
MSN,aparc,0.05,Local Efficiency,lh_superiorparietal,0.7303563790115596,0.7305408991966349,0.00018452018507530976
MSN,aparc,0.05,Local Efficiency,lh_superiortemporal,0.0,0.0,0.0
MSN,aparc,0.05,Local Efficiency,lh_supramarginal,0.0,0.0,0.0
MSN,aparc,0.05,Local Efficiency,lh_frontalpole,0.8931805300468144,0.16489026836546708,-0.7282902616813474
MSN,aparc,0.05,Local Efficiency,lh_temporalpole,0.9475866216303602,0.8982939424039204,-0.04929267922643987
MSN,aparc,0.05,Local Efficiency,lh_transversetemporal,0.9848956060436852,0.587521693042899,-0.39737391300078617
MSN,aparc,0.05,Local Efficiency,lh_insula,0.4905027296051588,0.4922504916525975,0.0017477620474387057
MSN,aparc,0.05,Local Efficiency,rh_bankssts,0.5101010520498563,0.6327533815963738,0.1226523295465175
MSN,aparc,0.05,Local Efficiency,rh_caudalanteriorcingulate,0.49136847793783994,0.0,-0.49136847793783994
MSN,aparc,0.05,Local Efficiency,rh_caudalmiddlefrontal,0.0,0.0,0.0
MSN,aparc,0.05,Local Efficiency,rh_cuneus,0.3250556505275038,0.0,-0.3250556505275038
MSN,aparc,0.05,Local Efficiency,rh_entorhinal,0.32713060473704053,0.999752399171155,0.6726217944341144
MSN,aparc,0.05,Local Efficiency,rh_fusiform,0.0,0.0,0.0
MSN,aparc,0.05,Local Efficiency,rh_inferiorparietal,0.48807701916504864,0.36293119595147805,-0.1251458232135706
MSN,aparc,0.05,Local Efficiency,rh_inferiortemporal,0.0,0.0,0.0
MSN,aparc,0.05,Local Efficiency,rh_isthmuscingulate,0.0,0.0,0.0
MSN,aparc,0.05,Local Efficiency,rh_lateraloccipital,0.499990907756511,0.9906670749636773,0.49067616720716634
MSN,aparc,0.05,Local Efficiency,rh_lateralorbitofrontal,0.0,0.0,0.0
MSN,aparc,0.05,Local Efficiency,rh_lingual,0.8200163250705542,0.3303744943052396,-0.48964183076531465
MSN,aparc,0.05,Local Efficiency,rh_medialorbitofrontal,0.0,0.0,0.0
MSN,aparc,0.05,Local Efficiency,rh_middletemporal,0.0,0.0,0.0
MSN,aparc,0.05,Local Efficiency,rh_parahippocampal,0.0,0.0,0.0
MSN,aparc,0.05,Local Efficiency,rh_paracentral,0.0,0.0,0.0
MSN,aparc,0.05,Local Efficiency,rh_parsopercularis,0.0,0.0,0.0
MSN,aparc,0.05,Local Efficiency,rh_parsorbitalis,0.8588572141514013,0.8247212208826996,-0.03413599326870165
MSN,aparc,0.05,Local Efficiency,rh_parstriangularis,0.0,0.0,0.0
MSN,aparc,0.05,Local Efficiency,rh_pericalcarine,0.0,0.0,0.0
MSN,aparc,0.05,Local Efficiency,rh_postcentral,0.9842685625188973,0.49730455391438344,-0.48696400860451383
MSN,aparc,0.05,Local Efficiency,rh_posteriorcingulate,0.9854112208813615,0.6134158551582598,-0.37199536572310166
MSN,aparc,0.05,Local Efficiency,rh_precentral,0.6945174392864361,0.5278401322076264,-0.16667730707880968
MSN,aparc,0.05,Local Efficiency,rh_precuneus,0.0,0.0,0.0
MSN,aparc,0.05,Local Efficiency,rh_rostralanteriorcingulate,0.0,0.0,0.0
MSN,aparc,0.05,Local Efficiency,rh_rostralmiddlefrontal,0.8268224711040735,0.5878060452684553,-0.23901642583561822
MSN,aparc,0.05,Local Efficiency,rh_superiorfrontal,0.0,0.0,0.0
MSN,aparc,0.05,Local Efficiency,rh_superiorparietal,0.9005771100544064,0.6613997006193333,-0.23917740943507315
MSN,aparc,0.05,Local Efficiency,rh_superiortemporal,0.0,0.0,0.0
MSN,aparc,0.05,Local Efficiency,rh_supramarginal,0.0,0.0,0.0
MSN,aparc,0.05,Local Efficiency,rh_frontalpole,0.49326785111006693,0.0,-0.49326785111006693
MSN,aparc,0.05,Local Efficiency,rh_temporalpole,0.8150526862380795,0.8985715688327196,0.08351888259464013
MSN,aparc,0.05,Local Efficiency,rh_transversetemporal,0.8091676889108562,0.8069697182031356,-0.0021979707077206534
MSN,aparc,0.05,Local Efficiency,rh_insula,0.506420789260915,0.8193221792367212,0.3129013899758062
MSN,aparc,0.05,Clustering Coefficient,lh_bankssts,0.6573584561708481,0.4216233425514713,-0.23573511361937677
MSN,aparc,0.05,Clustering Coefficient,lh_caudalanteriorcingulate,0.7897966359332199,0.5246778265640902,-0.2651188093691297
MSN,aparc,0.05,Clustering Coefficient,lh_caudalmiddlefrontal,0.0,0.0,0.0
MSN,aparc,0.05,Clustering Coefficient,lh_cuneus,0.3279788057513668,0.1651872471526198,-0.162791558598747
MSN,aparc,0.05,Clustering Coefficient,lh_entorhinal,0.6915587647455421,0.5996037391094168,-0.09195502563612534
MSN,aparc,0.05,Clustering Coefficient,lh_fusiform,0.0,0.0,0.0
MSN,aparc,0.05,Clustering Coefficient,lh_inferiorparietal,0.9765606999193387,0.0,-0.9765606999193387
MSN,aparc,0.05,Clustering Coefficient,lh_inferiortemporal,0.0,0.0,0.0
MSN,aparc,0.05,Clustering Coefficient,lh_isthmuscingulate,0.0,0.0,0.0
MSN,aparc,0.05,Clustering Coefficient,lh_lateraloccipital,0.663292677904443,0.7925607660128983,0.12926808810845525
MSN,aparc,0.05,Clustering Coefficient,lh_lateralorbitofrontal,0.0,0.0,0.0
MSN,aparc,0.05,Clustering Coefficient,lh_lingual,0.33090196097522967,0.9911234829157187,0.660221521940489
MSN,aparc,0.05,Clustering Coefficient,lh_medialorbitofrontal,0.0,0.0,0.0
MSN,aparc,0.05,Clustering Coefficient,lh_middletemporal,0.0,0.0,0.0
MSN,aparc,0.05,Clustering Coefficient,lh_parahippocampal,0.0,0.0,0.0
MSN,aparc,0.05,Clustering Coefficient,lh_paracentral,0.0,0.0,0.0
MSN,aparc,0.05,Clustering Coefficient,lh_parsopercularis,0.0,0.0,0.0
MSN,aparc,0.05,Clustering Coefficient,lh_parsorbitalis,0.7297812819083332,0.5963612239410299,-0.13342005796730338
MSN,aparc,0.05,Clustering Coefficient,lh_parstriangularis,0.0,0.0,0.0
MSN,aparc,0.05,Clustering Coefficient,lh_pericalcarine,0.0,0.0,0.0
MSN,aparc,0.05,Clustering Coefficient,lh_postcentral,0.28005710554576924,0.8245861729342526,0.5445290673884834
MSN,aparc,0.05,Clustering Coefficient,lh_posteriorcingulate,0.5200785799315861,0.6862715062292393,0.16619292629765314
MSN,aparc,0.05,Clustering Coefficient,lh_precentral,0.32519012435051675,0.9879391181495243,0.6627489937990075
MSN,aparc,0.05,Clustering Coefficient,lh_precuneus,0.0,0.0,0.0
MSN,aparc,0.05,Clustering Coefficient,lh_rostralanteriorcingulate,0.0,0.0,0.0
MSN,aparc,0.05,Clustering Coefficient,lh_rostralmiddlefrontal,1.0,0.6912826040844146,-0.30871739591558545
MSN,aparc,0.05,Clustering Coefficient,lh_superiorfrontal,0.0,0.0,0.0
MSN,aparc,0.05,Clustering Coefficient,lh_superiorparietal,0.5235037571276289,0.4722946200500264,-0.05120913707760244
MSN,aparc,0.05,Clustering Coefficient,lh_superiortemporal,0.0,0.0,0.0
MSN,aparc,0.05,Clustering Coefficient,lh_supramarginal,0.0,0.0,0.0
MSN,aparc,0.05,Clustering Coefficient,lh_frontalpole,0.794188120950417,0.16489026836546708,-0.62929785258495
MSN,aparc,0.05,Clustering Coefficient,lh_temporalpole,0.8980919167297475,0.7993012587465846,-0.09879065798316289
MSN,aparc,0.05,Clustering Coefficient,lh_transversetemporal,0.9848956060436851,0.5223189388031111,-0.462576667240574
MSN,aparc,0.05,Clustering Coefficient,lh_insula,0.4905027296051588,0.4922504916525975,0.0017477620474387057
MSN,aparc,0.05,Clustering Coefficient,rh_bankssts,0.49243003296628113,0.5623116281405315,0.06988159517425035
MSN,aparc,0.05,Clustering Coefficient,rh_caudalanteriorcingulate,0.3936599592068904,0.0,-0.3936599592068904
MSN,aparc,0.05,Clustering Coefficient,rh_caudalmiddlefrontal,0.0,0.0,0.0
MSN,aparc,0.05,Clustering Coefficient,rh_cuneus,0.3250556505275038,0.0,-0.3250556505275038
MSN,aparc,0.05,Clustering Coefficient,rh_entorhinal,0.32713060473704053,0.999752399171155,0.6726217944341144
MSN,aparc,0.05,Clustering Coefficient,rh_fusiform,0.0,0.0,0.0
MSN,aparc,0.05,Clustering Coefficient,rh_inferiorparietal,0.39055334684613474,0.3300341795284746,-0.06051916731766016
MSN,aparc,0.05,Clustering Coefficient,rh_inferiortemporal,0.0,0.0,0.0
MSN,aparc,0.05,Clustering Coefficient,rh_isthmuscingulate,0.0,0.0,0.0
MSN,aparc,0.05,Clustering Coefficient,rh_lateraloccipital,0.499990907756511,0.9906670749636775,0.49067616720716645
MSN,aparc,0.05,Clustering Coefficient,rh_lateralorbitofrontal,0.0,0.0,0.0
MSN,aparc,0.05,Clustering Coefficient,rh_lingual,0.6559576115027335,0.3303744943052396,-0.3255831171974939
MSN,aparc,0.05,Clustering Coefficient,rh_medialorbitofrontal,0.0,0.0,0.0
MSN,aparc,0.05,Clustering Coefficient,rh_middletemporal,0.0,0.0,0.0
MSN,aparc,0.05,Clustering Coefficient,rh_parahippocampal,0.0,0.0,0.0
MSN,aparc,0.05,Clustering Coefficient,rh_paracentral,0.0,0.0,0.0
MSN,aparc,0.05,Clustering Coefficient,rh_parsopercularis,0.0,0.0,0.0
MSN,aparc,0.05,Clustering Coefficient,rh_parsorbitalis,0.7279979085368129,0.6600316116912336,-0.06796629684557931
MSN,aparc,0.05,Clustering Coefficient,rh_parstriangularis,0.0,0.0,0.0
MSN,aparc,0.05,Clustering Coefficient,rh_pericalcarine,0.0,0.0,0.0
MSN,aparc,0.05,Clustering Coefficient,rh_postcentral,0.9842685625188972,0.49730455391438344,-0.4869640086045137
MSN,aparc,0.05,Clustering Coefficient,rh_posteriorcingulate,0.9854112208813616,0.4905681265155108,-0.4948430943658508
MSN,aparc,0.05,Clustering Coefficient,rh_precentral,0.4558883314473542,0.39639783163526693,-0.05949049981208726
MSN,aparc,0.05,Clustering Coefficient,rh_precuneus,0.0,0.0,0.0
MSN,aparc,0.05,Clustering Coefficient,rh_rostralanteriorcingulate,0.0,0.0,0.0
MSN,aparc,0.05,Clustering Coefficient,rh_rostralmiddlefrontal,0.6625618036990267,0.4704068411353864,-0.19215496256364034
MSN,aparc,0.05,Clustering Coefficient,rh_superiorfrontal,0.0,0.0,0.0
MSN,aparc,0.05,Clustering Coefficient,rh_superiorparietal,0.8190325270678837,0.3951569039144428,-0.42387562315344085
MSN,aparc,0.05,Clustering Coefficient,rh_superiortemporal,0.0,0.0,0.0
MSN,aparc,0.05,Clustering Coefficient,rh_supramarginal,0.0,0.0,0.0
MSN,aparc,0.05,Clustering Coefficient,rh_frontalpole,0.4932678511100669,0.0,-0.4932678511100669
MSN,aparc,0.05,Clustering Coefficient,rh_temporalpole,0.6620752330399873,0.7996330504434916,0.13755781740350437
MSN,aparc,0.05,Clustering Coefficient,rh_transversetemporal,0.6339171867579368,0.631309157281618,-0.002608029476318885
MSN,aparc,0.05,Clustering Coefficient,rh_insula,0.43801454409701407,0.655001577954757,0.21698703385774293
MSN,aparc,0.05,Betweenness Centrality,lh_bankssts,0.054365733113673806,0.20510708401976935,0.15074135090609553
MSN,aparc,0.05,Betweenness Centrality,lh_caudalanteriorcingulate,0.0,0.054365733113673806,0.054365733113673806
MSN,aparc,0.05,Betweenness Centrality,lh_caudalmiddlefrontal,0.0,0.0,0.0
MSN,aparc,0.05,Betweenness Centrality,lh_cuneus,0.1070840197693575,0.21087314662273476,0.10378912685337727
MSN,aparc,0.05,Betweenness Centrality,lh_entorhinal,0.023887973640856673,0.9077429983525536,0.8838550247116969
MSN,aparc,0.05,Betweenness Centrality,lh_fusiform,0.0,0.0,0.0
MSN,aparc,0.05,Betweenness Centrality,lh_inferiorparietal,0.0,0.0,0.0
MSN,aparc,0.05,Betweenness Centrality,lh_inferiortemporal,0.0,0.8649093904448105,0.8649093904448105
MSN,aparc,0.05,Betweenness Centrality,lh_isthmuscingulate,0.0,0.0,0.0
MSN,aparc,0.05,Betweenness Centrality,lh_lateraloccipital,0.15321252059308071,0.0008237232289950577,-0.15238879736408564
MSN,aparc,0.05,Betweenness Centrality,lh_lateralorbitofrontal,0.0,0.0,0.0
MSN,aparc,0.05,Betweenness Centrality,lh_lingual,0.1070840197693575,0.0,-0.1070840197693575
MSN,aparc,0.05,Betweenness Centrality,lh_medialorbitofrontal,0.0,0.0,0.0
MSN,aparc,0.05,Betweenness Centrality,lh_middletemporal,0.9192751235584844,1.0,0.0807248764415156
MSN,aparc,0.05,Betweenness Centrality,lh_parahippocampal,0.8649093904448105,0.054365733113673806,-0.8105436573311368
MSN,aparc,0.05,Betweenness Centrality,lh_paracentral,0.7512355848434926,0.7512355848434926,0.0
MSN,aparc,0.05,Betweenness Centrality,lh_parsopercularis,0.8896210873146623,0.899505766062603,0.009884678747940745
MSN,aparc,0.05,Betweenness Centrality,lh_parsorbitalis,0.842668863261944,0.8698517298187809,0.027182866556836882
MSN,aparc,0.05,Betweenness Centrality,lh_parstriangularis,0.0,0.054365733113673806,0.054365733113673806
MSN,aparc,0.05,Betweenness Centrality,lh_pericalcarine,0.0,0.0,0.0
MSN,aparc,0.05,Betweenness Centrality,lh_postcentral,0.6507413509060955,0.014827018121911038,-0.6359143327841845
MSN,aparc,0.05,Betweenness Centrality,lh_posteriorcingulate,0.15485996705107083,0.0,-0.15485996705107083
MSN,aparc,0.05,Betweenness Centrality,lh_precentral,0.8154859967051071,0.0,-0.8154859967051071
MSN,aparc,0.05,Betweenness Centrality,lh_precuneus,0.0,0.0,0.0
MSN,aparc,0.05,Betweenness Centrality,lh_rostralanteriorcingulate,0.8780889621087314,0.985172981878089,0.10708401976935755
MSN,aparc,0.05,Betweenness Centrality,lh_rostralmiddlefrontal,0.0,0.0,0.0
MSN,aparc,0.05,Betweenness Centrality,lh_superiorfrontal,0.8846787479406919,0.8500823723228995,-0.034596375617792385
MSN,aparc,0.05,Betweenness Centrality,lh_superiorparietal,0.08072487644151564,0.4200988467874794,0.3393739703459637
MSN,aparc,0.05,Betweenness Centrality,lh_superiortemporal,0.0,0.054365733113673806,0.054365733113673806
MSN,aparc,0.05,Betweenness Centrality,lh_supramarginal,0.8336079077429983,0.8154859967051071,-0.01812191103789118
MSN,aparc,0.05,Betweenness Centrality,lh_frontalpole,0.027182866556836903,0.9481054365733114,0.9209225700164745
MSN,aparc,0.05,Betweenness Centrality,lh_temporalpole,0.0008237232289950577,0.025535420098846788,0.02471169686985173
MSN,aparc,0.05,Betweenness Centrality,lh_transversetemporal,0.0,0.054365733113673806,0.054365733113673806
MSN,aparc,0.05,Betweenness Centrality,lh_insula,0.1070840197693575,0.15815485996705106,0.05107084019769356
MSN,aparc,0.05,Betweenness Centrality,rh_bankssts,0.7248764415156508,0.7100494233937397,-0.014827018121911117
MSN,aparc,0.05,Betweenness Centrality,rh_caudalanteriorcingulate,0.054365733113673806,0.0,-0.054365733113673806
MSN,aparc,0.05,Betweenness Centrality,rh_caudalmiddlefrontal,0.0,0.0,0.0
MSN,aparc,0.05,Betweenness Centrality,rh_cuneus,0.34596375617792424,0.34596375617792424,0.0
MSN,aparc,0.05,Betweenness Centrality,rh_entorhinal,0.899505766062603,0.0,-0.899505766062603
MSN,aparc,0.05,Betweenness Centrality,rh_fusiform,0.054365733113673806,0.0,-0.054365733113673806
MSN,aparc,0.05,Betweenness Centrality,rh_inferiorparietal,0.054365733113673806,0.8121911037891268,0.7578253706754531
MSN,aparc,0.05,Betweenness Centrality,rh_inferiortemporal,0.9110378912685337,0.0,-0.9110378912685337
MSN,aparc,0.05,Betweenness Centrality,rh_isthmuscingulate,0.0,0.054365733113673806,0.054365733113673806
MSN,aparc,0.05,Betweenness Centrality,rh_lateraloccipital,0.1070840197693575,0.0,-0.1070840197693575
MSN,aparc,0.05,Betweenness Centrality,rh_lateralorbitofrontal,0.054365733113673806,0.10790774299835255,0.05354200988467875
MSN,aparc,0.05,Betweenness Centrality,rh_lingual,0.15074135090609556,0.3014827018121911,0.15074135090609556
MSN,aparc,0.05,Betweenness Centrality,rh_medialorbitofrontal,0.054365733113673806,0.0,-0.054365733113673806
MSN,aparc,0.05,Betweenness Centrality,rh_middletemporal,0.9604612850082372,0.15980230642504117,-0.8006589785831961
MSN,aparc,0.05,Betweenness Centrality,rh_parahippocampal,0.8500823723228995,0.0,-0.8500823723228995
MSN,aparc,0.05,Betweenness Centrality,rh_paracentral,0.7265238879736409,0.7265238879736409,0.0
MSN,aparc,0.05,Betweenness Centrality,rh_parsopercularis,0.8121911037891268,0.1070840197693575,-0.7051070840197693
MSN,aparc,0.05,Betweenness Centrality,rh_parsorbitalis,0.0,0.027182866556836903,0.027182866556836903
MSN,aparc,0.05,Betweenness Centrality,rh_parstriangularis,0.0,0.0,0.0
MSN,aparc,0.05,Betweenness Centrality,rh_pericalcarine,0.054365733113673806,0.054365733113673806,0.0
MSN,aparc,0.05,Betweenness Centrality,rh_postcentral,0.0,0.38879736408566723,0.38879736408566723
MSN,aparc,0.05,Betweenness Centrality,rh_posteriorcingulate,0.0,0.05848434925864909,0.05848434925864909
MSN,aparc,0.05,Betweenness Centrality,rh_precentral,0.7199341021416804,0.09555189456342669,-0.6243822075782537
MSN,aparc,0.05,Betweenness Centrality,rh_precuneus,0.054365733113673806,0.054365733113673806,0.0
MSN,aparc,0.05,Betweenness Centrality,rh_rostralanteriorcingulate,0.8517298187808896,0.8121911037891268,-0.03953871499176276
MSN,aparc,0.05,Betweenness Centrality,rh_rostralmiddlefrontal,0.051070840197693576,0.05601317957166392,0.004942339373970345
MSN,aparc,0.05,Betweenness Centrality,rh_superiorfrontal,0.0,0.8336079077429983,0.8336079077429983
MSN,aparc,0.05,Betweenness Centrality,rh_superiorparietal,0.0,0.19192751235584843,0.19192751235584843
MSN,aparc,0.05,Betweenness Centrality,rh_superiortemporal,0.054365733113673806,0.0,-0.054365733113673806
MSN,aparc,0.05,Betweenness Centrality,rh_supramarginal,0.0,0.0,0.0
MSN,aparc,0.05,Betweenness Centrality,rh_frontalpole,0.9225700164744646,0.0,-0.9225700164744646
MSN,aparc,0.05,Betweenness Centrality,rh_temporalpole,0.8599670510708401,0.0,-0.8599670510708401
MSN,aparc,0.05,Betweenness Centrality,rh_transversetemporal,0.0008237232289950577,0.0,-0.0008237232289950577
MSN,aparc,0.05,Betweenness Centrality,rh_insula,0.2487644151565074,0.19439868204283361,-0.05436573311367379
MSN,aparc,0.05,Eigenvector Centrality,lh_bankssts,0.8516399753455433,0.8758222500502635,0.02418227470472023
MSN,aparc,0.05,Eigenvector Centrality,lh_caudalanteriorcingulate,0.8032419399209765,0.7232624154843873,-0.07997952443658918
MSN,aparc,0.05,Eigenvector Centrality,lh_caudalmiddlefrontal,0.1267967373846118,0.11235057232039142,-0.01444616506422039
MSN,aparc,0.05,Eigenvector Centrality,lh_cuneus,1.4370767158801869e-16,6.270206445250122e-14,6.255835678091321e-14
MSN,aparc,0.05,Eigenvector Centrality,lh_entorhinal,1.3163310268709804e-08,1.4927744897421697e-05,1.4914581587152987e-05
MSN,aparc,0.05,Eigenvector Centrality,lh_fusiform,0.0047481066239826,5.601970928123164e-06,-0.004742504653054477
MSN,aparc,0.05,Eigenvector Centrality,lh_inferiorparietal,4.669657713929729e-15,3.0734154365260015e-12,3.0687457788120718e-12
MSN,aparc,0.05,Eigenvector Centrality,lh_inferiortemporal,2.186495358487746e-12,3.978794591245414e-08,3.978575941709565e-08
MSN,aparc,0.05,Eigenvector Centrality,lh_isthmuscingulate,0.14180102333949468,0.023059560691082042,-0.11874146264841264
MSN,aparc,0.05,Eigenvector Centrality,lh_lateraloccipital,9.667339198982199e-16,1.6231305575843795e-11,1.6230338841923898e-11
MSN,aparc,0.05,Eigenvector Centrality,lh_lateralorbitofrontal,0.003800848169693489,0.004926457106706794,0.0011256089370133048
MSN,aparc,0.05,Eigenvector Centrality,lh_lingual,4.753310712726009e-17,6.120093337530475e-14,6.11534002681775e-14
MSN,aparc,0.05,Eigenvector Centrality,lh_medialorbitofrontal,9.540356154700478e-19,0.0023330274282244894,0.0023330274282244885
MSN,aparc,0.05,Eigenvector Centrality,lh_middletemporal,6.022051996025885e-10,2.519912839265363e-07,2.5138907872693375e-07
MSN,aparc,0.05,Eigenvector Centrality,lh_parahippocampal,1.3706831525955543e-05,0.0001113444177915203,9.763758626556475e-05
MSN,aparc,0.05,Eigenvector Centrality,lh_paracentral,0.021316073633511626,0.023684216292643726,0.0023681426591320998
MSN,aparc,0.05,Eigenvector Centrality,lh_parsopercularis,3.324181067118212e-07,0.00011323494321019214,0.00011290252510348032
MSN,aparc,0.05,Eigenvector Centrality,lh_parsorbitalis,8.790264634809232e-09,6.036032348973503e-06,6.027242084338694e-06
MSN,aparc,0.05,Eigenvector Centrality,lh_parstriangularis,0.0005074726313252785,1.8085162338878916e-05,-0.0004893874689863996
MSN,aparc,0.05,Eigenvector Centrality,lh_pericalcarine,0.0,1.5590631251062412e-15,1.5590631251062412e-15
MSN,aparc,0.05,Eigenvector Centrality,lh_postcentral,4.315027492061272e-15,1.3343642881271229e-11,1.3339327853779168e-11
MSN,aparc,0.05,Eigenvector Centrality,lh_posteriorcingulate,0.9942686544402479,0.6863734578472017,-0.3078951965930462
MSN,aparc,0.05,Eigenvector Centrality,lh_precentral,4.789287906231109e-14,1.3456436436211286e-11,1.3408543557148974e-11
MSN,aparc,0.05,Eigenvector Centrality,lh_precuneus,2.072375230897365e-18,1.6323094887567834e-15,1.630237113525886e-15
MSN,aparc,0.05,Eigenvector Centrality,lh_rostralanteriorcingulate,2.126258955249361e-06,0.0006976782625215546,0.0006955520035663052
MSN,aparc,0.05,Eigenvector Centrality,lh_rostralmiddlefrontal,3.846315042693198e-16,1.5628204572138647e-11,1.562781994063438e-11
MSN,aparc,0.05,Eigenvector Centrality,lh_superiorfrontal,1.834446092503761e-12,4.328243441301135e-09,4.3264089952086314e-09
MSN,aparc,0.05,Eigenvector Centrality,lh_superiorparietal,6.139887002573711e-15,2.3183031301925996e-11,2.3176891414923424e-11
MSN,aparc,0.05,Eigenvector Centrality,lh_superiortemporal,2.19150841939567e-12,6.416717702098691e-09,6.414526193679296e-09
MSN,aparc,0.05,Eigenvector Centrality,lh_supramarginal,2.9207915295585234e-13,1.2410661047626694e-10,1.2381453132331109e-10
MSN,aparc,0.05,Eigenvector Centrality,lh_frontalpole,6.934064239855992e-09,1.5779407952852043e-06,1.5710067310453483e-06
MSN,aparc,0.05,Eigenvector Centrality,lh_temporalpole,8.291577929665587e-09,5.880459806881522e-06,5.8721682289518565e-06
MSN,aparc,0.05,Eigenvector Centrality,lh_transversetemporal,0.7250926081454951,0.7101706560926089,-0.014921952052886267
MSN,aparc,0.05,Eigenvector Centrality,lh_insula,0.45558738154649775,0.46628411034289147,0.010696728796393717
MSN,aparc,0.05,Eigenvector Centrality,rh_bankssts,0.8544754347776538,0.8614768322896621,0.007001397512008345
MSN,aparc,0.05,Eigenvector Centrality,rh_caudalanteriorcingulate,0.4785642088032569,0.15144175256833578,-0.3271224562349211
MSN,aparc,0.05,Eigenvector Centrality,rh_caudalmiddlefrontal,0.06502606990669041,0.13640467786376115,0.07137860795707074
MSN,aparc,0.05,Eigenvector Centrality,rh_cuneus,6.907810836516158e-16,1.7460315037528983e-12,1.7453407226692467e-12
MSN,aparc,0.05,Eigenvector Centrality,rh_entorhinal,4.358444007884585e-08,5.4400351432360364e-06,5.39645070315719e-06
MSN,aparc,0.05,Eigenvector Centrality,rh_fusiform,0.061137848458140444,0.03460147839456646,-0.026536370063573983
MSN,aparc,0.05,Eigenvector Centrality,rh_inferiorparietal,1.1177047694525396e-14,3.401594878957545e-11,3.400477174188093e-11
MSN,aparc,0.05,Eigenvector Centrality,rh_inferiortemporal,1.495060463039696e-11,6.533111954882087e-09,6.51816135025169e-09
MSN,aparc,0.05,Eigenvector Centrality,rh_isthmuscingulate,0.1420762289181202,0.14432417002935372,0.0022479411112335257
MSN,aparc,0.05,Eigenvector Centrality,rh_lateraloccipital,3.8723447870988974e-16,1.2973203452533933e-11,1.2972816218055224e-11
MSN,aparc,0.05,Eigenvector Centrality,rh_lateralorbitofrontal,0.03993844291407504,0.04719100017599553,0.007252557261920485
MSN,aparc,0.05,Eigenvector Centrality,rh_lingual,1.4107261972411472e-16,3.0700711223509513e-13,3.06866039615371e-13
MSN,aparc,0.05,Eigenvector Centrality,rh_medialorbitofrontal,3.3115117456005363e-17,1.9820467762438763e-12,1.98201366112642e-12
MSN,aparc,0.05,Eigenvector Centrality,rh_middletemporal,9.847920445622162e-11,4.3008741561694274e-08,4.2910262357238054e-08
MSN,aparc,0.05,Eigenvector Centrality,rh_parahippocampal,8.675730149416975e-05,0.0006383707252924594,0.0005516134237982897
MSN,aparc,0.05,Eigenvector Centrality,rh_paracentral,0.132029272537326,0.14303119382553073,0.011001921288204736
MSN,aparc,0.05,Eigenvector Centrality,rh_parsopercularis,0.003377509646228707,0.00011302501837393925,-0.003264484627854768
MSN,aparc,0.05,Eigenvector Centrality,rh_parsorbitalis,8.743109198111913e-09,3.161468145572207e-06,3.1527250363740947e-06
MSN,aparc,0.05,Eigenvector Centrality,rh_parstriangularis,7.728931296409431e-05,2.5621101395177866e-06,-7.472720282457652e-05
MSN,aparc,0.05,Eigenvector Centrality,rh_pericalcarine,6.132865659181639e-18,9.430970594271997e-15,9.424837728612816e-15
MSN,aparc,0.05,Eigenvector Centrality,rh_postcentral,2.3070894731036126e-15,1.1018780374984412e-11,1.1016473285511309e-11
MSN,aparc,0.05,Eigenvector Centrality,rh_posteriorcingulate,0.23122878512361947,0.91948154787611,0.6882527627524906
MSN,aparc,0.05,Eigenvector Centrality,rh_precentral,1.2322457050838765e-14,1.9446221882308834e-11,1.9433899425257995e-11
MSN,aparc,0.05,Eigenvector Centrality,rh_precuneus,2.0672188260931712e-17,1.0072570465151353e-14,1.005189827689042e-14
MSN,aparc,0.05,Eigenvector Centrality,rh_rostralanteriorcingulate,0.000547722130724279,0.003993564675314343,0.003445842544590064
MSN,aparc,0.05,Eigenvector Centrality,rh_rostralmiddlefrontal,9.718939557318351e-16,1.8240002921170626e-11,1.8239031027214894e-11
MSN,aparc,0.05,Eigenvector Centrality,rh_superiorfrontal,2.9751726022457473e-13,7.464111718822662e-10,7.461136546220416e-10
MSN,aparc,0.05,Eigenvector Centrality,rh_superiorparietal,3.987659996213046e-15,2.901988536651633e-11,2.9015897706520116e-11
MSN,aparc,0.05,Eigenvector Centrality,rh_superiortemporal,1.5061338935008385e-11,9.661226715525773e-10,9.51061332617569e-10
MSN,aparc,0.05,Eigenvector Centrality,rh_supramarginal,1.0868606671055042e-15,3.542948139977966e-12,3.54186127931086e-12
MSN,aparc,0.05,Eigenvector Centrality,rh_frontalpole,3.924333338522979e-09,2.5449124135904133e-07,2.505669080205184e-07
MSN,aparc,0.05,Eigenvector Centrality,rh_temporalpole,1.4067848573884363e-08,5.8939684466057055e-06,5.879900598031821e-06
MSN,aparc,0.05,Eigenvector Centrality,rh_transversetemporal,0.9625101887265564,1.0,0.03748981127344364
MSN,aparc,0.05,Eigenvector Centrality,rh_insula,0.9347253479980709,0.9046284628185892,-0.030096885179481725
MSN,aparc,0.05,Node Degree,lh_bankssts,0.6666666666666666,0.7777777777777778,0.11111111111111116
MSN,aparc,0.05,Node Degree,lh_caudalanteriorcingulate,0.5555555555555556,0.5555555555555556,0.0
MSN,aparc,0.05,Node Degree,lh_caudalmiddlefrontal,0.0,0.0,0.0
MSN,aparc,0.05,Node Degree,lh_cuneus,0.3333333333333333,0.3333333333333333,0.0
MSN,aparc,0.05,Node Degree,lh_entorhinal,0.4444444444444444,0.4444444444444444,0.0
MSN,aparc,0.05,Node Degree,lh_fusiform,0.0,0.0,0.0
MSN,aparc,0.05,Node Degree,lh_inferiorparietal,0.2222222222222222,0.0,-0.2222222222222222
MSN,aparc,0.05,Node Degree,lh_inferiortemporal,0.0,0.1111111111111111,0.1111111111111111
MSN,aparc,0.05,Node Degree,lh_isthmuscingulate,0.0,0.0,0.0
MSN,aparc,0.05,Node Degree,lh_lateraloccipital,0.3333333333333333,0.4444444444444444,0.1111111111111111
MSN,aparc,0.05,Node Degree,lh_lateralorbitofrontal,0.0,0.0,0.0
MSN,aparc,0.05,Node Degree,lh_lingual,0.2222222222222222,0.1111111111111111,-0.1111111111111111
MSN,aparc,0.05,Node Degree,lh_medialorbitofrontal,0.0,0.0,0.0
MSN,aparc,0.05,Node Degree,lh_middletemporal,0.1111111111111111,0.2222222222222222,0.1111111111111111
MSN,aparc,0.05,Node Degree,lh_parahippocampal,0.1111111111111111,0.1111111111111111,0.0
MSN,aparc,0.05,Node Degree,lh_paracentral,0.1111111111111111,0.1111111111111111,0.0
MSN,aparc,0.05,Node Degree,lh_parsopercularis,0.1111111111111111,0.1111111111111111,0.0
MSN,aparc,0.05,Node Degree,lh_parsorbitalis,0.5555555555555556,0.5555555555555556,0.0
MSN,aparc,0.05,Node Degree,lh_parstriangularis,0.0,0.1111111111111111,0.1111111111111111
MSN,aparc,0.05,Node Degree,lh_pericalcarine,0.0,0.0,0.0
MSN,aparc,0.05,Node Degree,lh_postcentral,0.6666666666666666,0.3333333333333333,-0.3333333333333333
MSN,aparc,0.05,Node Degree,lh_posteriorcingulate,0.8888888888888888,0.4444444444444444,-0.4444444444444444
MSN,aparc,0.05,Node Degree,lh_precentral,0.2222222222222222,0.2222222222222222,0.0
MSN,aparc,0.05,Node Degree,lh_precuneus,0.0,0.0,0.0
MSN,aparc,0.05,Node Degree,lh_rostralanteriorcingulate,0.1111111111111111,0.3333333333333333,0.2222222222222222
MSN,aparc,0.05,Node Degree,lh_rostralmiddlefrontal,0.2222222222222222,0.4444444444444444,0.2222222222222222
MSN,aparc,0.05,Node Degree,lh_superiorfrontal,0.2222222222222222,0.1111111111111111,-0.1111111111111111
MSN,aparc,0.05,Node Degree,lh_superiorparietal,0.5555555555555556,0.6666666666666666,0.11111111111111105
MSN,aparc,0.05,Node Degree,lh_superiortemporal,0.0,0.1111111111111111,0.1111111111111111
MSN,aparc,0.05,Node Degree,lh_supramarginal,0.1111111111111111,0.1111111111111111,0.0
MSN,aparc,0.05,Node Degree,lh_frontalpole,0.4444444444444444,0.3333333333333333,-0.1111111111111111
MSN,aparc,0.05,Node Degree,lh_temporalpole,0.4444444444444444,0.4444444444444444,0.0
MSN,aparc,0.05,Node Degree,lh_transversetemporal,0.4444444444444444,0.5555555555555556,0.11111111111111116
MSN,aparc,0.05,Node Degree,lh_insula,0.3333333333333333,0.3333333333333333,0.0
MSN,aparc,0.05,Node Degree,rh_bankssts,0.7777777777777778,0.6666666666666666,-0.11111111111111116
MSN,aparc,0.05,Node Degree,rh_caudalanteriorcingulate,0.4444444444444444,0.0,-0.4444444444444444
MSN,aparc,0.05,Node Degree,rh_caudalmiddlefrontal,0.0,0.0,0.0
MSN,aparc,0.05,Node Degree,rh_cuneus,0.2222222222222222,0.1111111111111111,-0.1111111111111111
MSN,aparc,0.05,Node Degree,rh_entorhinal,0.2222222222222222,0.3333333333333333,0.1111111111111111
MSN,aparc,0.05,Node Degree,rh_fusiform,0.1111111111111111,0.0,-0.1111111111111111
MSN,aparc,0.05,Node Degree,rh_inferiorparietal,0.4444444444444444,0.5555555555555556,0.11111111111111116
MSN,aparc,0.05,Node Degree,rh_inferiortemporal,0.2222222222222222,0.0,-0.2222222222222222
MSN,aparc,0.05,Node Degree,rh_isthmuscingulate,0.0,0.1111111111111111,0.1111111111111111
MSN,aparc,0.05,Node Degree,rh_lateraloccipital,0.3333333333333333,0.3333333333333333,0.0
MSN,aparc,0.05,Node Degree,rh_lateralorbitofrontal,0.1111111111111111,0.2222222222222222,0.1111111111111111
MSN,aparc,0.05,Node Degree,rh_lingual,0.2222222222222222,0.2222222222222222,0.0
MSN,aparc,0.05,Node Degree,rh_medialorbitofrontal,0.1111111111111111,0.0,-0.1111111111111111
MSN,aparc,0.05,Node Degree,rh_middletemporal,0.2222222222222222,0.2222222222222222,0.0
MSN,aparc,0.05,Node Degree,rh_parahippocampal,0.1111111111111111,0.0,-0.1111111111111111
MSN,aparc,0.05,Node Degree,rh_paracentral,0.1111111111111111,0.1111111111111111,0.0
MSN,aparc,0.05,Node Degree,rh_parsopercularis,0.2222222222222222,0.1111111111111111,-0.1111111111111111
MSN,aparc,0.05,Node Degree,rh_parsorbitalis,0.5555555555555556,0.3333333333333333,-0.22222222222222227
MSN,aparc,0.05,Node Degree,rh_parstriangularis,0.0,0.0,0.0
MSN,aparc,0.05,Node Degree,rh_pericalcarine,0.1111111111111111,0.1111111111111111,0.0
MSN,aparc,0.05,Node Degree,rh_postcentral,0.2222222222222222,0.3333333333333333,0.1111111111111111
MSN,aparc,0.05,Node Degree,rh_posteriorcingulate,0.1111111111111111,0.7777777777777778,0.6666666666666667
MSN,aparc,0.05,Node Degree,rh_precentral,0.5555555555555556,0.5555555555555556,0.0
MSN,aparc,0.05,Node Degree,rh_precuneus,0.1111111111111111,0.1111111111111111,0.0
MSN,aparc,0.05,Node Degree,rh_rostralanteriorcingulate,0.2222222222222222,0.2222222222222222,0.0
MSN,aparc,0.05,Node Degree,rh_rostralmiddlefrontal,0.3333333333333333,0.6666666666666666,0.3333333333333333
MSN,aparc,0.05,Node Degree,rh_superiorfrontal,0.0,0.1111111111111111,0.1111111111111111
MSN,aparc,0.05,Node Degree,rh_superiorparietal,0.3333333333333333,1.0,0.6666666666666667
MSN,aparc,0.05,Node Degree,rh_superiortemporal,0.1111111111111111,0.0,-0.1111111111111111
MSN,aparc,0.05,Node Degree,rh_supramarginal,0.0,0.0,0.0
MSN,aparc,0.05,Node Degree,rh_frontalpole,0.3333333333333333,0.0,-0.3333333333333333
MSN,aparc,0.05,Node Degree,rh_temporalpole,0.5555555555555556,0.4444444444444444,-0.11111111111111116
MSN,aparc,0.05,Node Degree,rh_transversetemporal,0.7777777777777778,0.7777777777777778,0.0
MSN,aparc,0.05,Node Degree,rh_insula,0.8888888888888888,0.6666666666666666,-0.2222222222222222
MSN,aparc,0.1,Participation Coefficient,lh_bankssts,0.0,0.25715887581768615,0.25715887581768615
MSN,aparc,0.1,Participation Coefficient,lh_caudalanteriorcingulate,0.0,0.28352872236454424,0.28352872236454424
MSN,aparc,0.1,Participation Coefficient,lh_caudalmiddlefrontal,0.0,0.0,0.0
MSN,aparc,0.1,Participation Coefficient,lh_cuneus,0.0,0.0,0.0
MSN,aparc,0.1,Participation Coefficient,lh_entorhinal,0.0,0.3821591814807216,0.3821591814807216
MSN,aparc,0.1,Participation Coefficient,lh_fusiform,0.0,0.0,0.0
MSN,aparc,0.1,Participation Coefficient,lh_inferiorparietal,0.0,0.0,0.0
MSN,aparc,0.1,Participation Coefficient,lh_inferiortemporal,0.0,0.9628665332922647,0.9628665332922647
MSN,aparc,0.1,Participation Coefficient,lh_isthmuscingulate,0.0,0.0,0.0
MSN,aparc,0.1,Participation Coefficient,lh_lateraloccipital,0.0,0.0,0.0
MSN,aparc,0.1,Participation Coefficient,lh_lateralorbitofrontal,0.0,0.0,0.0
MSN,aparc,0.1,Participation Coefficient,lh_lingual,0.0,0.0,0.0
MSN,aparc,0.1,Participation Coefficient,lh_medialorbitofrontal,0.0,0.0,0.0
MSN,aparc,0.1,Participation Coefficient,lh_middletemporal,0.0,0.0,0.0
MSN,aparc,0.1,Participation Coefficient,lh_parahippocampal,0.0,0.0,0.0
MSN,aparc,0.1,Participation Coefficient,lh_paracentral,0.0,0.4804443858704122,0.4804443858704122
MSN,aparc,0.1,Participation Coefficient,lh_parsopercularis,0.6615756763321621,0.5713919327520541,-0.09018374358010794
MSN,aparc,0.1,Participation Coefficient,lh_parsorbitalis,0.0,0.0,0.0
MSN,aparc,0.1,Participation Coefficient,lh_parstriangularis,0.0,0.0,0.0
MSN,aparc,0.1,Participation Coefficient,lh_pericalcarine,0.0,0.0,0.0
MSN,aparc,0.1,Participation Coefficient,lh_postcentral,0.29433772370911004,0.2965226525678608,0.0021849288587507676
MSN,aparc,0.1,Participation Coefficient,lh_posteriorcingulate,0.0,0.0,0.0
MSN,aparc,0.1,Participation Coefficient,lh_precentral,0.0,0.0,0.0
MSN,aparc,0.1,Participation Coefficient,lh_precuneus,0.0,0.0,0.0
MSN,aparc,0.1,Participation Coefficient,lh_rostralanteriorcingulate,0.0,0.0,0.0
MSN,aparc,0.1,Participation Coefficient,lh_rostralmiddlefrontal,0.0,0.0,0.0
MSN,aparc,0.1,Participation Coefficient,lh_superiorfrontal,0.5368727997843808,0.4161660030396078,-0.12070679674477303
MSN,aparc,0.1,Participation Coefficient,lh_superiorparietal,0.0,0.0,0.0
MSN,aparc,0.1,Participation Coefficient,lh_superiortemporal,0.0,0.0,0.0
MSN,aparc,0.1,Participation Coefficient,lh_supramarginal,0.0,0.0,0.0
MSN,aparc,0.1,Participation Coefficient,lh_frontalpole,0.0,0.0,0.0
MSN,aparc,0.1,Participation Coefficient,lh_temporalpole,0.0,0.0,0.0
MSN,aparc,0.1,Participation Coefficient,lh_transversetemporal,0.27773867953598563,0.31456427087665084,0.03682559134066521
MSN,aparc,0.1,Participation Coefficient,lh_insula,0.0,0.4853904739174018,0.4853904739174018
MSN,aparc,0.1,Participation Coefficient,rh_bankssts,0.7212973454132182,0.7101857946694209,-0.011111550743797327
MSN,aparc,0.1,Participation Coefficient,rh_caudalanteriorcingulate,0.0,0.0,0.0
MSN,aparc,0.1,Participation Coefficient,rh_caudalmiddlefrontal,0.0,0.0,0.0
MSN,aparc,0.1,Participation Coefficient,rh_cuneus,0.7327501258969437,0.9506860874925952,0.21793596159565154
MSN,aparc,0.1,Participation Coefficient,rh_entorhinal,0.4624323021026233,0.0,-0.4624323021026233
MSN,aparc,0.1,Participation Coefficient,rh_fusiform,0.0,0.0,0.0
MSN,aparc,0.1,Participation Coefficient,rh_inferiorparietal,0.0,0.0,0.0
MSN,aparc,0.1,Participation Coefficient,rh_inferiortemporal,0.8144867434573378,0.0,-0.8144867434573378
MSN,aparc,0.1,Participation Coefficient,rh_isthmuscingulate,0.0,0.0,0.0
MSN,aparc,0.1,Participation Coefficient,rh_lateraloccipital,0.0,0.0,0.0
MSN,aparc,0.1,Participation Coefficient,rh_lateralorbitofrontal,0.0,0.0,0.0
MSN,aparc,0.1,Participation Coefficient,rh_lingual,0.0,0.0,0.0
MSN,aparc,0.1,Participation Coefficient,rh_medialorbitofrontal,0.0,0.0,0.0
MSN,aparc,0.1,Participation Coefficient,rh_middletemporal,0.0,0.0,0.0
MSN,aparc,0.1,Participation Coefficient,rh_parahippocampal,0.545603877559288,0.9862258745597097,0.4406219970004217
MSN,aparc,0.1,Participation Coefficient,rh_paracentral,1.0,0.9601598186548345,-0.03984018134516554
MSN,aparc,0.1,Participation Coefficient,rh_parsopercularis,0.38673346752761484,0.0,-0.38673346752761484
MSN,aparc,0.1,Participation Coefficient,rh_parsorbitalis,0.0,0.0,0.0
MSN,aparc,0.1,Participation Coefficient,rh_parstriangularis,0.0,0.0,0.0
MSN,aparc,0.1,Participation Coefficient,rh_pericalcarine,0.0,0.0,0.0
MSN,aparc,0.1,Participation Coefficient,rh_postcentral,0.0,0.3518492773727123,0.3518492773727123
MSN,aparc,0.1,Participation Coefficient,rh_posteriorcingulate,0.0,0.0,0.0
MSN,aparc,0.1,Participation Coefficient,rh_precentral,0.0,0.0,0.0
MSN,aparc,0.1,Participation Coefficient,rh_precuneus,0.0,0.0,0.0
MSN,aparc,0.1,Participation Coefficient,rh_rostralanteriorcingulate,0.6856682674465028,0.43037647278672325,-0.2552917946597795
MSN,aparc,0.1,Participation Coefficient,rh_rostralmiddlefrontal,0.0,0.0,0.0
MSN,aparc,0.1,Participation Coefficient,rh_superiorfrontal,0.0,0.0,0.0
MSN,aparc,0.1,Participation Coefficient,rh_superiorparietal,0.0,0.0,0.0
MSN,aparc,0.1,Participation Coefficient,rh_superiortemporal,0.0,0.0,0.0
MSN,aparc,0.1,Participation Coefficient,rh_supramarginal,0.0,0.0,0.0
MSN,aparc,0.1,Participation Coefficient,rh_frontalpole,0.0,0.0,0.0
MSN,aparc,0.1,Participation Coefficient,rh_temporalpole,0.0,0.0,0.0
MSN,aparc,0.1,Participation Coefficient,rh_transversetemporal,0.2697114259300513,0.29568783560968603,0.025976409679634715
MSN,aparc,0.1,Participation Coefficient,rh_insula,0.49737378504474034,0.505345416926477,0.007971631881736718
MSN,aparc,0.1,Node Versatility,lh_bankssts,0.006669601674960459,0.017299614836866362,0.010630013161905903
MSN,aparc,0.1,Node Versatility,lh_caudalanteriorcingulate,0.006669601674960459,0.017299614836866362,0.010630013161905903
MSN,aparc,0.1,Node Versatility,lh_caudalmiddlefrontal,0.12850201709831602,0.03932975334670827,-0.08917226375160775
MSN,aparc,0.1,Node Versatility,lh_cuneus,0.0,0.0,0.0
MSN,aparc,0.1,Node Versatility,lh_entorhinal,0.0,0.0,0.0
MSN,aparc,0.1,Node Versatility,lh_fusiform,0.023823722626876626,0.02625516744759608,0.0024314448207194556
MSN,aparc,0.1,Node Versatility,lh_inferiorparietal,0.06383452425516094,0.06222364487215473,-0.0016108793830062057
MSN,aparc,0.1,Node Versatility,lh_inferiortemporal,0.0,0.0,0.0
MSN,aparc,0.1,Node Versatility,lh_isthmuscingulate,0.006669601674960459,0.017299614836866362,0.010630013161905903
MSN,aparc,0.1,Node Versatility,lh_lateraloccipital,0.06383452425516094,0.06222364487215473,-0.0016108793830062057
MSN,aparc,0.1,Node Versatility,lh_lateralorbitofrontal,0.0016919795514078175,0.002600834809382706,0.0009088552579748885
MSN,aparc,0.1,Node Versatility,lh_lingual,0.0,0.0,0.0
MSN,aparc,0.1,Node Versatility,lh_medialorbitofrontal,1.0,0.002600834809382706,-0.9973991651906173
MSN,aparc,0.1,Node Versatility,lh_middletemporal,0.0,0.0,0.0
MSN,aparc,0.1,Node Versatility,lh_parahippocampal,0.007847406365965672,0.02625516744759608,0.01840776108163041
MSN,aparc,0.1,Node Versatility,lh_paracentral,0.007847406365965672,0.02625516744759608,0.01840776108163041
MSN,aparc,0.1,Node Versatility,lh_parsopercularis,0.007847406365965672,0.02625516744759608,0.01840776108163041
MSN,aparc,0.1,Node Versatility,lh_parsorbitalis,0.0,0.0,0.0
MSN,aparc,0.1,Node Versatility,lh_parstriangularis,0.007847406365965672,0.02625516744759608,0.01840776108163041
MSN,aparc,0.1,Node Versatility,lh_pericalcarine,0.0,0.0,0.0
MSN,aparc,0.1,Node Versatility,lh_postcentral,0.06383452425516094,0.06222364487215473,-0.0016108793830062057
MSN,aparc,0.1,Node Versatility,lh_posteriorcingulate,0.006669601674960459,0.017299614836866362,0.010630013161905903
MSN,aparc,0.1,Node Versatility,lh_precentral,0.10313061005839151,0.15616914396130535,0.05303853390291384
MSN,aparc,0.1,Node Versatility,lh_precuneus,0.0,0.0,0.0
MSN,aparc,0.1,Node Versatility,lh_rostralanteriorcingulate,0.007847406365965672,0.02625516744759608,0.01840776108163041
MSN,aparc,0.1,Node Versatility,lh_rostralmiddlefrontal,0.06383452425516094,0.15616914396130535,0.09233461970614441
MSN,aparc,0.1,Node Versatility,lh_superiorfrontal,0.1313004051858749,0.11512990291270218,-0.016170502273172724
MSN,aparc,0.1,Node Versatility,lh_superiorparietal,0.06383452425516094,0.06222364487215473,-0.0016108793830062057
MSN,aparc,0.1,Node Versatility,lh_superiortemporal,0.0,0.0,0.0
MSN,aparc,0.1,Node Versatility,lh_supramarginal,0.1313004051858749,0.11512990291270218,-0.016170502273172724
MSN,aparc,0.1,Node Versatility,lh_frontalpole,0.0,0.0,0.0
MSN,aparc,0.1,Node Versatility,lh_temporalpole,0.0,0.0,0.0
MSN,aparc,0.1,Node Versatility,lh_transversetemporal,0.006669601674960459,0.017299614836866362,0.010630013161905903
MSN,aparc,0.1,Node Versatility,lh_insula,0.006669601674960459,0.017299614836866362,0.010630013161905903
MSN,aparc,0.1,Node Versatility,rh_bankssts,0.12155096451385111,0.03932975334670827,-0.08222121116714284
MSN,aparc,0.1,Node Versatility,rh_caudalanteriorcingulate,0.006669601674960459,0.017299614836866362,0.010630013161905903
MSN,aparc,0.1,Node Versatility,rh_caudalmiddlefrontal,0.006669601674960459,0.03932975334670827,0.03266015167174781
MSN,aparc,0.1,Node Versatility,rh_cuneus,0.0,0.0,0.0
MSN,aparc,0.1,Node Versatility,rh_entorhinal,0.0,0.0,0.0
MSN,aparc,0.1,Node Versatility,rh_fusiform,0.023823722626876626,0.017299614836866362,-0.006524107790010263
MSN,aparc,0.1,Node Versatility,rh_inferiorparietal,0.3170864588942644,0.45745883264506887,0.14037237375080447
MSN,aparc,0.1,Node Versatility,rh_inferiortemporal,0.0,0.0,0.0
MSN,aparc,0.1,Node Versatility,rh_isthmuscingulate,0.006669601674960459,0.017299614836866362,0.010630013161905903
MSN,aparc,0.1,Node Versatility,rh_lateraloccipital,0.06383452425516094,0.06222364487215473,-0.0016108793830062057
MSN,aparc,0.1,Node Versatility,rh_lateralorbitofrontal,0.0016919795514078175,0.002600834809382706,0.0009088552579748885
MSN,aparc,0.1,Node Versatility,rh_lingual,0.0,0.0,0.0
MSN,aparc,0.1,Node Versatility,rh_medialorbitofrontal,1.0,0.06222364487215473,-0.9377763551278453
MSN,aparc,0.1,Node Versatility,rh_middletemporal,0.0,0.0,0.0
MSN,aparc,0.1,Node Versatility,rh_parahippocampal,0.007847406365965672,0.02625516744759608,0.01840776108163041
MSN,aparc,0.1,Node Versatility,rh_paracentral,0.007847406365965672,0.37576257293293136,0.3679151665669657
MSN,aparc,0.1,Node Versatility,rh_parsopercularis,0.007847406365965672,0.02625516744759608,0.01840776108163041
MSN,aparc,0.1,Node Versatility,rh_parsorbitalis,0.0,0.0,0.0
MSN,aparc,0.1,Node Versatility,rh_parstriangularis,0.007847406365965672,0.02625516744759608,0.01840776108163041
MSN,aparc,0.1,Node Versatility,rh_pericalcarine,0.0,0.0,0.0
MSN,aparc,0.1,Node Versatility,rh_postcentral,0.06383452425516094,0.06222364487215473,-0.0016108793830062057
MSN,aparc,0.1,Node Versatility,rh_posteriorcingulate,0.006669601674960459,0.017299614836866362,0.010630013161905903
MSN,aparc,0.1,Node Versatility,rh_precentral,0.06383452425516094,0.06222364487215473,-0.0016108793830062057
MSN,aparc,0.1,Node Versatility,rh_precuneus,0.0,0.0,0.0
MSN,aparc,0.1,Node Versatility,rh_rostralanteriorcingulate,0.007847406365965672,0.02625516744759608,0.01840776108163041
MSN,aparc,0.1,Node Versatility,rh_rostralmiddlefrontal,0.06383452425516094,0.06222364487215473,-0.0016108793830062057
MSN,aparc,0.1,Node Versatility,rh_superiorfrontal,0.1313004051858749,0.11512990291270218,-0.016170502273172724
MSN,aparc,0.1,Node Versatility,rh_superiorparietal,0.06383452425516094,0.06222364487215473,-0.0016108793830062057
MSN,aparc,0.1,Node Versatility,rh_superiortemporal,0.0,0.0,0.0
MSN,aparc,0.1,Node Versatility,rh_supramarginal,0.3170864588942644,0.45745883264506887,0.14037237375080447
MSN,aparc,0.1,Node Versatility,rh_frontalpole,0.0,0.0,0.0
MSN,aparc,0.1,Node Versatility,rh_temporalpole,0.0,0.0,0.0
MSN,aparc,0.1,Node Versatility,rh_transversetemporal,0.006669601674960459,0.017299614836866362,0.010630013161905903
MSN,aparc,0.1,Node Versatility,rh_insula,0.006669601674960459,0.017299614836866362,0.010630013161905903
MSN,aparc,0.1,Node Strength,lh_bankssts,0.6466386403138656,0.826130624707968,0.1794919843941024
MSN,aparc,0.1,Node Strength,lh_caudalanteriorcingulate,0.6443307365040641,0.7663053925810948,0.12197465607703062
MSN,aparc,0.1,Node Strength,lh_caudalmiddlefrontal,0.21026368176773305,0.21424936497059793,0.003985683202864881
MSN,aparc,0.1,Node Strength,lh_cuneus,0.22136678973164753,0.2790660110802051,0.057699221348557594
MSN,aparc,0.1,Node Strength,lh_entorhinal,0.34657407966188075,0.3263455026027223,-0.020228577059158426
MSN,aparc,0.1,Node Strength,lh_fusiform,0.011924702136804037,0.0005989101527987563,-0.011325791984005282
MSN,aparc,0.1,Node Strength,lh_inferiorparietal,0.5157606827021494,0.39191204476142094,-0.12384863794072842
MSN,aparc,0.1,Node Strength,lh_inferiortemporal,0.15203355096438265,0.08026151042391284,-0.0717720405404698
MSN,aparc,0.1,Node Strength,lh_isthmuscingulate,0.563458156964707,0.5714909004583089,0.008032743493601835
MSN,aparc,0.1,Node Strength,lh_lateraloccipital,0.5209687397911373,0.5850580714710376,0.06408933167990027
MSN,aparc,0.1,Node Strength,lh_lateralorbitofrontal,0.01875104363733164,0.0209786998267935,0.002227656189461861
MSN,aparc,0.1,Node Strength,lh_lingual,0.21954106486289254,0.22441324734418863,0.004872182481296089
MSN,aparc,0.1,Node Strength,lh_medialorbitofrontal,0.005397334508383853,0.00026951331077502386,-0.00512782119760883
MSN,aparc,0.1,Node Strength,lh_middletemporal,0.27207035073730756,0.158909513331771,-0.11316083740553656
MSN,aparc,0.1,Node Strength,lh_parahippocampal,0.2725593305109002,0.23677124163283683,-0.03578808887806337
MSN,aparc,0.1,Node Strength,lh_paracentral,0.16000998363513713,0.39375473819183743,0.2337447545567003
MSN,aparc,0.1,Node Strength,lh_parsopercularis,0.20222123168854553,0.1952322368600256,-0.006988994828519918
MSN,aparc,0.1,Node Strength,lh_parsorbitalis,0.41365356573647927,0.4098895940331819,-0.003763971703297342
MSN,aparc,0.1,Node Strength,lh_parstriangularis,0.040231021794835314,0.2098138927528636,0.1695828709580283
MSN,aparc,0.1,Node Strength,lh_pericalcarine,0.043854290484346976,0.043977189820953444,0.00012289933660646762
MSN,aparc,0.1,Node Strength,lh_postcentral,0.6990874605011858,0.7006477736402814,0.0015603131390956593
MSN,aparc,0.1,Node Strength,lh_posteriorcingulate,0.6523476915310265,0.6477787795316736,-0.0045689119993528315
MSN,aparc,0.1,Node Strength,lh_precentral,0.8035425289973427,0.6941011427666521,-0.10944138623069055
MSN,aparc,0.1,Node Strength,lh_precuneus,0.03789097602973203,0.04274685905072485,0.004855883020992824
MSN,aparc,0.1,Node Strength,lh_rostralanteriorcingulate,0.27340070229042923,0.39711212875162544,0.1237114264611962
MSN,aparc,0.1,Node Strength,lh_rostralmiddlefrontal,0.7484136309715611,0.7028514991617621,-0.045562131809798956
MSN,aparc,0.1,Node Strength,lh_superiorfrontal,0.2659128974382099,0.3191160586070898,0.05320316116887991
MSN,aparc,0.1,Node Strength,lh_superiorparietal,0.6478807998562717,0.6548092950449191,0.0069284951886474655
MSN,aparc,0.1,Node Strength,lh_superiortemporal,0.03838070904859833,0.09332398570973377,0.05494327666113544
MSN,aparc,0.1,Node Strength,lh_supramarginal,0.27648773233328067,0.33682380616057256,0.06033607382729189
MSN,aparc,0.1,Node Strength,lh_frontalpole,0.40608007094265436,0.34136420141016943,-0.06471586953248493
MSN,aparc,0.1,Node Strength,lh_temporalpole,0.4132949015453329,0.35357281126010703,-0.05972209028522585
MSN,aparc,0.1,Node Strength,lh_transversetemporal,0.7599750989470478,0.6633363176686915,-0.09663878127835634
MSN,aparc,0.1,Node Strength,lh_insula,0.674057153954572,0.7968134379883804,0.12275628403380845
MSN,aparc,0.1,Node Strength,rh_bankssts,0.9584708697320228,1.0,0.04152913026797722
MSN,aparc,0.1,Node Strength,rh_caudalanteriorcingulate,0.693063800368596,0.4622135574761041,-0.23085024289249195
MSN,aparc,0.1,Node Strength,rh_caudalmiddlefrontal,0.034626118233801316,0.15643162557789814,0.12180550734409681
MSN,aparc,0.1,Node Strength,rh_cuneus,0.21923182474451094,0.27978691100918557,0.060555086264674624
MSN,aparc,0.1,Node Strength,rh_entorhinal,0.3274271531774831,0.29007028555335823,-0.03735686762412488
MSN,aparc,0.1,Node Strength,rh_fusiform,0.039657932400489926,0.0,-0.039657932400489926
MSN,aparc,0.1,Node Strength,rh_inferiorparietal,0.6683036055790803,0.8538227756708644,0.1855191700917841
MSN,aparc,0.1,Node Strength,rh_inferiortemporal,0.14116600605412305,0.038881217869616534,-0.10228478818450651
MSN,aparc,0.1,Node Strength,rh_isthmuscingulate,0.6190667246052679,0.5744025028377729,-0.04466422176749496
MSN,aparc,0.1,Node Strength,rh_lateraloccipital,0.5548844549273241,0.5241880853016464,-0.030696369625677677
MSN,aparc,0.1,Node Strength,rh_lateralorbitofrontal,0.05262651957099664,0.077237524540343,0.024611004969346352
MSN,aparc,0.1,Node Strength,rh_lingual,0.1662898705897145,0.16678594263313196,0.0004960720434174504
MSN,aparc,0.1,Node Strength,rh_medialorbitofrontal,0.03827719158679907,0.022588108927362568,-0.015689082659436502
MSN,aparc,0.1,Node Strength,rh_middletemporal,0.21470668444662347,0.15526117805382258,-0.059445506392800884
MSN,aparc,0.1,Node Strength,rh_parahippocampal,0.3306273161804444,0.5068194684599158,0.17619215227947138
MSN,aparc,0.1,Node Strength,rh_paracentral,0.4462867139566163,0.57274751619203,0.12646080223541373
MSN,aparc,0.1,Node Strength,rh_parsopercularis,0.504508791936953,0.27584084110297485,-0.22866795083397812
MSN,aparc,0.1,Node Strength,rh_parsorbitalis,0.4109306188804352,0.4041845071503593,-0.006746111730075888
MSN,aparc,0.1,Node Strength,rh_parstriangularis,0.03666677501435368,0.03502518123439674,-0.001641593779956936
MSN,aparc,0.1,Node Strength,rh_pericalcarine,0.09826027877232664,0.09911245163599249,0.0008521728636658454
MSN,aparc,0.1,Node Strength,rh_postcentral,0.6317234215089744,0.576645331797365,-0.055078089711609435
MSN,aparc,0.1,Node Strength,rh_posteriorcingulate,0.6347650805928481,0.6496191744938183,0.014854093900970256
MSN,aparc,0.1,Node Strength,rh_precentral,0.6948897557988378,0.76311365201298,0.06822389621414215
MSN,aparc,0.1,Node Strength,rh_precuneus,0.09359689209152484,0.1593918985357409,0.06579500644421606
MSN,aparc,0.1,Node Strength,rh_rostralanteriorcingulate,0.5043842828005,0.4566330048355574,-0.04775127796494255
MSN,aparc,0.1,Node Strength,rh_rostralmiddlefrontal,0.6366975347902879,0.6275386853065952,-0.009158849483692721
MSN,aparc,0.1,Node Strength,rh_superiorfrontal,0.2786620906361751,0.340687980737562,0.06202589010138693
MSN,aparc,0.1,Node Strength,rh_superiorparietal,0.6407583924565461,0.6550501441270746,0.01429175167052854
MSN,aparc,0.1,Node Strength,rh_superiortemporal,0.1544446259177498,0.03837679779766197,-0.11606782812008783
MSN,aparc,0.1,Node Strength,rh_supramarginal,0.019432272742776095,0.020888839131337964,0.0014565663885618696
MSN,aparc,0.1,Node Strength,rh_frontalpole,0.3411510250840675,0.15920354004076406,-0.18194748504330346
MSN,aparc,0.1,Node Strength,rh_temporalpole,0.4106140272708901,0.3526812402161353,-0.0579327870547548
MSN,aparc,0.1,Node Strength,rh_transversetemporal,0.7628203434540156,0.7085046109642503,-0.05431573248976529
MSN,aparc,0.1,Node Strength,rh_insula,0.7639522428251362,0.7649186628022437,0.0009664199771075577
MSN,aparc,0.1,Local Efficiency,lh_bankssts,0.915301669608029,0.8164505871627785,-0.09885108244525043
MSN,aparc,0.1,Local Efficiency,lh_caudalanteriorcingulate,0.9655851009286521,0.8588111210102101,-0.10677397991844206
MSN,aparc,0.1,Local Efficiency,lh_caudalmiddlefrontal,0.9498290136187222,0.8758392297168395,-0.07398978390188271
MSN,aparc,0.1,Local Efficiency,lh_cuneus,0.4954796096087,0.4911913734155292,-0.0042882361931708135
MSN,aparc,0.1,Local Efficiency,lh_entorhinal,0.9568613945994576,0.666002826229027,-0.29085856837043067
MSN,aparc,0.1,Local Efficiency,lh_fusiform,0.0,0.0,0.0
MSN,aparc,0.1,Local Efficiency,lh_inferiorparietal,0.9632330292494637,0.9399429456480093,-0.02329008360145446
MSN,aparc,0.1,Local Efficiency,lh_inferiortemporal,0.7768411431703846,0.0,-0.7768411431703846
MSN,aparc,0.1,Local Efficiency,lh_isthmuscingulate,0.9535873804371592,0.9652053488195536,0.011617968382394372
MSN,aparc,0.1,Local Efficiency,lh_lateraloccipital,0.9701245551008486,0.9463649014969001,-0.023759653603948494
MSN,aparc,0.1,Local Efficiency,lh_lateralorbitofrontal,0.0,0.0,0.0
MSN,aparc,0.1,Local Efficiency,lh_lingual,0.4949679109141434,0.8200232956686292,0.3250553847544858
MSN,aparc,0.1,Local Efficiency,lh_medialorbitofrontal,0.0,0.0,0.0
MSN,aparc,0.1,Local Efficiency,lh_middletemporal,0.33199574532098025,0.0,-0.33199574532098025
MSN,aparc,0.1,Local Efficiency,lh_parahippocampal,0.8514671977732526,0.48087014143873075,-0.3705970563345219
MSN,aparc,0.1,Local Efficiency,lh_paracentral,0.9589872915241027,0.7745095022018667,-0.18447778932223602
MSN,aparc,0.1,Local Efficiency,lh_parsopercularis,0.47013818697103865,0.4003880366144015,-0.06975015035663717
MSN,aparc,0.1,Local Efficiency,lh_parsorbitalis,0.9252771235387419,0.8502237128669854,-0.07505341067175653
MSN,aparc,0.1,Local Efficiency,lh_parstriangularis,0.0,0.4753703054310896,0.4753703054310896
MSN,aparc,0.1,Local Efficiency,lh_pericalcarine,0.0,0.0,0.0
MSN,aparc,0.1,Local Efficiency,lh_postcentral,0.7793470891252665,0.8431703075483545,0.06382321842308802
MSN,aparc,0.1,Local Efficiency,lh_posteriorcingulate,0.972644146181296,0.9535808161327785,-0.01906333004851757
MSN,aparc,0.1,Local Efficiency,lh_precentral,0.7878570816492343,0.8063916681376974,0.018534586488463067
MSN,aparc,0.1,Local Efficiency,lh_precuneus,0.0,0.0,0.0
MSN,aparc,0.1,Local Efficiency,lh_rostralanteriorcingulate,0.8518460184789474,0.7470956610364605,-0.10475035744248684
MSN,aparc,0.1,Local Efficiency,lh_rostralmiddlefrontal,0.8181721348806985,0.8273261219895306,0.009153987108832085
MSN,aparc,0.1,Local Efficiency,lh_superiorfrontal,0.5302162193041693,0.6434553160156204,0.11323909671145116
MSN,aparc,0.1,Local Efficiency,lh_superiorparietal,0.940089008552366,0.923418008061459,-0.016671000490906973
MSN,aparc,0.1,Local Efficiency,lh_superiortemporal,0.0,0.0,0.0
MSN,aparc,0.1,Local Efficiency,lh_supramarginal,0.8174902868958226,0.9320578866340546,0.11456759973823205
MSN,aparc,0.1,Local Efficiency,lh_frontalpole,0.8385276345459006,0.5907336222464479,-0.24779401229945275
MSN,aparc,0.1,Local Efficiency,lh_temporalpole,0.9250866769628867,0.9343789536582165,0.009292276695329837
MSN,aparc,0.1,Local Efficiency,lh_transversetemporal,0.85838632766445,0.7625072863242025,-0.0958790413402475
MSN,aparc,0.1,Local Efficiency,lh_insula,0.8017359106199214,0.7427453750547824,-0.058990535565139
MSN,aparc,0.1,Local Efficiency,rh_bankssts,0.6402850156133744,0.717778551628859,0.07749353601548459
MSN,aparc,0.1,Local Efficiency,rh_caudalanteriorcingulate,0.8016286209067102,0.9795741310091557,0.17794551010244553
MSN,aparc,0.1,Local Efficiency,rh_caudalmiddlefrontal,0.0,0.9504189768103743,0.9504189768103743
MSN,aparc,0.1,Local Efficiency,rh_cuneus,0.49200873425685154,0.393829866599402,-0.09817886765744954
MSN,aparc,0.1,Local Efficiency,rh_entorhinal,0.6555379542727956,1.0,0.3444620457272044
MSN,aparc,0.1,Local Efficiency,rh_fusiform,0.0,0.0,0.0
MSN,aparc,0.1,Local Efficiency,rh_inferiorparietal,0.697556973704203,0.6902654598047616,-0.007291513899441382
MSN,aparc,0.1,Local Efficiency,rh_inferiortemporal,0.3076955181329432,0.0,-0.3076955181329432
MSN,aparc,0.1,Local Efficiency,rh_isthmuscingulate,0.9433700257570761,0.9680316694779828,0.024661643720906734
MSN,aparc,0.1,Local Efficiency,rh_lateraloccipital,0.7769983971466629,0.9655159523367132,0.1885175551900503
MSN,aparc,0.1,Local Efficiency,rh_lateralorbitofrontal,0.0,0.0,0.0
MSN,aparc,0.1,Local Efficiency,rh_lingual,0.9920786868913044,0.9960263194007937,0.003947632509489263
MSN,aparc,0.1,Local Efficiency,rh_medialorbitofrontal,0.0,0.0,0.0
MSN,aparc,0.1,Local Efficiency,rh_middletemporal,0.6780727310330541,0.0,-0.6780727310330541
MSN,aparc,0.1,Local Efficiency,rh_parahippocampal,0.8177396477272806,0.7102561445641806,-0.10748350316309996
MSN,aparc,0.1,Local Efficiency,rh_paracentral,0.7166470762478443,0.7493988555791999,0.032751779331355646
MSN,aparc,0.1,Local Efficiency,rh_parsopercularis,0.5508048484323798,0.7506585367561677,0.19985368832378791
MSN,aparc,0.1,Local Efficiency,rh_parsorbitalis,0.9222330027141914,0.8438339882590558,-0.07839901445513564
MSN,aparc,0.1,Local Efficiency,rh_parstriangularis,0.0,0.0,0.0
MSN,aparc,0.1,Local Efficiency,rh_pericalcarine,0.0,0.0,0.0
MSN,aparc,0.1,Local Efficiency,rh_postcentral,0.9264981329305733,0.8510932504187841,-0.07540488251178912
MSN,aparc,0.1,Local Efficiency,rh_posteriorcingulate,0.9572484932573035,0.955025198663181,-0.0022232945941225157
MSN,aparc,0.1,Local Efficiency,rh_precentral,0.8700147117532421,0.8314869955006726,-0.038527716252569455
MSN,aparc,0.1,Local Efficiency,rh_precuneus,0.0,0.3223732479460268,0.3223732479460268
MSN,aparc,0.1,Local Efficiency,rh_rostralanteriorcingulate,0.5576398186815581,0.7322051344792663,0.17456531579770818
MSN,aparc,0.1,Local Efficiency,rh_rostralmiddlefrontal,0.930496240760996,0.7754841181841904,-0.15501212257680563
MSN,aparc,0.1,Local Efficiency,rh_superiorfrontal,0.8625280522327328,0.9368529465585976,0.07432489432586487
MSN,aparc,0.1,Local Efficiency,rh_superiorparietal,0.9343299701935953,0.9237392545088972,-0.01059071568469816
MSN,aparc,0.1,Local Efficiency,rh_superiortemporal,0.31865048972047694,0.0,-0.31865048972047694
MSN,aparc,0.1,Local Efficiency,rh_supramarginal,0.0,0.0,0.0
MSN,aparc,0.1,Local Efficiency,rh_frontalpole,0.8500637001883091,0.9732016745510497,0.12313797436274054
MSN,aparc,0.1,Local Efficiency,rh_temporalpole,0.9218773495745035,0.933274230644891,0.011396881070387499
MSN,aparc,0.1,Local Efficiency,rh_transversetemporal,0.8607496272534834,0.9136139972649829,0.05286437001149957
MSN,aparc,0.1,Local Efficiency,rh_insula,0.8553673412037189,0.8705268125928779,0.015159471389158963
MSN,aparc,0.1,Clustering Coefficient,lh_bankssts,0.8544025349314206,0.6573673315623652,-0.19703520336905544
MSN,aparc,0.1,Clustering Coefficient,lh_caudalanteriorcingulate,0.9567676609867919,0.7408802064775755,-0.21588745450921643
MSN,aparc,0.1,Clustering Coefficient,lh_caudalmiddlefrontal,0.9498290136187219,0.7962759050348701,-0.15355310858385174
MSN,aparc,0.1,Clustering Coefficient,lh_cuneus,0.4954796096086999,0.39453968653611976,-0.10093992307258015
MSN,aparc,0.1,Clustering Coefficient,lh_entorhinal,0.9243474286992172,0.666002826229027,-0.2583446024701902
MSN,aparc,0.1,Clustering Coefficient,lh_fusiform,0.0,0.0,0.0
MSN,aparc,0.1,Clustering Coefficient,lh_inferiorparietal,0.9632330292494635,0.9172207880697211,-0.04601224117974245
MSN,aparc,0.1,Clustering Coefficient,lh_inferiortemporal,0.6213874010685639,0.0,-0.6213874010685639
MSN,aparc,0.1,Clustering Coefficient,lh_isthmuscingulate,0.953587380437159,0.9652053488195533,0.011617968382394372
MSN,aparc,0.1,Clustering Coefficient,lh_lateraloccipital,0.9701245551008484,0.9138971627628989,-0.05622739233794949
MSN,aparc,0.1,Clustering Coefficient,lh_lateralorbitofrontal,0.0,0.0,0.0
MSN,aparc,0.1,Clustering Coefficient,lh_lingual,0.49496791091414316,0.6591258357683915,0.1641579248542483
MSN,aparc,0.1,Clustering Coefficient,lh_medialorbitofrontal,0.0,0.0,0.0
MSN,aparc,0.1,Clustering Coefficient,lh_middletemporal,0.285559225601861,0.0,-0.285559225601861
MSN,aparc,0.1,Clustering Coefficient,lh_parahippocampal,0.7570287489429349,0.38502636536030926,-0.37200238358262566
MSN,aparc,0.1,Clustering Coefficient,lh_paracentral,0.9589872915241024,0.5932409811217002,-0.36574631040240224
MSN,aparc,0.1,Clustering Coefficient,lh_parsopercularis,0.47013818697103854,0.321103100381042,-0.14903508658999653
MSN,aparc,0.1,Clustering Coefficient,lh_parsorbitalis,0.8552517627072169,0.7109540646187463,-0.1442976980884706
MSN,aparc,0.1,Clustering Coefficient,lh_parstriangularis,0.0,0.4753703054310895,0.4753703054310895
MSN,aparc,0.1,Clustering Coefficient,lh_pericalcarine,0.0,0.0,0.0
MSN,aparc,0.1,Clustering Coefficient,lh_postcentral,0.7501105400881493,0.7241594772561906,-0.025951062831958693
MSN,aparc,0.1,Clustering Coefficient,lh_posteriorcingulate,0.9637832994272152,0.92689635548187,-0.036886943945345196
MSN,aparc,0.1,Clustering Coefficient,lh_precentral,0.6204863571924762,0.6465976174782825,0.026111260285806237
MSN,aparc,0.1,Clustering Coefficient,lh_precuneus,0.0,0.0,0.0
MSN,aparc,0.1,Clustering Coefficient,lh_rostralanteriorcingulate,0.7565290499120331,0.5489502375368088,-0.20757881237522424
MSN,aparc,0.1,Clustering Coefficient,lh_rostralmiddlefrontal,0.6779441185685572,0.6810046923786883,0.0030605738101311397
MSN,aparc,0.1,Clustering Coefficient,lh_superiorfrontal,0.48265333798297294,0.6434553160156202,0.16080197803264729
MSN,aparc,0.1,Clustering Coefficient,lh_superiorparietal,0.9047002018821111,0.861109893067237,-0.043590308814874135
MSN,aparc,0.1,Clustering Coefficient,lh_superiortemporal,0.0,0.0,0.0
MSN,aparc,0.1,Clustering Coefficient,lh_supramarginal,0.6734607438577241,0.8998335292221202,0.2263727853643961
MSN,aparc,0.1,Clustering Coefficient,lh_frontalpole,0.7088121265183378,0.5258089674537236,-0.18300315906461417
MSN,aparc,0.1,Clustering Coefficient,lh_temporalpole,0.8551556377878766,0.8683803424392516,0.01322470465137493
MSN,aparc,0.1,Clustering Coefficient,lh_transversetemporal,0.7483743706386681,0.7113762552525529,-0.03699811538611519
MSN,aparc,0.1,Clustering Coefficient,lh_insula,0.7944602179793898,0.6531642702069728,-0.14129594777241705
MSN,aparc,0.1,Clustering Coefficient,rh_bankssts,0.47700829384308374,0.5027750324154294,0.025766738572345682
MSN,aparc,0.1,Clustering Coefficient,rh_caudalanteriorcingulate,0.7943396607312332,0.9795741310091555,0.18523447027792228
MSN,aparc,0.1,Clustering Coefficient,rh_caudalmiddlefrontal,0.0,0.9504189768103741,0.9504189768103741
MSN,aparc,0.1,Clustering Coefficient,rh_cuneus,0.49200873425685143,0.3938298665994019,-0.09817886765744954
MSN,aparc,0.1,Clustering Coefficient,rh_entorhinal,0.6555379542727954,1.0,0.3444620457272046
MSN,aparc,0.1,Clustering Coefficient,rh_fusiform,0.0,0.0,0.0
MSN,aparc,0.1,Clustering Coefficient,rh_inferiorparietal,0.5968514541281174,0.5452419615353493,-0.051609492592768036
MSN,aparc,0.1,Clustering Coefficient,rh_inferiortemporal,0.30769551813294316,0.0,-0.30769551813294316
MSN,aparc,0.1,Clustering Coefficient,rh_isthmuscingulate,0.9347506621679995,0.9680316694779826,0.03328100730998307
MSN,aparc,0.1,Clustering Coefficient,rh_lateraloccipital,0.7769983971466627,0.9519124269602146,0.17491402981355186
MSN,aparc,0.1,Clustering Coefficient,rh_lateralorbitofrontal,0.0,0.0,0.0
MSN,aparc,0.1,Clustering Coefficient,rh_lingual,0.9920786868913042,0.9960263194007934,0.003947632509489263
MSN,aparc,0.1,Clustering Coefficient,rh_medialorbitofrontal,0.0,0.0,0.0
MSN,aparc,0.1,Clustering Coefficient,rh_middletemporal,0.4700189453945204,0.0,-0.4700189453945204
MSN,aparc,0.1,Clustering Coefficient,rh_parahippocampal,0.6929805873108804,0.5032802594968807,-0.1897003278139997
MSN,aparc,0.1,Clustering Coefficient,rh_paracentral,0.5080559194953598,0.5573000987676519,0.04924417927229208
MSN,aparc,0.1,Clustering Coefficient,rh_parsopercularis,0.39380061313992476,0.5753302834275362,0.18152967028761147
MSN,aparc,0.1,Clustering Coefficient,rh_parsorbitalis,0.8524793308376707,0.7051153195915293,-0.1473640112461414
MSN,aparc,0.1,Clustering Coefficient,rh_parstriangularis,0.0,0.0,0.0
MSN,aparc,0.1,Clustering Coefficient,rh_pericalcarine,0.0,0.0,0.0
MSN,aparc,0.1,Clustering Coefficient,rh_postcentral,0.8916053578676999,0.7345699812886918,-0.15703537657900812
MSN,aparc,0.1,Clustering Coefficient,rh_posteriorcingulate,0.9485041084532035,0.9282623230386969,-0.020241785414506608
MSN,aparc,0.1,Clustering Coefficient,rh_precentral,0.776299658785294,0.689085404408544,-0.0872142543767499
MSN,aparc,0.1,Clustering Coefficient,rh_precuneus,0.0,0.32237324794602673,0.32237324794602673
MSN,aparc,0.1,Clustering Coefficient,rh_rostralanteriorcingulate,0.3958161424610975,0.5159311268719512,0.12011498441085372
MSN,aparc,0.1,Clustering Coefficient,rh_rostralmiddlefrontal,0.8952801891707114,0.7488541382739134,-0.14642605089679794
MSN,aparc,0.1,Clustering Coefficient,rh_superiorfrontal,0.7663572682606979,0.9041166651270253,0.13775939686632732
MSN,aparc,0.1,Clustering Coefficient,rh_superiorparietal,0.8991955137009005,0.86145273884655,-0.0377427748543504
MSN,aparc,0.1,Clustering Coefficient,rh_superiortemporal,0.3186504897204768,0.0,-0.3186504897204768
MSN,aparc,0.1,Clustering Coefficient,rh_supramarginal,0.0,0.0,0.0
MSN,aparc,0.1,Clustering Coefficient,rh_frontalpole,0.722341519454158,0.9732016745510496,0.2508601550968915
MSN,aparc,0.1,Clustering Coefficient,rh_temporalpole,0.8521865798439222,0.8674687214662756,0.015282141622353418
MSN,aparc,0.1,Clustering Coefficient,rh_transversetemporal,0.7509137027698877,0.8474669677547912,0.09655326498490358
MSN,aparc,0.1,Clustering Coefficient,rh_insula,0.7389969317586751,0.7656386759308053,0.026641744172130166
MSN,aparc,0.1,Betweenness Centrality,lh_bankssts,0.008237232289950576,0.009884678747940691,0.001647446457990115
MSN,aparc,0.1,Betweenness Centrality,lh_caudalanteriorcingulate,0.0,0.004118616144975288,0.004118616144975288
MSN,aparc,0.1,Betweenness Centrality,lh_caudalmiddlefrontal,0.0,0.0,0.0
MSN,aparc,0.1,Betweenness Centrality,lh_cuneus,0.1070840197693575,0.20757825370675453,0.10049423393739704
MSN,aparc,0.1,Betweenness Centrality,lh_entorhinal,0.0,0.9077429983525536,0.9077429983525536
MSN,aparc,0.1,Betweenness Centrality,lh_fusiform,0.0,0.0,0.0
MSN,aparc,0.1,Betweenness Centrality,lh_inferiorparietal,0.0,0.0,0.0
MSN,aparc,0.1,Betweenness Centrality,lh_inferiortemporal,0.0,0.8649093904448105,0.8649093904448105
MSN,aparc,0.1,Betweenness Centrality,lh_isthmuscingulate,0.0,0.0,0.0
MSN,aparc,0.1,Betweenness Centrality,lh_lateraloccipital,0.0,0.0,0.0
MSN,aparc,0.1,Betweenness Centrality,lh_lateralorbitofrontal,0.0,0.0,0.0
MSN,aparc,0.1,Betweenness Centrality,lh_lingual,0.1070840197693575,0.0016474464579901153,-0.10543657331136738
MSN,aparc,0.1,Betweenness Centrality,lh_medialorbitofrontal,0.0,0.0,0.0
MSN,aparc,0.1,Betweenness Centrality,lh_middletemporal,0.9192751235584844,1.0,0.0807248764415156
MSN,aparc,0.1,Betweenness Centrality,lh_parahippocampal,0.03377265238879736,0.054365733113673806,0.020593080724876443
MSN,aparc,0.1,Betweenness Centrality,lh_paracentral,0.0,0.0016474464579901153,0.0016474464579901153
MSN,aparc,0.1,Betweenness Centrality,lh_parsopercularis,0.8896210873146623,0.899505766062603,0.009884678747940745
MSN,aparc,0.1,Betweenness Centrality,lh_parsorbitalis,0.8130148270181219,0.026359143327841845,-0.78665568369028
MSN,aparc,0.1,Betweenness Centrality,lh_parstriangularis,0.0,0.054365733113673806,0.054365733113673806
MSN,aparc,0.1,Betweenness Centrality,lh_pericalcarine,0.0,0.0,0.0
MSN,aparc,0.1,Betweenness Centrality,lh_postcentral,0.38879736408566723,0.38220757825370677,-0.00658978583196046
MSN,aparc,0.1,Betweenness Centrality,lh_posteriorcingulate,0.0,0.0,0.0
MSN,aparc,0.1,Betweenness Centrality,lh_precentral,0.5181219110378913,0.0,-0.5181219110378913
MSN,aparc,0.1,Betweenness Centrality,lh_precuneus,0.0,0.0,0.0
MSN,aparc,0.1,Betweenness Centrality,lh_rostralanteriorcingulate,0.06754530477759473,0.728171334431631,0.6606260296540363
MSN,aparc,0.1,Betweenness Centrality,lh_rostralmiddlefrontal,0.1812191103789127,0.1515650741350906,-0.029654036243822096
MSN,aparc,0.1,Betweenness Centrality,lh_superiorfrontal,0.8649093904448105,0.8500823723228995,-0.014827018121911006
MSN,aparc,0.1,Betweenness Centrality,lh_superiorparietal,0.009884678747940691,0.004942339373970346,-0.004942339373970346
MSN,aparc,0.1,Betweenness Centrality,lh_superiortemporal,0.0,0.054365733113673806,0.054365733113673806
MSN,aparc,0.1,Betweenness Centrality,lh_supramarginal,0.0,0.0,0.0
MSN,aparc,0.1,Betweenness Centrality,lh_frontalpole,0.07907742998352553,0.9200988467874794,0.8410214168039539
MSN,aparc,0.1,Betweenness Centrality,lh_temporalpole,0.0,0.8171334431630972,0.8171334431630972
MSN,aparc,0.1,Betweenness Centrality,lh_transversetemporal,0.005766062602965404,0.06672158154859967,0.060955518945634266
MSN,aparc,0.1,Betweenness Centrality,lh_insula,0.1070840197693575,0.15815485996705106,0.05107084019769356
MSN,aparc,0.1,Betweenness Centrality,rh_bankssts,0.7026359143327842,0.32784184514003295,-0.3747940691927512
MSN,aparc,0.1,Betweenness Centrality,rh_caudalanteriorcingulate,0.054365733113673806,0.0,-0.054365733113673806
MSN,aparc,0.1,Betweenness Centrality,rh_caudalmiddlefrontal,0.0,0.0,0.0
MSN,aparc,0.1,Betweenness Centrality,rh_cuneus,0.34596375617792424,0.34596375617792424,0.0
MSN,aparc,0.1,Betweenness Centrality,rh_entorhinal,0.899505766062603,0.0,-0.899505766062603
MSN,aparc,0.1,Betweenness Centrality,rh_fusiform,0.054365733113673806,0.0,-0.054365733113673806
MSN,aparc,0.1,Betweenness Centrality,rh_inferiorparietal,0.05848434925864909,0.5370675453047776,0.47858319604612853
MSN,aparc,0.1,Betweenness Centrality,rh_inferiortemporal,0.8780889621087314,0.0,-0.8780889621087314
MSN,aparc,0.1,Betweenness Centrality,rh_isthmuscingulate,0.0,0.0,0.0
MSN,aparc,0.1,Betweenness Centrality,rh_lateraloccipital,0.1070840197693575,0.0,-0.1070840197693575
MSN,aparc,0.1,Betweenness Centrality,rh_lateralorbitofrontal,0.054365733113673806,0.10790774299835255,0.05354200988467875
MSN,aparc,0.1,Betweenness Centrality,rh_lingual,0.0,0.0,0.0
MSN,aparc,0.1,Betweenness Centrality,rh_medialorbitofrontal,0.054365733113673806,0.0,-0.054365733113673806
MSN,aparc,0.1,Betweenness Centrality,rh_middletemporal,0.8690280065897859,0.15980230642504117,-0.7092257001647446
MSN,aparc,0.1,Betweenness Centrality,rh_parahippocampal,0.014827018121911038,0.09719934102141681,0.08237232289950577
MSN,aparc,0.1,Betweenness Centrality,rh_paracentral,0.014827018121911038,0.27677100494233936,0.2619439868204283
MSN,aparc,0.1,Betweenness Centrality,rh_parsopercularis,0.729818780889621,0.06589785831960461,-0.6639209225700164
MSN,aparc,0.1,Betweenness Centrality,rh_parsorbitalis,0.0,0.0,0.0
MSN,aparc,0.1,Betweenness Centrality,rh_parstriangularis,0.0,0.0,0.0
MSN,aparc,0.1,Betweenness Centrality,rh_pericalcarine,0.054365733113673806,0.054365733113673806,0.0
MSN,aparc,0.1,Betweenness Centrality,rh_postcentral,0.0,0.0,0.0
MSN,aparc,0.1,Betweenness Centrality,rh_posteriorcingulate,0.0,0.0032948929159802307,0.0032948929159802307
MSN,aparc,0.1,Betweenness Centrality,rh_precentral,0.0,0.01070840197693575,0.01070840197693575
MSN,aparc,0.1,Betweenness Centrality,rh_precuneus,0.054365733113673806,0.054365733113673806,0.0
MSN,aparc,0.1,Betweenness Centrality,rh_rostralanteriorcingulate,0.07331136738056013,0.3245469522240527,0.2512355848434926
MSN,aparc,0.1,Betweenness Centrality,rh_rostralmiddlefrontal,0.0,0.054365733113673806,0.054365733113673806
MSN,aparc,0.1,Betweenness Centrality,rh_superiorfrontal,0.07166392092257001,0.036243822075782535,-0.03542009884678748
MSN,aparc,0.1,Betweenness Centrality,rh_superiorparietal,0.0,0.0008237232289950577,0.0008237232289950577
MSN,aparc,0.1,Betweenness Centrality,rh_superiortemporal,0.054365733113673806,0.0,-0.054365733113673806
MSN,aparc,0.1,Betweenness Centrality,rh_supramarginal,0.0,0.0,0.0
MSN,aparc,0.1,Betweenness Centrality,rh_frontalpole,0.8171334431630972,0.0,-0.8171334431630972
MSN,aparc,0.1,Betweenness Centrality,rh_temporalpole,0.0,0.0,0.0
MSN,aparc,0.1,Betweenness Centrality,rh_transversetemporal,0.0,0.0,0.0
MSN,aparc,0.1,Betweenness Centrality,rh_insula,0.009884678747940691,0.0,-0.009884678747940691
MSN,aparc,0.1,Eigenvector Centrality,lh_bankssts,0.8385754470280038,0.9338500202373101,0.09527457320930632
MSN,aparc,0.1,Eigenvector Centrality,lh_caudalanteriorcingulate,0.8727963098325231,0.9164218738686193,0.04362556403609619
MSN,aparc,0.1,Eigenvector Centrality,lh_caudalmiddlefrontal,0.312861961900642,0.2613495562815202,-0.05151240561912185
MSN,aparc,0.1,Eigenvector Centrality,lh_cuneus,9.670537327223596e-11,2.2535133791095288e-10,1.286459646387169e-10
MSN,aparc,0.1,Eigenvector Centrality,lh_entorhinal,0.0002892933696397545,0.0013444418366125724,0.001055148466972818
MSN,aparc,0.1,Eigenvector Centrality,lh_fusiform,0.0018211516010000067,0.0019512886486719077,0.00013013704767190094
MSN,aparc,0.1,Eigenvector Centrality,lh_inferiorparietal,8.38438445840525e-09,8.335985752104262e-09,-4.83987063009883e-11
MSN,aparc,0.1,Eigenvector Centrality,lh_inferiortemporal,2.2556901406962675e-06,5.773986004661612e-07,-1.6782915402301064e-06
MSN,aparc,0.1,Eigenvector Centrality,lh_isthmuscingulate,0.7777482699159716,0.775597760937537,-0.0021505089784346065
MSN,aparc,0.1,Eigenvector Centrality,lh_lateraloccipital,8.37813763666646e-09,1.2009304632568774e-08,3.631166995902314e-09
MSN,aparc,0.1,Eigenvector Centrality,lh_lateralorbitofrontal,0.002439109502340901,0.0029985143982522527,0.0005594048959113515
MSN,aparc,0.1,Eigenvector Centrality,lh_lingual,9.5084641203577e-11,2.2505602461295335e-10,1.2997138340937633e-10
MSN,aparc,0.1,Eigenvector Centrality,lh_medialorbitofrontal,1.3957146089810678e-11,0.001420009589396757,0.001420009575439611
MSN,aparc,0.1,Eigenvector Centrality,lh_middletemporal,2.3698535319401816e-05,6.62048772818067e-06,-1.7078047591221147e-05
MSN,aparc,0.1,Eigenvector Centrality,lh_parahippocampal,0.05700478558862044,0.06969179708353122,0.012687011494910784
MSN,aparc,0.1,Eigenvector Centrality,lh_paracentral,0.07081549719490125,0.21244489005006964,0.1416293928551684
MSN,aparc,0.1,Eigenvector Centrality,lh_parsopercularis,0.024666639360161054,0.0229876397183756,-0.001678999641785455
MSN,aparc,0.1,Eigenvector Centrality,lh_parsorbitalis,0.0002960440508473008,0.0002063433470995637,-8.97007037477371e-05
MSN,aparc,0.1,Eigenvector Centrality,lh_parstriangularis,0.014893688301175557,0.042032109310920884,0.027138421009745325
MSN,aparc,0.1,Eigenvector Centrality,lh_pericalcarine,4.369490567254716e-14,1.025101385246017e-12,9.814064795734698e-13
MSN,aparc,0.1,Eigenvector Centrality,lh_postcentral,9.926900764924038e-09,1.2807383150259848e-08,2.88048238533581e-09
MSN,aparc,0.1,Eigenvector Centrality,lh_posteriorcingulate,0.8820889627623979,0.8481407039088629,-0.03394825885353503
MSN,aparc,0.1,Eigenvector Centrality,lh_precentral,1.3222140346240325e-08,1.5686577664012835e-08,2.46443731777251e-09
MSN,aparc,0.1,Eigenvector Centrality,lh_precuneus,0.0,2.8566376992842457e-12,2.8566376992842457e-12
MSN,aparc,0.1,Eigenvector Centrality,lh_rostralanteriorcingulate,0.056689442292008396,0.13636562194766289,0.07967617965565449
MSN,aparc,0.1,Eigenvector Centrality,lh_rostralmiddlefrontal,1.270580304173184e-08,1.599720341651585e-08,3.291400374784011e-09
MSN,aparc,0.1,Eigenvector Centrality,lh_superiorfrontal,3.141196703368061e-08,3.999765116986724e-08,8.585684136186632e-09
MSN,aparc,0.1,Eigenvector Centrality,lh_superiorparietal,9.935890890117768e-09,1.2894133280242213e-08,2.9582423901244448e-09
MSN,aparc,0.1,Eigenvector Centrality,lh_superiortemporal,1.9293103726660671e-07,4.976840916889542e-08,-1.431626280977113e-07
MSN,aparc,0.1,Eigenvector Centrality,lh_supramarginal,6.284171557262878e-09,9.939502898686613e-09,3.6553313414237352e-09
MSN,aparc,0.1,Eigenvector Centrality,lh_frontalpole,0.00014759717343125665,7.736846350547227e-05,-7.022870992578438e-05
MSN,aparc,0.1,Eigenvector Centrality,lh_temporalpole,0.0002973347935162281,0.00020550850508313693,-9.182628843309117e-05
MSN,aparc,0.1,Eigenvector Centrality,lh_transversetemporal,0.9279063293448513,0.8280841949776407,-0.09982213436721055
MSN,aparc,0.1,Eigenvector Centrality,lh_insula,0.8694732137708405,0.9249587493013216,0.05548553553048108
MSN,aparc,0.1,Eigenvector Centrality,rh_bankssts,0.9727039105013646,1.0,0.02729608949863538
MSN,aparc,0.1,Eigenvector Centrality,rh_caudalanteriorcingulate,0.871993995298952,0.6472316149336129,-0.22476238036533913
MSN,aparc,0.1,Eigenvector Centrality,rh_caudalmiddlefrontal,0.06891332893210944,0.18925643813145762,0.12034310919934818
MSN,aparc,0.1,Eigenvector Centrality,rh_cuneus,8.749809475776833e-10,2.0290812675717942e-09,1.154100319994111e-09
MSN,aparc,0.1,Eigenvector Centrality,rh_entorhinal,0.0018289075125483341,0.00019948562511653414,-0.0016294218874318
MSN,aparc,0.1,Eigenvector Centrality,rh_fusiform,0.04031747678330944,0.02245297433922385,-0.017864502444085592
MSN,aparc,0.1,Eigenvector Centrality,rh_inferiorparietal,9.424765432865785e-09,1.7470717477036827e-08,8.045952044171042e-09
MSN,aparc,0.1,Eigenvector Centrality,rh_inferiortemporal,4.134136218895383e-07,5.1482525154407233e-08,-3.61931096735131e-07
MSN,aparc,0.1,Eigenvector Centrality,rh_isthmuscingulate,0.8412990432538999,0.7790536671066455,-0.06224537614725445
MSN,aparc,0.1,Eigenvector Centrality,rh_lateraloccipital,8.413982850110298e-09,1.0735336177947942e-08,2.3213533278376434e-09
MSN,aparc,0.1,Eigenvector Centrality,rh_lateralorbitofrontal,0.044065577084452794,0.05161348236255191,0.007547905278099114
MSN,aparc,0.1,Eigenvector Centrality,rh_lingual,9.653489208442161e-11,2.2594070891575834e-10,1.2940581683133671e-10
MSN,aparc,0.1,Eigenvector Centrality,rh_medialorbitofrontal,4.124947786978646e-10,7.304109509813244e-10,3.179161722834598e-10
MSN,aparc,0.1,Eigenvector Centrality,rh_middletemporal,2.57683040745356e-06,6.090238523602511e-07,-1.9678065550933085e-06
MSN,aparc,0.1,Eigenvector Centrality,rh_parahippocampal,0.1611610333780422,0.41973414158463207,0.25857310820658985
MSN,aparc,0.1,Eigenvector Centrality,rh_paracentral,0.3799366899299383,0.575120836877475,0.19518414694753666
MSN,aparc,0.1,Eigenvector Centrality,rh_parsopercularis,0.17042911537384572,0.0553325095724247,-0.11509660580142103
MSN,aparc,0.1,Eigenvector Centrality,rh_parsorbitalis,0.0002937810411840167,0.00019999985694180367,-9.378118424221304e-05
MSN,aparc,0.1,Eigenvector Centrality,rh_parstriangularis,0.01992981643826294,0.0033137826620451573,-0.016616033776217783
MSN,aparc,0.1,Eigenvector Centrality,rh_pericalcarine,7.1551055547140034e-12,1.7878153688657713e-11,1.072304813394371e-11
MSN,aparc,0.1,Eigenvector Centrality,rh_postcentral,9.710386045315508e-09,1.0186000647601713e-08,4.756146022862048e-10
MSN,aparc,0.1,Eigenvector Centrality,rh_posteriorcingulate,0.8605057767974069,0.8503493210816545,-0.01015645571575241
MSN,aparc,0.1,Eigenvector Centrality,rh_precentral,1.0309635018872656e-08,1.4365980861323996e-08,4.05634584245134e-09
MSN,aparc,0.1,Eigenvector Centrality,rh_precuneus,7.465310344921214e-12,3.854756496249044e-11,3.1082254617569226e-11
MSN,aparc,0.1,Eigenvector Centrality,rh_rostralanteriorcingulate,0.2428296406167202,0.21990402693338482,-0.022925613683335372
MSN,aparc,0.1,Eigenvector Centrality,rh_rostralmiddlefrontal,9.793404893710213e-09,1.208905479941965e-08,2.295649905709436e-09
MSN,aparc,0.1,Eigenvector Centrality,rh_superiorfrontal,6.583718339148571e-09,1.0150516778289014e-08,3.5667984391404438e-09
MSN,aparc,0.1,Eigenvector Centrality,rh_superiorparietal,9.843140697332223e-09,1.2911099107313215e-08,3.0679584099809926e-09
MSN,aparc,0.1,Eigenvector Centrality,rh_superiortemporal,2.279718791033616e-06,4.169416775871354e-09,-2.2755493742577443e-06
MSN,aparc,0.1,Eigenvector Centrality,rh_supramarginal,5.306087867593344e-10,1.0120086668355554e-09,4.81399880076221e-10
MSN,aparc,0.1,Eigenvector Centrality,rh_frontalpole,0.00012136329854536123,4.198047394695255e-05,-7.938282459840867e-05
MSN,aparc,0.1,Eigenvector Centrality,rh_temporalpole,0.0002983187433439356,0.0002061112974712685,-9.220744587266712e-05
MSN,aparc,0.1,Eigenvector Centrality,rh_transversetemporal,0.932334929226566,0.8970735127073974,-0.03526141651916859
MSN,aparc,0.1,Eigenvector Centrality,rh_insula,0.9279342400179225,0.9289763332481042,0.0010420932301817842
MSN,aparc,0.1,Node Degree,lh_bankssts,0.625,0.8125,0.1875
MSN,aparc,0.1,Node Degree,lh_caudalanteriorcingulate,0.625,0.75,0.125
MSN,aparc,0.1,Node Degree,lh_caudalmiddlefrontal,0.1875,0.1875,0.0
MSN,aparc,0.1,Node Degree,lh_cuneus,0.1875,0.25,0.0625
MSN,aparc,0.1,Node Degree,lh_entorhinal,0.3125,0.3125,0.0
MSN,aparc,0.1,Node Degree,lh_fusiform,0.0,0.0,0.0
MSN,aparc,0.1,Node Degree,lh_inferiorparietal,0.5,0.375,-0.125
MSN,aparc,0.1,Node Degree,lh_inferiortemporal,0.125,0.0625,-0.0625
MSN,aparc,0.1,Node Degree,lh_isthmuscingulate,0.5625,0.5625,0.0
MSN,aparc,0.1,Node Degree,lh_lateraloccipital,0.5,0.5625,0.0625
MSN,aparc,0.1,Node Degree,lh_lateralorbitofrontal,0.0,0.0,0.0
MSN,aparc,0.1,Node Degree,lh_lingual,0.1875,0.1875,0.0
MSN,aparc,0.1,Node Degree,lh_medialorbitofrontal,0.0,0.0,0.0
MSN,aparc,0.1,Node Degree,lh_middletemporal,0.25,0.125,-0.125
MSN,aparc,0.1,Node Degree,lh_parahippocampal,0.25,0.25,0.0
MSN,aparc,0.1,Node Degree,lh_paracentral,0.125,0.375,0.25
MSN,aparc,0.1,Node Degree,lh_parsopercularis,0.1875,0.1875,0.0
MSN,aparc,0.1,Node Degree,lh_parsorbitalis,0.375,0.375,0.0
MSN,aparc,0.1,Node Degree,lh_parstriangularis,0.0,0.1875,0.1875
MSN,aparc,0.1,Node Degree,lh_pericalcarine,0.0,0.0,0.0
MSN,aparc,0.1,Node Degree,lh_postcentral,0.6875,0.6875,0.0
MSN,aparc,0.1,Node Degree,lh_posteriorcingulate,0.625,0.625,0.0
MSN,aparc,0.1,Node Degree,lh_precentral,0.8125,0.6875,-0.125
MSN,aparc,0.1,Node Degree,lh_precuneus,0.0,0.0,0.0
MSN,aparc,0.1,Node Degree,lh_rostralanteriorcingulate,0.25,0.375,0.125
MSN,aparc,0.1,Node Degree,lh_rostralmiddlefrontal,0.75,0.6875,-0.0625
MSN,aparc,0.1,Node Degree,lh_superiorfrontal,0.25,0.3125,0.0625
MSN,aparc,0.1,Node Degree,lh_superiorparietal,0.625,0.625,0.0
MSN,aparc,0.1,Node Degree,lh_superiortemporal,0.0,0.0625,0.0625
MSN,aparc,0.1,Node Degree,lh_supramarginal,0.25,0.3125,0.0625
MSN,aparc,0.1,Node Degree,lh_frontalpole,0.375,0.3125,-0.0625
MSN,aparc,0.1,Node Degree,lh_temporalpole,0.375,0.3125,-0.0625
MSN,aparc,0.1,Node Degree,lh_transversetemporal,0.75,0.6875,-0.0625
MSN,aparc,0.1,Node Degree,lh_insula,0.6875,0.8125,0.125
MSN,aparc,0.1,Node Degree,rh_bankssts,1.0,1.0,0.0
MSN,aparc,0.1,Node Degree,rh_caudalanteriorcingulate,0.6875,0.4375,-0.25
MSN,aparc,0.1,Node Degree,rh_caudalmiddlefrontal,0.0,0.125,0.125
MSN,aparc,0.1,Node Degree,rh_cuneus,0.1875,0.25,0.0625
MSN,aparc,0.1,Node Degree,rh_entorhinal,0.3125,0.25,-0.0625
MSN,aparc,0.1,Node Degree,rh_fusiform,0.0625,0.0,-0.0625
MSN,aparc,0.1,Node Degree,rh_inferiorparietal,0.6875,0.875,0.1875
MSN,aparc,0.1,Node Degree,rh_inferiortemporal,0.125,0.0,-0.125
MSN,aparc,0.1,Node Degree,rh_isthmuscingulate,0.625,0.5625,-0.0625
MSN,aparc,0.1,Node Degree,rh_lateraloccipital,0.5625,0.5,-0.0625
MSN,aparc,0.1,Node Degree,rh_lateralorbitofrontal,0.0625,0.125,0.0625
MSN,aparc,0.1,Node Degree,rh_lingual,0.125,0.125,0.0
MSN,aparc,0.1,Node Degree,rh_medialorbitofrontal,0.0625,0.0,-0.0625
MSN,aparc,0.1,Node Degree,rh_middletemporal,0.1875,0.125,-0.0625
MSN,aparc,0.1,Node Degree,rh_parahippocampal,0.3125,0.5,0.1875
MSN,aparc,0.1,Node Degree,rh_paracentral,0.4375,0.5625,0.125
MSN,aparc,0.1,Node Degree,rh_parsopercularis,0.5,0.25,-0.25
MSN,aparc,0.1,Node Degree,rh_parsorbitalis,0.375,0.375,0.0
MSN,aparc,0.1,Node Degree,rh_parstriangularis,0.0,0.0,0.0
MSN,aparc,0.1,Node Degree,rh_pericalcarine,0.0625,0.0625,0.0
MSN,aparc,0.1,Node Degree,rh_postcentral,0.625,0.5625,-0.0625
MSN,aparc,0.1,Node Degree,rh_posteriorcingulate,0.625,0.625,0.0
MSN,aparc,0.1,Node Degree,rh_precentral,0.6875,0.75,0.0625
MSN,aparc,0.1,Node Degree,rh_precuneus,0.0625,0.125,0.0625
MSN,aparc,0.1,Node Degree,rh_rostralanteriorcingulate,0.5,0.4375,-0.0625
MSN,aparc,0.1,Node Degree,rh_rostralmiddlefrontal,0.625,0.625,0.0
MSN,aparc,0.1,Node Degree,rh_superiorfrontal,0.25,0.3125,0.0625
MSN,aparc,0.1,Node Degree,rh_superiorparietal,0.625,0.625,0.0
MSN,aparc,0.1,Node Degree,rh_superiortemporal,0.125,0.0,-0.125
MSN,aparc,0.1,Node Degree,rh_supramarginal,0.0,0.0,0.0
MSN,aparc,0.1,Node Degree,rh_frontalpole,0.3125,0.125,-0.1875
MSN,aparc,0.1,Node Degree,rh_temporalpole,0.375,0.3125,-0.0625
MSN,aparc,0.1,Node Degree,rh_transversetemporal,0.75,0.6875,-0.0625
MSN,aparc,0.1,Node Degree,rh_insula,0.75,0.75,0.0
MSN,aparc,0.15,Participation Coefficient,lh_bankssts,0.0,0.0,0.0
MSN,aparc,0.15,Participation Coefficient,lh_caudalanteriorcingulate,0.0,0.0,0.0
MSN,aparc,0.15,Participation Coefficient,lh_caudalmiddlefrontal,0.0,0.0,0.0
MSN,aparc,0.15,Participation Coefficient,lh_cuneus,0.0,0.0,0.0
MSN,aparc,0.15,Participation Coefficient,lh_entorhinal,0.0,0.35017805180477574,0.35017805180477574
MSN,aparc,0.15,Participation Coefficient,lh_fusiform,0.0,0.0,0.0
MSN,aparc,0.15,Participation Coefficient,lh_inferiorparietal,0.0,0.0,0.0
MSN,aparc,0.15,Participation Coefficient,lh_inferiortemporal,0.0,0.6445041717216314,0.6445041717216314
MSN,aparc,0.15,Participation Coefficient,lh_isthmuscingulate,0.0,0.0,0.0
MSN,aparc,0.15,Participation Coefficient,lh_lateraloccipital,0.0,0.0,0.0
MSN,aparc,0.15,Participation Coefficient,lh_lateralorbitofrontal,0.0,0.0,0.0
MSN,aparc,0.15,Participation Coefficient,lh_lingual,0.0,0.0,0.0
MSN,aparc,0.15,Participation Coefficient,lh_medialorbitofrontal,0.0,0.0,0.0
MSN,aparc,0.15,Participation Coefficient,lh_middletemporal,0.0,0.0,0.0
MSN,aparc,0.15,Participation Coefficient,lh_parahippocampal,0.0,0.0,0.0
MSN,aparc,0.15,Participation Coefficient,lh_paracentral,0.0,0.0,0.0
MSN,aparc,0.15,Participation Coefficient,lh_parsopercularis,0.3957583122901923,0.32388863825641007,-0.07186967403378225
MSN,aparc,0.15,Participation Coefficient,lh_parsorbitalis,0.0,0.0,0.0
MSN,aparc,0.15,Participation Coefficient,lh_parstriangularis,0.0,0.0,0.0
MSN,aparc,0.15,Participation Coefficient,lh_pericalcarine,0.0,0.0,0.0
MSN,aparc,0.15,Participation Coefficient,lh_postcentral,0.0,0.0,0.0
MSN,aparc,0.15,Participation Coefficient,lh_posteriorcingulate,0.0,0.0,0.0
MSN,aparc,0.15,Participation Coefficient,lh_precentral,0.0,0.0,0.0
MSN,aparc,0.15,Participation Coefficient,lh_precuneus,0.0,0.0,0.0
MSN,aparc,0.15,Participation Coefficient,lh_rostralanteriorcingulate,0.0,0.0,0.0
MSN,aparc,0.15,Participation Coefficient,lh_rostralmiddlefrontal,0.0,0.0,0.0
MSN,aparc,0.15,Participation Coefficient,lh_superiorfrontal,0.28789176302037245,0.3381445832056583,0.050252820185285874
MSN,aparc,0.15,Participation Coefficient,lh_superiorparietal,0.0,0.0,0.0
MSN,aparc,0.15,Participation Coefficient,lh_superiortemporal,0.0,0.0,0.0
MSN,aparc,0.15,Participation Coefficient,lh_supramarginal,0.0,0.0,0.0
MSN,aparc,0.15,Participation Coefficient,lh_frontalpole,0.0,0.0,0.0
MSN,aparc,0.15,Participation Coefficient,lh_temporalpole,0.0,0.0,0.0
MSN,aparc,0.15,Participation Coefficient,lh_transversetemporal,0.0,0.0,0.0
MSN,aparc,0.15,Participation Coefficient,lh_insula,0.0,0.14698077445387667,0.14698077445387667
MSN,aparc,0.15,Participation Coefficient,rh_bankssts,0.0,0.0,0.0
MSN,aparc,0.15,Participation Coefficient,rh_caudalanteriorcingulate,0.0,0.0,0.0
MSN,aparc,0.15,Participation Coefficient,rh_caudalmiddlefrontal,0.0,0.0,0.0
MSN,aparc,0.15,Participation Coefficient,rh_cuneus,0.0,0.0,0.0
MSN,aparc,0.15,Participation Coefficient,rh_entorhinal,0.42604235890865466,0.0,-0.42604235890865466
MSN,aparc,0.15,Participation Coefficient,rh_fusiform,0.0,0.0,0.0
MSN,aparc,0.15,Participation Coefficient,rh_inferiorparietal,0.0,0.0,0.0
MSN,aparc,0.15,Participation Coefficient,rh_inferiortemporal,0.5844183122159452,0.0,-0.5844183122159452
MSN,aparc,0.15,Participation Coefficient,rh_isthmuscingulate,0.0,0.0,0.0
MSN,aparc,0.15,Participation Coefficient,rh_lateraloccipital,0.0,0.0,0.0
MSN,aparc,0.15,Participation Coefficient,rh_lateralorbitofrontal,0.0,1.0,1.0
MSN,aparc,0.15,Participation Coefficient,rh_lingual,0.0,0.0,0.0
MSN,aparc,0.15,Participation Coefficient,rh_medialorbitofrontal,0.0,0.0,0.0
MSN,aparc,0.15,Participation Coefficient,rh_middletemporal,0.0,0.0,0.0
MSN,aparc,0.15,Participation Coefficient,rh_parahippocampal,0.0,0.0,0.0
MSN,aparc,0.15,Participation Coefficient,rh_paracentral,0.0,0.0,0.0
MSN,aparc,0.15,Participation Coefficient,rh_parsopercularis,0.0,0.0,0.0
MSN,aparc,0.15,Participation Coefficient,rh_parsorbitalis,0.0,0.0,0.0
MSN,aparc,0.15,Participation Coefficient,rh_parstriangularis,0.0,0.0,0.0
MSN,aparc,0.15,Participation Coefficient,rh_pericalcarine,0.0,0.0,0.0
MSN,aparc,0.15,Participation Coefficient,rh_postcentral,0.0,0.0,0.0
MSN,aparc,0.15,Participation Coefficient,rh_posteriorcingulate,0.0,0.0,0.0
MSN,aparc,0.15,Participation Coefficient,rh_precentral,0.0,0.0,0.0
MSN,aparc,0.15,Participation Coefficient,rh_precuneus,0.0,0.0,0.0
MSN,aparc,0.15,Participation Coefficient,rh_rostralanteriorcingulate,0.0,0.0,0.0
MSN,aparc,0.15,Participation Coefficient,rh_rostralmiddlefrontal,0.0,0.0,0.0
MSN,aparc,0.15,Participation Coefficient,rh_superiorfrontal,0.0,0.0,0.0
MSN,aparc,0.15,Participation Coefficient,rh_superiorparietal,0.0,0.0,0.0
MSN,aparc,0.15,Participation Coefficient,rh_superiortemporal,0.0,0.0,0.0
MSN,aparc,0.15,Participation Coefficient,rh_supramarginal,0.0,0.0,0.0
MSN,aparc,0.15,Participation Coefficient,rh_frontalpole,0.0,0.0,0.0
MSN,aparc,0.15,Participation Coefficient,rh_temporalpole,0.0,0.0,0.0
MSN,aparc,0.15,Participation Coefficient,rh_transversetemporal,0.0,0.0,0.0
MSN,aparc,0.15,Participation Coefficient,rh_insula,0.0,0.0,0.0
MSN,aparc,0.15,Node Versatility,lh_bankssts,0.03840547470856035,0.07929293769278098,0.04088746298422063
MSN,aparc,0.15,Node Versatility,lh_caudalanteriorcingulate,0.03840547470856035,0.2690894142033879,0.23068393949482754
MSN,aparc,0.15,Node Versatility,lh_caudalmiddlefrontal,0.03840547470856035,0.26401424950887137,0.22560877480031102
MSN,aparc,0.15,Node Versatility,lh_cuneus,0.21194667382994883,0.22581621144453906,0.013869537614590227
MSN,aparc,0.15,Node Versatility,lh_entorhinal,0.016751183559504796,0.053181445503299285,0.03643026194379449
MSN,aparc,0.15,Node Versatility,lh_fusiform,0.0,0.06398368111967101,0.06398368111967101
MSN,aparc,0.15,Node Versatility,lh_inferiorparietal,0.05563566879954512,0.10328404241262311,0.04764837361307799
MSN,aparc,0.15,Node Versatility,lh_inferiortemporal,0.02960845164245804,0.09347041936943515,0.06386196772697711
MSN,aparc,0.15,Node Versatility,lh_isthmuscingulate,0.03840547470856035,0.07929293769278098,0.04088746298422063
MSN,aparc,0.15,Node Versatility,lh_lateraloccipital,0.05563566879954512,0.22141633922002124,0.16578067042047612
MSN,aparc,0.15,Node Versatility,lh_lateralorbitofrontal,0.0,0.032866894809188224,0.032866894809188224
MSN,aparc,0.15,Node Versatility,lh_lingual,0.21194667382994883,0.22581621144453906,0.013869537614590227
MSN,aparc,0.15,Node Versatility,lh_medialorbitofrontal,1.0,0.032866894809188224,-0.9671331051908117
MSN,aparc,0.15,Node Versatility,lh_middletemporal,0.02960845164245804,0.09347041936943515,0.06386196772697711
MSN,aparc,0.15,Node Versatility,lh_parahippocampal,0.10400663586194873,0.06398368111967101,-0.040022954742277725
MSN,aparc,0.15,Node Versatility,lh_paracentral,0.10400663586194873,0.06398368111967101,-0.040022954742277725
MSN,aparc,0.15,Node Versatility,lh_parsopercularis,0.10400663586194873,0.06398368111967101,-0.040022954742277725
MSN,aparc,0.15,Node Versatility,lh_parsorbitalis,0.016751183559504796,0.053181445503299285,0.03643026194379449
MSN,aparc,0.15,Node Versatility,lh_parstriangularis,0.10400663586194873,0.06398368111967101,-0.040022954742277725
MSN,aparc,0.15,Node Versatility,lh_pericalcarine,0.21194667382994883,0.21872515405277126,0.006778480222822431
MSN,aparc,0.15,Node Versatility,lh_postcentral,0.05563566879954512,0.22141633922002124,0.16578067042047612
MSN,aparc,0.15,Node Versatility,lh_posteriorcingulate,0.03840547470856035,0.07929293769278098,0.04088746298422063
MSN,aparc,0.15,Node Versatility,lh_precentral,0.05563566879954512,0.10328404241262311,0.04764837361307799
MSN,aparc,0.15,Node Versatility,lh_precuneus,0.21194667382994883,0.22581621144453906,0.013869537614590227
MSN,aparc,0.15,Node Versatility,lh_rostralanteriorcingulate,0.10400663586194873,0.06398368111967101,-0.040022954742277725
MSN,aparc,0.15,Node Versatility,lh_rostralmiddlefrontal,0.05563566879954512,0.10328404241262311,0.04764837361307799
MSN,aparc,0.15,Node Versatility,lh_superiorfrontal,0.05563566879954512,0.10328404241262311,0.04764837361307799
MSN,aparc,0.15,Node Versatility,lh_superiorparietal,0.05563566879954512,0.10328404241262311,0.04764837361307799
MSN,aparc,0.15,Node Versatility,lh_superiortemporal,0.02960845164245804,0.09347041936943515,0.06386196772697711
MSN,aparc,0.15,Node Versatility,lh_supramarginal,0.05563566879954512,0.10328404241262311,0.04764837361307799
MSN,aparc,0.15,Node Versatility,lh_frontalpole,0.016751183559504796,0.053181445503299285,0.03643026194379449
MSN,aparc,0.15,Node Versatility,lh_temporalpole,0.016751183559504796,0.053181445503299285,0.03643026194379449
MSN,aparc,0.15,Node Versatility,lh_transversetemporal,0.03840547470856035,0.17508676822381902,0.13668129351525868
MSN,aparc,0.15,Node Versatility,lh_insula,0.03840547470856035,0.1708833067090318,0.13247783200047145
MSN,aparc,0.15,Node Versatility,rh_bankssts,0.03840547470856035,0.12756437874707285,0.08915890403851251
MSN,aparc,0.15,Node Versatility,rh_caudalanteriorcingulate,0.03840547470856035,0.07929293769278098,0.04088746298422063
MSN,aparc,0.15,Node Versatility,rh_caudalmiddlefrontal,0.03840547470856035,0.2509007570581626,0.21249528234960227
MSN,aparc,0.15,Node Versatility,rh_cuneus,0.30136685634676,0.7037271769892949,0.40236032064253485
MSN,aparc,0.15,Node Versatility,rh_entorhinal,0.016751183559504796,0.053181445503299285,0.03643026194379449
MSN,aparc,0.15,Node Versatility,rh_fusiform,0.0,0.17508676822381902,0.17508676822381902
MSN,aparc,0.15,Node Versatility,rh_inferiorparietal,0.05563566879954512,0.10328404241262311,0.04764837361307799
MSN,aparc,0.15,Node Versatility,rh_inferiortemporal,0.02960845164245804,0.09347041936943515,0.06386196772697711
MSN,aparc,0.15,Node Versatility,rh_isthmuscingulate,0.03840547470856035,0.07929293769278098,0.04088746298422063
MSN,aparc,0.15,Node Versatility,rh_lateraloccipital,0.05563566879954512,0.22141633922002124,0.16578067042047612
MSN,aparc,0.15,Node Versatility,rh_lateralorbitofrontal,0.0,0.032866894809188224,0.032866894809188224
MSN,aparc,0.15,Node Versatility,rh_lingual,0.21194667382994883,0.7037271769892949,0.49178050315934607
MSN,aparc,0.15,Node Versatility,rh_medialorbitofrontal,1.0,0.2106105848468182,-0.7893894151531818
MSN,aparc,0.15,Node Versatility,rh_middletemporal,0.02960845164245804,0.09347041936943515,0.06386196772697711
MSN,aparc,0.15,Node Versatility,rh_parahippocampal,0.10400663586194873,0.018706675167728337,-0.0852999606942204
MSN,aparc,0.15,Node Versatility,rh_paracentral,0.2557515310454067,0.018706675167728337,-0.23704485587767837
MSN,aparc,0.15,Node Versatility,rh_parsopercularis,0.10400663586194873,0.06398368111967101,-0.040022954742277725
MSN,aparc,0.15,Node Versatility,rh_parsorbitalis,0.016751183559504796,0.053181445503299285,0.03643026194379449
MSN,aparc,0.15,Node Versatility,rh_parstriangularis,0.2557515310454067,0.06398368111967101,-0.1917678499257357
MSN,aparc,0.15,Node Versatility,rh_pericalcarine,0.21194667382994883,0.21872515405277126,0.006778480222822431
MSN,aparc,0.15,Node Versatility,rh_postcentral,0.05563566879954512,0.43396536918311496,0.37832970038356983
MSN,aparc,0.15,Node Versatility,rh_posteriorcingulate,0.03840547470856035,0.07929293769278098,0.04088746298422063
MSN,aparc,0.15,Node Versatility,rh_precentral,0.05563566879954512,0.10328404241262311,0.04764837361307799
MSN,aparc,0.15,Node Versatility,rh_precuneus,0.21194667382994883,0.22581621144453906,0.013869537614590227
MSN,aparc,0.15,Node Versatility,rh_rostralanteriorcingulate,0.10400663586194873,0.06398368111967101,-0.040022954742277725
MSN,aparc,0.15,Node Versatility,rh_rostralmiddlefrontal,0.05563566879954512,0.2106105848468182,0.15497491604727306
MSN,aparc,0.15,Node Versatility,rh_superiorfrontal,0.05563566879954512,0.10328404241262311,0.04764837361307799
MSN,aparc,0.15,Node Versatility,rh_superiorparietal,0.05563566879954512,0.10328404241262311,0.04764837361307799
MSN,aparc,0.15,Node Versatility,rh_superiortemporal,0.02960845164245804,0.09347041936943515,0.06386196772697711
MSN,aparc,0.15,Node Versatility,rh_supramarginal,0.05563566879954512,0.10328404241262311,0.04764837361307799
MSN,aparc,0.15,Node Versatility,rh_frontalpole,0.016751183559504796,0.053181445503299285,0.03643026194379449
MSN,aparc,0.15,Node Versatility,rh_temporalpole,0.016751183559504796,0.053181445503299285,0.03643026194379449
MSN,aparc,0.15,Node Versatility,rh_transversetemporal,0.03840547470856035,0.07929293769278098,0.04088746298422063
MSN,aparc,0.15,Node Versatility,rh_insula,0.03840547470856035,0.07929293769278098,0.04088746298422063
MSN,aparc,0.15,Node Strength,lh_bankssts,0.9150575844069322,0.8393499173020461,-0.07570766710488608
MSN,aparc,0.15,Node Strength,lh_caudalanteriorcingulate,0.8676692939808247,0.885470183230058,0.017800889249233287
MSN,aparc,0.15,Node Strength,lh_caudalmiddlefrontal,0.5966366877448988,0.5992071650787978,0.002570477333899035
MSN,aparc,0.15,Node Strength,lh_cuneus,0.3233493413594383,0.3292972848775043,0.00594794351806599
MSN,aparc,0.15,Node Strength,lh_entorhinal,0.33897937512884113,0.32317025334713606,-0.01580912178170507
MSN,aparc,0.15,Node Strength,lh_fusiform,0.01008187463413207,0.0005063553796442445,-0.009575519254487826
MSN,aparc,0.15,Node Strength,lh_inferiorparietal,0.6672097773705347,0.5166228322471769,-0.1505869451233578
MSN,aparc,0.15,Node Strength,lh_inferiortemporal,0.12853848955053554,0.1617076533823828,0.03316916383184726
MSN,aparc,0.15,Node Strength,lh_isthmuscingulate,0.6633475778875754,0.6679554107710484,0.004607832883472995
MSN,aparc,0.15,Node Strength,lh_lateraloccipital,0.7201277185089434,0.680860013250078,-0.03926770525886547
MSN,aparc,0.15,Node Strength,lh_lateralorbitofrontal,0.01585328245870835,0.017736679643178578,0.0018833971844702292
MSN,aparc,0.15,Node Strength,lh_lingual,0.23105786493188507,0.37435871613568006,0.143300851203795
MSN,aparc,0.15,Node Strength,lh_medialorbitofrontal,0.004563237659752966,0.00022786308456941535,-0.0043353745751835504
MSN,aparc,0.15,Node Strength,lh_middletemporal,0.45893283318526845,0.3660072791107577,-0.09292555407451075
MSN,aparc,0.15,Node Strength,lh_parahippocampal,0.32212804978424686,0.3407342097950325,0.018606160010785633
MSN,aparc,0.15,Node Strength,lh_paracentral,0.6864329604007431,0.7543976619962959,0.06796470159555279
MSN,aparc,0.15,Node Strength,lh_parsopercularis,0.3537408930411379,0.35373440833727876,-6.484703859166441e-06
MSN,aparc,0.15,Node Strength,lh_parsorbitalis,0.3957161684253783,0.34654580495755477,-0.04917036346782355
MSN,aparc,0.15,Node Strength,lh_parstriangularis,0.49157755700304295,0.5967771379745367,0.10519958097149373
MSN,aparc,0.15,Node Strength,lh_pericalcarine,0.03707710714780958,0.03718101378548234,0.00010390663767275571
MSN,aparc,0.15,Node Strength,lh_postcentral,0.6818215286180165,0.6853875638302259,0.0035660352122094396
MSN,aparc,0.15,Node Strength,lh_posteriorcingulate,0.6895924557798558,0.7318094533471167,0.04221699756726083
MSN,aparc,0.15,Node Strength,lh_precentral,0.6793641423999429,0.6827263928227462,0.003362250422803248
MSN,aparc,0.15,Node Strength,lh_precuneus,0.07822151492098058,0.13071544728652376,0.052493932365543186
MSN,aparc,0.15,Node Strength,lh_rostralanteriorcingulate,0.36859970204999926,0.42973827483371135,0.0611385727837121
MSN,aparc,0.15,Node Strength,lh_rostralmiddlefrontal,0.7246496749399568,0.6892378121536777,-0.03541186278627906
MSN,aparc,0.15,Node Strength,lh_superiorfrontal,0.5016875241960548,0.36453590493954824,-0.13715161925650654
MSN,aparc,0.15,Node Strength,lh_superiorparietal,0.6851175462414223,0.6937805360763097,0.008662989834887447
MSN,aparc,0.15,Node Strength,lh_superiortemporal,0.17240778456499278,0.1251855266551432,-0.047222257909849574
MSN,aparc,0.15,Node Strength,lh_supramarginal,0.5511411437165449,0.42595489144807586,-0.12518625226846902
MSN,aparc,0.15,Node Strength,lh_frontalpole,0.3904343931043267,0.4302101708957001,0.03977577779137337
MSN,aparc,0.15,Node Strength,lh_temporalpole,0.39441641999162397,0.34554485049869876,-0.048871569492925204
MSN,aparc,0.15,Node Strength,lh_transversetemporal,0.8292511690518508,0.7962469668894242,-0.03300420216242661
MSN,aparc,0.15,Node Strength,lh_insula,0.7053316622736886,0.8583099269731377,0.15297826469944908
MSN,aparc,0.15,Node Strength,rh_bankssts,0.9488004709819646,0.983325840718404,0.03452536973643938
MSN,aparc,0.15,Node Strength,rh_caudalanteriorcingulate,0.6764228959058743,0.6734648540667192,-0.0029580418391551566
MSN,aparc,0.15,Node Strength,rh_caudalmiddlefrontal,0.02927504428159925,0.6419993818360862,0.612724337554487
MSN,aparc,0.15,Node Strength,rh_cuneus,0.5156904699794201,0.5186096614928624,0.002919191513442221
MSN,aparc,0.15,Node Strength,rh_entorhinal,0.3239363919450557,0.29268815139238635,-0.031248240552669337
MSN,aparc,0.15,Node Strength,rh_fusiform,0.033529248623880674,0.0,-0.033529248623880674
MSN,aparc,0.15,Node Strength,rh_inferiorparietal,0.7073099612166178,0.7218741470709311,0.014564185854313294
MSN,aparc,0.15,Node Strength,rh_inferiortemporal,0.21357137170208473,0.12568062017797674,-0.087890751524108
MSN,aparc,0.15,Node Strength,rh_isthmuscingulate,0.5683000049363054,0.6258636382870116,0.057563633350706245
MSN,aparc,0.15,Node Strength,rh_lateraloccipital,0.7505468000966609,0.6758182718378863,-0.07472852825877452
MSN,aparc,0.15,Node Strength,rh_lateralorbitofrontal,0.0444936876962267,0.06530134090838917,0.02080765321216247
MSN,aparc,0.15,Node Strength,rh_lingual,0.2755364750232869,0.42104361433716325,0.14550713931387638
MSN,aparc,0.15,Node Strength,rh_medialorbitofrontal,0.032361885646913974,0.019097372816124975,-0.013264512830789
MSN,aparc,0.15,Node Strength,rh_middletemporal,0.27477337804936186,0.2719163582922213,-0.002857019757140533
MSN,aparc,0.15,Node Strength,rh_parahippocampal,0.6969342647147883,0.8495294929179088,0.15259522820312055
MSN,aparc,0.15,Node Strength,rh_paracentral,0.9735997717699706,1.0,0.02640022823002941
MSN,aparc,0.15,Node Strength,rh_parsopercularis,0.6998715350913911,0.4208767893089702,-0.2789947457824209
MSN,aparc,0.15,Node Strength,rh_parsorbitalis,0.3940987325983419,0.38702821854739855,-0.007070514050943333
MSN,aparc,0.15,Node Strength,rh_parstriangularis,0.39186591091960155,0.029612436620373588,-0.36225347429922794
MSN,aparc,0.15,Node Strength,rh_pericalcarine,0.173251301477324,0.17487279820880294,0.001621496731478933
MSN,aparc,0.15,Node Strength,rh_postcentral,0.6260088366398725,0.7691645488255442,0.1431557121856717
MSN,aparc,0.15,Node Strength,rh_posteriorcingulate,0.6277621218347248,0.7344031830932539,0.10664106125852912
MSN,aparc,0.15,Node Strength,rh_precentral,0.6814274887321866,0.693608836563377,0.012181347831190403
MSN,aparc,0.15,Node Strength,rh_precuneus,0.21377180235457488,0.3185797069577962,0.10480790460322131
MSN,aparc,0.15,Node Strength,rh_rostralanteriorcingulate,0.8457543784611392,0.7160953039384862,-0.12965907452265302
MSN,aparc,0.15,Node Strength,rh_rostralmiddlefrontal,0.7683523939574002,0.763057143005792,-0.00529525095160821
MSN,aparc,0.15,Node Strength,rh_superiorfrontal,0.5148360425600034,0.5188179104140487,0.003981867854045307
MSN,aparc,0.15,Node Strength,rh_superiorparietal,0.5893671075228509,0.7413791849755801,0.15201207745272916
MSN,aparc,0.15,Node Strength,rh_superiortemporal,0.13057696020870985,0.12326553947828446,-0.007311420730425386
MSN,aparc,0.15,Node Strength,rh_supramarginal,0.016429235330270277,0.01766070589928752,0.001231470569017245
MSN,aparc,0.15,Node Strength,rh_frontalpole,0.379969935100154,0.2744441174448005,-0.10552581765535346
MSN,aparc,0.15,Node Strength,rh_temporalpole,0.3471582852526248,0.3439868846905993,-0.003171400562025528
MSN,aparc,0.15,Node Strength,rh_transversetemporal,0.873427988264531,0.8319558418062875,-0.0414721464582436
MSN,aparc,0.15,Node Strength,rh_insula,0.8751518935755478,0.8351046753955977,-0.04004721817995005
MSN,aparc,0.15,Local Efficiency,lh_bankssts,0.8260047223634421,0.9003302048776244,0.07432548251418225
MSN,aparc,0.15,Local Efficiency,lh_caudalanteriorcingulate,0.8351155723606739,0.8733518608871208,0.03823628852644689
MSN,aparc,0.15,Local Efficiency,lh_caudalmiddlefrontal,0.8615653911073876,0.8817471626412021,0.020181771533814508
MSN,aparc,0.15,Local Efficiency,lh_cuneus,0.6711649743541082,0.7951714805731689,0.12400650621906073
MSN,aparc,0.15,Local Efficiency,lh_entorhinal,0.9668930507728686,0.7134054011399694,-0.25348764963289916
MSN,aparc,0.15,Local Efficiency,lh_fusiform,0.0,0.0,0.0
MSN,aparc,0.15,Local Efficiency,lh_inferiorparietal,0.905783678677799,0.9569440509435331,0.05116037226573411
MSN,aparc,0.15,Local Efficiency,lh_inferiortemporal,0.9387252263783109,0.4695487945992525,-0.46917643177905843
MSN,aparc,0.15,Local Efficiency,lh_isthmuscingulate,0.9087770415448554,0.9358546435464884,0.027077602001633005
MSN,aparc,0.15,Local Efficiency,lh_lateraloccipital,0.8827519126946018,0.8788023761845553,-0.003949536510046592
MSN,aparc,0.15,Local Efficiency,lh_lateralorbitofrontal,0.0,0.0,0.0
MSN,aparc,0.15,Local Efficiency,lh_lingual,0.8097352130797856,0.7527246634888187,-0.05701054959096685
MSN,aparc,0.15,Local Efficiency,lh_medialorbitofrontal,0.0,0.0,0.0
MSN,aparc,0.15,Local Efficiency,lh_middletemporal,0.6000968830230727,0.5887527045570721,-0.011344178466000665
MSN,aparc,0.15,Local Efficiency,lh_parahippocampal,0.9175170345307438,0.6942786836383334,-0.2232383508924104
MSN,aparc,0.15,Local Efficiency,lh_paracentral,0.775003399617574,0.7895728180155028,0.014569418397928802
MSN,aparc,0.15,Local Efficiency,lh_parsopercularis,0.677600743328233,0.6922366902923743,0.014635946964141389
MSN,aparc,0.15,Local Efficiency,lh_parsorbitalis,0.9230450974435682,0.9517214919941406,0.02867639455057236
MSN,aparc,0.15,Local Efficiency,lh_parstriangularis,0.8026323731054177,0.6602008116038716,-0.14243156150154612
MSN,aparc,0.15,Local Efficiency,lh_pericalcarine,0.0,0.0,0.0
MSN,aparc,0.15,Local Efficiency,lh_postcentral,0.830411224118934,0.8565206112839324,0.026109387164998443
MSN,aparc,0.15,Local Efficiency,lh_posteriorcingulate,0.9409331333832704,0.9350021052163653,-0.005931028166905161
MSN,aparc,0.15,Local Efficiency,lh_precentral,0.9152161134111884,0.8915114255193858,-0.02370468789180258
MSN,aparc,0.15,Local Efficiency,lh_precuneus,0.9130675174204143,0.9584059454225259,0.04533842800211163
MSN,aparc,0.15,Local Efficiency,lh_rostralanteriorcingulate,0.9003181646989373,0.9038307166976476,0.003512551998710256
MSN,aparc,0.15,Local Efficiency,lh_rostralmiddlefrontal,0.8861758554306499,0.8966505688262234,0.010474713395573487
MSN,aparc,0.15,Local Efficiency,lh_superiorfrontal,0.7671573336418763,0.7268623253800203,-0.04029500826185606
MSN,aparc,0.15,Local Efficiency,lh_superiorparietal,0.9099321487726091,0.9000405630885958,-0.009891585684013271
MSN,aparc,0.15,Local Efficiency,lh_superiortemporal,0.8476532974871025,0.9160948804142283,0.06844158292712577
MSN,aparc,0.15,Local Efficiency,lh_supramarginal,0.909444285984324,0.9364957992026289,0.0270515132183049
MSN,aparc,0.15,Local Efficiency,lh_frontalpole,0.915968202686018,0.7601309945539214,-0.15583720813209656
MSN,aparc,0.15,Local Efficiency,lh_temporalpole,0.9214796737275432,0.9505971789744534,0.029117505246910147
MSN,aparc,0.15,Local Efficiency,lh_transversetemporal,0.8704381578596974,0.7997065045918486,-0.0707316532678488
MSN,aparc,0.15,Local Efficiency,lh_insula,0.8062899143514918,0.7930273017807113,-0.01326261257078043
MSN,aparc,0.15,Local Efficiency,rh_bankssts,0.7485472539587245,0.8243655881720608,0.07581833421333639
MSN,aparc,0.15,Local Efficiency,rh_caudalanteriorcingulate,0.8186217493957091,0.9401116130001705,0.12148986360446146
MSN,aparc,0.15,Local Efficiency,rh_caudalmiddlefrontal,0.0,0.8652566188023539,0.8652566188023539
MSN,aparc,0.15,Local Efficiency,rh_cuneus,0.7504479652266648,0.7880259255341541,0.03757796030748928
MSN,aparc,0.15,Local Efficiency,rh_entorhinal,0.7053850532313293,1.0,0.2946149467686707
MSN,aparc,0.15,Local Efficiency,rh_fusiform,0.0,0.0,0.0
MSN,aparc,0.15,Local Efficiency,rh_inferiorparietal,0.7903962196572576,0.7767000560560259,-0.013696163601231715
MSN,aparc,0.15,Local Efficiency,rh_inferiortemporal,0.5106088601983749,0.9338565852785825,0.4232477250802076
MSN,aparc,0.15,Local Efficiency,rh_isthmuscingulate,0.956561683483392,0.9590445964902582,0.0024829130068662053
MSN,aparc,0.15,Local Efficiency,rh_lateraloccipital,0.7741611199646636,0.8749377298826052,0.10077660991794157
MSN,aparc,0.15,Local Efficiency,rh_lateralorbitofrontal,0.0,0.0,0.0
MSN,aparc,0.15,Local Efficiency,rh_lingual,0.7477483985648491,0.8041791444664006,0.056430745901551504
MSN,aparc,0.15,Local Efficiency,rh_medialorbitofrontal,0.0,0.0,0.0
MSN,aparc,0.15,Local Efficiency,rh_middletemporal,0.7204898564708612,0.6826917582587789,-0.03779809821208224
MSN,aparc,0.15,Local Efficiency,rh_parahippocampal,0.7968281043454051,0.789017142538306,-0.007810961807099059
MSN,aparc,0.15,Local Efficiency,rh_paracentral,0.7594813213300271,0.782549142700516,0.023067821370488906
MSN,aparc,0.15,Local Efficiency,rh_parsopercularis,0.7974261653068961,0.8940522891300066,0.09662612382311042
MSN,aparc,0.15,Local Efficiency,rh_parsorbitalis,0.920910839056347,0.8592266144721371,-0.06168422458420986
MSN,aparc,0.15,Local Efficiency,rh_parstriangularis,0.8908353987022235,0.0,-0.8908353987022235
MSN,aparc,0.15,Local Efficiency,rh_pericalcarine,0.4506400315250493,0.4606443510154549,0.010004319490405644
MSN,aparc,0.15,Local Efficiency,rh_postcentral,0.9181076371005075,0.7714853211705728,-0.1466223159299347
MSN,aparc,0.15,Local Efficiency,rh_posteriorcingulate,0.9515696370539095,0.9370660668035434,-0.014503570250366082
MSN,aparc,0.15,Local Efficiency,rh_precentral,0.9172034256151821,0.900398051855781,-0.016805373759401054
MSN,aparc,0.15,Local Efficiency,rh_precuneus,0.7287393317358452,0.7795705333947522,0.05083120165890709
MSN,aparc,0.15,Local Efficiency,rh_rostralanteriorcingulate,0.7700160396089365,0.8024138099090912,0.03239777030015467
MSN,aparc,0.15,Local Efficiency,rh_rostralmiddlefrontal,0.8363931594297634,0.7484851779288614,-0.08790798150090207
MSN,aparc,0.15,Local Efficiency,rh_superiorfrontal,0.9337954513923223,0.9042491184903101,-0.02954633290201225
MSN,aparc,0.15,Local Efficiency,rh_superiorparietal,0.9472238731213236,0.8702131931729308,-0.07701067994839284
MSN,aparc,0.15,Local Efficiency,rh_superiortemporal,0.941943353549667,0.9117709337889798,-0.030172419760687186
MSN,aparc,0.15,Local Efficiency,rh_supramarginal,0.0,0.0,0.0
MSN,aparc,0.15,Local Efficiency,rh_frontalpole,0.8224450605745294,0.8615547603372882,0.0391096997627588
MSN,aparc,0.15,Local Efficiency,rh_temporalpole,0.979423931947089,0.9482418022151228,-0.031182129731966213
MSN,aparc,0.15,Local Efficiency,rh_transversetemporal,0.8478553512881234,0.8958862998640271,0.04803094857590373
MSN,aparc,0.15,Local Efficiency,rh_insula,0.848784999840953,0.8977542607325528,0.04896926089159981
MSN,aparc,0.15,Clustering Coefficient,lh_bankssts,0.7032183552468512,0.8300788724470078,0.12686051720015667
MSN,aparc,0.15,Clustering Coefficient,lh_caudalanteriorcingulate,0.7195834824570628,0.7800252936646773,0.06044181120761449
MSN,aparc,0.15,Clustering Coefficient,lh_caudalmiddlefrontal,0.7910352214368265,0.8287090309020547,0.03767380946522825
MSN,aparc,0.15,Clustering Coefficient,lh_cuneus,0.451102940390375,0.6390411678997207,0.18793822750934563
MSN,aparc,0.15,Clustering Coefficient,lh_entorhinal,0.9439561084425453,0.7134054011399693,-0.23055070730257599
MSN,aparc,0.15,Clustering Coefficient,lh_fusiform,0.0,0.0,0.0
MSN,aparc,0.15,Clustering Coefficient,lh_inferiorparietal,0.8593519392631778,0.9569440509435329,0.09759211168035509
MSN,aparc,0.15,Clustering Coefficient,lh_inferiortemporal,0.9387252263783108,0.4695487945992524,-0.4691764317790584
MSN,aparc,0.15,Clustering Coefficient,lh_isthmuscingulate,0.8675296163301646,0.9152904120865599,0.04776079575639536
MSN,aparc,0.15,Clustering Coefficient,lh_lateraloccipital,0.8114745931542151,0.7911461749469774,-0.02032841820723774
MSN,aparc,0.15,Clustering Coefficient,lh_lateralorbitofrontal,0.0,0.0,0.0
MSN,aparc,0.15,Clustering Coefficient,lh_lingual,0.6686642457912048,0.5804403084546382,-0.08822393733656653
MSN,aparc,0.15,Clustering Coefficient,lh_medialorbitofrontal,0.0,0.0,0.0
MSN,aparc,0.15,Clustering Coefficient,lh_middletemporal,0.3768888577697072,0.3354334805276207,-0.04145537724208653
MSN,aparc,0.15,Clustering Coefficient,lh_parahippocampal,0.8954866008213203,0.6769304275917712,-0.218556173229549
MSN,aparc,0.15,Clustering Coefficient,lh_paracentral,0.6321547091096872,0.6377002903846736,0.005545581274986389
MSN,aparc,0.15,Clustering Coefficient,lh_parsopercularis,0.6612426638472093,0.6753997035778031,0.01415703973059379
MSN,aparc,0.15,Clustering Coefficient,lh_parsorbitalis,0.8546874005742665,0.9053276340920647,0.05064023351779823
MSN,aparc,0.15,Clustering Coefficient,lh_parstriangularis,0.6959039481240127,0.5377755979497022,-0.15812835017431048
MSN,aparc,0.15,Clustering Coefficient,lh_pericalcarine,0.0,0.0,0.0
MSN,aparc,0.15,Clustering Coefficient,lh_postcentral,0.70803703550725,0.7420804741791514,0.034043438671901405
MSN,aparc,0.15,Clustering Coefficient,lh_posteriorcingulate,0.9100768630641584,0.9036516824939111,-0.006425180570247213
MSN,aparc,0.15,Clustering Coefficient,lh_precentral,0.8676868325631147,0.8121671050990081,-0.055519727464106605
MSN,aparc,0.15,Clustering Coefficient,lh_precuneus,0.9130675174204141,0.9584059454225261,0.04533842800211196
MSN,aparc,0.15,Clustering Coefficient,lh_rostralanteriorcingulate,0.8669604919892598,0.8506118871742115,-0.016348604815048295
MSN,aparc,0.15,Clustering Coefficient,lh_rostralmiddlefrontal,0.8145833034128827,0.8172500221700171,0.002666718757134423
MSN,aparc,0.15,Clustering Coefficient,lh_superiorfrontal,0.7671573336418761,0.7268623253800203,-0.040295008261855836
MSN,aparc,0.15,Clustering Coefficient,lh_superiorparietal,0.8528506879542118,0.8214806087757905,-0.03137007917842127
MSN,aparc,0.15,Clustering Coefficient,lh_superiortemporal,0.7696372756233363,0.9160948804142282,0.14645760479089187
MSN,aparc,0.15,Clustering Coefficient,lh_supramarginal,0.8881058129844546,0.9099681454402974,0.021862332455842792
MSN,aparc,0.15,Clustering Coefficient,lh_frontalpole,0.8478102864066875,0.5975299856690592,-0.2502803007376283
MSN,aparc,0.15,Clustering Coefficient,lh_temporalpole,0.8533675264670744,0.9044486561706783,0.0510811297036039
MSN,aparc,0.15,Clustering Coefficient,lh_transversetemporal,0.7803456227770116,0.7474921437511184,-0.032853479025893195
MSN,aparc,0.15,Clustering Coefficient,lh_insula,0.7798341303990765,0.7314435937575967,-0.04839053664147974
MSN,aparc,0.15,Clustering Coefficient,rh_bankssts,0.6371838360876633,0.6845849930497073,0.047401156962044055
MSN,aparc,0.15,Clustering Coefficient,rh_caudalanteriorcingulate,0.8083418037738729,0.9195311154394638,0.11118931166559087
MSN,aparc,0.15,Clustering Coefficient,rh_caudalmiddlefrontal,0.0,0.7997149845051462,0.7997149845051462
MSN,aparc,0.15,Clustering Coefficient,rh_cuneus,0.5862501486613464,0.6250626399084348,0.03881249124708841
MSN,aparc,0.15,Clustering Coefficient,rh_entorhinal,0.7053850532313293,1.0,0.2946149467686707
MSN,aparc,0.15,Clustering Coefficient,rh_fusiform,0.0,0.0,0.0
MSN,aparc,0.15,Clustering Coefficient,rh_inferiorparietal,0.7494154119822201,0.7075704871131592,-0.041844924869060884
MSN,aparc,0.15,Clustering Coefficient,rh_inferiortemporal,0.4640420446647396,0.9338565852785823,0.4698145406138427
MSN,aparc,0.15,Clustering Coefficient,rh_isthmuscingulate,0.9565616834833919,0.9530682497405998,-0.003493433742792096
MSN,aparc,0.15,Clustering Coefficient,rh_lateraloccipital,0.711652117679022,0.7877536496982613,0.0761015320192393
MSN,aparc,0.15,Clustering Coefficient,rh_lateralorbitofrontal,0.0,0.0,0.0
MSN,aparc,0.15,Clustering Coefficient,rh_lingual,0.5724000395091455,0.6604147654077702,0.08801472589862469
MSN,aparc,0.15,Clustering Coefficient,rh_medialorbitofrontal,0.0,0.0,0.0
MSN,aparc,0.15,Clustering Coefficient,rh_middletemporal,0.5038690074055479,0.4379580560128844,-0.06591095139266345
MSN,aparc,0.15,Clustering Coefficient,rh_parahippocampal,0.6645075601223644,0.6430464539661885,-0.021461106156175913
MSN,aparc,0.15,Clustering Coefficient,rh_paracentral,0.6022517708651842,0.6278031208361449,0.025551349970960646
MSN,aparc,0.15,Clustering Coefficient,rh_parsopercularis,0.6651780773797106,0.8422227010143073,0.17704462363459672
MSN,aparc,0.15,Clustering Coefficient,rh_parsorbitalis,0.8525329970550544,0.7407594024426178,-0.11177359461243652
MSN,aparc,0.15,Clustering Coefficient,rh_parstriangularis,0.8782280929647568,0.0,-0.8782280929647568
MSN,aparc,0.15,Clustering Coefficient,rh_pericalcarine,0.45064003152504917,0.4606443510154549,0.010004319490405755
MSN,aparc,0.15,Clustering Coefficient,rh_postcentral,0.8759180997866267,0.6122384166824367,-0.26367968310419
MSN,aparc,0.15,Clustering Coefficient,rh_posteriorcingulate,0.9395688466289019,0.9057287515145408,-0.033840095114361146
MSN,aparc,0.15,Clustering Coefficient,rh_precentral,0.8698549404611374,0.8206433578384092,-0.04921158262272818
MSN,aparc,0.15,Clustering Coefficient,rh_precuneus,0.547438141691883,0.6250238020348261,0.07758566034294312
MSN,aparc,0.15,Clustering Coefficient,rh_rostralanteriorcingulate,0.6113322957287474,0.6540702553019577,0.04273795957321036
MSN,aparc,0.15,Clustering Coefficient,rh_rostralmiddlefrontal,0.7276028039606562,0.6558033508396214,-0.07179945312103486
MSN,aparc,0.15,Clustering Coefficient,rh_superiorfrontal,0.9251119840973081,0.8516796392127587,-0.07343234488454942
MSN,aparc,0.15,Clustering Coefficient,rh_superiorparietal,0.9182693734378575,0.7672187512348536,-0.15105062220300391
MSN,aparc,0.15,Clustering Coefficient,rh_superiortemporal,0.9419433535496667,0.9117709337889796,-0.030172419760687186
MSN,aparc,0.15,Clustering Coefficient,rh_supramarginal,0.0,0.0,0.0
MSN,aparc,0.15,Clustering Coefficient,rh_frontalpole,0.699089411535739,0.7682760852075597,0.06918667367182074
MSN,aparc,0.15,Clustering Coefficient,rh_temporalpole,0.956101890681771,0.9022583198412086,-0.05384357084056235
MSN,aparc,0.15,Clustering Coefficient,rh_transversetemporal,0.7408563112825127,0.8264782693636227,0.08562195808110995
MSN,aparc,0.15,Clustering Coefficient,rh_insula,0.7415578907727558,0.8278744023750496,0.08631651160229381
MSN,aparc,0.15,Betweenness Centrality,lh_bankssts,0.006216696269982238,0.003552397868561279,-0.002664298401420959
MSN,aparc,0.15,Betweenness Centrality,lh_caudalanteriorcingulate,0.003552397868561279,0.0026642984014209592,-0.0008880994671403197
MSN,aparc,0.15,Betweenness Centrality,lh_caudalmiddlefrontal,0.0,0.0,0.0
MSN,aparc,0.15,Betweenness Centrality,lh_cuneus,0.17761989342806395,0.014209591474245116,-0.16341030195381884
MSN,aparc,0.15,Betweenness Centrality,lh_entorhinal,0.0,0.9786856127886323,0.9786856127886323
MSN,aparc,0.15,Betweenness Centrality,lh_fusiform,0.0,0.0,0.0
MSN,aparc,0.15,Betweenness Centrality,lh_inferiorparietal,0.0,0.0,0.0
MSN,aparc,0.15,Betweenness Centrality,lh_inferiortemporal,0.0,0.9325044404973357,0.9325044404973357
MSN,aparc,0.15,Betweenness Centrality,lh_isthmuscingulate,0.0,0.0,0.0
MSN,aparc,0.15,Betweenness Centrality,lh_lateraloccipital,0.0017761989342806395,0.0,-0.0017761989342806395
MSN,aparc,0.15,Betweenness Centrality,lh_lateralorbitofrontal,0.0,0.0,0.0
MSN,aparc,0.15,Betweenness Centrality,lh_lingual,0.0017761989342806395,0.09857904085257549,0.09680284191829484
MSN,aparc,0.15,Betweenness Centrality,lh_medialorbitofrontal,0.0,0.0,0.0
MSN,aparc,0.15,Betweenness Centrality,lh_middletemporal,0.9884547069271759,1.0,0.011545293072824148
MSN,aparc,0.15,Betweenness Centrality,lh_parahippocampal,0.0,0.0586145648312611,0.0586145648312611
MSN,aparc,0.15,Betweenness Centrality,lh_paracentral,0.0008880994671403197,0.0017761989342806395,0.0008880994671403197
MSN,aparc,0.15,Betweenness Centrality,lh_parsopercularis,0.9591474245115453,0.9698046181172292,0.010657193605683846
MSN,aparc,0.15,Betweenness Centrality,lh_parsorbitalis,0.02575488454706927,0.027531083481349913,0.001776198934280642
MSN,aparc,0.15,Betweenness Centrality,lh_parstriangularis,0.03641207815275311,0.09680284191829484,0.060390763765541734
MSN,aparc,0.15,Betweenness Centrality,lh_pericalcarine,0.0,0.0,0.0
MSN,aparc,0.15,Betweenness Centrality,lh_postcentral,0.03374777975133215,0.014209591474245116,-0.019538188277087032
MSN,aparc,0.15,Betweenness Centrality,lh_posteriorcingulate,0.0,0.0,0.0
MSN,aparc,0.15,Betweenness Centrality,lh_precentral,0.1216696269982238,0.0,-0.1216696269982238
MSN,aparc,0.15,Betweenness Centrality,lh_precuneus,0.0,0.0,0.0
MSN,aparc,0.15,Betweenness Centrality,lh_rostralanteriorcingulate,0.0,0.035523978685612786,0.035523978685612786
MSN,aparc,0.15,Betweenness Centrality,lh_rostralmiddlefrontal,0.2291296625222025,0.19715808170515098,-0.03197158081705151
MSN,aparc,0.15,Betweenness Centrality,lh_superiorfrontal,0.9325044404973357,0.91651865008881,-0.01598579040852577
MSN,aparc,0.15,Betweenness Centrality,lh_superiorparietal,0.0053285968028419185,0.0008880994671403197,-0.004440497335701598
MSN,aparc,0.15,Betweenness Centrality,lh_superiortemporal,0.0,0.0,0.0
MSN,aparc,0.15,Betweenness Centrality,lh_supramarginal,0.0,0.0,0.0
MSN,aparc,0.15,Betweenness Centrality,lh_frontalpole,0.027531083481349913,0.9369449378330373,0.9094138543516874
MSN,aparc,0.15,Betweenness Centrality,lh_temporalpole,0.0,0.0,0.0
MSN,aparc,0.15,Betweenness Centrality,lh_transversetemporal,0.0026642984014209592,0.0586145648312611,0.05595026642984014
MSN,aparc,0.15,Betweenness Centrality,lh_insula,0.11545293072824156,0.1705150976909414,0.05506216696269983
MSN,aparc,0.15,Betweenness Centrality,rh_bankssts,0.25488454706927177,0.047957371225577264,-0.20692717584369452
MSN,aparc,0.15,Betweenness Centrality,rh_caudalanteriorcingulate,0.0586145648312611,0.0,-0.0586145648312611
MSN,aparc,0.15,Betweenness Centrality,rh_caudalmiddlefrontal,0.0,0.0,0.0
MSN,aparc,0.15,Betweenness Centrality,rh_cuneus,0.2531083481349911,0.017761989342806393,-0.2353463587921847
MSN,aparc,0.15,Betweenness Centrality,rh_entorhinal,0.9698046181172292,0.0,-0.9698046181172292
MSN,aparc,0.15,Betweenness Centrality,rh_fusiform,0.0586145648312611,0.0,-0.0586145648312611
MSN,aparc,0.15,Betweenness Centrality,rh_inferiorparietal,0.09769094138543517,0.4147424511545293,0.31705150976909413
MSN,aparc,0.15,Betweenness Centrality,rh_inferiortemporal,0.9476021314387212,0.0,-0.9476021314387212
MSN,aparc,0.15,Betweenness Centrality,rh_isthmuscingulate,0.0,0.0,0.0
MSN,aparc,0.15,Betweenness Centrality,rh_lateraloccipital,0.11545293072824156,0.0,-0.11545293072824156
MSN,aparc,0.15,Betweenness Centrality,rh_lateralorbitofrontal,0.0586145648312611,0.11634103019538189,0.05772646536412079
MSN,aparc,0.15,Betweenness Centrality,rh_lingual,0.043516873889875664,0.0,-0.043516873889875664
MSN,aparc,0.15,Betweenness Centrality,rh_medialorbitofrontal,0.0586145648312611,0.0,-0.0586145648312611
MSN,aparc,0.15,Betweenness Centrality,rh_middletemporal,0.02486678507992895,0.0017761989342806395,-0.023090586145648313
MSN,aparc,0.15,Betweenness Centrality,rh_parahippocampal,0.007992895204262877,0.03108348134991119,0.023090586145648313
MSN,aparc,0.15,Betweenness Centrality,rh_paracentral,0.011545293072824156,0.3330373001776199,0.32149200710479575
MSN,aparc,0.15,Betweenness Centrality,rh_parsopercularis,0.11101243339253997,0.0,-0.11101243339253997
MSN,aparc,0.15,Betweenness Centrality,rh_parsorbitalis,0.8516873889875666,0.0,-0.8516873889875666
MSN,aparc,0.15,Betweenness Centrality,rh_parstriangularis,0.0,0.0,0.0
MSN,aparc,0.15,Betweenness Centrality,rh_pericalcarine,0.0586145648312611,0.0586145648312611,0.0
MSN,aparc,0.15,Betweenness Centrality,rh_postcentral,0.0,0.2895204262877442,0.2895204262877442
MSN,aparc,0.15,Betweenness Centrality,rh_posteriorcingulate,0.0,0.0,0.0
MSN,aparc,0.15,Betweenness Centrality,rh_precentral,0.0,0.041740674955595025,0.041740674955595025
MSN,aparc,0.15,Betweenness Centrality,rh_precuneus,0.0017761989342806395,0.0541740674955595,0.052397868561278864
MSN,aparc,0.15,Betweenness Centrality,rh_rostralanteriorcingulate,0.6012433392539964,0.29040852575488457,-0.31083481349911185
MSN,aparc,0.15,Betweenness Centrality,rh_rostralmiddlefrontal,0.0852575488454707,0.10479573712255773,0.019538188277087032
MSN,aparc,0.15,Betweenness Centrality,rh_superiorfrontal,0.0,0.0,0.0
MSN,aparc,0.15,Betweenness Centrality,rh_superiorparietal,0.0,0.0452930728241563,0.0452930728241563
MSN,aparc,0.15,Betweenness Centrality,rh_superiortemporal,0.0,0.0,0.0
MSN,aparc,0.15,Betweenness Centrality,rh_supramarginal,0.0,0.0,0.0
MSN,aparc,0.15,Betweenness Centrality,rh_frontalpole,0.0017761989342806395,0.0,-0.0017761989342806395
MSN,aparc,0.15,Betweenness Centrality,rh_temporalpole,0.0,0.0,0.0
MSN,aparc,0.15,Betweenness Centrality,rh_transversetemporal,0.0,0.0,0.0
MSN,aparc,0.15,Betweenness Centrality,rh_insula,0.041740674955595025,0.0,-0.041740674955595025
MSN,aparc,0.15,Eigenvector Centrality,lh_bankssts,0.9870967813100168,0.9286702355676614,-0.058426545742355396
MSN,aparc,0.15,Eigenvector Centrality,lh_caudalanteriorcingulate,0.947865310704326,0.9555480606523427,0.007682749948016654
MSN,aparc,0.15,Eigenvector Centrality,lh_caudalmiddlefrontal,0.6982703809625156,0.6798494433877358,-0.018420937574779805
MSN,aparc,0.15,Eigenvector Centrality,lh_cuneus,6.56530546534764e-08,1.361232109703457e-08,-5.204073355644183e-08
MSN,aparc,0.15,Eigenvector Centrality,lh_entorhinal,0.001499680267183494,0.009848304698865062,0.008348624431681568
MSN,aparc,0.15,Eigenvector Centrality,lh_fusiform,0.001071093797331787,0.004767962545891225,0.0036968687485594382
MSN,aparc,0.15,Eigenvector Centrality,lh_inferiorparietal,6.864227024540536e-07,8.285310095946576e-08,-6.035696014945878e-07
MSN,aparc,0.15,Eigenvector Centrality,lh_inferiortemporal,3.450242583979976e-05,1.5119342319590274e-05,-1.9383083520209487e-05
MSN,aparc,0.15,Eigenvector Centrality,lh_isthmuscingulate,0.786794622702644,0.7758849727136928,-0.010909649988951164
MSN,aparc,0.15,Eigenvector Centrality,lh_lateraloccipital,7.144012285574574e-07,9.843559640525573e-08,-6.159656321522016e-07
MSN,aparc,0.15,Eigenvector Centrality,lh_lateralorbitofrontal,0.0012908294800285523,0.001643525535290278,0.00035269605526172575
MSN,aparc,0.15,Eigenvector Centrality,lh_lingual,3.545652938517206e-08,1.8951112312913414e-08,-1.650541707225865e-08
MSN,aparc,0.15,Eigenvector Centrality,lh_medialorbitofrontal,5.283405756265746e-10,0.0007783260016621966,0.000778325473321621
MSN,aparc,0.15,Eigenvector Centrality,lh_middletemporal,0.00042579682871824056,0.0001490815013379478,-0.00027671532738029277
MSN,aparc,0.15,Eigenvector Centrality,lh_parahippocampal,0.2842101313478242,0.22894397524566534,-0.05526615610215885
MSN,aparc,0.15,Eigenvector Centrality,lh_paracentral,0.6643363284609356,0.7098372826186984,0.045500954157762785
MSN,aparc,0.15,Eigenvector Centrality,lh_parsopercularis,0.25006775187775204,0.2330619071923179,-0.017005844685434146
MSN,aparc,0.15,Eigenvector Centrality,lh_parsorbitalis,0.0015074199661229053,0.0010279211104058496,-0.00047949885571705567
MSN,aparc,0.15,Eigenvector Centrality,lh_parstriangularis,0.4972582009932218,0.47259881076653676,-0.024659390226685063
MSN,aparc,0.15,Eigenvector Centrality,lh_pericalcarine,3.0387291186222726e-10,0.0,-3.0387291186222726e-10
MSN,aparc,0.15,Eigenvector Centrality,lh_postcentral,5.284611549807488e-07,9.264474923983804e-08,-4.358164057409107e-07
MSN,aparc,0.15,Eigenvector Centrality,lh_posteriorcingulate,0.8158760098439047,0.8355542499686512,0.019678240124746504
MSN,aparc,0.15,Eigenvector Centrality,lh_precentral,7.07053046080528e-07,1.4395460753962322e-07,-5.630984385409048e-07
MSN,aparc,0.15,Eigenvector Centrality,lh_precuneus,4.7229693629148235e-09,2.7174687474916692e-09,-2.0055006154231543e-09
MSN,aparc,0.15,Eigenvector Centrality,lh_rostralanteriorcingulate,0.3116355255000967,0.3489083108375958,0.037272785337499115
MSN,aparc,0.15,Eigenvector Centrality,lh_rostralmiddlefrontal,7.232620660425364e-07,1.4453737494580596e-07,-5.787246910967304e-07
MSN,aparc,0.15,Eigenvector Centrality,lh_superiorfrontal,2.2886852632521657e-06,7.23098055911939e-07,-1.5655872073402266e-06
MSN,aparc,0.15,Eigenvector Centrality,lh_superiorparietal,5.910862408866869e-07,1.0493219476799342e-07,-4.861540461186935e-07
MSN,aparc,0.15,Eigenvector Centrality,lh_superiortemporal,3.4850038988526105e-05,1.425032625738397e-05,-2.0599712731142135e-05
MSN,aparc,0.15,Eigenvector Centrality,lh_supramarginal,6.21003843330529e-07,1.1486012780212659e-07,-5.061437155284024e-07
MSN,aparc,0.15,Eigenvector Centrality,lh_frontalpole,0.001448311325346829,0.0009766222699924899,-0.00047168905535433913
MSN,aparc,0.15,Eigenvector Centrality,lh_temporalpole,0.0015136827507381745,0.0010395287747040711,-0.0004741539760341033
MSN,aparc,0.15,Eigenvector Centrality,lh_transversetemporal,0.9362459930095234,0.8787722828041052,-0.05747371020541814
MSN,aparc,0.15,Eigenvector Centrality,lh_insula,0.8029836768355292,0.9180565710124335,0.11507289417690436
MSN,aparc,0.15,Eigenvector Centrality,rh_bankssts,0.9978949056298984,1.0,0.0021050943701016456
MSN,aparc,0.15,Eigenvector Centrality,rh_caudalanteriorcingulate,0.7566722756261159,0.775405447583214,0.018733171957098005
MSN,aparc,0.15,Eigenvector Centrality,rh_caudalmiddlefrontal,0.04529761762157012,0.7224266159531593,0.6771289983315891
MSN,aparc,0.15,Eigenvector Centrality,rh_cuneus,3.340456399750257e-07,5.093549395739232e-08,-2.8311014601763337e-07
MSN,aparc,0.15,Eigenvector Centrality,rh_entorhinal,0.013632479135005114,0.0010206141834429741,-0.01261186495156214
MSN,aparc,0.15,Eigenvector Centrality,rh_fusiform,0.03130379686390995,0.017723092663975242,-0.01358070419993471
MSN,aparc,0.15,Eigenvector Centrality,rh_inferiorparietal,7.007869442164657e-07,1.451952640133309e-07,-5.555916802031348e-07
MSN,aparc,0.15,Eigenvector Centrality,rh_inferiortemporal,3.602988224115351e-05,1.4647506269671761e-05,-2.1382375971481747e-05
MSN,aparc,0.15,Eigenvector Centrality,rh_isthmuscingulate,0.6944853904830227,0.7417951956743392,0.047309805191316445
MSN,aparc,0.15,Eigenvector Centrality,rh_lateraloccipital,7.188880759724496e-07,9.787974087344505e-08,-6.210083350990045e-07
MSN,aparc,0.15,Eigenvector Centrality,rh_lateralorbitofrontal,0.030786427372921296,0.038033802699115105,0.007247375326193808
MSN,aparc,0.15,Eigenvector Centrality,rh_lingual,1.0624954640146811e-07,3.5892179552389534e-08,-7.035736684907858e-08
MSN,aparc,0.15,Eigenvector Centrality,rh_medialorbitofrontal,2.6542217604955252e-08,4.559910687414154e-09,-2.1982306917541098e-08
MSN,aparc,0.15,Eigenvector Centrality,rh_middletemporal,7.688545152651127e-05,7.312281822524652e-05,-3.762633301264751e-06
MSN,aparc,0.15,Eigenvector Centrality,rh_parahippocampal,0.7024210195997925,0.8411101848959005,0.13868916529610797
MSN,aparc,0.15,Eigenvector Centrality,rh_paracentral,0.9844565589056152,0.9788842253969161,-0.005572333508699123
MSN,aparc,0.15,Eigenvector Centrality,rh_parsopercularis,0.6854587692898694,0.34400954429124275,-0.3414492249986266
MSN,aparc,0.15,Eigenvector Centrality,rh_parsorbitalis,0.0014958120933609696,0.0010040874664630644,-0.0004917246268979051
MSN,aparc,0.15,Eigenvector Centrality,rh_parstriangularis,0.4852195481609176,0.027714001496892637,-0.457505546664025
MSN,aparc,0.15,Eigenvector Centrality,rh_pericalcarine,6.825198190451004e-09,2.5734240040667628e-09,-4.251774186384241e-09
MSN,aparc,0.15,Eigenvector Centrality,rh_postcentral,5.451490624185393e-07,9.287599268655209e-08,-4.5227306973198716e-07
MSN,aparc,0.15,Eigenvector Centrality,rh_posteriorcingulate,0.74964410251783,0.8385887948458864,0.08894469232805646
MSN,aparc,0.15,Eigenvector Centrality,rh_precentral,7.023195082849028e-07,1.4468633341760042e-07,-5.576331748673024e-07
MSN,aparc,0.15,Eigenvector Centrality,rh_precuneus,1.3160358797683772e-08,1.3021367407027876e-08,-1.3899139065589585e-10
MSN,aparc,0.15,Eigenvector Centrality,rh_rostralanteriorcingulate,0.8330590020710055,0.6737644198281063,-0.15929458224289916
MSN,aparc,0.15,Eigenvector Centrality,rh_rostralmiddlefrontal,7.237555998800587e-07,1.0539260890947768e-07,-6.18362990970581e-07
MSN,aparc,0.15,Eigenvector Centrality,rh_superiorfrontal,6.026505244764009e-07,1.284264617102274e-07,-4.742240627661735e-07
MSN,aparc,0.15,Eigenvector Centrality,rh_superiorparietal,5.174282202252143e-07,1.460039477054532e-07,-3.7142427251976113e-07
MSN,aparc,0.15,Eigenvector Centrality,rh_superiortemporal,3.505610825442101e-05,1.3994327628780978e-05,-2.106178062564003e-05
MSN,aparc,0.15,Eigenvector Centrality,rh_supramarginal,2.974123943219142e-08,6.078867146393098e-09,-2.3662372285798323e-08
MSN,aparc,0.15,Eigenvector Centrality,rh_frontalpole,0.0006325665656504937,0.0003297013820598339,-0.00030286518359065975
MSN,aparc,0.15,Eigenvector Centrality,rh_temporalpole,0.001496541451840251,0.0010423379876419235,-0.0004542034641983276
MSN,aparc,0.15,Eigenvector Centrality,rh_transversetemporal,0.9632433901867758,0.9223726775930644,-0.040870712593711445
MSN,aparc,0.15,Eigenvector Centrality,rh_insula,0.9647813805159868,0.92524657007788,-0.039534810438106804
MSN,aparc,0.15,Node Degree,lh_bankssts,0.9,0.8,-0.09999999999999998
MSN,aparc,0.15,Node Degree,lh_caudalanteriorcingulate,0.85,0.85,0.0
MSN,aparc,0.15,Node Degree,lh_caudalmiddlefrontal,0.6,0.6,0.0
MSN,aparc,0.15,Node Degree,lh_cuneus,0.3,0.3,0.0
MSN,aparc,0.15,Node Degree,lh_entorhinal,0.3,0.3,0.0
MSN,aparc,0.15,Node Degree,lh_fusiform,0.0,0.0,0.0
MSN,aparc,0.15,Node Degree,lh_inferiorparietal,0.65,0.5,-0.15000000000000002
MSN,aparc,0.15,Node Degree,lh_inferiortemporal,0.1,0.15,0.04999999999999999
MSN,aparc,0.15,Node Degree,lh_isthmuscingulate,0.65,0.65,0.0
MSN,aparc,0.15,Node Degree,lh_lateraloccipital,0.7,0.65,-0.04999999999999993
MSN,aparc,0.15,Node Degree,lh_lateralorbitofrontal,0.0,0.0,0.0
MSN,aparc,0.15,Node Degree,lh_lingual,0.2,0.35,0.14999999999999997
MSN,aparc,0.15,Node Degree,lh_medialorbitofrontal,0.0,0.0,0.0
MSN,aparc,0.15,Node Degree,lh_middletemporal,0.45,0.35,-0.10000000000000003
MSN,aparc,0.15,Node Degree,lh_parahippocampal,0.3,0.35,0.04999999999999999
MSN,aparc,0.15,Node Degree,lh_paracentral,0.7,0.75,0.050000000000000044
MSN,aparc,0.15,Node Degree,lh_parsopercularis,0.35,0.35,0.0
MSN,aparc,0.15,Node Degree,lh_parsorbitalis,0.35,0.3,-0.04999999999999999
MSN,aparc,0.15,Node Degree,lh_parstriangularis,0.5,0.6,0.09999999999999998
MSN,aparc,0.15,Node Degree,lh_pericalcarine,0.0,0.0,0.0
MSN,aparc,0.15,Node Degree,lh_postcentral,0.65,0.65,0.0
MSN,aparc,0.15,Node Degree,lh_posteriorcingulate,0.65,0.7,0.04999999999999993
MSN,aparc,0.15,Node Degree,lh_precentral,0.65,0.65,0.0
MSN,aparc,0.15,Node Degree,lh_precuneus,0.05,0.1,0.05
MSN,aparc,0.15,Node Degree,lh_rostralanteriorcingulate,0.35,0.4,0.050000000000000044
MSN,aparc,0.15,Node Degree,lh_rostralmiddlefrontal,0.7,0.65,-0.04999999999999993
MSN,aparc,0.15,Node Degree,lh_superiorfrontal,0.5,0.35,-0.15000000000000002
MSN,aparc,0.15,Node Degree,lh_superiorparietal,0.65,0.65,0.0
MSN,aparc,0.15,Node Degree,lh_superiortemporal,0.15,0.1,-0.04999999999999999
MSN,aparc,0.15,Node Degree,lh_supramarginal,0.55,0.4,-0.15000000000000002
MSN,aparc,0.15,Node Degree,lh_frontalpole,0.35,0.4,0.050000000000000044
MSN,aparc,0.15,Node Degree,lh_temporalpole,0.35,0.3,-0.04999999999999999
MSN,aparc,0.15,Node Degree,lh_transversetemporal,0.8,0.8,0.0
MSN,aparc,0.15,Node Degree,lh_insula,0.7,0.85,0.15000000000000002
MSN,aparc,0.15,Node Degree,rh_bankssts,0.95,0.95,0.0
MSN,aparc,0.15,Node Degree,rh_caudalanteriorcingulate,0.65,0.65,0.0
MSN,aparc,0.15,Node Degree,rh_caudalmiddlefrontal,0.0,0.65,0.65
MSN,aparc,0.15,Node Degree,rh_cuneus,0.5,0.5,0.0
MSN,aparc,0.15,Node Degree,rh_entorhinal,0.3,0.25,-0.04999999999999999
MSN,aparc,0.15,Node Degree,rh_fusiform,0.05,0.0,-0.05
MSN,aparc,0.15,Node Degree,rh_inferiorparietal,0.7,0.7,0.0
MSN,aparc,0.15,Node Degree,rh_inferiortemporal,0.2,0.1,-0.1
MSN,aparc,0.15,Node Degree,rh_isthmuscingulate,0.55,0.6,0.04999999999999993
MSN,aparc,0.15,Node Degree,rh_lateraloccipital,0.75,0.65,-0.09999999999999998
MSN,aparc,0.15,Node Degree,rh_lateralorbitofrontal,0.05,0.1,0.05
MSN,aparc,0.15,Node Degree,rh_lingual,0.25,0.4,0.15000000000000002
MSN,aparc,0.15,Node Degree,rh_medialorbitofrontal,0.05,0.0,-0.05
MSN,aparc,0.15,Node Degree,rh_middletemporal,0.25,0.25,0.0
MSN,aparc,0.15,Node Degree,rh_parahippocampal,0.7,0.85,0.15000000000000002
MSN,aparc,0.15,Node Degree,rh_paracentral,1.0,1.0,0.0
MSN,aparc,0.15,Node Degree,rh_parsopercularis,0.7,0.4,-0.29999999999999993
MSN,aparc,0.15,Node Degree,rh_parsorbitalis,0.35,0.35,0.0
MSN,aparc,0.15,Node Degree,rh_parstriangularis,0.4,0.0,-0.4
MSN,aparc,0.15,Node Degree,rh_pericalcarine,0.15,0.15,0.0
MSN,aparc,0.15,Node Degree,rh_postcentral,0.6,0.75,0.15000000000000002
MSN,aparc,0.15,Node Degree,rh_posteriorcingulate,0.6,0.7,0.09999999999999998
MSN,aparc,0.15,Node Degree,rh_precentral,0.65,0.65,0.0
MSN,aparc,0.15,Node Degree,rh_precuneus,0.2,0.3,0.09999999999999998
MSN,aparc,0.15,Node Degree,rh_rostralanteriorcingulate,0.85,0.7,-0.15000000000000002
MSN,aparc,0.15,Node Degree,rh_rostralmiddlefrontal,0.75,0.75,0.0
MSN,aparc,0.15,Node Degree,rh_superiorfrontal,0.5,0.5,0.0
MSN,aparc,0.15,Node Degree,rh_superiorparietal,0.55,0.7,0.1499999999999999
MSN,aparc,0.15,Node Degree,rh_superiortemporal,0.1,0.1,0.0
MSN,aparc,0.15,Node Degree,rh_supramarginal,0.0,0.0,0.0
MSN,aparc,0.15,Node Degree,rh_frontalpole,0.35,0.25,-0.09999999999999998
MSN,aparc,0.15,Node Degree,rh_temporalpole,0.3,0.3,0.0
MSN,aparc,0.15,Node Degree,rh_transversetemporal,0.85,0.8,-0.04999999999999993
MSN,aparc,0.15,Node Degree,rh_insula,0.85,0.8,-0.04999999999999993
MSN,aparc,0.2,Participation Coefficient,lh_bankssts,0.0,0.0,0.0
MSN,aparc,0.2,Participation Coefficient,lh_caudalanteriorcingulate,0.0,0.0,0.0
MSN,aparc,0.2,Participation Coefficient,lh_caudalmiddlefrontal,0.0,0.0,0.0
MSN,aparc,0.2,Participation Coefficient,lh_cuneus,0.0,0.0,0.0
MSN,aparc,0.2,Participation Coefficient,lh_entorhinal,0.0,0.3141172953960139,0.3141172953960139
MSN,aparc,0.2,Participation Coefficient,lh_fusiform,0.0,0.0,0.0
MSN,aparc,0.2,Participation Coefficient,lh_inferiorparietal,0.0,0.0,0.0
MSN,aparc,0.2,Participation Coefficient,lh_inferiortemporal,0.0,0.40998581417148655,0.40998581417148655
MSN,aparc,0.2,Participation Coefficient,lh_isthmuscingulate,0.0,0.0,0.0
MSN,aparc,0.2,Participation Coefficient,lh_lateraloccipital,0.0,0.0,0.0
MSN,aparc,0.2,Participation Coefficient,lh_lateralorbitofrontal,0.0,0.0,0.0
MSN,aparc,0.2,Participation Coefficient,lh_lingual,0.0,0.0,0.0
MSN,aparc,0.2,Participation Coefficient,lh_medialorbitofrontal,0.0,0.0,0.0
MSN,aparc,0.2,Participation Coefficient,lh_middletemporal,0.0,0.0,0.0
MSN,aparc,0.2,Participation Coefficient,lh_parahippocampal,0.0,0.0,0.0
MSN,aparc,0.2,Participation Coefficient,lh_paracentral,0.0,0.0,0.0
MSN,aparc,0.2,Participation Coefficient,lh_parsopercularis,0.328900083041278,0.22807467321154018,-0.10082540982973781
MSN,aparc,0.2,Participation Coefficient,lh_parsorbitalis,0.0,0.0,0.0
MSN,aparc,0.2,Participation Coefficient,lh_parstriangularis,0.0,0.0,0.0
MSN,aparc,0.2,Participation Coefficient,lh_pericalcarine,0.0,0.0,0.0
MSN,aparc,0.2,Participation Coefficient,lh_postcentral,0.0,0.0,0.0
MSN,aparc,0.2,Participation Coefficient,lh_posteriorcingulate,0.0,0.0,0.0
MSN,aparc,0.2,Participation Coefficient,lh_precentral,0.0,0.0,0.0
MSN,aparc,0.2,Participation Coefficient,lh_precuneus,0.0,0.0,0.0
MSN,aparc,0.2,Participation Coefficient,lh_rostralanteriorcingulate,0.0,0.0,0.0
MSN,aparc,0.2,Participation Coefficient,lh_rostralmiddlefrontal,0.0,0.0,0.0
MSN,aparc,0.2,Participation Coefficient,lh_superiorfrontal,0.2207724303849894,0.23689250851261473,0.016120078127625337
MSN,aparc,0.2,Participation Coefficient,lh_superiorparietal,0.0,0.0,0.0
MSN,aparc,0.2,Participation Coefficient,lh_superiortemporal,0.0,0.0,0.0
MSN,aparc,0.2,Participation Coefficient,lh_supramarginal,0.0,0.0,0.0
MSN,aparc,0.2,Participation Coefficient,lh_frontalpole,0.0,0.0,0.0
MSN,aparc,0.2,Participation Coefficient,lh_temporalpole,0.0,0.0,0.0
MSN,aparc,0.2,Participation Coefficient,lh_transversetemporal,0.0,0.0,0.0
MSN,aparc,0.2,Participation Coefficient,lh_insula,0.0,0.11909307585779583,0.11909307585779583
MSN,aparc,0.2,Participation Coefficient,rh_bankssts,0.0,0.0,0.0
MSN,aparc,0.2,Participation Coefficient,rh_caudalanteriorcingulate,0.0,0.0,0.0
MSN,aparc,0.2,Participation Coefficient,rh_caudalmiddlefrontal,0.0,0.0,0.0
MSN,aparc,0.2,Participation Coefficient,rh_cuneus,0.0,0.0,0.0
MSN,aparc,0.2,Participation Coefficient,rh_entorhinal,0.38326852911505005,0.0,-0.38326852911505005
MSN,aparc,0.2,Participation Coefficient,rh_fusiform,0.0,0.0,0.0
MSN,aparc,0.2,Participation Coefficient,rh_inferiorparietal,0.0,0.0,0.0
MSN,aparc,0.2,Participation Coefficient,rh_inferiortemporal,0.45079264023416055,0.0,-0.45079264023416055
MSN,aparc,0.2,Participation Coefficient,rh_isthmuscingulate,0.0,0.0,0.0
MSN,aparc,0.2,Participation Coefficient,rh_lateraloccipital,0.0,0.0,0.0
MSN,aparc,0.2,Participation Coefficient,rh_lateralorbitofrontal,0.0,1.0,1.0
MSN,aparc,0.2,Participation Coefficient,rh_lingual,0.0,0.0,0.0
MSN,aparc,0.2,Participation Coefficient,rh_medialorbitofrontal,0.0,0.0,0.0
MSN,aparc,0.2,Participation Coefficient,rh_middletemporal,0.0,0.0,0.0
MSN,aparc,0.2,Participation Coefficient,rh_parahippocampal,0.0,0.0,0.0
MSN,aparc,0.2,Participation Coefficient,rh_paracentral,0.0,0.0,0.0
MSN,aparc,0.2,Participation Coefficient,rh_parsopercularis,0.0,0.0,0.0
MSN,aparc,0.2,Participation Coefficient,rh_parsorbitalis,0.0,0.0,0.0
MSN,aparc,0.2,Participation Coefficient,rh_parstriangularis,0.0,0.0,0.0
MSN,aparc,0.2,Participation Coefficient,rh_pericalcarine,0.0,0.0,0.0
MSN,aparc,0.2,Participation Coefficient,rh_postcentral,0.0,0.0,0.0
MSN,aparc,0.2,Participation Coefficient,rh_posteriorcingulate,0.0,0.0,0.0
MSN,aparc,0.2,Participation Coefficient,rh_precentral,0.0,0.0,0.0
MSN,aparc,0.2,Participation Coefficient,rh_precuneus,0.0,0.0,0.0
MSN,aparc,0.2,Participation Coefficient,rh_rostralanteriorcingulate,0.0,0.0,0.0
MSN,aparc,0.2,Participation Coefficient,rh_rostralmiddlefrontal,0.0,0.0,0.0
MSN,aparc,0.2,Participation Coefficient,rh_superiorfrontal,0.0,0.0,0.0
MSN,aparc,0.2,Participation Coefficient,rh_superiorparietal,0.0,0.0,0.0
MSN,aparc,0.2,Participation Coefficient,rh_superiortemporal,0.0,0.0,0.0
MSN,aparc,0.2,Participation Coefficient,rh_supramarginal,0.0,0.0,0.0
MSN,aparc,0.2,Participation Coefficient,rh_frontalpole,0.0,0.0,0.0
MSN,aparc,0.2,Participation Coefficient,rh_temporalpole,0.0,0.0,0.0
MSN,aparc,0.2,Participation Coefficient,rh_transversetemporal,0.0,0.0,0.0
MSN,aparc,0.2,Participation Coefficient,rh_insula,0.0,0.0,0.0
MSN,aparc,0.2,Node Versatility,lh_bankssts,0.0006416700420114881,0.05933236071063118,0.05869069066861969
MSN,aparc,0.2,Node Versatility,lh_caudalanteriorcingulate,0.0006416700420114881,0.04624036871018616,0.04559869866817467
MSN,aparc,0.2,Node Versatility,lh_caudalmiddlefrontal,0.0006416700420114881,0.07686475846847302,0.07622308842646153
MSN,aparc,0.2,Node Versatility,lh_cuneus,0.049279907673293356,0.10296386782828257,0.05368396015498921
MSN,aparc,0.2,Node Versatility,lh_entorhinal,6.661856767710055e-32,6.661856767710055e-32,0.0
MSN,aparc,0.2,Node Versatility,lh_fusiform,0.0,0.042348773492078565,0.042348773492078565
MSN,aparc,0.2,Node Versatility,lh_inferiorparietal,0.024094547103047707,0.019337668660468058,-0.004756878442579649
MSN,aparc,0.2,Node Versatility,lh_inferiortemporal,6.661856767710055e-32,6.661856767710055e-32,0.0
MSN,aparc,0.2,Node Versatility,lh_isthmuscingulate,0.0006416700420114881,0.07424797564652656,0.07360630560451507
MSN,aparc,0.2,Node Versatility,lh_lateraloccipital,0.024094547103047707,0.019337668660468058,-0.004756878442579649
MSN,aparc,0.2,Node Versatility,lh_lateralorbitofrontal,0.0025882127197913076,0.03409235865091175,0.03150414593112044
MSN,aparc,0.2,Node Versatility,lh_lingual,0.049279907673293356,0.10296386782828257,0.05368396015498921
MSN,aparc,0.2,Node Versatility,lh_medialorbitofrontal,1.0,0.03409235865091175,-0.9659076413490882
MSN,aparc,0.2,Node Versatility,lh_middletemporal,6.661856767710055e-32,6.661856767710055e-32,0.0
MSN,aparc,0.2,Node Versatility,lh_parahippocampal,0.0,0.042348773492078565,0.042348773492078565
MSN,aparc,0.2,Node Versatility,lh_paracentral,0.0,0.042348773492078565,0.042348773492078565
MSN,aparc,0.2,Node Versatility,lh_parsopercularis,0.0,0.042348773492078565,0.042348773492078565
MSN,aparc,0.2,Node Versatility,lh_parsorbitalis,6.661856767710055e-32,6.661856767710055e-32,0.0
MSN,aparc,0.2,Node Versatility,lh_parstriangularis,0.0,0.042348773492078565,0.042348773492078565
MSN,aparc,0.2,Node Versatility,lh_pericalcarine,0.049279907673293356,0.10296386782828257,0.05368396015498921
MSN,aparc,0.2,Node Versatility,lh_postcentral,0.024094547103047707,0.019337668660468058,-0.004756878442579649
MSN,aparc,0.2,Node Versatility,lh_posteriorcingulate,0.0006416700420114881,0.06610674549692303,0.06546507545491154
MSN,aparc,0.2,Node Versatility,lh_precentral,0.024094547103047707,0.019337668660468058,-0.004756878442579649
MSN,aparc,0.2,Node Versatility,lh_precuneus,0.049279907673293356,0.10296386782828257,0.05368396015498921
MSN,aparc,0.2,Node Versatility,lh_rostralanteriorcingulate,0.0,0.042348773492078565,0.042348773492078565
MSN,aparc,0.2,Node Versatility,lh_rostralmiddlefrontal,0.024094547103047707,0.019337668660468058,-0.004756878442579649
MSN,aparc,0.2,Node Versatility,lh_superiorfrontal,0.024094547103047707,0.019337668660468058,-0.004756878442579649
MSN,aparc,0.2,Node Versatility,lh_superiorparietal,0.024094547103047707,0.019337668660468058,-0.004756878442579649
MSN,aparc,0.2,Node Versatility,lh_superiortemporal,6.661856767710055e-32,6.661856767710055e-32,0.0
MSN,aparc,0.2,Node Versatility,lh_supramarginal,0.024094547103047707,0.019337668660468058,-0.004756878442579649
MSN,aparc,0.2,Node Versatility,lh_frontalpole,6.661856767710055e-32,6.661856767710055e-32,0.0
MSN,aparc,0.2,Node Versatility,lh_temporalpole,6.661856767710055e-32,6.661856767710055e-32,0.0
MSN,aparc,0.2,Node Versatility,lh_transversetemporal,0.0006416700420114881,0.03264600343495028,0.03200433339293879
MSN,aparc,0.2,Node Versatility,lh_insula,0.033743823334279124,0.1858458434305382,0.15210202009625906
MSN,aparc,0.2,Node Versatility,rh_bankssts,0.0,0.22323679547230257,0.22323679547230257
MSN,aparc,0.2,Node Versatility,rh_caudalanteriorcingulate,0.0006416700420114881,0.06610674549692303,0.06546507545491154
MSN,aparc,0.2,Node Versatility,rh_caudalmiddlefrontal,0.0006416700420114881,0.24916082945403756,0.24851915941202607
MSN,aparc,0.2,Node Versatility,rh_cuneus,0.028471586253401376,0.049810734616232095,0.02133914836283072
MSN,aparc,0.2,Node Versatility,rh_entorhinal,6.661856767710055e-32,6.661856767710055e-32,0.0
MSN,aparc,0.2,Node Versatility,rh_fusiform,0.0,0.03264600343495028,0.03264600343495028
MSN,aparc,0.2,Node Versatility,rh_inferiorparietal,0.024094547103047707,0.019337668660468058,-0.004756878442579649
MSN,aparc,0.2,Node Versatility,rh_inferiortemporal,6.661856767710055e-32,6.661856767710055e-32,0.0
MSN,aparc,0.2,Node Versatility,rh_isthmuscingulate,0.0006416700420114881,0.07424797564652656,0.07360630560451507
MSN,aparc,0.2,Node Versatility,rh_lateraloccipital,0.024094547103047707,0.019337668660468058,-0.004756878442579649
MSN,aparc,0.2,Node Versatility,rh_lateralorbitofrontal,0.0025882127197913076,0.03409235865091175,0.03150414593112044
MSN,aparc,0.2,Node Versatility,rh_lingual,0.049279907673293356,0.10296386782828257,0.05368396015498921
MSN,aparc,0.2,Node Versatility,rh_medialorbitofrontal,1.0,0.019337668660468058,-0.980662331339532
MSN,aparc,0.2,Node Versatility,rh_middletemporal,6.661856767710055e-32,6.661856767710055e-32,0.0
MSN,aparc,0.2,Node Versatility,rh_parahippocampal,0.0,0.1702697801365261,0.1702697801365261
MSN,aparc,0.2,Node Versatility,rh_paracentral,0.0,0.2431256091571077,0.2431256091571077
MSN,aparc,0.2,Node Versatility,rh_parsopercularis,0.0,0.042348773492078565,0.042348773492078565
MSN,aparc,0.2,Node Versatility,rh_parsorbitalis,6.661856767710055e-32,6.661856767710055e-32,0.0
MSN,aparc,0.2,Node Versatility,rh_parstriangularis,0.0,0.18714285908139172,0.18714285908139172
MSN,aparc,0.2,Node Versatility,rh_pericalcarine,0.049279907673293356,0.10296386782828257,0.05368396015498921
MSN,aparc,0.2,Node Versatility,rh_postcentral,0.024094547103047707,0.019337668660468058,-0.004756878442579649
MSN,aparc,0.2,Node Versatility,rh_posteriorcingulate,0.0006416700420114881,0.06610674549692303,0.06546507545491154
MSN,aparc,0.2,Node Versatility,rh_precentral,0.024094547103047707,0.019337668660468058,-0.004756878442579649
MSN,aparc,0.2,Node Versatility,rh_precuneus,0.049279907673293356,0.10296386782828257,0.05368396015498921
MSN,aparc,0.2,Node Versatility,rh_rostralanteriorcingulate,0.0,0.042348773492078565,0.042348773492078565
MSN,aparc,0.2,Node Versatility,rh_rostralmiddlefrontal,0.024094547103047707,0.019337668660468058,-0.004756878442579649
MSN,aparc,0.2,Node Versatility,rh_superiorfrontal,0.024094547103047707,0.019337668660468058,-0.004756878442579649
MSN,aparc,0.2,Node Versatility,rh_superiorparietal,0.024094547103047707,0.019337668660468058,-0.004756878442579649
MSN,aparc,0.2,Node Versatility,rh_superiortemporal,6.661856767710055e-32,6.661856767710055e-32,0.0
MSN,aparc,0.2,Node Versatility,rh_supramarginal,0.024094547103047707,0.019337668660468058,-0.004756878442579649
MSN,aparc,0.2,Node Versatility,rh_frontalpole,6.661856767710055e-32,6.661856767710055e-32,0.0
MSN,aparc,0.2,Node Versatility,rh_temporalpole,6.661856767710055e-32,6.661856767710055e-32,0.0
MSN,aparc,0.2,Node Versatility,rh_transversetemporal,0.0006416700420114881,0.06610674549692303,0.06546507545491154
MSN,aparc,0.2,Node Versatility,rh_insula,0.0006416700420114881,0.31759204578835176,0.3169503757463403
MSN,aparc,0.2,Node Strength,lh_bankssts,0.8970574369434017,0.9470329599598882,0.049975523016486556
MSN,aparc,0.2,Node Strength,lh_caudalanteriorcingulate,0.8579353540975029,0.9515805517813721,0.09364519768386925
MSN,aparc,0.2,Node Strength,lh_caudalmiddlefrontal,0.8060492538541464,0.8934889182815408,0.08743966442739437
MSN,aparc,0.2,Node Strength,lh_cuneus,0.5182991534666136,0.3746848479772202,-0.1436143054893934
MSN,aparc,0.2,Node Strength,lh_entorhinal,0.3046663169251093,0.329296959449195,0.0246306425240857
MSN,aparc,0.2,Node Strength,lh_fusiform,0.009061340712290323,0.00045509974910064045,-0.008606240963189684
MSN,aparc,0.2,Node Strength,lh_inferiorparietal,0.639384356538648,0.5828538498438622,-0.056530506694785765
MSN,aparc,0.2,Node Strength,lh_inferiortemporal,0.2680758504887578,0.26116710693673484,-0.006908743552022978
MSN,aparc,0.2,Node Strength,lh_isthmuscingulate,0.8243486696815361,0.7187934326699343,-0.10555523701160174
MSN,aparc,0.2,Node Strength,lh_lateraloccipital,0.7602989887845101,0.7301971620852318,-0.0301018266992783
MSN,aparc,0.2,Node Strength,lh_lateralorbitofrontal,0.014248539976900709,0.015941290998350226,0.0016927510214495168
MSN,aparc,0.2,Node Strength,lh_lingual,0.5115328181583731,0.5240690154397466,0.012536197281373451
MSN,aparc,0.2,Node Strength,lh_medialorbitofrontal,0.00410132566479147,0.0002047977305774787,-0.0038965279342139916
MSN,aparc,0.2,Node Strength,lh_middletemporal,0.45138560504254893,0.3675173371630403,-0.08386826787950863
MSN,aparc,0.2,Node Strength,lh_parahippocampal,0.5907934985931131,0.573705574849964,-0.017087923743149158
MSN,aparc,0.2,Node Strength,lh_paracentral,0.8068930330247861,0.9136050074509161,0.10671197442613001
MSN,aparc,0.2,Node Strength,lh_parsopercularis,0.394211613497099,0.47107399669801703,0.07686238320091804
MSN,aparc,0.2,Node Strength,lh_parsorbitalis,0.42885084802792367,0.4252088697470559,-0.0036419782808677637
MSN,aparc,0.2,Node Strength,lh_parstriangularis,0.7489315396328807,0.7685968631783389,0.019665323545458135
MSN,aparc,0.2,Node Strength,lh_pericalcarine,0.18677663758449048,0.18389136989615046,-0.002885267688340021
MSN,aparc,0.2,Node Strength,lh_postcentral,0.7697482206134529,0.8113210334744249,0.04157281286097192
MSN,aparc,0.2,Node Strength,lh_posteriorcingulate,0.8489523237406923,0.8114439977205146,-0.03750832602017773
MSN,aparc,0.2,Node Strength,lh_precentral,0.6472574848936901,0.6136176736115945,-0.03363981128209559
MSN,aparc,0.2,Node Strength,lh_precuneus,0.2619226425035979,0.35037941342352563,0.08845677091992771
MSN,aparc,0.2,Node Strength,lh_rostralanteriorcingulate,0.4081278515147557,0.6550867828376447,0.24695893132288893
MSN,aparc,0.2,Node Strength,lh_rostralmiddlefrontal,0.6892988354072386,0.696705220726305,0.007406385319066455
MSN,aparc,0.2,Node Strength,lh_superiorfrontal,0.6042877920383318,0.4888233826247879,-0.11546440941354391
MSN,aparc,0.2,Node Strength,lh_superiorparietal,0.7701494664241169,0.741022419828885,-0.02912704659523191
MSN,aparc,0.2,Node Strength,lh_superiortemporal,0.19307406611724037,0.18780989530426606,-0.0052641708129743114
MSN,aparc,0.2,Node Strength,lh_supramarginal,0.5745564304491179,0.5830192369325874,0.008462806483469532
MSN,aparc,0.2,Node Strength,lh_frontalpole,0.4663461706973684,0.5044235187986174,0.038077348101248965
MSN,aparc,0.2,Node Strength,lh_temporalpole,0.39103551574531953,0.3480720441283995,-0.042963471616920046
MSN,aparc,0.2,Node Strength,lh_transversetemporal,0.8608643938748147,0.9444109118753189,0.08354651800050417
MSN,aparc,0.2,Node Strength,lh_insula,0.8215356131710281,0.9625044140870227,0.14096880091599462
MSN,aparc,0.2,Node Strength,rh_bankssts,0.9669244950639486,1.0,0.03307550493605138
MSN,aparc,0.2,Node Strength,rh_caudalanteriorcingulate,0.6826517483520147,0.7581289084384458,0.07547716008643113
MSN,aparc,0.2,Node Strength,rh_caudalmiddlefrontal,0.32635523958926377,0.8490656552115554,0.5227104156222917
MSN,aparc,0.2,Node Strength,rh_cuneus,0.6921322206918864,0.6237412335677109,-0.06839098712417546
MSN,aparc,0.2,Node Strength,rh_entorhinal,0.3301902196113549,0.3020042803272309,-0.028185939284123995
MSN,aparc,0.2,Node Strength,rh_fusiform,0.030135263195943274,0.0,-0.030135263195943274
MSN,aparc,0.2,Node Strength,rh_inferiorparietal,0.672808226602882,0.6488027113388913,-0.02400551526399064
MSN,aparc,0.2,Node Strength,rh_inferiortemporal,0.2673969723476758,0.190342031498421,-0.0770549408492548
MSN,aparc,0.2,Node Strength,rh_isthmuscingulate,0.7763058315107052,0.721675708016369,-0.05463012349433616
MSN,aparc,0.2,Node Strength,rh_lateraloccipital,0.7137985150891542,0.7253004213046975,0.011501906215543367
MSN,aparc,0.2,Node Strength,rh_lateralorbitofrontal,0.03998983109716662,0.05869123753404778,0.01870140643688116
MSN,aparc,0.2,Node Strength,rh_lingual,0.558519447078198,0.570936790533165,0.012417343454967034
MSN,aparc,0.2,Node Strength,rh_medialorbitofrontal,0.02908606609192479,0.017164248522857882,-0.01192181756906691
MSN,aparc,0.2,Node Strength,rh_middletemporal,0.359526295761625,0.361844282612451,0.002317986850826015
MSN,aparc,0.2,Node Strength,rh_parahippocampal,0.855531830833678,0.9623911457085803,0.1068593148749023
MSN,aparc,0.2,Node Strength,rh_paracentral,0.913061681483896,0.978226959688443,0.06516527820454698
MSN,aparc,0.2,Node Strength,rh_parsopercularis,0.8204668206347694,0.6504104090508559,-0.1700564115839135
MSN,aparc,0.2,Node Strength,rh_parsorbitalis,0.42939682207686874,0.42597565624730777,-0.0034211658295609793
MSN,aparc,0.2,Node Strength,rh_parstriangularis,0.8091027269131051,0.6426531772908126,-0.16644954962229253
MSN,aparc,0.2,Node Strength,rh_pericalcarine,0.2334798314450972,0.23374411742141157,0.0002642859763143657
MSN,aparc,0.2,Node Strength,rh_postcentral,0.7911542970892633,0.7694388944064039,-0.02171540268285943
MSN,aparc,0.2,Node Strength,rh_posteriorcingulate,0.6761301865036284,0.7764626423562787,0.10033245585265027
MSN,aparc,0.2,Node Strength,rh_precentral,0.6509968357291617,0.6614690220776289,0.01047218634846725
MSN,aparc,0.2,Node Strength,rh_precuneus,0.34471735586514035,0.363426924732808,0.01870956886766767
MSN,aparc,0.2,Node Strength,rh_rostralanteriorcingulate,0.910706833505071,0.9582921246080076,0.04758529110293663
MSN,aparc,0.2,Node Strength,rh_rostralmiddlefrontal,0.7655140212902148,0.7645228817982853,-0.0009911394919295269
MSN,aparc,0.2,Node Strength,rh_superiorfrontal,0.5797559042121093,0.5425038976240081,-0.03725200658810124
MSN,aparc,0.2,Node Strength,rh_superiorparietal,0.7990837178694468,0.7050067838352776,-0.09407693403416917
MSN,aparc,0.2,Node Strength,rh_superiortemporal,0.38174948206962456,0.2638655786471816,-0.11788390342244298
MSN,aparc,0.2,Node Strength,rh_supramarginal,0.014766192238294245,0.01587300766776263,0.0011068154294683868
MSN,aparc,0.2,Node Strength,rh_frontalpole,0.496911275188617,0.4043186954592016,-0.09259257972941537
MSN,aparc,0.2,Node Strength,rh_temporalpole,0.350925393173717,0.3091669432377523,-0.041758449935964725
MSN,aparc,0.2,Node Strength,rh_transversetemporal,0.8977001591474598,0.8228710960986089,-0.07482906304885095
MSN,aparc,0.2,Node Strength,rh_insula,0.8635565485456796,0.9468369869899411,0.08328043844426147
MSN,aparc,0.2,Local Efficiency,lh_bankssts,0.8768318338226291,0.8860841915431439,0.009252357720514803
MSN,aparc,0.2,Local Efficiency,lh_caudalanteriorcingulate,0.8936556327040044,0.8888828805510528,-0.004772752152951587
MSN,aparc,0.2,Local Efficiency,lh_caudalmiddlefrontal,0.8593503007174248,0.8487568690810894,-0.010593431636335415
MSN,aparc,0.2,Local Efficiency,lh_cuneus,0.7561235590398533,0.8444698733120033,0.08834631427215
MSN,aparc,0.2,Local Efficiency,lh_entorhinal,0.9977689926861971,0.7394459167126286,-0.2583230759735685
MSN,aparc,0.2,Local Efficiency,lh_fusiform,0.0,0.0,0.0
MSN,aparc,0.2,Local Efficiency,lh_inferiorparietal,0.9386458522705805,0.9198662906942686,-0.018779561576311887
MSN,aparc,0.2,Local Efficiency,lh_inferiortemporal,0.8300540213648584,0.5822197905469012,-0.2478342308179572
MSN,aparc,0.2,Local Efficiency,lh_isthmuscingulate,0.8813549751952162,0.946305821498683,0.06495084630346681
MSN,aparc,0.2,Local Efficiency,lh_lateraloccipital,0.8556416683707027,0.8702566932885522,0.014615024917849495
MSN,aparc,0.2,Local Efficiency,lh_lateralorbitofrontal,0.0,0.0,0.0
MSN,aparc,0.2,Local Efficiency,lh_lingual,0.7504708616861892,0.7507375829430282,0.0002667212568390198
MSN,aparc,0.2,Local Efficiency,lh_medialorbitofrontal,0.0,0.0,0.0
MSN,aparc,0.2,Local Efficiency,lh_middletemporal,0.7722732519253234,0.7685423290902766,-0.003730922835046724
MSN,aparc,0.2,Local Efficiency,lh_parahippocampal,0.8477990726641832,0.7667877176330445,-0.08101135503113865
MSN,aparc,0.2,Local Efficiency,lh_paracentral,0.8414332128679486,0.8550049795749365,0.013571766706987898
MSN,aparc,0.2,Local Efficiency,lh_parsopercularis,0.7300382830565038,0.7291551076174607,-0.000883175439043038
MSN,aparc,0.2,Local Efficiency,lh_parsorbitalis,0.8672078697816854,0.8305470145063182,-0.03666085527536722
MSN,aparc,0.2,Local Efficiency,lh_parstriangularis,0.8336598585196272,0.8560161338344917,0.022356275314864504
MSN,aparc,0.2,Local Efficiency,lh_pericalcarine,0.8858611065510723,0.8872890113992954,0.0014279048482230827
MSN,aparc,0.2,Local Efficiency,lh_postcentral,0.8613696198198612,0.7967684804519145,-0.06460113936794665
MSN,aparc,0.2,Local Efficiency,lh_posteriorcingulate,0.8873148636129433,0.9263225259374027,0.0390076623244594
MSN,aparc,0.2,Local Efficiency,lh_precentral,0.9456107494794096,0.9548234920391211,0.009212742559711495
MSN,aparc,0.2,Local Efficiency,lh_precuneus,0.820697114170602,0.8140301764366742,-0.006666937733927791
MSN,aparc,0.2,Local Efficiency,lh_rostralanteriorcingulate,0.9115889946368453,0.8879809779314224,-0.023608016705422896
MSN,aparc,0.2,Local Efficiency,lh_rostralmiddlefrontal,0.9165949738619275,0.9037987766246522,-0.012796197237275209
MSN,aparc,0.2,Local Efficiency,lh_superiorfrontal,0.8042843126336645,0.7942929528752076,-0.009991359758456886
MSN,aparc,0.2,Local Efficiency,lh_superiorparietal,0.8623775633944968,0.878293960622613,0.01591639722811622
MSN,aparc,0.2,Local Efficiency,lh_superiortemporal,0.9117667495345584,0.8093991950757508,-0.10236755445880763
MSN,aparc,0.2,Local Efficiency,lh_supramarginal,0.9331467452853935,0.9252781829430939,-0.007868562342299601
MSN,aparc,0.2,Local Efficiency,lh_frontalpole,0.8228518729454994,0.7428420512070597,-0.08000982173843973
MSN,aparc,0.2,Local Efficiency,lh_temporalpole,0.9088469735611824,0.912451547780804,0.00360457421962157
MSN,aparc,0.2,Local Efficiency,lh_transversetemporal,0.9053898201694078,0.8000613588536413,-0.10532846131576656
MSN,aparc,0.2,Local Efficiency,lh_insula,0.8154366168275666,0.8020392039647659,-0.013397412862800717
MSN,aparc,0.2,Local Efficiency,rh_bankssts,0.7845382816554393,0.8740033890357731,0.08946510738033386
MSN,aparc,0.2,Local Efficiency,rh_caudalanteriorcingulate,0.9163883042327807,0.9304818703186767,0.014093566085895959
MSN,aparc,0.2,Local Efficiency,rh_caudalmiddlefrontal,0.8752527604462501,0.8666421189252744,-0.008610641520975681
MSN,aparc,0.2,Local Efficiency,rh_cuneus,0.7869288194197466,0.8043376345749855,0.017408815155238955
MSN,aparc,0.2,Local Efficiency,rh_entorhinal,0.7355981166694625,0.9872219224821027,0.2516238058126402
MSN,aparc,0.2,Local Efficiency,rh_fusiform,0.0,0.0,0.0
MSN,aparc,0.2,Local Efficiency,rh_inferiorparietal,0.8249358362835065,0.8318638683815844,0.0069280320980779075
MSN,aparc,0.2,Local Efficiency,rh_inferiortemporal,0.6243406692519528,0.8592575987744636,0.23491692952251086
MSN,aparc,0.2,Local Efficiency,rh_isthmuscingulate,0.8741242726401163,0.9486005949192774,0.07447632227916112
MSN,aparc,0.2,Local Efficiency,rh_lateraloccipital,0.8083039466480265,0.8667548489035698,0.05845090225554328
MSN,aparc,0.2,Local Efficiency,rh_lateralorbitofrontal,0.0,0.0,0.0
MSN,aparc,0.2,Local Efficiency,rh_lingual,0.7686961561905965,0.7760133378170323,0.007317181626435798
MSN,aparc,0.2,Local Efficiency,rh_medialorbitofrontal,0.0,0.0,0.0
MSN,aparc,0.2,Local Efficiency,rh_middletemporal,0.796653808190649,0.7619331672384041,-0.03472064095224492
MSN,aparc,0.2,Local Efficiency,rh_parahippocampal,0.8371529467769101,0.852085762423398,0.014932815646487851
MSN,aparc,0.2,Local Efficiency,rh_paracentral,0.8416539204870203,0.8615926365539032,0.01993871606688291
MSN,aparc,0.2,Local Efficiency,rh_parsopercularis,0.8494071766154146,0.8847668910788848,0.03535971446347019
MSN,aparc,0.2,Local Efficiency,rh_parsorbitalis,0.8677898473187875,0.8316835274416357,-0.03610631987715185
MSN,aparc,0.2,Local Efficiency,rh_parstriangularis,0.8098184658394378,0.8396427328597791,0.029824267020341244
MSN,aparc,0.2,Local Efficiency,rh_pericalcarine,0.8701547370737152,0.8774383998363341,0.0072836627626189365
MSN,aparc,0.2,Local Efficiency,rh_postcentral,0.8199116391154277,0.804019125148761,-0.0158925139666668
MSN,aparc,0.2,Local Efficiency,rh_posteriorcingulate,0.9129417980714007,0.9443375050690839,0.031395706997683126
MSN,aparc,0.2,Local Efficiency,rh_precentral,0.9490615169786732,0.9358466398456562,-0.013214877133017056
MSN,aparc,0.2,Local Efficiency,rh_precuneus,0.771718274453542,0.8308495703591875,0.059131295905645476
MSN,aparc,0.2,Local Efficiency,rh_rostralanteriorcingulate,0.8385783637990656,0.8491818040977266,0.010603440298661004
MSN,aparc,0.2,Local Efficiency,rh_rostralmiddlefrontal,0.859095644199029,0.7755804041587067,-0.08351524004032229
MSN,aparc,0.2,Local Efficiency,rh_superiorfrontal,0.9379962893031734,0.9357846885210007,-0.0022116007821726402
MSN,aparc,0.2,Local Efficiency,rh_superiorparietal,0.8249944428372213,0.9104551699908832,0.08546072715366182
MSN,aparc,0.2,Local Efficiency,rh_superiortemporal,0.7595146246429884,0.7566626793284286,-0.0028519453145597895
MSN,aparc,0.2,Local Efficiency,rh_supramarginal,0.0,0.0,0.0
MSN,aparc,0.2,Local Efficiency,rh_frontalpole,0.7757546751832932,0.7893320278431212,0.013577352659827957
MSN,aparc,0.2,Local Efficiency,rh_temporalpole,0.9573423530504196,1.0,0.04265764694958041
MSN,aparc,0.2,Local Efficiency,rh_transversetemporal,0.877442173107947,0.9347470106234607,0.05730483751551363
MSN,aparc,0.2,Local Efficiency,rh_insula,0.9072530691497064,0.8860354009756373,-0.021217668174069115
MSN,aparc,0.2,Clustering Coefficient,lh_bankssts,0.816504879793749,0.8265187673706741,0.010013887576925118
MSN,aparc,0.2,Clustering Coefficient,lh_caudalanteriorcingulate,0.845722774660174,0.8289850645066723,-0.016737710153501673
MSN,aparc,0.2,Clustering Coefficient,lh_caudalmiddlefrontal,0.8127012432974083,0.7849075623637326,-0.027793680933675735
MSN,aparc,0.2,Clustering Coefficient,lh_cuneus,0.616815199464481,0.7568083214466318,0.13999312198215075
MSN,aparc,0.2,Clustering Coefficient,lh_entorhinal,0.9977689926861968,0.7394459167126286,-0.2583230759735682
MSN,aparc,0.2,Clustering Coefficient,lh_fusiform,0.0,0.0,0.0
MSN,aparc,0.2,Clustering Coefficient,lh_inferiorparietal,0.9258744101711407,0.8948196649502805,-0.031054745220860158
MSN,aparc,0.2,Clustering Coefficient,lh_inferiortemporal,0.7676130794591837,0.5197596099755651,-0.24785346948361853
MSN,aparc,0.2,Clustering Coefficient,lh_isthmuscingulate,0.8434116123782605,0.946305821498683,0.10289420912042258
MSN,aparc,0.2,Clustering Coefficient,lh_lateraloccipital,0.7738686487828214,0.7860062584618497,0.012137609679028327
MSN,aparc,0.2,Clustering Coefficient,lh_lateralorbitofrontal,0.0,0.0,0.0
MSN,aparc,0.2,Clustering Coefficient,lh_lingual,0.6122331716532435,0.6039000440844993,-0.00833312756874427
MSN,aparc,0.2,Clustering Coefficient,lh_medialorbitofrontal,0.0,0.0,0.0
MSN,aparc,0.2,Clustering Coefficient,lh_middletemporal,0.6261812472585133,0.6160883523538242,-0.01009289490468912
MSN,aparc,0.2,Clustering Coefficient,lh_parahippocampal,0.8004222608476693,0.7451108279048413,-0.05531143294282803
MSN,aparc,0.2,Clustering Coefficient,lh_paracentral,0.7778443729750304,0.7834184412349512,0.005574068259920795
MSN,aparc,0.2,Clustering Coefficient,lh_parsopercularis,0.7300382830565039,0.6950055741630099,-0.03503270889349397
MSN,aparc,0.2,Clustering Coefficient,lh_parsorbitalis,0.7755579796134174,0.7070557986048454,-0.06850218100857208
MSN,aparc,0.2,Clustering Coefficient,lh_parstriangularis,0.7738922141437423,0.8028262355349001,0.02893402139115775
MSN,aparc,0.2,Clustering Coefficient,lh_pericalcarine,0.8858611065510723,0.8872890113992955,0.0014279048482231937
MSN,aparc,0.2,Clustering Coefficient,lh_postcentral,0.7782892551486231,0.65124309515844,-0.1270461599901831
MSN,aparc,0.2,Clustering Coefficient,lh_posteriorcingulate,0.8397939612338337,0.9077116979200237,0.06791773668619006
MSN,aparc,0.2,Clustering Coefficient,lh_precentral,0.9327943095329018,0.9336430307445087,0.0008487212116069509
MSN,aparc,0.2,Clustering Coefficient,lh_precuneus,0.7591766864749927,0.7301548160012572,-0.0290218704737355
MSN,aparc,0.2,Clustering Coefficient,lh_rostralanteriorcingulate,0.901303639543251,0.8572778082361734,-0.0440258313070776
MSN,aparc,0.2,Clustering Coefficient,lh_rostralmiddlefrontal,0.8789189145632313,0.8420112998330604,-0.0369076147301709
MSN,aparc,0.2,Clustering Coefficient,lh_superiorfrontal,0.8042843126336645,0.7942929528752077,-0.009991359758456775
MSN,aparc,0.2,Clustering Coefficient,lh_superiorparietal,0.7799117311593423,0.7934887879710023,0.013577056811659993
MSN,aparc,0.2,Clustering Coefficient,lh_superiortemporal,0.9117667495345584,0.7197896714427142,-0.19197707809184417
MSN,aparc,0.2,Clustering Coefficient,lh_supramarginal,0.9331467452853935,0.9046398396358185,-0.02850690564957503
MSN,aparc,0.2,Clustering Coefficient,lh_frontalpole,0.6980919810520937,0.5639913239134109,-0.1341006571386828
MSN,aparc,0.2,Clustering Coefficient,lh_temporalpole,0.8447331170173267,0.8471540201808684,0.00242090316354171
MSN,aparc,0.2,Clustering Coefficient,lh_transversetemporal,0.8663394951650513,0.7462292638050638,-0.12011023135998744
MSN,aparc,0.2,Clustering Coefficient,lh_insula,0.793762811613798,0.7481094947151916,-0.04565331689860641
MSN,aparc,0.2,Clustering Coefficient,rh_bankssts,0.7113348966541587,0.7970880929147237,0.08575319626056499
MSN,aparc,0.2,Clustering Coefficient,rh_caudalanteriorcingulate,0.8863373870009916,0.9217984758380385,0.035461088837046906
MSN,aparc,0.2,Clustering Coefficient,rh_caudalmiddlefrontal,0.8752527604462501,0.8221260994317521,-0.05312666101449803
MSN,aparc,0.2,Clustering Coefficient,rh_cuneus,0.6662449024105217,0.672434609646874,0.00618970723635226
MSN,aparc,0.2,Clustering Coefficient,rh_entorhinal,0.7355981166694626,0.9872219224821029,0.2516238058126403
MSN,aparc,0.2,Clustering Coefficient,rh_fusiform,0.0,0.0,0.0
MSN,aparc,0.2,Clustering Coefficient,rh_inferiorparietal,0.8137797377980467,0.8133995486194685,-0.000380189178578183
MSN,aparc,0.2,Clustering Coefficient,rh_inferiortemporal,0.603081757965335,0.8156319961342433,0.21255023816890828
MSN,aparc,0.2,Clustering Coefficient,rh_isthmuscingulate,0.8329247847617447,0.9486005949192773,0.11567581015753259
MSN,aparc,0.2,Clustering Coefficient,rh_lateraloccipital,0.7749288616075839,0.7829473604758632,0.008018498868279322
MSN,aparc,0.2,Clustering Coefficient,rh_lateralorbitofrontal,0.0,0.0,0.0
MSN,aparc,0.2,Clustering Coefficient,rh_lingual,0.6417794276824729,0.635481992042744,-0.006297435639728843
MSN,aparc,0.2,Clustering Coefficient,rh_medialorbitofrontal,0.0,0.0,0.0
MSN,aparc,0.2,Clustering Coefficient,rh_middletemporal,0.6850811495253759,0.6106891581422779,-0.07439199138309804
MSN,aparc,0.2,Clustering Coefficient,rh_parahippocampal,0.763635490811051,0.7756503161971701,0.012014825386119088
MSN,aparc,0.2,Clustering Coefficient,rh_paracentral,0.7613754597422988,0.7849241564712294,0.023548696728930563
MSN,aparc,0.2,Clustering Coefficient,rh_parsopercularis,0.7844947171057391,0.8544476171559159,0.06995290005017674
MSN,aparc,0.2,Clustering Coefficient,rh_parsorbitalis,0.775782934964014,0.7076626882181254,-0.06812024674588857
MSN,aparc,0.2,Clustering Coefficient,rh_parstriangularis,0.7395030560082911,0.8015464002800999,0.0620433442718088
MSN,aparc,0.2,Clustering Coefficient,rh_pericalcarine,0.8391348859547609,0.8468487968795912,0.007713910924830314
MSN,aparc,0.2,Clustering Coefficient,rh_postcentral,0.7134312118066658,0.6587653895960414,-0.05466582221062444
MSN,aparc,0.2,Clustering Coefficient,rh_posteriorcingulate,0.8834581980490933,0.9355511784141611,0.05209298036506782
MSN,aparc,0.2,Clustering Coefficient,rh_precentral,0.9362442171482245,0.8955072965403599,-0.0407369206078646
MSN,aparc,0.2,Clustering Coefficient,rh_precuneus,0.6637885178732481,0.7450370298625727,0.08124851198932459
MSN,aparc,0.2,Clustering Coefficient,rh_rostralanteriorcingulate,0.7575129203869582,0.772644370170081,0.015131449783122863
MSN,aparc,0.2,Clustering Coefficient,rh_rostralmiddlefrontal,0.7767662847562341,0.7003888453181857,-0.07637743943804842
MSN,aparc,0.2,Clustering Coefficient,rh_superiorfrontal,0.9379962893031734,0.9236362326285499,-0.014360056674623478
MSN,aparc,0.2,Clustering Coefficient,rh_superiorparietal,0.7181665511252069,0.8482429009693343,0.13007634984412741
MSN,aparc,0.2,Clustering Coefficient,rh_superiortemporal,0.6337900366988432,0.6360749875269465,0.002284950828103316
MSN,aparc,0.2,Clustering Coefficient,rh_supramarginal,0.0,0.0,0.0
MSN,aparc,0.2,Clustering Coefficient,rh_frontalpole,0.629119364465797,0.6486915383619062,0.019572173896109213
MSN,aparc,0.2,Clustering Coefficient,rh_temporalpole,0.923884218302541,1.0,0.07611578169745903
MSN,aparc,0.2,Clustering Coefficient,rh_transversetemporal,0.8174277572313936,0.9161443224135156,0.09871656518212202
MSN,aparc,0.2,Clustering Coefficient,rh_insula,0.868276498303506,0.8262830318413182,-0.04199346646218771
MSN,aparc,0.2,Betweenness Centrality,lh_bankssts,0.0027223230490018148,0.0018148820326678765,-0.0009074410163339383
MSN,aparc,0.2,Betweenness Centrality,lh_caudalanteriorcingulate,0.0426497277676951,0.0,-0.0426497277676951
MSN,aparc,0.2,Betweenness Centrality,lh_caudalmiddlefrontal,0.0018148820326678765,0.0,-0.0018148820326678765
MSN,aparc,0.2,Betweenness Centrality,lh_cuneus,0.022686025408348458,0.016333938294010888,-0.00635208711433757
MSN,aparc,0.2,Betweenness Centrality,lh_entorhinal,0.0,1.0,1.0
MSN,aparc,0.2,Betweenness Centrality,lh_fusiform,0.0,0.0,0.0
MSN,aparc,0.2,Betweenness Centrality,lh_inferiorparietal,0.0,0.0,0.0
MSN,aparc,0.2,Betweenness Centrality,lh_inferiortemporal,0.0,0.9528130671506352,0.9528130671506352
MSN,aparc,0.2,Betweenness Centrality,lh_isthmuscingulate,0.0,0.0,0.0
MSN,aparc,0.2,Betweenness Centrality,lh_lateraloccipital,0.0009074410163339383,0.0,-0.0009074410163339383
MSN,aparc,0.2,Betweenness Centrality,lh_lateralorbitofrontal,0.0,0.0,0.0
MSN,aparc,0.2,Betweenness Centrality,lh_lingual,0.08620689655172414,0.0925589836660617,0.00635208711433756
MSN,aparc,0.2,Betweenness Centrality,lh_medialorbitofrontal,0.0,0.0,0.0
MSN,aparc,0.2,Betweenness Centrality,lh_middletemporal,0.13157894736842105,0.056261343012704176,-0.07531760435571687
MSN,aparc,0.2,Betweenness Centrality,lh_parahippocampal,0.0,0.05989110707803993,0.05989110707803993
MSN,aparc,0.2,Betweenness Centrality,lh_paracentral,0.0009074410163339383,0.0,-0.0009074410163339383
MSN,aparc,0.2,Betweenness Centrality,lh_parsopercularis,0.9800362976406534,0.9909255898366606,0.010889292196007205
MSN,aparc,0.2,Betweenness Centrality,lh_parsorbitalis,0.0,0.0009074410163339383,0.0009074410163339383
MSN,aparc,0.2,Betweenness Centrality,lh_parstriangularis,0.0,0.0009074410163339383,0.0009074410163339383
MSN,aparc,0.2,Betweenness Centrality,lh_pericalcarine,0.0,0.0,0.0
MSN,aparc,0.2,Betweenness Centrality,lh_postcentral,0.019056261343012703,0.019963702359346643,0.0009074410163339396
MSN,aparc,0.2,Betweenness Centrality,lh_posteriorcingulate,0.0,0.0,0.0
MSN,aparc,0.2,Betweenness Centrality,lh_precentral,0.0,0.0,0.0
MSN,aparc,0.2,Betweenness Centrality,lh_precuneus,0.0,0.0,0.0
MSN,aparc,0.2,Betweenness Centrality,lh_rostralanteriorcingulate,0.0,0.0,0.0
MSN,aparc,0.2,Betweenness Centrality,lh_rostralmiddlefrontal,0.0780399274047187,0.07985480943738657,0.0018148820326678722
MSN,aparc,0.2,Betweenness Centrality,lh_superiorfrontal,0.9528130671506352,0.9364791288566243,-0.016333938294010864
MSN,aparc,0.2,Betweenness Centrality,lh_superiorparietal,0.0,0.0009074410163339383,0.0009074410163339383
MSN,aparc,0.2,Betweenness Centrality,lh_superiortemporal,0.0,0.0,0.0
MSN,aparc,0.2,Betweenness Centrality,lh_supramarginal,0.0,0.0,0.0
MSN,aparc,0.2,Betweenness Centrality,lh_frontalpole,0.05353901996370236,0.9473684210526315,0.8938294010889292
MSN,aparc,0.2,Betweenness Centrality,lh_temporalpole,0.0,0.028130671506352088,0.028130671506352088
MSN,aparc,0.2,Betweenness Centrality,lh_transversetemporal,0.0018148820326678765,0.05989110707803993,0.05807622504537205
MSN,aparc,0.2,Betweenness Centrality,lh_insula,0.11796733212341198,0.17422867513611615,0.05626134301270416
MSN,aparc,0.2,Betweenness Centrality,rh_bankssts,0.1306715063520871,0.013611615245009074,-0.11705989110707803
MSN,aparc,0.2,Betweenness Centrality,rh_caudalanteriorcingulate,0.0054446460980036296,0.0,-0.0054446460980036296
MSN,aparc,0.2,Betweenness Centrality,rh_caudalmiddlefrontal,0.0,0.0,0.0
MSN,aparc,0.2,Betweenness Centrality,rh_cuneus,0.06987295825771325,0.04809437386569873,-0.02177858439201452
MSN,aparc,0.2,Betweenness Centrality,rh_entorhinal,0.9909255898366606,0.0,-0.9909255898366606
MSN,aparc,0.2,Betweenness Centrality,rh_fusiform,0.05989110707803993,0.0,-0.05989110707803993
MSN,aparc,0.2,Betweenness Centrality,rh_inferiorparietal,0.05989110707803993,0.22050816696914702,0.16061705989110708
MSN,aparc,0.2,Betweenness Centrality,rh_inferiortemporal,0.9673321234119783,0.0,-0.9673321234119783
MSN,aparc,0.2,Betweenness Centrality,rh_isthmuscingulate,0.0,0.0,0.0
MSN,aparc,0.2,Betweenness Centrality,rh_lateraloccipital,0.11796733212341198,0.0,-0.11796733212341198
MSN,aparc,0.2,Betweenness Centrality,rh_lateralorbitofrontal,0.05989110707803993,0.11887477313974591,0.058983666061705985
MSN,aparc,0.2,Betweenness Centrality,rh_lingual,0.004537205081669692,0.0027223230490018148,-0.001814882032667877
MSN,aparc,0.2,Betweenness Centrality,rh_medialorbitofrontal,0.05989110707803993,0.0,-0.05989110707803993
MSN,aparc,0.2,Betweenness Centrality,rh_middletemporal,0.0,0.0009074410163339383,0.0009074410163339383
MSN,aparc,0.2,Betweenness Centrality,rh_parahippocampal,0.0009074410163339383,0.015426497277676952,0.014519056261343014
MSN,aparc,0.2,Betweenness Centrality,rh_paracentral,0.0009074410163339383,0.29219600725952816,0.2912885662431942
MSN,aparc,0.2,Betweenness Centrality,rh_parsopercularis,0.14882032667876588,0.0,-0.14882032667876588
MSN,aparc,0.2,Betweenness Centrality,rh_parsorbitalis,0.08257713248638839,0.0,-0.08257713248638839
MSN,aparc,0.2,Betweenness Centrality,rh_parstriangularis,0.0,0.0,0.0
MSN,aparc,0.2,Betweenness Centrality,rh_pericalcarine,0.0009074410163339383,0.0,-0.0009074410163339383
MSN,aparc,0.2,Betweenness Centrality,rh_postcentral,0.0054446460980036296,0.11887477313974591,0.11343012704174228
MSN,aparc,0.2,Betweenness Centrality,rh_posteriorcingulate,0.0,0.0,0.0
MSN,aparc,0.2,Betweenness Centrality,rh_precentral,0.0,0.039927404718693285,0.039927404718693285
MSN,aparc,0.2,Betweenness Centrality,rh_precuneus,0.0018148820326678765,0.0,-0.0018148820326678765
MSN,aparc,0.2,Betweenness Centrality,rh_rostralanteriorcingulate,0.530852994555354,0.29219600725952816,-0.2386569872958258
MSN,aparc,0.2,Betweenness Centrality,rh_rostralmiddlefrontal,0.2014519056261343,0.22323049001814882,0.02177858439201452
MSN,aparc,0.2,Betweenness Centrality,rh_superiorfrontal,0.0,0.0,0.0
MSN,aparc,0.2,Betweenness Centrality,rh_superiorparietal,0.047186932849364795,0.0,-0.047186932849364795
MSN,aparc,0.2,Betweenness Centrality,rh_superiortemporal,0.0,0.0018148820326678765,0.0018148820326678765
MSN,aparc,0.2,Betweenness Centrality,rh_supramarginal,0.0,0.0,0.0
MSN,aparc,0.2,Betweenness Centrality,rh_frontalpole,0.76497277676951,0.0,-0.76497277676951
MSN,aparc,0.2,Betweenness Centrality,rh_temporalpole,0.0,0.0,0.0
MSN,aparc,0.2,Betweenness Centrality,rh_transversetemporal,0.0,0.0,0.0
MSN,aparc,0.2,Betweenness Centrality,rh_insula,0.0,0.0,0.0
MSN,aparc,0.2,Eigenvector Centrality,lh_bankssts,0.9691676990310826,0.958670595365685,-0.010497103665397578
MSN,aparc,0.2,Eigenvector Centrality,lh_caudalanteriorcingulate,0.9396572179343086,0.96267951334703,0.023022295412721383
MSN,aparc,0.2,Eigenvector Centrality,lh_caudalmiddlefrontal,0.8848559896254085,0.8995714832396718,0.014715493614263386
MSN,aparc,0.2,Eigenvector Centrality,lh_cuneus,6.34752090278344e-07,1.1797655968343303e-07,-5.16775530594911e-07
MSN,aparc,0.2,Eigenvector Centrality,lh_entorhinal,0.0014202887156233063,0.014733780098724992,0.013313491383101686
MSN,aparc,0.2,Eigenvector Centrality,lh_fusiform,0.0007331058124060568,0.009671242153110453,0.008938136340704396
MSN,aparc,0.2,Eigenvector Centrality,lh_inferiorparietal,1.5039810263213e-06,4.960097481375963e-07,-1.0079712781837038e-06
MSN,aparc,0.2,Eigenvector Centrality,lh_inferiortemporal,0.00020445758779733192,0.00013484157587221194,-6.961601192511998e-05
MSN,aparc,0.2,Eigenvector Centrality,lh_isthmuscingulate,0.916428565885506,0.7789016720396922,-0.13752689384581385
MSN,aparc,0.2,Eigenvector Centrality,lh_lateraloccipital,1.6156396654061991e-06,7.75880142591912e-07,-8.397595228142871e-07
MSN,aparc,0.2,Eigenvector Centrality,lh_lateralorbitofrontal,0.00098692671943454,0.0011102271452441274,0.00012330042580958726
MSN,aparc,0.2,Eigenvector Centrality,lh_lingual,6.266395668872554e-07,2.4962144933018376e-07,-3.770181175570716e-07
MSN,aparc,0.2,Eigenvector Centrality,lh_medialorbitofrontal,0.0,0.0005257708627094471,0.0005257708627094471
MSN,aparc,0.2,Eigenvector Centrality,lh_middletemporal,0.0005007702562342647,0.0002613871625014641,-0.00023938309373280062
MSN,aparc,0.2,Eigenvector Centrality,lh_parahippocampal,0.627563237927046,0.5737236841173442,-0.053839553809701846
MSN,aparc,0.2,Eigenvector Centrality,lh_paracentral,0.8603777579831166,0.9096757636268787,0.04929800564376219
MSN,aparc,0.2,Eigenvector Centrality,lh_parsopercularis,0.3678706315898714,0.43612718238072146,0.06825655079085008
MSN,aparc,0.2,Eigenvector Centrality,lh_parsorbitalis,0.001459567061107447,0.0012155260687948908,-0.00024404099231255618
MSN,aparc,0.2,Eigenvector Centrality,lh_parstriangularis,0.8016988091633938,0.7710661955043716,-0.030632613659022145
MSN,aparc,0.2,Eigenvector Centrality,lh_pericalcarine,8.928857210909044e-08,2.7471326727180574e-08,-6.181724538190986e-08
MSN,aparc,0.2,Eigenvector Centrality,lh_postcentral,1.606233553917716e-06,5.59257385322961e-07,-1.046976168594755e-06
MSN,aparc,0.2,Eigenvector Centrality,lh_posteriorcingulate,0.9299773606460163,0.8564393494177741,-0.07353801122824222
MSN,aparc,0.2,Eigenvector Centrality,lh_precentral,1.5475327242044538e-06,7.575969833002689e-07,-7.899357409041849e-07
MSN,aparc,0.2,Eigenvector Centrality,lh_precuneus,1.755694730388028e-07,1.0896283778481708e-07,-6.660663525398571e-08
MSN,aparc,0.2,Eigenvector Centrality,lh_rostralanteriorcingulate,0.42250308571618983,0.6675442241151743,0.2450411383989845
MSN,aparc,0.2,Eigenvector Centrality,lh_rostralmiddlefrontal,1.5801807643769454e-06,7.936228788888072e-07,-7.865578854881381e-07
MSN,aparc,0.2,Eigenvector Centrality,lh_superiorfrontal,7.05507673603147e-06,5.1969786052139594e-06,-1.8580981308175103e-06
MSN,aparc,0.2,Eigenvector Centrality,lh_superiorparietal,1.6196306510414009e-06,7.862497164657913e-07,-8.333809345756096e-07
MSN,aparc,0.2,Eigenvector Centrality,lh_superiortemporal,8.054723421057524e-05,4.701154212339737e-05,-3.353569208717787e-05
MSN,aparc,0.2,Eigenvector Centrality,lh_supramarginal,1.4442014219445502e-06,7.38385996910567e-07,-7.058154250339832e-07
MSN,aparc,0.2,Eigenvector Centrality,lh_frontalpole,0.0014140495678353628,0.001154251360998319,-0.0002597982068370439
MSN,aparc,0.2,Eigenvector Centrality,lh_temporalpole,0.0014504533692862073,0.0012065302375367515,-0.0002439231317494558
MSN,aparc,0.2,Eigenvector Centrality,lh_transversetemporal,0.9543386723878867,0.9432890640999558,-0.01104960828793089
MSN,aparc,0.2,Eigenvector Centrality,lh_insula,0.8990412459301204,0.9473193764667758,0.04827813053665542
MSN,aparc,0.2,Eigenvector Centrality,rh_bankssts,1.0,0.9903019659627122,-0.00969803403728775
MSN,aparc,0.2,Eigenvector Centrality,rh_caudalanteriorcingulate,0.761606729834133,0.8086167503373745,0.047010020503241434
MSN,aparc,0.2,Eigenvector Centrality,rh_caudalmiddlefrontal,0.37468837823501866,0.8752058406609902,0.5005174624259715
MSN,aparc,0.2,Eigenvector Centrality,rh_cuneus,1.0951638987450635e-06,3.9238942662139503e-07,-7.027744721236685e-07
MSN,aparc,0.2,Eigenvector Centrality,rh_entorhinal,0.016389578822994813,0.001195005992087682,-0.015194572830907131
MSN,aparc,0.2,Eigenvector Centrality,rh_fusiform,0.02592052865188827,0.01539869175800693,-0.01052183689388134
MSN,aparc,0.2,Eigenvector Centrality,rh_inferiorparietal,1.5335496373802068e-06,7.638339467571578e-07,-7.69715690623049e-07
MSN,aparc,0.2,Eigenvector Centrality,rh_inferiortemporal,0.00014001911880919736,8.752073520053029e-05,-5.249838360866707e-05
MSN,aparc,0.2,Eigenvector Centrality,rh_isthmuscingulate,0.8584833164887412,0.7816041184791812,-0.07687919800956
MSN,aparc,0.2,Eigenvector Centrality,rh_lateraloccipital,1.5706266857891092e-06,7.755063532297543e-07,-7.951203325593549e-07
MSN,aparc,0.2,Eigenvector Centrality,rh_lateralorbitofrontal,0.02847625390817254,0.031741657260342504,0.0032654033521699634
MSN,aparc,0.2,Eigenvector Centrality,rh_lingual,7.876355814760736e-07,3.279028184411279e-07,-4.597327630349457e-07
MSN,aparc,0.2,Eigenvector Centrality,rh_medialorbitofrontal,4.721331858075989e-08,2.745028659655888e-08,-1.9763031984201012e-08
MSN,aparc,0.2,Eigenvector Centrality,rh_middletemporal,0.00033954962244820634,0.00025420219775905184,-8.53474246891545e-05
MSN,aparc,0.2,Eigenvector Centrality,rh_parahippocampal,0.9031554097891669,0.94920160323269,0.04604619344352312
MSN,aparc,0.2,Eigenvector Centrality,rh_paracentral,0.9620954809394736,0.9662325023414335,0.004137021401959928
MSN,aparc,0.2,Eigenvector Centrality,rh_parsopercularis,0.8709070610358141,0.6647600529374807,-0.2061470080983333
MSN,aparc,0.2,Eigenvector Centrality,rh_parsorbitalis,0.0014491679750026955,0.0011794055352493781,-0.0002697624397533173
MSN,aparc,0.2,Eigenvector Centrality,rh_parstriangularis,0.8607417149110865,0.6769122377087089,-0.18382947720237763
MSN,aparc,0.2,Eigenvector Centrality,rh_pericalcarine,1.2970389869945157e-07,4.3165291183660546e-08,-8.653860751579103e-08
MSN,aparc,0.2,Eigenvector Centrality,rh_postcentral,1.591837787980545e-06,5.216963272931407e-07,-1.0701414606874043e-06
MSN,aparc,0.2,Eigenvector Centrality,rh_posteriorcingulate,0.7583325333427989,0.8270620470300668,0.06872951368726787
MSN,aparc,0.2,Eigenvector Centrality,rh_precentral,1.5379831387354232e-06,7.777742826356956e-07,-7.602088560997276e-07
MSN,aparc,0.2,Eigenvector Centrality,rh_precuneus,3.209344851415454e-07,1.1344474127578374e-07,-2.0748974386576167e-07
MSN,aparc,0.2,Eigenvector Centrality,rh_rostralanteriorcingulate,0.9538723993570912,0.9432907916468367,-0.010581607710254515
MSN,aparc,0.2,Eigenvector Centrality,rh_rostralmiddlefrontal,1.6246548882964087e-06,7.823171981448155e-07,-8.423376901515933e-07
MSN,aparc,0.2,Eigenvector Centrality,rh_superiorfrontal,1.467102536696692e-06,7.30057558751287e-07,-7.37044977945405e-07
MSN,aparc,0.2,Eigenvector Centrality,rh_superiorparietal,1.6122609032968473e-06,7.84992655496133e-07,-8.272682478007143e-07
MSN,aparc,0.2,Eigenvector Centrality,rh_superiortemporal,0.00039667804236417757,0.00023988444116387767,-0.0001567936012002999
MSN,aparc,0.2,Eigenvector Centrality,rh_supramarginal,5.309179450646319e-08,2.5621691025104654e-08,-2.7470103481358537e-08
MSN,aparc,0.2,Eigenvector Centrality,rh_frontalpole,0.0013440941244732647,0.0010589851816166286,-0.00028510894285663614
MSN,aparc,0.2,Eigenvector Centrality,rh_temporalpole,0.0014396592373274225,0.0011999029484095463,-0.0002397562889178762
MSN,aparc,0.2,Eigenvector Centrality,rh_transversetemporal,0.9709623530050235,0.8688427630277581,-0.10211958997726545
MSN,aparc,0.2,Eigenvector Centrality,rh_insula,0.9574384013679172,0.9581093345166758,0.0006709331487585457
MSN,aparc,0.2,Node Degree,lh_bankssts,0.9090909090909091,0.9545454545454546,0.045454545454545525
MSN,aparc,0.2,Node Degree,lh_caudalanteriorcingulate,0.8636363636363636,0.9545454545454546,0.09090909090909094
MSN,aparc,0.2,Node Degree,lh_caudalmiddlefrontal,0.8636363636363636,0.9545454545454546,0.09090909090909094
MSN,aparc,0.2,Node Degree,lh_cuneus,0.5454545454545454,0.36363636363636365,-0.18181818181818177
MSN,aparc,0.2,Node Degree,lh_entorhinal,0.2727272727272727,0.3181818181818182,0.04545454545454547
MSN,aparc,0.2,Node Degree,lh_fusiform,0.0,0.0,0.0
MSN,aparc,0.2,Node Degree,lh_inferiorparietal,0.6363636363636364,0.5909090909090909,-0.045454545454545414
MSN,aparc,0.2,Node Degree,lh_inferiortemporal,0.2727272727272727,0.2727272727272727,0.0
MSN,aparc,0.2,Node Degree,lh_isthmuscingulate,0.8636363636363636,0.7272727272727273,-0.13636363636363635
MSN,aparc,0.2,Node Degree,lh_lateraloccipital,0.7727272727272727,0.7272727272727273,-0.045454545454545414
MSN,aparc,0.2,Node Degree,lh_lateralorbitofrontal,0.0,0.0,0.0
MSN,aparc,0.2,Node Degree,lh_lingual,0.5454545454545454,0.5454545454545454,0.0
MSN,aparc,0.2,Node Degree,lh_medialorbitofrontal,0.0,0.0,0.0
MSN,aparc,0.2,Node Degree,lh_middletemporal,0.45454545454545453,0.36363636363636365,-0.09090909090909088
MSN,aparc,0.2,Node Degree,lh_parahippocampal,0.6363636363636364,0.6363636363636364,0.0
MSN,aparc,0.2,Node Degree,lh_paracentral,0.8636363636363636,0.9545454545454546,0.09090909090909094
MSN,aparc,0.2,Node Degree,lh_parsopercularis,0.4090909090909091,0.5,0.09090909090909088
MSN,aparc,0.2,Node Degree,lh_parsorbitalis,0.4090909090909091,0.4090909090909091,0.0
MSN,aparc,0.2,Node Degree,lh_parstriangularis,0.8181818181818182,0.8181818181818182,0.0
MSN,aparc,0.2,Node Degree,lh_pericalcarine,0.18181818181818182,0.18181818181818182,0.0
MSN,aparc,0.2,Node Degree,lh_postcentral,0.7727272727272727,0.8181818181818182,0.045454545454545525
MSN,aparc,0.2,Node Degree,lh_posteriorcingulate,0.8636363636363636,0.8181818181818182,-0.045454545454545414
MSN,aparc,0.2,Node Degree,lh_precentral,0.6363636363636364,0.5909090909090909,-0.045454545454545414
MSN,aparc,0.2,Node Degree,lh_precuneus,0.2727272727272727,0.36363636363636365,0.09090909090909094
MSN,aparc,0.2,Node Degree,lh_rostralanteriorcingulate,0.4090909090909091,0.6818181818181818,0.27272727272727265
MSN,aparc,0.2,Node Degree,lh_rostralmiddlefrontal,0.6818181818181818,0.6818181818181818,0.0
MSN,aparc,0.2,Node Degree,lh_superiorfrontal,0.6363636363636364,0.5,-0.13636363636363635
MSN,aparc,0.2,Node Degree,lh_superiorparietal,0.7727272727272727,0.7272727272727273,-0.045454545454545414
MSN,aparc,0.2,Node Degree,lh_superiortemporal,0.18181818181818182,0.18181818181818182,0.0
MSN,aparc,0.2,Node Degree,lh_supramarginal,0.5909090909090909,0.5909090909090909,0.0
MSN,aparc,0.2,Node Degree,lh_frontalpole,0.45454545454545453,0.5,0.04545454545454547
MSN,aparc,0.2,Node Degree,lh_temporalpole,0.36363636363636365,0.3181818181818182,-0.04545454545454547
MSN,aparc,0.2,Node Degree,lh_transversetemporal,0.8636363636363636,1.0,0.13636363636363635
MSN,aparc,0.2,Node Degree,lh_insula,0.8636363636363636,1.0,0.13636363636363635
MSN,aparc,0.2,Node Degree,rh_bankssts,1.0,1.0,0.0
MSN,aparc,0.2,Node Degree,rh_caudalanteriorcingulate,0.6818181818181818,0.7727272727272727,0.09090909090909094
MSN,aparc,0.2,Node Degree,rh_caudalmiddlefrontal,0.36363636363636365,0.9090909090909091,0.5454545454545454
MSN,aparc,0.2,Node Degree,rh_cuneus,0.7272727272727273,0.6363636363636364,-0.09090909090909094
MSN,aparc,0.2,Node Degree,rh_entorhinal,0.3181818181818182,0.2727272727272727,-0.04545454545454547
MSN,aparc,0.2,Node Degree,rh_fusiform,0.045454545454545456,0.0,-0.045454545454545456
MSN,aparc,0.2,Node Degree,rh_inferiorparietal,0.6818181818181818,0.6363636363636364,-0.045454545454545414
MSN,aparc,0.2,Node Degree,rh_inferiortemporal,0.2727272727272727,0.18181818181818182,-0.09090909090909088
MSN,aparc,0.2,Node Degree,rh_isthmuscingulate,0.8181818181818182,0.7272727272727273,-0.09090909090909094
MSN,aparc,0.2,Node Degree,rh_lateraloccipital,0.7272727272727273,0.7272727272727273,0.0
MSN,aparc,0.2,Node Degree,rh_lateralorbitofrontal,0.045454545454545456,0.09090909090909091,0.045454545454545456
MSN,aparc,0.2,Node Degree,rh_lingual,0.5909090909090909,0.5909090909090909,0.0
MSN,aparc,0.2,Node Degree,rh_medialorbitofrontal,0.045454545454545456,0.0,-0.045454545454545456
MSN,aparc,0.2,Node Degree,rh_middletemporal,0.36363636363636365,0.36363636363636365,0.0
MSN,aparc,0.2,Node Degree,rh_parahippocampal,0.9090909090909091,1.0,0.09090909090909094
MSN,aparc,0.2,Node Degree,rh_paracentral,0.9545454545454546,1.0,0.045454545454545414
MSN,aparc,0.2,Node Degree,rh_parsopercularis,0.8636363636363636,0.6818181818181818,-0.18181818181818188
MSN,aparc,0.2,Node Degree,rh_parsorbitalis,0.4090909090909091,0.4090909090909091,0.0
MSN,aparc,0.2,Node Degree,rh_parstriangularis,0.9090909090909091,0.7272727272727273,-0.18181818181818177
MSN,aparc,0.2,Node Degree,rh_pericalcarine,0.22727272727272727,0.22727272727272727,0.0
MSN,aparc,0.2,Node Degree,rh_postcentral,0.8181818181818182,0.7727272727272727,-0.045454545454545525
MSN,aparc,0.2,Node Degree,rh_posteriorcingulate,0.6818181818181818,0.7727272727272727,0.09090909090909094
MSN,aparc,0.2,Node Degree,rh_precentral,0.6363636363636364,0.6363636363636364,0.0
MSN,aparc,0.2,Node Degree,rh_precuneus,0.36363636363636365,0.36363636363636365,0.0
MSN,aparc,0.2,Node Degree,rh_rostralanteriorcingulate,0.9545454545454546,1.0,0.045454545454545414
MSN,aparc,0.2,Node Degree,rh_rostralmiddlefrontal,0.7727272727272727,0.7727272727272727,0.0
MSN,aparc,0.2,Node Degree,rh_superiorfrontal,0.5909090909090909,0.5454545454545454,-0.045454545454545525
MSN,aparc,0.2,Node Degree,rh_superiorparietal,0.8181818181818182,0.6818181818181818,-0.13636363636363646
MSN,aparc,0.2,Node Degree,rh_superiortemporal,0.4090909090909091,0.2727272727272727,-0.1363636363636364
MSN,aparc,0.2,Node Degree,rh_supramarginal,0.0,0.0,0.0
MSN,aparc,0.2,Node Degree,rh_frontalpole,0.5,0.4090909090909091,-0.09090909090909088
MSN,aparc,0.2,Node Degree,rh_temporalpole,0.3181818181818182,0.2727272727272727,-0.04545454545454547
MSN,aparc,0.2,Node Degree,rh_transversetemporal,0.9090909090909091,0.8181818181818182,-0.09090909090909083
MSN,aparc,0.2,Node Degree,rh_insula,0.8636363636363636,0.9545454545454546,0.09090909090909094
MSN,aparc,0.25,Participation Coefficient,lh_bankssts,0.0,0.0,0.0
MSN,aparc,0.25,Participation Coefficient,lh_caudalanteriorcingulate,0.0,0.0,0.0
MSN,aparc,0.25,Participation Coefficient,lh_caudalmiddlefrontal,0.0,0.0,0.0
MSN,aparc,0.25,Participation Coefficient,lh_cuneus,0.0,0.0,0.0
MSN,aparc,0.25,Participation Coefficient,lh_entorhinal,0.4779326182093155,0.2479425090472253,-0.22999010916209017
MSN,aparc,0.25,Participation Coefficient,lh_fusiform,0.0,0.0,0.0
MSN,aparc,0.25,Participation Coefficient,lh_inferiorparietal,0.0,0.0,0.0
MSN,aparc,0.25,Participation Coefficient,lh_inferiortemporal,0.4649372569688172,0.26743421049508015,-0.19750304647373707
MSN,aparc,0.25,Participation Coefficient,lh_isthmuscingulate,0.0,0.0,0.0
MSN,aparc,0.25,Participation Coefficient,lh_lateraloccipital,0.0,0.0,0.0
MSN,aparc,0.25,Participation Coefficient,lh_lateralorbitofrontal,0.0,0.0,0.0
MSN,aparc,0.25,Participation Coefficient,lh_lingual,0.0,0.0,0.0
MSN,aparc,0.25,Participation Coefficient,lh_medialorbitofrontal,0.0,0.0,0.0
MSN,aparc,0.25,Participation Coefficient,lh_middletemporal,0.0,0.0,0.0
MSN,aparc,0.25,Participation Coefficient,lh_parahippocampal,0.13238798535353746,0.0,-0.13238798535353746
MSN,aparc,0.25,Participation Coefficient,lh_paracentral,0.0,0.0,0.0
MSN,aparc,0.25,Participation Coefficient,lh_parsopercularis,0.47901143754371267,0.12929835617284957,-0.3497130813708631
MSN,aparc,0.25,Participation Coefficient,lh_parsorbitalis,0.0,0.0,0.0
MSN,aparc,0.25,Participation Coefficient,lh_parstriangularis,0.0,0.0,0.0
MSN,aparc,0.25,Participation Coefficient,lh_pericalcarine,0.0,0.0,0.0
MSN,aparc,0.25,Participation Coefficient,lh_postcentral,0.0,0.0,0.0
MSN,aparc,0.25,Participation Coefficient,lh_posteriorcingulate,0.0,0.0,0.0
MSN,aparc,0.25,Participation Coefficient,lh_precentral,0.0,0.0,0.0
MSN,aparc,0.25,Participation Coefficient,lh_precuneus,0.0,0.0,0.0
MSN,aparc,0.25,Participation Coefficient,lh_rostralanteriorcingulate,0.3055112886536872,0.0,-0.3055112886536872
MSN,aparc,0.25,Participation Coefficient,lh_rostralmiddlefrontal,0.0,0.0,0.0
MSN,aparc,0.25,Participation Coefficient,lh_superiorfrontal,0.5817135792085177,0.19695034043493584,-0.3847632387735819
MSN,aparc,0.25,Participation Coefficient,lh_superiorparietal,0.0,0.0,0.0
MSN,aparc,0.25,Participation Coefficient,lh_superiortemporal,0.29071206473950006,0.0,-0.29071206473950006
MSN,aparc,0.25,Participation Coefficient,lh_supramarginal,0.18772725283715336,0.0,-0.18772725283715336
MSN,aparc,0.25,Participation Coefficient,lh_frontalpole,0.0,0.0,0.0
MSN,aparc,0.25,Participation Coefficient,lh_temporalpole,0.0,0.0,0.0
MSN,aparc,0.25,Participation Coefficient,lh_transversetemporal,0.0,0.0,0.0
MSN,aparc,0.25,Participation Coefficient,lh_insula,0.0,0.11520822645525704,0.11520822645525704
MSN,aparc,0.25,Participation Coefficient,rh_bankssts,0.0,0.0,0.0
MSN,aparc,0.25,Participation Coefficient,rh_caudalanteriorcingulate,0.0,0.0,0.0
MSN,aparc,0.25,Participation Coefficient,rh_caudalmiddlefrontal,0.0,0.0,0.0
MSN,aparc,0.25,Participation Coefficient,rh_cuneus,0.0,0.0,0.0
MSN,aparc,0.25,Participation Coefficient,rh_entorhinal,0.6887199341644875,0.0,-0.6887199341644875
MSN,aparc,0.25,Participation Coefficient,rh_fusiform,0.0,0.0,0.0
MSN,aparc,0.25,Participation Coefficient,rh_inferiorparietal,0.0,0.0,0.0
MSN,aparc,0.25,Participation Coefficient,rh_inferiortemporal,0.6889523592132352,0.0,-0.6889523592132352
MSN,aparc,0.25,Participation Coefficient,rh_isthmuscingulate,0.0,0.0,0.0
MSN,aparc,0.25,Participation Coefficient,rh_lateraloccipital,0.0,0.0,0.0
MSN,aparc,0.25,Participation Coefficient,rh_lateralorbitofrontal,0.0,1.0,1.0
MSN,aparc,0.25,Participation Coefficient,rh_lingual,0.0,0.0,0.0
MSN,aparc,0.25,Participation Coefficient,rh_medialorbitofrontal,0.0,0.0,0.0
MSN,aparc,0.25,Participation Coefficient,rh_middletemporal,0.22283884488490358,0.0,-0.22283884488490358
MSN,aparc,0.25,Participation Coefficient,rh_parahippocampal,0.0,0.0,0.0
MSN,aparc,0.25,Participation Coefficient,rh_paracentral,0.0,0.0,0.0
MSN,aparc,0.25,Participation Coefficient,rh_parsopercularis,0.0,0.0,0.0
MSN,aparc,0.25,Participation Coefficient,rh_parsorbitalis,0.0,0.0,0.0
MSN,aparc,0.25,Participation Coefficient,rh_parstriangularis,0.0,0.0,0.0
MSN,aparc,0.25,Participation Coefficient,rh_pericalcarine,0.0,0.0,0.0
MSN,aparc,0.25,Participation Coefficient,rh_postcentral,0.0,0.0,0.0
MSN,aparc,0.25,Participation Coefficient,rh_posteriorcingulate,0.0,0.0,0.0
MSN,aparc,0.25,Participation Coefficient,rh_precentral,0.0,0.0,0.0
MSN,aparc,0.25,Participation Coefficient,rh_precuneus,0.0,0.0,0.0
MSN,aparc,0.25,Participation Coefficient,rh_rostralanteriorcingulate,0.0,0.0,0.0
MSN,aparc,0.25,Participation Coefficient,rh_rostralmiddlefrontal,0.0,0.0,0.0
MSN,aparc,0.25,Participation Coefficient,rh_superiorfrontal,0.34603235066685506,0.0,-0.34603235066685506
MSN,aparc,0.25,Participation Coefficient,rh_superiorparietal,0.0,0.0,0.0
MSN,aparc,0.25,Participation Coefficient,rh_superiortemporal,0.0,0.0,0.0
MSN,aparc,0.25,Participation Coefficient,rh_supramarginal,0.0,0.0,0.0
MSN,aparc,0.25,Participation Coefficient,rh_frontalpole,0.0,0.0,0.0
MSN,aparc,0.25,Participation Coefficient,rh_temporalpole,0.22702408527018123,0.0,-0.22702408527018123
MSN,aparc,0.25,Participation Coefficient,rh_transversetemporal,0.0,0.0,0.0
MSN,aparc,0.25,Participation Coefficient,rh_insula,0.0,0.0,0.0
MSN,aparc,0.25,Node Versatility,lh_bankssts,0.16418593879230958,0.0022445680530156016,-0.161941370739294
MSN,aparc,0.25,Node Versatility,lh_caudalanteriorcingulate,0.17660469184536795,0.0022445680530156016,-0.17436012379235236
MSN,aparc,0.25,Node Versatility,lh_caudalmiddlefrontal,0.01994623605308713,0.0022445680530156016,-0.01770166800007153
MSN,aparc,0.25,Node Versatility,lh_cuneus,0.07623011165978022,0.07057687383875035,-0.0056532378210298745
MSN,aparc,0.25,Node Versatility,lh_entorhinal,0.054101688991924544,5.323524545345365e-32,-0.054101688991924544
MSN,aparc,0.25,Node Versatility,lh_fusiform,0.0,0.017373230142143634,0.017373230142143634
MSN,aparc,0.25,Node Versatility,lh_inferiorparietal,0.04257181563811442,0.016921889342986336,-0.025649926295128085
MSN,aparc,0.25,Node Versatility,lh_inferiortemporal,0.054101688991924544,5.323524545345365e-32,-0.054101688991924544
MSN,aparc,0.25,Node Versatility,lh_isthmuscingulate,0.17935906309658461,0.0022445680530156016,-0.17711449504356902
MSN,aparc,0.25,Node Versatility,lh_lateraloccipital,0.04257181563811442,0.016921889342986336,-0.025649926295128085
MSN,aparc,0.25,Node Versatility,lh_lateralorbitofrontal,0.0,5.323524545345365e-32,5.323524545345365e-32
MSN,aparc,0.25,Node Versatility,lh_lingual,0.07623011165978022,0.07057687383875035,-0.0056532378210298745
MSN,aparc,0.25,Node Versatility,lh_medialorbitofrontal,1.0,5.323524545345365e-32,-1.0
MSN,aparc,0.25,Node Versatility,lh_middletemporal,0.054101688991924544,5.323524545345365e-32,-0.054101688991924544
MSN,aparc,0.25,Node Versatility,lh_parahippocampal,0.02631153612222762,0.017373230142143634,-0.008938305980083987
MSN,aparc,0.25,Node Versatility,lh_paracentral,0.04635228555866216,0.005172155678175622,-0.041180129880486534
MSN,aparc,0.25,Node Versatility,lh_parsopercularis,0.15981095157928996,0.01134159619195141,-0.14846935538733855
MSN,aparc,0.25,Node Versatility,lh_parsorbitalis,0.054101688991924544,5.323524545345365e-32,-0.054101688991924544
MSN,aparc,0.25,Node Versatility,lh_parstriangularis,0.04635228555866216,0.021306360086486054,-0.025045925472176104
MSN,aparc,0.25,Node Versatility,lh_pericalcarine,0.07623011165978022,0.07057687383875035,-0.0056532378210298745
MSN,aparc,0.25,Node Versatility,lh_postcentral,0.04257181563811442,0.016921889342986336,-0.025649926295128085
MSN,aparc,0.25,Node Versatility,lh_posteriorcingulate,0.06553124184422107,0.0022445680530156016,-0.06328667379120546
MSN,aparc,0.25,Node Versatility,lh_precentral,0.04257181563811442,0.016921889342986336,-0.025649926295128085
MSN,aparc,0.25,Node Versatility,lh_precuneus,0.07623011165978022,0.07057687383875035,-0.0056532378210298745
MSN,aparc,0.25,Node Versatility,lh_rostralanteriorcingulate,0.15981095157928996,0.01134159619195141,-0.14846935538733855
MSN,aparc,0.25,Node Versatility,lh_rostralmiddlefrontal,0.04257181563811442,0.016921889342986336,-0.025649926295128085
MSN,aparc,0.25,Node Versatility,lh_superiorfrontal,0.04257181563811442,0.016921889342986336,-0.025649926295128085
MSN,aparc,0.25,Node Versatility,lh_superiorparietal,0.04257181563811442,0.016921889342986336,-0.025649926295128085
MSN,aparc,0.25,Node Versatility,lh_superiortemporal,0.054101688991924544,5.323524545345365e-32,-0.054101688991924544
MSN,aparc,0.25,Node Versatility,lh_supramarginal,0.04257181563811442,0.016921889342986336,-0.025649926295128085
MSN,aparc,0.25,Node Versatility,lh_frontalpole,0.054101688991924544,5.323524545345365e-32,-0.054101688991924544
MSN,aparc,0.25,Node Versatility,lh_temporalpole,0.054101688991924544,5.323524545345365e-32,-0.054101688991924544
MSN,aparc,0.25,Node Versatility,lh_transversetemporal,0.01994623605308713,0.0022445680530156016,-0.01770166800007153
MSN,aparc,0.25,Node Versatility,lh_insula,0.01994623605308713,0.0022445680530156016,-0.01770166800007153
MSN,aparc,0.25,Node Versatility,rh_bankssts,0.01994623605308713,0.0022445680530156016,-0.01770166800007153
MSN,aparc,0.25,Node Versatility,rh_caudalanteriorcingulate,0.06553124184422107,0.0022445680530156016,-0.06328667379120546
MSN,aparc,0.25,Node Versatility,rh_caudalmiddlefrontal,0.06553124184422107,0.0022445680530156016,-0.06328667379120546
MSN,aparc,0.25,Node Versatility,rh_cuneus,0.07623011165978022,0.07057687383875035,-0.0056532378210298745
MSN,aparc,0.25,Node Versatility,rh_entorhinal,0.054101688991924544,5.323524545345365e-32,-0.054101688991924544
MSN,aparc,0.25,Node Versatility,rh_fusiform,0.0,0.0022445680530156016,0.0022445680530156016
MSN,aparc,0.25,Node Versatility,rh_inferiorparietal,0.04257181563811442,0.016921889342986336,-0.025649926295128085
MSN,aparc,0.25,Node Versatility,rh_inferiortemporal,0.054101688991924544,5.323524545345365e-32,-0.054101688991924544
MSN,aparc,0.25,Node Versatility,rh_isthmuscingulate,0.06553124184422107,0.0022445680530156016,-0.06328667379120546
MSN,aparc,0.25,Node Versatility,rh_lateraloccipital,0.04257181563811442,0.016921889342986336,-0.025649926295128085
MSN,aparc,0.25,Node Versatility,rh_lateralorbitofrontal,0.0,5.323524545345365e-32,5.323524545345365e-32
MSN,aparc,0.25,Node Versatility,rh_lingual,0.07623011165978022,0.07057687383875035,-0.0056532378210298745
MSN,aparc,0.25,Node Versatility,rh_medialorbitofrontal,1.0,0.016921889342986336,-0.9830781106570137
MSN,aparc,0.25,Node Versatility,rh_middletemporal,0.054101688991924544,5.323524545345365e-32,-0.054101688991924544
MSN,aparc,0.25,Node Versatility,rh_parahippocampal,0.04635228555866216,0.006217105365656632,-0.04013518019300553
MSN,aparc,0.25,Node Versatility,rh_paracentral,0.04635228555866216,0.0041478299976843575,-0.0422044555609778
MSN,aparc,0.25,Node Versatility,rh_parsopercularis,0.04635228555866216,0.010337894518449898,-0.03601439104021226
MSN,aparc,0.25,Node Versatility,rh_parsorbitalis,0.054101688991924544,5.323524545345365e-32,-0.054101688991924544
MSN,aparc,0.25,Node Versatility,rh_parstriangularis,0.04635228555866216,0.0041478299976843575,-0.0422044555609778
MSN,aparc,0.25,Node Versatility,rh_pericalcarine,0.07623011165978022,0.07057687383875035,-0.0056532378210298745
MSN,aparc,0.25,Node Versatility,rh_postcentral,0.04257181563811442,0.016921889342986336,-0.025649926295128085
MSN,aparc,0.25,Node Versatility,rh_posteriorcingulate,0.06553124184422107,0.0022445680530156016,-0.06328667379120546
MSN,aparc,0.25,Node Versatility,rh_precentral,0.04257181563811442,0.016921889342986336,-0.025649926295128085
MSN,aparc,0.25,Node Versatility,rh_precuneus,0.07623011165978022,0.07057687383875035,-0.0056532378210298745
MSN,aparc,0.25,Node Versatility,rh_rostralanteriorcingulate,0.04635228555866216,0.005172155678175622,-0.041180129880486534
MSN,aparc,0.25,Node Versatility,rh_rostralmiddlefrontal,0.04257181563811442,0.016921889342986336,-0.025649926295128085
MSN,aparc,0.25,Node Versatility,rh_superiorfrontal,0.04257181563811442,0.016921889342986336,-0.025649926295128085
MSN,aparc,0.25,Node Versatility,rh_superiorparietal,0.04257181563811442,0.016921889342986336,-0.025649926295128085
MSN,aparc,0.25,Node Versatility,rh_superiortemporal,0.054101688991924544,5.323524545345365e-32,-0.054101688991924544
MSN,aparc,0.25,Node Versatility,rh_supramarginal,0.04257181563811442,0.016921889342986336,-0.025649926295128085
MSN,aparc,0.25,Node Versatility,rh_frontalpole,0.054101688991924544,5.323524545345365e-32,-0.054101688991924544
MSN,aparc,0.25,Node Versatility,rh_temporalpole,0.054101688991924544,5.323524545345365e-32,-0.054101688991924544
MSN,aparc,0.25,Node Versatility,rh_transversetemporal,0.16418593879230955,0.0022445680530156016,-0.16194137073929396
MSN,aparc,0.25,Node Versatility,rh_insula,0.01994623605308713,0.0022445680530156016,-0.01770166800007153
MSN,aparc,0.25,Node Strength,lh_bankssts,0.9616749366675102,0.9792662956440144,0.0175913589765041
MSN,aparc,0.25,Node Strength,lh_caudalanteriorcingulate,0.9590311928332762,0.9860458450196443,0.027014652186368115
MSN,aparc,0.25,Node Strength,lh_caudalmiddlefrontal,0.9021087376399691,0.9282266531245517,0.026117915484582532
MSN,aparc,0.25,Node Strength,lh_cuneus,0.7175612525759375,0.6512530808328713,-0.06630817174306625
MSN,aparc,0.25,Node Strength,lh_entorhinal,0.4647733931090665,0.4288003957837307,-0.03597299732533582
MSN,aparc,0.25,Node Strength,lh_fusiform,0.009043336696245815,0.0004541955094914239,-0.008589141186754391
MSN,aparc,0.25,Node Strength,lh_inferiorparietal,0.8331555744092394,0.7975461935243058,-0.035609380884933595
MSN,aparc,0.25,Node Strength,lh_inferiortemporal,0.45649046793662923,0.42659127637740857,-0.02989919155922066
MSN,aparc,0.25,Node Strength,lh_isthmuscingulate,0.9215383652484745,0.9254345588428079,0.0038961935943333526
MSN,aparc,0.25,Node Strength,lh_lateraloccipital,0.7874490984629691,0.8291784396039363,0.04172934114096727
MSN,aparc,0.25,Node Strength,lh_lateralorbitofrontal,0.014220229492779193,0.015909617180091172,0.0016893876873119787
MSN,aparc,0.25,Node Strength,lh_lingual,0.7045879704001011,0.7198676135048506,0.015279643104749496
MSN,aparc,0.25,Node Strength,lh_medialorbitofrontal,0.004093176723545667,0.00020439081710360452,-0.003888785906442063
MSN,aparc,0.25,Node Strength,lh_middletemporal,0.5189323528527602,0.504727823746723,-0.0142045291060372
MSN,aparc,0.25,Node Strength,lh_parahippocampal,0.8482065435819562,0.8856278416034773,0.037421298021521054
MSN,aparc,0.25,Node Strength,lh_paracentral,0.9092548408003387,0.9479947481512383,0.038739907350899605
MSN,aparc,0.25,Node Strength,lh_parsopercularis,0.7079387952485062,0.8634019346919942,0.155463139443488
MSN,aparc,0.25,Node Strength,lh_parsorbitalis,0.5208282290195523,0.5212161378432121,0.0003879088236597994
MSN,aparc,0.25,Node Strength,lh_parstriangularis,0.8870612490277519,0.9107054443272011,0.023644195299449278
MSN,aparc,0.25,Node Strength,lh_pericalcarine,0.2508469823214489,0.24502549572938656,-0.005821486592062358
MSN,aparc,0.25,Node Strength,lh_postcentral,0.8355729154073165,0.8759643849093132,0.04039146950199668
MSN,aparc,0.25,Node Strength,lh_posteriorcingulate,0.9108419036036925,0.9414773689237717,0.030635465320079103
MSN,aparc,0.25,Node Strength,lh_precentral,0.7361093273545111,0.7106989408802589,-0.0254103864742522
MSN,aparc,0.25,Node Strength,lh_precuneus,0.4228368555778049,0.5732201057445382,0.15038325016673326
MSN,aparc,0.25,Node Strength,lh_rostralanteriorcingulate,0.8064672202097558,0.8988654070158062,0.09239818680605039
MSN,aparc,0.25,Node Strength,lh_rostralmiddlefrontal,0.7859245338222514,0.8199243075524584,0.03399977373020702
MSN,aparc,0.25,Node Strength,lh_superiorfrontal,0.7190883785986745,0.5964898024228097,-0.12259857617586478
MSN,aparc,0.25,Node Strength,lh_superiorparietal,0.8375323982630672,0.8460360171206367,0.00850361885756945
MSN,aparc,0.25,Node Strength,lh_superiortemporal,0.37463062847208295,0.31736203485174064,-0.05726859362034231
MSN,aparc,0.25,Node Strength,lh_supramarginal,0.6338730918468941,0.611343330664362,-0.022529761182532138
MSN,aparc,0.25,Node Strength,lh_frontalpole,0.5332468460346796,0.5384464338259963,0.005199587791316684
MSN,aparc,0.25,Node Strength,lh_temporalpole,0.5145984424760408,0.48343171361939885,-0.031166728856641956
MSN,aparc,0.25,Node Strength,lh_transversetemporal,0.9626880822387762,0.9761041322908606,0.01341605005208435
MSN,aparc,0.25,Node Strength,lh_insula,0.9202608748803909,0.9944739830809908,0.0742131082005999
MSN,aparc,0.25,Node Strength,rh_bankssts,1.0,0.998013095786136,-0.001986904213864049
MSN,aparc,0.25,Node Strength,rh_caudalanteriorcingulate,0.8530688657205271,0.9199764232683938,0.0669075575478667
MSN,aparc,0.25,Node Strength,rh_caudalmiddlefrontal,0.6922871572117848,0.9170659945001874,0.22477883728840264
MSN,aparc,0.25,Node Strength,rh_cuneus,0.8418329750407165,0.7869113422111375,-0.05492163282957907
MSN,aparc,0.25,Node Strength,rh_entorhinal,0.45450222800198764,0.40068099778002053,-0.05382123022196711
MSN,aparc,0.25,Node Strength,rh_fusiform,0.03007538731451335,0.0,-0.03007538731451335
MSN,aparc,0.25,Node Strength,rh_inferiorparietal,0.7929298583958447,0.7456304526218223,-0.047299405774022474
MSN,aparc,0.25,Node Strength,rh_inferiortemporal,0.45707312063775457,0.39513151301514277,-0.061941607622611805
MSN,aparc,0.25,Node Strength,rh_isthmuscingulate,0.8723850916855742,0.9239653408689713,0.0515802491833971
MSN,aparc,0.25,Node Strength,rh_lateraloccipital,0.8128076438305769,0.8207249735562454,0.007917329725668498
MSN,aparc,0.25,Node Strength,rh_lateralorbitofrontal,0.039910375133247945,0.05857462366687448,0.018664248533626533
MSN,aparc,0.25,Node Strength,rh_lingual,0.7232397912084803,0.7389131284919588,0.015673337283478528
MSN,aparc,0.25,Node Strength,rh_medialorbitofrontal,0.029028274864642017,0.07645077184405966,0.04742249697941764
MSN,aparc,0.25,Node Strength,rh_middletemporal,0.48439190926735665,0.49488422525173614,0.010492315984379497
MSN,aparc,0.25,Node Strength,rh_parahippocampal,0.9177992341885455,0.9604789666857865,0.042679732497240996
MSN,aparc,0.25,Node Strength,rh_paracentral,0.9462076950567828,0.9762833164201226,0.030075621363339744
MSN,aparc,0.25,Node Strength,rh_parsopercularis,0.9227681654660393,0.8910568836862964,-0.03171128177974292
MSN,aparc,0.25,Node Strength,rh_parsorbitalis,0.5231914193769921,0.5295288311342027,0.006337411757210587
MSN,aparc,0.25,Node Strength,rh_parstriangularis,0.8743102293723339,0.8530016757095169,-0.02130855366281703
MSN,aparc,0.25,Node Strength,rh_pericalcarine,0.2662326743497008,0.2671861272377342,0.0009534528880333903
MSN,aparc,0.25,Node Strength,rh_postcentral,0.8236168500205229,0.8392778517606551,0.015661001740132185
MSN,aparc,0.25,Node Strength,rh_posteriorcingulate,0.8468283844007319,0.943671101560954,0.09684271716022208
MSN,aparc,0.25,Node Strength,rh_precentral,0.7810930563255243,0.8192614650831967,0.03816840875767247
MSN,aparc,0.25,Node Strength,rh_precuneus,0.6275556592978061,0.6285964298934921,0.0010407705956859692
MSN,aparc,0.25,Node Strength,rh_rostralanteriorcingulate,0.9395351350063751,0.9563880899475112,0.016852954941136145
MSN,aparc,0.25,Node Strength,rh_rostralmiddlefrontal,0.7944846215839523,0.8642536957497449,0.06976907416579259
MSN,aparc,0.25,Node Strength,rh_superiorfrontal,0.6706814704569948,0.5777410301395371,-0.09294044031745763
MSN,aparc,0.25,Node Strength,rh_superiorparietal,0.8300478904275783,0.8414575804592713,0.01140969003169301
MSN,aparc,0.25,Node Strength,rh_superiortemporal,0.4780843550167739,0.4770681655243043,-0.0010161894924695658
MSN,aparc,0.25,Node Strength,rh_supramarginal,0.04282448795202792,0.015841469521940856,-0.026983018430087068
MSN,aparc,0.25,Node Strength,rh_frontalpole,0.5299652144319241,0.50909824640931,-0.02086696802261412
MSN,aparc,0.25,Node Strength,rh_temporalpole,0.47593160155548714,0.47627254308518474,0.0003409415296976026
MSN,aparc,0.25,Node Strength,rh_transversetemporal,0.9624758966115429,0.9631932509480684,0.000717354336525533
MSN,aparc,0.25,Node Strength,rh_insula,0.9655589724853826,0.980313943543575,0.014754971058192456
MSN,aparc,0.25,Local Efficiency,lh_bankssts,0.9520808831496811,0.9875070971003753,0.03542621395069423
MSN,aparc,0.25,Local Efficiency,lh_caudalanteriorcingulate,0.9503774814142186,0.992210113007281,0.041832631593062386
MSN,aparc,0.25,Local Efficiency,lh_caudalmiddlefrontal,0.9149205404836809,0.955678030396977,0.040757489913296086
MSN,aparc,0.25,Local Efficiency,lh_cuneus,0.8239543496699279,0.8497963763411936,0.025842026671265783
MSN,aparc,0.25,Local Efficiency,lh_entorhinal,0.8098778355538624,0.7872665785786386,-0.022611256975223815
MSN,aparc,0.25,Local Efficiency,lh_fusiform,0.0,0.0,0.0
MSN,aparc,0.25,Local Efficiency,lh_inferiorparietal,0.8480688761323488,0.8918715825180277,0.04380270638567885
MSN,aparc,0.25,Local Efficiency,lh_inferiortemporal,0.7539974635654981,0.725964692240513,-0.028032771324985162
MSN,aparc,0.25,Local Efficiency,lh_isthmuscingulate,0.9269371928096936,0.9525774365944633,0.0256402437847697
MSN,aparc,0.25,Local Efficiency,lh_lateraloccipital,0.9349828194760265,0.913683908405959,-0.021298911070067428
MSN,aparc,0.25,Local Efficiency,lh_lateralorbitofrontal,0.0,0.0,0.0
MSN,aparc,0.25,Local Efficiency,lh_lingual,0.8141334979700873,0.8317972020364363,0.017663704066348984
MSN,aparc,0.25,Local Efficiency,lh_medialorbitofrontal,0.0,0.0,0.0
MSN,aparc,0.25,Local Efficiency,lh_middletemporal,0.8902086507494661,0.8799220224696844,-0.010286628279781662
MSN,aparc,0.25,Local Efficiency,lh_parahippocampal,0.8500107184888552,0.8399692585665917,-0.010041459922263574
MSN,aparc,0.25,Local Efficiency,lh_paracentral,0.9187266649013528,0.9679478538889004,0.04922118898754757
MSN,aparc,0.25,Local Efficiency,lh_parsopercularis,0.7545621413988793,0.8165568995895712,0.06199475819069189
MSN,aparc,0.25,Local Efficiency,lh_parsorbitalis,0.8898987279718863,0.8964875034536472,0.006588775481760956
MSN,aparc,0.25,Local Efficiency,lh_parstriangularis,0.9046811730564676,0.9433300486830329,0.03864887562656538
MSN,aparc,0.25,Local Efficiency,lh_pericalcarine,0.9040996256476955,0.8982402111254504,-0.005859414522245143
MSN,aparc,0.25,Local Efficiency,lh_postcentral,0.9161691724724489,0.8807390262674804,-0.03543014620496854
MSN,aparc,0.25,Local Efficiency,lh_posteriorcingulate,0.9582054246848283,0.9620491547593293,0.003843730074501006
MSN,aparc,0.25,Local Efficiency,lh_precentral,0.9396967549909476,0.9617485028776932,0.022051747886745576
MSN,aparc,0.25,Local Efficiency,lh_precuneus,0.8103749934176736,0.8177260811758442,0.007351087758170616
MSN,aparc,0.25,Local Efficiency,lh_rostralanteriorcingulate,0.813770231848075,0.934304268701419,0.12053403685334407
MSN,aparc,0.25,Local Efficiency,lh_rostralmiddlefrontal,0.933498912539219,0.8810331379894283,-0.052465774549790734
MSN,aparc,0.25,Local Efficiency,lh_superiorfrontal,0.7536472786728697,0.8546280335579582,0.10098075488508851
MSN,aparc,0.25,Local Efficiency,lh_superiorparietal,0.9173152884262431,0.9251839993348844,0.007868710908641274
MSN,aparc,0.25,Local Efficiency,lh_superiortemporal,0.797052861733206,0.8815118254891263,0.08445896375592032
MSN,aparc,0.25,Local Efficiency,lh_supramarginal,0.911204453224994,0.9763960916424854,0.06519163841749143
MSN,aparc,0.25,Local Efficiency,lh_frontalpole,0.9046601166519206,0.9164132315033138,0.011753114851393187
MSN,aparc,0.25,Local Efficiency,lh_temporalpole,0.8827143722215031,0.922808679426817,0.04009430720531393
MSN,aparc,0.25,Local Efficiency,lh_transversetemporal,0.9527801474246116,0.895211511022883,-0.0575686364017286
MSN,aparc,0.25,Local Efficiency,lh_insula,0.8653871219615986,0.897521447300678,0.03213432533907934
MSN,aparc,0.25,Local Efficiency,rh_bankssts,0.8829789835524117,1.0,0.11702101644758833
MSN,aparc,0.25,Local Efficiency,rh_caudalanteriorcingulate,0.9552133802356466,0.9479413164562537,-0.007272063779392934
MSN,aparc,0.25,Local Efficiency,rh_caudalmiddlefrontal,0.8711603788741279,0.9482499829023069,0.07708960402817899
MSN,aparc,0.25,Local Efficiency,rh_cuneus,0.8108327733745289,0.8459536929054154,0.035120919530886585
MSN,aparc,0.25,Local Efficiency,rh_entorhinal,0.746034422652865,0.9618177702394203,0.21578334758655526
MSN,aparc,0.25,Local Efficiency,rh_fusiform,0.0,0.0,0.0
MSN,aparc,0.25,Local Efficiency,rh_inferiorparietal,0.866216934099851,0.85862922728194,-0.0075877068179109886
MSN,aparc,0.25,Local Efficiency,rh_inferiortemporal,0.7069635175284272,0.8699375896639001,0.16297407213547288
MSN,aparc,0.25,Local Efficiency,rh_isthmuscingulate,0.9330657994621562,0.9511873785684504,0.018121579106294194
MSN,aparc,0.25,Local Efficiency,rh_lateraloccipital,0.8417105387385913,0.9076532950127042,0.06594275627411295
MSN,aparc,0.25,Local Efficiency,rh_lateralorbitofrontal,0.0,0.0,0.0
MSN,aparc,0.25,Local Efficiency,rh_lingual,0.8301501838416832,0.8489074167609622,0.018757232919279
MSN,aparc,0.25,Local Efficiency,rh_medialorbitofrontal,0.0,0.8080725199535693,0.8080725199535693
MSN,aparc,0.25,Local Efficiency,rh_middletemporal,0.8182733818137016,0.8691355106485839,0.05086212883488228
MSN,aparc,0.25,Local Efficiency,rh_parahippocampal,0.9236856161907395,0.9763131219446436,0.05262750575390407
MSN,aparc,0.25,Local Efficiency,rh_paracentral,0.9429188015813667,0.9864896999978072,0.04357089841644057
MSN,aparc,0.25,Local Efficiency,rh_parsopercularis,0.9266929396646906,0.9295517662901732,0.0028588266254826467
MSN,aparc,0.25,Local Efficiency,rh_parsorbitalis,0.8929702482035767,0.9065931574049119,0.013622909201335132
MSN,aparc,0.25,Local Efficiency,rh_parstriangularis,0.8970576110842939,0.9062478484530191,0.009190237368725152
MSN,aparc,0.25,Local Efficiency,rh_pericalcarine,0.9344026533297196,0.942265688784316,0.007863035454596434
MSN,aparc,0.25,Local Efficiency,rh_postcentral,0.9078097848988559,0.920466746687891,0.012656961789035082
MSN,aparc,0.25,Local Efficiency,rh_posteriorcingulate,0.9511865028675339,0.9634089262052906,0.012222423337756694
MSN,aparc,0.25,Local Efficiency,rh_precentral,0.9297920073391269,0.9050539903573542,-0.024738016981772692
MSN,aparc,0.25,Local Efficiency,rh_precuneus,0.7842913611821343,0.8310520895031897,0.04676072832105538
MSN,aparc,0.25,Local Efficiency,rh_rostralanteriorcingulate,0.9375123563323331,0.9731920427915763,0.03567968645924324
MSN,aparc,0.25,Local Efficiency,rh_rostralmiddlefrontal,0.9403456752189265,0.8727647627136401,-0.06758091250528642
MSN,aparc,0.25,Local Efficiency,rh_superiorfrontal,0.8625078830932559,0.9983451705960807,0.13583728750282487
MSN,aparc,0.25,Local Efficiency,rh_superiorparietal,0.9122884374382182,0.9216862475453406,0.009397810107122373
MSN,aparc,0.25,Local Efficiency,rh_superiortemporal,0.8469047115421012,0.8515525581399858,0.004647846597884531
MSN,aparc,0.25,Local Efficiency,rh_supramarginal,0.7806823299655906,0.0,-0.7806823299655906
MSN,aparc,0.25,Local Efficiency,rh_frontalpole,0.9023010980404643,0.8868621969741122,-0.015438901066352151
MSN,aparc,0.25,Local Efficiency,rh_temporalpole,0.8620185291385489,0.913931279883476,0.05191275074492707
MSN,aparc,0.25,Local Efficiency,rh_transversetemporal,0.9525140696390234,0.9768678345246415,0.024353764885618134
MSN,aparc,0.25,Local Efficiency,rh_insula,0.9545220102900636,0.9884980314109335,0.03397602112086995
MSN,aparc,0.25,Clustering Coefficient,lh_bankssts,0.9344093402988672,0.9875070971003755,0.0530977568015083
MSN,aparc,0.25,Clustering Coefficient,lh_caudalanteriorcingulate,0.9326345938270192,0.9922101130072812,0.05957551918026205
MSN,aparc,0.25,Clustering Coefficient,lh_caudalmiddlefrontal,0.8980118429506248,0.9556780303969772,0.057666187446352435
MSN,aparc,0.25,Clustering Coefficient,lh_cuneus,0.7420698269227968,0.7815531682342003,0.03948334131140352
MSN,aparc,0.25,Clustering Coefficient,lh_entorhinal,0.6970584671605752,0.7872665785786389,0.09020811141806373
MSN,aparc,0.25,Clustering Coefficient,lh_fusiform,0.0,0.0,0.0
MSN,aparc,0.25,Clustering Coefficient,lh_inferiorparietal,0.7650859472320104,0.834994462699689,0.06990851546767862
MSN,aparc,0.25,Clustering Coefficient,lh_inferiortemporal,0.6548662390638913,0.7134319371958078,0.05856569813191648
MSN,aparc,0.25,Clustering Coefficient,lh_isthmuscingulate,0.9097710238605944,0.9525774365944634,0.04280641273386898
MSN,aparc,0.25,Clustering Coefficient,lh_lateraloccipital,0.9009189006088072,0.8562944196079434,-0.0446244810008638
MSN,aparc,0.25,Clustering Coefficient,lh_lateralorbitofrontal,0.0,0.0,0.0
MSN,aparc,0.25,Clustering Coefficient,lh_lingual,0.7329363365832836,0.7526700790935679,0.019733742510284258
MSN,aparc,0.25,Clustering Coefficient,lh_medialorbitofrontal,0.0,0.0,0.0
MSN,aparc,0.25,Clustering Coefficient,lh_middletemporal,0.83829463511391,0.8338517374435378,-0.004442897670372203
MSN,aparc,0.25,Clustering Coefficient,lh_parahippocampal,0.8078989217083594,0.8399692585665918,0.03207033685823235
MSN,aparc,0.25,Clustering Coefficient,lh_paracentral,0.9010057479898181,0.9679478538889006,0.06694210589908245
MSN,aparc,0.25,Clustering Coefficient,lh_parsopercularis,0.6631513039644361,0.8165568995895716,0.15340559562513545
MSN,aparc,0.25,Clustering Coefficient,lh_parsorbitalis,0.8383734815995484,0.8498651007900276,0.011491619190479252
MSN,aparc,0.25,Clustering Coefficient,lh_parstriangularis,0.8870598007000271,0.9433300486830332,0.05627024798300606
MSN,aparc,0.25,Clustering Coefficient,lh_pericalcarine,0.904099625647696,0.8982402111254506,-0.005859414522245365
MSN,aparc,0.25,Clustering Coefficient,lh_postcentral,0.8619165185728528,0.7918770392524545,-0.07003947932039833
MSN,aparc,0.25,Clustering Coefficient,lh_posteriorcingulate,0.9506605365760649,0.9620491547593296,0.011388618183264754
MSN,aparc,0.25,Clustering Coefficient,lh_precentral,0.9138673300390362,0.9350576905034165,0.021190360464380276
MSN,aparc,0.25,Clustering Coefficient,lh_precuneus,0.7460589856565009,0.7539111789829794,0.007852193326478574
MSN,aparc,0.25,Clustering Coefficient,lh_rostralanteriorcingulate,0.7450575530365595,0.9343042687014195,0.18924671566485995
MSN,aparc,0.25,Clustering Coefficient,lh_rostralmiddlefrontal,0.8995080705676813,0.8007833526168943,-0.09872471795078708
MSN,aparc,0.25,Clustering Coefficient,lh_superiorfrontal,0.636302163854959,0.8546280335579585,0.2183258697029995
MSN,aparc,0.25,Clustering Coefficient,lh_superiorparietal,0.8627921494018936,0.8666336005763581,0.0038414511744644386
MSN,aparc,0.25,Clustering Coefficient,lh_superiortemporal,0.749142652756714,0.8815118254891267,0.13236917273241267
MSN,aparc,0.25,Clustering Coefficient,lh_supramarginal,0.8661775681952141,0.9679025961855382,0.10172502799032412
MSN,aparc,0.25,Clustering Coefficient,lh_frontalpole,0.8519497521927709,0.8687391650229725,0.016789412830201633
MSN,aparc,0.25,Clustering Coefficient,lh_temporalpole,0.8316454888738725,0.8949473762654623,0.06330188739158982
MSN,aparc,0.25,Clustering Coefficient,lh_transversetemporal,0.935087674314702,0.8952115110228831,-0.03987616329181887
MSN,aparc,0.25,Clustering Coefficient,lh_insula,0.8585574026715213,0.8975214473006781,0.03896404462915681
MSN,aparc,0.25,Clustering Coefficient,rh_bankssts,0.8663947678656602,1.0,0.13360523213433984
MSN,aparc,0.25,Clustering Coefficient,rh_caudalanteriorcingulate,0.9532449571899937,0.9479413164562539,-0.0053036407337397895
MSN,aparc,0.25,Clustering Coefficient,rh_caudalmiddlefrontal,0.8711603788741283,0.9482499829023072,0.07708960402817888
MSN,aparc,0.25,Clustering Coefficient,rh_cuneus,0.7168812780313355,0.7612130392843687,0.044331761253033175
MSN,aparc,0.25,Clustering Coefficient,rh_entorhinal,0.6070662844745938,0.9618177702394208,0.35475148576482707
MSN,aparc,0.25,Clustering Coefficient,rh_fusiform,0.0,0.0,0.0
MSN,aparc,0.25,Clustering Coefficient,rh_inferiorparietal,0.7989463269235758,0.8348844270280087,0.03593810010443288
MSN,aparc,0.25,Clustering Coefficient,rh_inferiortemporal,0.5851816935169969,0.8544945920627511,0.26931289854575424
MSN,aparc,0.25,Clustering Coefficient,rh_isthmuscingulate,0.925709009593501,0.9511873785684507,0.025478368974949706
MSN,aparc,0.25,Clustering Coefficient,rh_lateraloccipital,0.8110728376736769,0.8507527594290311,0.039679921755354175
MSN,aparc,0.25,Clustering Coefficient,rh_lateralorbitofrontal,0.0,0.0,0.0
MSN,aparc,0.25,Clustering Coefficient,rh_lingual,0.7490856561573945,0.7703604719055273,0.021274815748132725
MSN,aparc,0.25,Clustering Coefficient,rh_medialorbitofrontal,0.0,0.8080725199535695,0.8080725199535695
MSN,aparc,0.25,Clustering Coefficient,rh_middletemporal,0.7472852818212525,0.8235919545751289,0.07630667275387637
MSN,aparc,0.25,Clustering Coefficient,rh_parahippocampal,0.9058498860486993,0.9763131219446437,0.07046323589594439
MSN,aparc,0.25,Clustering Coefficient,rh_paracentral,0.924917103635086,0.9864896999978074,0.0615725963627215
MSN,aparc,0.25,Clustering Coefficient,rh_parsopercularis,0.9085765035748335,0.9295517662901736,0.020975262715340004
MSN,aparc,0.25,Clustering Coefficient,rh_parsorbitalis,0.8412273778841389,0.8595078950938491,0.018280517209710134
MSN,aparc,0.25,Clustering Coefficient,rh_parstriangularis,0.8796973152400718,0.9062478484530193,0.026550533212947536
MSN,aparc,0.25,Clustering Coefficient,rh_pericalcarine,0.9344026533297198,0.9422656887843163,0.007863035454596434
MSN,aparc,0.25,Clustering Coefficient,rh_postcentral,0.8535636943934407,0.8617900145287961,0.008226320135355403
MSN,aparc,0.25,Clustering Coefficient,rh_posteriorcingulate,0.9492320167688686,0.9634089262052908,0.014176909436422247
MSN,aparc,0.25,Clustering Coefficient,rh_precentral,0.8960121728102788,0.8481920298776708,-0.047820142932607945
MSN,aparc,0.25,Clustering Coefficient,rh_precuneus,0.706353400694634,0.7640181803637064,0.05766477966907235
MSN,aparc,0.25,Clustering Coefficient,rh_rostralanteriorcingulate,0.9193632750396599,0.9731920427915766,0.053828767751916695
MSN,aparc,0.25,Clustering Coefficient,rh_rostralmiddlefrontal,0.905984234377443,0.7846165479471818,-0.12136768643026119
MSN,aparc,0.25,Clustering Coefficient,rh_superiorfrontal,0.7800572785976123,0.998345170596081,0.21828789199846865
MSN,aparc,0.25,Clustering Coefficient,rh_superiorparietal,0.8581128259032005,0.8634945880882604,0.005381762185059924
MSN,aparc,0.25,Clustering Coefficient,rh_superiortemporal,0.7973545203020573,0.8059250459947794,0.008570525692722097
MSN,aparc,0.25,Clustering Coefficient,rh_supramarginal,0.7806823299655908,0.0,-0.7806823299655908
MSN,aparc,0.25,Clustering Coefficient,rh_frontalpole,0.8497647052099767,0.8411696379346388,-0.008595067275337875
MSN,aparc,0.25,Clustering Coefficient,rh_temporalpole,0.7882617141108083,0.8864096188939269,0.09814790478311863
MSN,aparc,0.25,Clustering Coefficient,rh_transversetemporal,0.934887406126935,0.9768678345246418,0.04198042839770677
MSN,aparc,0.25,Clustering Coefficient,rh_insula,0.9368181066988874,0.9884980314109337,0.0516799247120463
MSN,aparc,0.25,Betweenness Centrality,lh_bankssts,0.0,0.0,0.0
MSN,aparc,0.25,Betweenness Centrality,lh_caudalanteriorcingulate,0.0,0.0,0.0
MSN,aparc,0.25,Betweenness Centrality,lh_caudalmiddlefrontal,0.0,0.0,0.0
MSN,aparc,0.25,Betweenness Centrality,lh_cuneus,0.013611615245009074,0.009074410163339383,-0.004537205081669691
MSN,aparc,0.25,Betweenness Centrality,lh_entorhinal,0.5907441016333939,1.0,0.40925589836660614
MSN,aparc,0.25,Betweenness Centrality,lh_fusiform,0.0,0.0,0.0
MSN,aparc,0.25,Betweenness Centrality,lh_inferiorparietal,0.007259528130671506,0.0,-0.007259528130671506
MSN,aparc,0.25,Betweenness Centrality,lh_inferiortemporal,0.039927404718693285,0.9528130671506352,0.9128856624319419
MSN,aparc,0.25,Betweenness Centrality,lh_isthmuscingulate,0.0,0.0,0.0
MSN,aparc,0.25,Betweenness Centrality,lh_lateraloccipital,0.0,0.0,0.0
MSN,aparc,0.25,Betweenness Centrality,lh_lateralorbitofrontal,0.0,0.0,0.0
MSN,aparc,0.25,Betweenness Centrality,lh_lingual,0.007259528130671506,0.09346642468239565,0.08620689655172414
MSN,aparc,0.25,Betweenness Centrality,lh_medialorbitofrontal,0.0,0.0,0.0
MSN,aparc,0.25,Betweenness Centrality,lh_middletemporal,0.0018148820326678765,0.0,-0.0018148820326678765
MSN,aparc,0.25,Betweenness Centrality,lh_parahippocampal,0.04446460980036298,0.05989110707803993,0.015426497277676948
MSN,aparc,0.25,Betweenness Centrality,lh_paracentral,0.0,0.0,0.0
MSN,aparc,0.25,Betweenness Centrality,lh_parsopercularis,0.22141560798548093,0.9909255898366606,0.7695099818511797
MSN,aparc,0.25,Betweenness Centrality,lh_parsorbitalis,0.0,0.0,0.0
MSN,aparc,0.25,Betweenness Centrality,lh_parstriangularis,0.0,0.0,0.0
MSN,aparc,0.25,Betweenness Centrality,lh_pericalcarine,0.0,0.0,0.0
MSN,aparc,0.25,Betweenness Centrality,lh_postcentral,0.0027223230490018148,0.0925589836660617,0.08983666061705989
MSN,aparc,0.25,Betweenness Centrality,lh_posteriorcingulate,0.0,0.0,0.0
MSN,aparc,0.25,Betweenness Centrality,lh_precentral,0.0,0.0,0.0
MSN,aparc,0.25,Betweenness Centrality,lh_precuneus,0.0,0.0,0.0
MSN,aparc,0.25,Betweenness Centrality,lh_rostralanteriorcingulate,0.6424682395644283,0.0,-0.6424682395644283
MSN,aparc,0.25,Betweenness Centrality,lh_rostralmiddlefrontal,0.0,0.08166969147005444,0.08166969147005444
MSN,aparc,0.25,Betweenness Centrality,lh_superiorfrontal,0.8430127041742287,0.9364791288566243,0.09346642468239563
MSN,aparc,0.25,Betweenness Centrality,lh_superiorparietal,0.039927404718693285,0.0,-0.039927404718693285
MSN,aparc,0.25,Betweenness Centrality,lh_superiortemporal,0.0,0.0,0.0
MSN,aparc,0.25,Betweenness Centrality,lh_supramarginal,0.0,0.0,0.0
MSN,aparc,0.25,Betweenness Centrality,lh_frontalpole,0.16333938294010888,0.7595281306715064,0.5961887477313975
MSN,aparc,0.25,Betweenness Centrality,lh_temporalpole,0.0,0.0,0.0
MSN,aparc,0.25,Betweenness Centrality,lh_transversetemporal,0.0,0.05989110707803993,0.05989110707803993
MSN,aparc,0.25,Betweenness Centrality,lh_insula,0.11796733212341198,0.17422867513611615,0.05626134301270416
MSN,aparc,0.25,Betweenness Centrality,rh_bankssts,0.14609800362976408,0.0,-0.14609800362976408
MSN,aparc,0.25,Betweenness Centrality,rh_caudalanteriorcingulate,0.0,0.0,0.0
MSN,aparc,0.25,Betweenness Centrality,rh_caudalmiddlefrontal,0.0,0.0,0.0
MSN,aparc,0.25,Betweenness Centrality,rh_cuneus,0.08802177858439202,0.004537205081669692,-0.08348457350272233
MSN,aparc,0.25,Betweenness Centrality,rh_entorhinal,0.3194192377495463,0.0,-0.3194192377495463
MSN,aparc,0.25,Betweenness Centrality,rh_fusiform,0.05989110707803993,0.0,-0.05989110707803993
MSN,aparc,0.25,Betweenness Centrality,rh_inferiorparietal,0.05172413793103448,0.05989110707803993,0.008166969147005446
MSN,aparc,0.25,Betweenness Centrality,rh_inferiortemporal,0.2713248638838475,0.0,-0.2713248638838475
MSN,aparc,0.25,Betweenness Centrality,rh_isthmuscingulate,0.0,0.0,0.0
MSN,aparc,0.25,Betweenness Centrality,rh_lateraloccipital,0.11796733212341198,0.0,-0.11796733212341198
MSN,aparc,0.25,Betweenness Centrality,rh_lateralorbitofrontal,0.05989110707803993,0.11887477313974591,0.058983666061705985
MSN,aparc,0.25,Betweenness Centrality,rh_lingual,0.004537205081669692,0.0018148820326678765,-0.002722323049001815
MSN,aparc,0.25,Betweenness Centrality,rh_medialorbitofrontal,0.05989110707803993,0.0,-0.05989110707803993
MSN,aparc,0.25,Betweenness Centrality,rh_middletemporal,0.588021778584392,0.0,-0.588021778584392
MSN,aparc,0.25,Betweenness Centrality,rh_parahippocampal,0.0,0.0,0.0
MSN,aparc,0.25,Betweenness Centrality,rh_paracentral,0.0009074410163339383,0.0,-0.0009074410163339383
MSN,aparc,0.25,Betweenness Centrality,rh_parsopercularis,0.03720508166969147,0.0,-0.03720508166969147
MSN,aparc,0.25,Betweenness Centrality,rh_parsorbitalis,0.0,0.0,0.0
MSN,aparc,0.25,Betweenness Centrality,rh_parstriangularis,0.0,0.0,0.0
MSN,aparc,0.25,Betweenness Centrality,rh_pericalcarine,0.0,0.0,0.0
MSN,aparc,0.25,Betweenness Centrality,rh_postcentral,0.003629764065335753,0.009981851179673321,0.006352087114337568
MSN,aparc,0.25,Betweenness Centrality,rh_posteriorcingulate,0.0,0.0,0.0
MSN,aparc,0.25,Betweenness Centrality,rh_precentral,0.0,0.0,0.0
MSN,aparc,0.25,Betweenness Centrality,rh_precuneus,0.0009074410163339383,0.0,-0.0009074410163339383
MSN,aparc,0.25,Betweenness Centrality,rh_rostralanteriorcingulate,0.009981851179673321,0.0,-0.009981851179673321
MSN,aparc,0.25,Betweenness Centrality,rh_rostralmiddlefrontal,0.11978221415607986,0.21415607985480944,0.09437386569872959
MSN,aparc,0.25,Betweenness Centrality,rh_superiorfrontal,0.03539019963702359,0.0,-0.03539019963702359
MSN,aparc,0.25,Betweenness Centrality,rh_superiorparietal,0.041742286751361164,0.0,-0.041742286751361164
MSN,aparc,0.25,Betweenness Centrality,rh_superiortemporal,0.0,0.029945553539019964,0.029945553539019964
MSN,aparc,0.25,Betweenness Centrality,rh_supramarginal,0.0,0.0,0.0
MSN,aparc,0.25,Betweenness Centrality,rh_frontalpole,0.0054446460980036296,0.0,-0.0054446460980036296
MSN,aparc,0.25,Betweenness Centrality,rh_temporalpole,0.03539019963702359,0.0,-0.03539019963702359
MSN,aparc,0.25,Betweenness Centrality,rh_transversetemporal,0.0,0.0,0.0
MSN,aparc,0.25,Betweenness Centrality,rh_insula,0.0,0.0,0.0
MSN,aparc,0.25,Eigenvector Centrality,lh_bankssts,0.9838597629936726,0.9576036287117397,-0.026256134281932964
MSN,aparc,0.25,Eigenvector Centrality,lh_caudalanteriorcingulate,0.98109621627545,0.9635889038664557,-0.01750731240899428
MSN,aparc,0.25,Eigenvector Centrality,lh_caudalmiddlefrontal,0.9257952284443284,0.9092288604942698,-0.016566367950058614
MSN,aparc,0.25,Eigenvector Centrality,lh_cuneus,0.00016938689630580255,1.9201690127438136e-06,-0.00016746672729305874
MSN,aparc,0.25,Eigenvector Centrality,lh_entorhinal,0.05996530049298605,0.025002038407720636,-0.034963262085265415
MSN,aparc,0.25,Eigenvector Centrality,lh_fusiform,0.0005857013103292316,0.012924633577409066,0.012338932267079834
MSN,aparc,0.25,Eigenvector Centrality,lh_inferiorparietal,0.00026327758343235567,3.583580982557592e-06,-0.00025969400244979805
MSN,aparc,0.25,Eigenvector Centrality,lh_inferiortemporal,0.0054591179831182425,0.0007101616908503061,-0.004748956292267937
MSN,aparc,0.25,Eigenvector Centrality,lh_isthmuscingulate,0.945372619549424,0.9085390335538999,-0.03683358599552411
MSN,aparc,0.25,Eigenvector Centrality,lh_lateraloccipital,0.000264171446121843,3.7709783638044157e-06,-0.00026040046775803856
MSN,aparc,0.25,Eigenvector Centrality,lh_lateralorbitofrontal,0.0008151936898429243,0.0008923923339038621,7.719864406093783e-05
MSN,aparc,0.25,Eigenvector Centrality,lh_lingual,0.00016617374836876787,2.1904877027220262e-06,-0.00016398326066604586
MSN,aparc,0.25,Eigenvector Centrality,lh_medialorbitofrontal,2.6343419275261598e-08,0.00042254895579253043,0.0004225226123732552
MSN,aparc,0.25,Eigenvector Centrality,lh_middletemporal,0.01162082054786529,0.001679672426203595,-0.009941148121661695
MSN,aparc,0.25,Eigenvector Centrality,lh_parahippocampal,0.8487125094727218,0.8545471809300945,0.005834671457372709
MSN,aparc,0.25,Eigenvector Centrality,lh_paracentral,0.9287758174833222,0.9266372035298269,-0.0021386139534952386
MSN,aparc,0.25,Eigenvector Centrality,lh_parsopercularis,0.6505293357664531,0.8211972326618894,0.17066789689543627
MSN,aparc,0.25,Eigenvector Centrality,lh_parsorbitalis,0.013692805627299824,0.0020728907953655403,-0.011619914831934284
MSN,aparc,0.25,Eigenvector Centrality,lh_parstriangularis,0.9067544435545529,0.8910694216646424,-0.0156850218899105
MSN,aparc,0.25,Eigenvector Centrality,lh_pericalcarine,4.069092820660398e-05,3.915325906338495e-07,-4.029939561597013e-05
MSN,aparc,0.25,Eigenvector Centrality,lh_postcentral,0.00026712796243932044,3.745745260263477e-06,-0.00026338221717905696
MSN,aparc,0.25,Eigenvector Centrality,lh_posteriorcingulate,0.9443883426818382,0.9236133599121634,-0.02077498276967482
MSN,aparc,0.25,Eigenvector Centrality,lh_precentral,0.00025934698592033054,3.627623935084148e-06,-0.0002557193619852464
MSN,aparc,0.25,Eigenvector Centrality,lh_precuneus,8.943321426821139e-05,1.6488892059624125e-06,-8.778432506224898e-05
MSN,aparc,0.25,Eigenvector Centrality,lh_rostralanteriorcingulate,0.775648031396624,0.8799635414293528,0.10431551003272888
MSN,aparc,0.25,Eigenvector Centrality,lh_rostralmiddlefrontal,0.00026621417298689556,3.813848598058547e-06,-0.000262400324388837
MSN,aparc,0.25,Eigenvector Centrality,lh_superiorfrontal,0.0009135663657718945,2.4757448552369893e-05,-0.0008888089172195247
MSN,aparc,0.25,Eigenvector Centrality,lh_superiorparietal,0.00026905449511141835,3.833600663444988e-06,-0.00026522089444797335
MSN,aparc,0.25,Eigenvector Centrality,lh_superiortemporal,0.004099074650164132,0.0005489435418495897,-0.0035501311083145424
MSN,aparc,0.25,Eigenvector Centrality,lh_supramarginal,0.00037022613603677985,3.3610875672551397e-06,-0.0003668650484695247
MSN,aparc,0.25,Eigenvector Centrality,lh_frontalpole,0.01338419381303558,0.001988733351563401,-0.01139546046147218
MSN,aparc,0.25,Eigenvector Centrality,lh_temporalpole,0.013718565323591867,0.002067452129171953,-0.011651113194419914
MSN,aparc,0.25,Eigenvector Centrality,lh_transversetemporal,0.9850212210916391,0.942312827452785,-0.04270839363885415
MSN,aparc,0.25,Eigenvector Centrality,lh_insula,0.9295152770913686,0.9462617417116422,0.016746464620273627
MSN,aparc,0.25,Eigenvector Centrality,rh_bankssts,1.0,0.9742892116869596,-0.02571078831304041
MSN,aparc,0.25,Eigenvector Centrality,rh_caudalanteriorcingulate,0.8925162348298112,0.9038455475768999,0.011329312747088705
MSN,aparc,0.25,Eigenvector Centrality,rh_caudalmiddlefrontal,0.734376850430516,0.8993908671981801,0.16501401676766403
MSN,aparc,0.25,Eigenvector Centrality,rh_cuneus,0.000240516137209915,2.5018090369342084e-06,-0.0002380143281729808
MSN,aparc,0.25,Eigenvector Centrality,rh_entorhinal,0.08910819869830229,0.002001910786935822,-0.08710628791136647
MSN,aparc,0.25,Eigenvector Centrality,rh_fusiform,0.023168880040666584,0.013801842686228593,-0.009367037354437991
MSN,aparc,0.25,Eigenvector Centrality,rh_inferiorparietal,0.00026218239095021834,3.656148785246768e-06,-0.0002585262421649716
MSN,aparc,0.25,Eigenvector Centrality,rh_inferiortemporal,0.004295267426184543,0.0007068387831989949,-0.003588428642985548
MSN,aparc,0.25,Eigenvector Centrality,rh_isthmuscingulate,0.9063818141932997,0.9075020876124044,0.0011202734191047004
MSN,aparc,0.25,Eigenvector Centrality,rh_lateraloccipital,0.0002652014268819991,3.7578824856260462e-06,-0.00026144354439637307
MSN,aparc,0.25,Eigenvector Centrality,rh_lateralorbitofrontal,0.026313957809501052,0.02843952304568352,0.002125565236182469
MSN,aparc,0.25,Eigenvector Centrality,rh_lingual,0.00017319123163151123,2.302996532622818e-06,-0.00017088823509888842
MSN,aparc,0.25,Eigenvector Centrality,rh_medialorbitofrontal,7.167990091909657e-06,2.5335872161932927e-07,-6.914631370290328e-06
MSN,aparc,0.25,Eigenvector Centrality,rh_middletemporal,0.007714179909589639,0.0016286156316863594,-0.006085564277903279
MSN,aparc,0.25,Eigenvector Centrality,rh_parahippocampal,0.9374722430980531,0.9382705123093553,0.0007982692113022161
MSN,aparc,0.25,Eigenvector Centrality,rh_paracentral,0.9658269949791483,0.953325850248046,-0.01250114473110231
MSN,aparc,0.25,Eigenvector Centrality,rh_parsopercularis,0.940642343054803,0.8730699651850302,-0.06757237786977277
MSN,aparc,0.25,Eigenvector Centrality,rh_parsorbitalis,0.013630262343808186,0.0020290128681496964,-0.01160124947565849
MSN,aparc,0.25,Eigenvector Centrality,rh_parstriangularis,0.8955601213189065,0.8386900840345148,-0.05687003728439166
MSN,aparc,0.25,Eigenvector Centrality,rh_pericalcarine,4.358470171395077e-05,4.413865838487338e-07,-4.3143315130102037e-05
MSN,aparc,0.25,Eigenvector Centrality,rh_postcentral,0.00026288131736187264,3.660549183935015e-06,-0.0002592207681779376
MSN,aparc,0.25,Eigenvector Centrality,rh_posteriorcingulate,0.8868403111479257,0.9257103093102022,0.03886999816227643
MSN,aparc,0.25,Eigenvector Centrality,rh_precentral,0.0002642724862538168,3.8440923269934854e-06,-0.00026042839392682334
MSN,aparc,0.25,Eigenvector Centrality,rh_precuneus,0.00014548218584821236,1.8477756156204252e-06,-0.00014363441023259194
MSN,aparc,0.25,Eigenvector Centrality,rh_rostralanteriorcingulate,0.9578609394820045,0.9339173713716112,-0.02394356811039322
MSN,aparc,0.25,Eigenvector Centrality,rh_rostralmiddlefrontal,0.0002659052347742311,3.808871869335089e-06,-0.00026209636290489604
MSN,aparc,0.25,Eigenvector Centrality,rh_superiorfrontal,0.0005517472822186745,3.3301905679653788e-06,-0.0005484170916507092
MSN,aparc,0.25,Eigenvector Centrality,rh_superiorparietal,0.0002658647492218627,3.857594719700032e-06,-0.00026200715450216266
MSN,aparc,0.25,Eigenvector Centrality,rh_superiortemporal,0.010660965534857993,0.001703801321174197,-0.008957164213683796
MSN,aparc,0.25,Eigenvector Centrality,rh_supramarginal,1.6302730547144603e-05,0.0,-1.6302730547144603e-05
MSN,aparc,0.25,Eigenvector Centrality,rh_frontalpole,0.012825907662254629,0.0018536305141495406,-0.010972277148105088
MSN,aparc,0.25,Eigenvector Centrality,rh_temporalpole,0.032569519628937,0.0020654402316211263,-0.03050407939731587
MSN,aparc,0.25,Eigenvector Centrality,rh_transversetemporal,0.9850541617133344,0.943352471584391,-0.041701690128943425
MSN,aparc,0.25,Eigenvector Centrality,rh_insula,0.9878690455980885,0.9584598218252939,-0.029409223772794646
MSN,aparc,0.25,Node Degree,lh_bankssts,0.9565217391304348,0.9565217391304348,0.0
MSN,aparc,0.25,Node Degree,lh_caudalanteriorcingulate,0.9565217391304348,0.9565217391304348,0.0
MSN,aparc,0.25,Node Degree,lh_caudalmiddlefrontal,0.9565217391304348,0.9565217391304348,0.0
MSN,aparc,0.25,Node Degree,lh_cuneus,0.782608695652174,0.6956521739130435,-0.08695652173913049
MSN,aparc,0.25,Node Degree,lh_entorhinal,0.4782608695652174,0.43478260869565216,-0.043478260869565244
MSN,aparc,0.25,Node Degree,lh_fusiform,0.0,0.0,0.0
MSN,aparc,0.25,Node Degree,lh_inferiorparietal,0.8695652173913043,0.8260869565217391,-0.04347826086956519
MSN,aparc,0.25,Node Degree,lh_inferiortemporal,0.5217391304347826,0.4782608695652174,-0.04347826086956519
MSN,aparc,0.25,Node Degree,lh_isthmuscingulate,0.9565217391304348,0.9565217391304348,0.0
MSN,aparc,0.25,Node Degree,lh_lateraloccipital,0.782608695652174,0.8260869565217391,0.04347826086956519
MSN,aparc,0.25,Node Degree,lh_lateralorbitofrontal,0.0,0.0,0.0
MSN,aparc,0.25,Node Degree,lh_lingual,0.782608695652174,0.782608695652174,0.0
MSN,aparc,0.25,Node Degree,lh_medialorbitofrontal,0.0,0.0,0.0
MSN,aparc,0.25,Node Degree,lh_middletemporal,0.5217391304347826,0.5217391304347826,0.0
MSN,aparc,0.25,Node Degree,lh_parahippocampal,0.9565217391304348,1.0,0.04347826086956519
MSN,aparc,0.25,Node Degree,lh_paracentral,0.9565217391304348,0.9565217391304348,0.0
MSN,aparc,0.25,Node Degree,lh_parsopercularis,0.8260869565217391,1.0,0.17391304347826086
MSN,aparc,0.25,Node Degree,lh_parsorbitalis,0.5217391304347826,0.5217391304347826,0.0
MSN,aparc,0.25,Node Degree,lh_parstriangularis,0.9565217391304348,0.9565217391304348,0.0
MSN,aparc,0.25,Node Degree,lh_pericalcarine,0.2608695652173913,0.2608695652173913,0.0
MSN,aparc,0.25,Node Degree,lh_postcentral,0.8260869565217391,0.8695652173913043,0.04347826086956519
MSN,aparc,0.25,Node Degree,lh_posteriorcingulate,0.9130434782608695,0.9565217391304348,0.0434782608695653
MSN,aparc,0.25,Node Degree,lh_precentral,0.7391304347826086,0.6956521739130435,-0.04347826086956519
MSN,aparc,0.25,Node Degree,lh_precuneus,0.4782608695652174,0.6521739130434783,0.17391304347826086
MSN,aparc,0.25,Node Degree,lh_rostralanteriorcingulate,0.9130434782608695,0.9565217391304348,0.0434782608695653
MSN,aparc,0.25,Node Degree,lh_rostralmiddlefrontal,0.782608695652174,0.8260869565217391,0.04347826086956519
MSN,aparc,0.25,Node Degree,lh_superiorfrontal,0.782608695652174,0.6086956521739131,-0.17391304347826086
MSN,aparc,0.25,Node Degree,lh_superiorparietal,0.8260869565217391,0.8260869565217391,0.0
MSN,aparc,0.25,Node Degree,lh_superiortemporal,0.43478260869565216,0.34782608695652173,-0.08695652173913043
MSN,aparc,0.25,Node Degree,lh_supramarginal,0.6521739130434783,0.6086956521739131,-0.04347826086956519
MSN,aparc,0.25,Node Degree,lh_frontalpole,0.5217391304347826,0.5217391304347826,0.0
MSN,aparc,0.25,Node Degree,lh_temporalpole,0.5217391304347826,0.4782608695652174,-0.04347826086956519
MSN,aparc,0.25,Node Degree,lh_transversetemporal,0.9565217391304348,1.0,0.04347826086956519
MSN,aparc,0.25,Node Degree,lh_insula,0.9565217391304348,1.0,0.04347826086956519
MSN,aparc,0.25,Node Degree,rh_bankssts,1.0,0.9565217391304348,-0.04347826086956519
MSN,aparc,0.25,Node Degree,rh_caudalanteriorcingulate,0.8695652173913043,0.9565217391304348,0.08695652173913049
MSN,aparc,0.25,Node Degree,rh_caudalmiddlefrontal,0.8260869565217391,0.9565217391304348,0.13043478260869568
MSN,aparc,0.25,Node Degree,rh_cuneus,0.9130434782608695,0.8260869565217391,-0.08695652173913038
MSN,aparc,0.25,Node Degree,rh_entorhinal,0.4782608695652174,0.391304347826087,-0.08695652173913043
MSN,aparc,0.25,Node Degree,rh_fusiform,0.043478260869565216,0.0,-0.043478260869565216
MSN,aparc,0.25,Node Degree,rh_inferiorparietal,0.8260869565217391,0.7391304347826086,-0.08695652173913049
MSN,aparc,0.25,Node Degree,rh_inferiortemporal,0.5217391304347826,0.43478260869565216,-0.08695652173913043
MSN,aparc,0.25,Node Degree,rh_isthmuscingulate,0.9130434782608695,0.9565217391304348,0.0434782608695653
MSN,aparc,0.25,Node Degree,rh_lateraloccipital,0.8260869565217391,0.8260869565217391,0.0
MSN,aparc,0.25,Node Degree,rh_lateralorbitofrontal,0.043478260869565216,0.08695652173913043,0.043478260869565216
MSN,aparc,0.25,Node Degree,rh_lingual,0.782608695652174,0.782608695652174,0.0
MSN,aparc,0.25,Node Degree,rh_medialorbitofrontal,0.043478260869565216,0.08695652173913043,0.043478260869565216
MSN,aparc,0.25,Node Degree,rh_middletemporal,0.5217391304347826,0.5217391304347826,0.0
MSN,aparc,0.25,Node Degree,rh_parahippocampal,0.9565217391304348,0.9565217391304348,0.0
MSN,aparc,0.25,Node Degree,rh_paracentral,0.9565217391304348,0.9565217391304348,0.0
MSN,aparc,0.25,Node Degree,rh_parsopercularis,0.9565217391304348,0.9565217391304348,0.0
MSN,aparc,0.25,Node Degree,rh_parsorbitalis,0.5217391304347826,0.5217391304347826,0.0
MSN,aparc,0.25,Node Degree,rh_parstriangularis,0.9565217391304348,0.9565217391304348,0.0
MSN,aparc,0.25,Node Degree,rh_pericalcarine,0.2608695652173913,0.2608695652173913,0.0
MSN,aparc,0.25,Node Degree,rh_postcentral,0.8260869565217391,0.8260869565217391,0.0
MSN,aparc,0.25,Node Degree,rh_posteriorcingulate,0.8695652173913043,0.9565217391304348,0.08695652173913049
MSN,aparc,0.25,Node Degree,rh_precentral,0.782608695652174,0.8260869565217391,0.04347826086956519
MSN,aparc,0.25,Node Degree,rh_precuneus,0.7391304347826086,0.6956521739130435,-0.04347826086956519
MSN,aparc,0.25,Node Degree,rh_rostralanteriorcingulate,0.9565217391304348,0.9565217391304348,0.0
MSN,aparc,0.25,Node Degree,rh_rostralmiddlefrontal,0.782608695652174,0.8695652173913043,0.08695652173913038
MSN,aparc,0.25,Node Degree,rh_superiorfrontal,0.6956521739130435,0.5652173913043478,-0.13043478260869568
MSN,aparc,0.25,Node Degree,rh_superiorparietal,0.8260869565217391,0.8260869565217391,0.0
MSN,aparc,0.25,Node Degree,rh_superiortemporal,0.5217391304347826,0.5217391304347826,0.0
MSN,aparc,0.25,Node Degree,rh_supramarginal,0.043478260869565216,0.0,-0.043478260869565216
MSN,aparc,0.25,Node Degree,rh_frontalpole,0.5217391304347826,0.5217391304347826,0.0
MSN,aparc,0.25,Node Degree,rh_temporalpole,0.4782608695652174,0.4782608695652174,0.0
MSN,aparc,0.25,Node Degree,rh_transversetemporal,0.9565217391304348,0.9565217391304348,0.0
MSN,aparc,0.25,Node Degree,rh_insula,0.9565217391304348,0.9565217391304348,0.0
MSN,aparc,0.3,Participation Coefficient,lh_bankssts,0.0,0.08430561188991643,0.08430561188991643
MSN,aparc,0.3,Participation Coefficient,lh_caudalanteriorcingulate,0.0,0.0,0.0
MSN,aparc,0.3,Participation Coefficient,lh_caudalmiddlefrontal,0.0,0.0,0.0
MSN,aparc,0.3,Participation Coefficient,lh_cuneus,0.0,0.0,0.0
MSN,aparc,0.3,Participation Coefficient,lh_entorhinal,0.5536103833194611,0.6151165339979593,0.061506150678498184
MSN,aparc,0.3,Participation Coefficient,lh_fusiform,0.0,0.0,0.0
MSN,aparc,0.3,Participation Coefficient,lh_inferiorparietal,0.0,0.0,0.0
MSN,aparc,0.3,Participation Coefficient,lh_inferiortemporal,0.5705874175024549,0.5474102107197174,-0.02317720678273749
MSN,aparc,0.3,Participation Coefficient,lh_isthmuscingulate,0.0,0.0,0.0
MSN,aparc,0.3,Participation Coefficient,lh_lateraloccipital,0.0,0.0,0.0
MSN,aparc,0.3,Participation Coefficient,lh_lateralorbitofrontal,0.0,0.0,0.0
MSN,aparc,0.3,Participation Coefficient,lh_lingual,0.0,0.0,0.0
MSN,aparc,0.3,Participation Coefficient,lh_medialorbitofrontal,0.0,0.0,0.0
MSN,aparc,0.3,Participation Coefficient,lh_middletemporal,0.2886780889696957,0.33611449707056296,0.047436408100867244
MSN,aparc,0.3,Participation Coefficient,lh_parahippocampal,0.29457909180930786,0.19786117314833293,-0.09671791866097493
MSN,aparc,0.3,Participation Coefficient,lh_paracentral,0.0896540081211753,0.0,-0.0896540081211753
MSN,aparc,0.3,Participation Coefficient,lh_parsopercularis,0.6352776864196396,0.4117678752367852,-0.22350981118285435
MSN,aparc,0.3,Participation Coefficient,lh_parsorbitalis,0.32016821563904496,0.0,-0.32016821563904496
MSN,aparc,0.3,Participation Coefficient,lh_parstriangularis,0.0,0.0,0.0
MSN,aparc,0.3,Participation Coefficient,lh_pericalcarine,0.9175256120903981,1.0,0.08247438790960193
MSN,aparc,0.3,Participation Coefficient,lh_postcentral,0.0,0.0,0.0
MSN,aparc,0.3,Participation Coefficient,lh_posteriorcingulate,0.09609257827585373,0.10748740549432408,0.01139482721847035
MSN,aparc,0.3,Participation Coefficient,lh_precentral,0.1963769986055447,0.0,-0.1963769986055447
MSN,aparc,0.3,Participation Coefficient,lh_precuneus,0.0,0.0,0.0
MSN,aparc,0.3,Participation Coefficient,lh_rostralanteriorcingulate,0.5696585433308824,0.36253716919354056,-0.20712137413734183
MSN,aparc,0.3,Participation Coefficient,lh_rostralmiddlefrontal,0.0,0.0,0.0
MSN,aparc,0.3,Participation Coefficient,lh_superiorfrontal,0.6199666347531453,0.5851579356343666,-0.03480869911877871
MSN,aparc,0.3,Participation Coefficient,lh_superiorparietal,0.0,0.0,0.0
MSN,aparc,0.3,Participation Coefficient,lh_superiortemporal,0.6960208663383106,0.5065961300174454,-0.1894247363208652
MSN,aparc,0.3,Participation Coefficient,lh_supramarginal,0.48582016751993246,0.21085355653757828,-0.2749666109823542
MSN,aparc,0.3,Participation Coefficient,lh_frontalpole,0.0,0.0,0.0
MSN,aparc,0.3,Participation Coefficient,lh_temporalpole,0.34468865230213896,0.3038014357241298,-0.040887216578009145
MSN,aparc,0.3,Participation Coefficient,lh_transversetemporal,0.0,0.08166068764466955,0.08166068764466955
MSN,aparc,0.3,Participation Coefficient,lh_insula,0.0927767830581497,0.0,-0.0927767830581497
MSN,aparc,0.3,Participation Coefficient,rh_bankssts,0.0,0.0,0.0
MSN,aparc,0.3,Participation Coefficient,rh_caudalanteriorcingulate,0.1987262866792396,0.11018528484669408,-0.08854100183254553
MSN,aparc,0.3,Participation Coefficient,rh_caudalmiddlefrontal,0.0,0.0,0.0
MSN,aparc,0.3,Participation Coefficient,rh_cuneus,0.0,0.0,0.0
MSN,aparc,0.3,Participation Coefficient,rh_entorhinal,0.9153506709817822,0.6109963556820088,-0.3043543152997734
MSN,aparc,0.3,Participation Coefficient,rh_fusiform,0.0,0.0,0.0
MSN,aparc,0.3,Participation Coefficient,rh_inferiorparietal,0.0,0.0,0.0
MSN,aparc,0.3,Participation Coefficient,rh_inferiortemporal,0.7435457900727225,0.38386725214816986,-0.3596785379245526
MSN,aparc,0.3,Participation Coefficient,rh_isthmuscingulate,0.0965651248861069,0.0927130488962994,-0.0038520759898074963
MSN,aparc,0.3,Participation Coefficient,rh_lateraloccipital,0.0,0.0,0.0
MSN,aparc,0.3,Participation Coefficient,rh_lateralorbitofrontal,0.0,0.0,0.0
MSN,aparc,0.3,Participation Coefficient,rh_lingual,0.0,0.0,0.0
MSN,aparc,0.3,Participation Coefficient,rh_medialorbitofrontal,0.0,0.0,0.0
MSN,aparc,0.3,Participation Coefficient,rh_middletemporal,0.5098500037806865,0.3473442675519906,-0.16250573622869585
MSN,aparc,0.3,Participation Coefficient,rh_parahippocampal,0.09203390513647536,0.0,-0.09203390513647536
MSN,aparc,0.3,Participation Coefficient,rh_paracentral,0.0,0.0,0.0
MSN,aparc,0.3,Participation Coefficient,rh_parsopercularis,0.10038777885849935,0.2037134954692197,0.10332571661072036
MSN,aparc,0.3,Participation Coefficient,rh_parsorbitalis,0.31341791900735416,0.0,-0.31341791900735416
MSN,aparc,0.3,Participation Coefficient,rh_parstriangularis,0.0,0.0,0.0
MSN,aparc,0.3,Participation Coefficient,rh_pericalcarine,0.39468967832383944,0.21829598353710514,-0.1763936947867343
MSN,aparc,0.3,Participation Coefficient,rh_postcentral,0.0,0.0,0.0
MSN,aparc,0.3,Participation Coefficient,rh_posteriorcingulate,0.19734412019110326,0.18465849461478775,-0.012685625576315501
MSN,aparc,0.3,Participation Coefficient,rh_precentral,0.0,0.0,0.0
MSN,aparc,0.3,Participation Coefficient,rh_precuneus,0.0,0.0,0.0
MSN,aparc,0.3,Participation Coefficient,rh_rostralanteriorcingulate,0.09661567954411776,0.0,-0.09661567954411776
MSN,aparc,0.3,Participation Coefficient,rh_rostralmiddlefrontal,0.0,0.0,0.0
MSN,aparc,0.3,Participation Coefficient,rh_superiorfrontal,0.5644308575864458,0.5396216763971622,-0.024809181189283658
MSN,aparc,0.3,Participation Coefficient,rh_superiorparietal,0.0,0.0,0.0
MSN,aparc,0.3,Participation Coefficient,rh_superiortemporal,0.0,0.0,0.0
MSN,aparc,0.3,Participation Coefficient,rh_supramarginal,0.0,0.0,0.0
MSN,aparc,0.3,Participation Coefficient,rh_frontalpole,0.0,0.0,0.0
MSN,aparc,0.3,Participation Coefficient,rh_temporalpole,0.4741810108554354,0.32621306006892503,-0.14796795078651037
MSN,aparc,0.3,Participation Coefficient,rh_transversetemporal,0.0,0.09197517040249338,0.09197517040249338
MSN,aparc,0.3,Participation Coefficient,rh_insula,0.0,0.0,0.0
MSN,aparc,0.3,Node Versatility,lh_bankssts,0.18445472607030744,0.040065457161351556,-0.14438926890895587
MSN,aparc,0.3,Node Versatility,lh_caudalanteriorcingulate,0.1800210652237082,0.04441870208587002,-0.1356023631378382
MSN,aparc,0.3,Node Versatility,lh_caudalmiddlefrontal,0.002425418781001232,0.07702827025712805,0.07460285147612682
MSN,aparc,0.3,Node Versatility,lh_cuneus,0.16790067312694337,0.04142190595633832,-0.12647876717060505
MSN,aparc,0.3,Node Versatility,lh_entorhinal,0.03985872450216788,0.023347779136592556,-0.016510945365575326
MSN,aparc,0.3,Node Versatility,lh_fusiform,1.0,0.16169488564545528,-0.8383051143545447
MSN,aparc,0.3,Node Versatility,lh_inferiorparietal,0.02449785835637356,0.0,-0.02449785835637356
MSN,aparc,0.3,Node Versatility,lh_inferiortemporal,0.03985872450216788,0.023347779136592556,-0.016510945365575326
MSN,aparc,0.3,Node Versatility,lh_isthmuscingulate,0.09671225341687735,0.07112504499203177,-0.025587208424845576
MSN,aparc,0.3,Node Versatility,lh_lateraloccipital,0.02449785835637356,0.0,-0.02449785835637356
MSN,aparc,0.3,Node Versatility,lh_lateralorbitofrontal,0.40706547066182663,0.25738226692769317,-0.14968320373413346
MSN,aparc,0.3,Node Versatility,lh_lingual,0.16790067312694337,0.04142190595633832,-0.12647876717060505
MSN,aparc,0.3,Node Versatility,lh_medialorbitofrontal,0.02449785835637356,0.5777429623318164,0.5532451039754429
MSN,aparc,0.3,Node Versatility,lh_middletemporal,0.03985872450216788,0.023347779136592556,-0.016510945365575326
MSN,aparc,0.3,Node Versatility,lh_parahippocampal,0.27658071257026656,0.16169488564545528,-0.11488582692481128
MSN,aparc,0.3,Node Versatility,lh_paracentral,0.15038422339940055,0.05390318226359978,-0.09648104113580078
MSN,aparc,0.3,Node Versatility,lh_parsopercularis,0.2323297568626388,0.24860332131056537,0.016273564447926575
MSN,aparc,0.3,Node Versatility,lh_parsorbitalis,0.03985872450216788,0.023347779136592556,-0.016510945365575326
MSN,aparc,0.3,Node Versatility,lh_parstriangularis,0.15760134457227412,0.05390318226359978,-0.10369816230867435
MSN,aparc,0.3,Node Versatility,lh_pericalcarine,0.15496765120647538,0.11801296246443202,-0.03695468874204336
MSN,aparc,0.3,Node Versatility,lh_postcentral,0.02449785835637356,0.0,-0.02449785835637356
MSN,aparc,0.3,Node Versatility,lh_posteriorcingulate,0.11241416797226685,0.02099716416965895,-0.0914170038026079
MSN,aparc,0.3,Node Versatility,lh_precentral,0.02449785835637356,0.0,-0.02449785835637356
MSN,aparc,0.3,Node Versatility,lh_precuneus,0.16790067312694337,0.04142190595633832,-0.12647876717060505
MSN,aparc,0.3,Node Versatility,lh_rostralanteriorcingulate,0.25765255608703513,0.11253597237932912,-0.14511658370770603
MSN,aparc,0.3,Node Versatility,lh_rostralmiddlefrontal,0.02449785835637356,0.0,-0.02449785835637356
MSN,aparc,0.3,Node Versatility,lh_superiorfrontal,0.025005586024138098,0.0,-0.025005586024138098
MSN,aparc,0.3,Node Versatility,lh_superiorparietal,0.02449785835637356,0.0,-0.02449785835637356
MSN,aparc,0.3,Node Versatility,lh_superiortemporal,0.03985872450216788,0.023347779136592556,-0.016510945365575326
MSN,aparc,0.3,Node Versatility,lh_supramarginal,0.025005586024138098,0.0,-0.025005586024138098
MSN,aparc,0.3,Node Versatility,lh_frontalpole,0.03985872450216788,0.023347779136592556,-0.016510945365575326
MSN,aparc,0.3,Node Versatility,lh_temporalpole,0.03985872450216788,0.023347779136592556,-0.016510945365575326
MSN,aparc,0.3,Node Versatility,lh_transversetemporal,0.2343951294378158,0.007575021071145126,-0.22682010836667066
MSN,aparc,0.3,Node Versatility,lh_insula,0.1950193994143166,0.12029783334180495,-0.07472156607251164
MSN,aparc,0.3,Node Versatility,rh_bankssts,0.21042136211382476,0.018346352578190027,-0.19207500953563472
MSN,aparc,0.3,Node Versatility,rh_caudalanteriorcingulate,0.10474341000461342,0.02099716416965895,-0.08374624583495446
MSN,aparc,0.3,Node Versatility,rh_caudalmiddlefrontal,0.10408183477295697,0.07702827025712805,-0.027053564515828923
MSN,aparc,0.3,Node Versatility,rh_cuneus,0.16790067312694337,0.04142190595633832,-0.12647876717060505
MSN,aparc,0.3,Node Versatility,rh_entorhinal,0.03985872450216788,0.023347779136592556,-0.016510945365575326
MSN,aparc,0.3,Node Versatility,rh_fusiform,1.0,0.007575021071145126,-0.9924249789288548
MSN,aparc,0.3,Node Versatility,rh_inferiorparietal,0.02449785835637356,0.0,-0.02449785835637356
MSN,aparc,0.3,Node Versatility,rh_inferiortemporal,0.03985872450216788,0.023347779136592556,-0.016510945365575326
MSN,aparc,0.3,Node Versatility,rh_isthmuscingulate,0.09647933783520336,0.07180904546442458,-0.02467029237077878
MSN,aparc,0.3,Node Versatility,rh_lateraloccipital,0.02449785835637356,0.0,-0.02449785835637356
MSN,aparc,0.3,Node Versatility,rh_lateralorbitofrontal,0.40706547066182663,0.5777429623318164,0.1706774916699898
MSN,aparc,0.3,Node Versatility,rh_lingual,0.16790067312694337,0.04142190595633832,-0.12647876717060505
MSN,aparc,0.3,Node Versatility,rh_medialorbitofrontal,0.02449785835637356,0.0,-0.02449785835637356
MSN,aparc,0.3,Node Versatility,rh_middletemporal,0.03985872450216788,0.023347779136592556,-0.016510945365575326
MSN,aparc,0.3,Node Versatility,rh_parahippocampal,0.2018821426741446,0.0955822103424761,-0.10629993233166848
MSN,aparc,0.3,Node Versatility,rh_paracentral,0.0659164529790101,0.03465859346021267,-0.03125785951879743
MSN,aparc,0.3,Node Versatility,rh_parsopercularis,0.15760134457227412,0.13385858471001724,-0.02374275986225688
MSN,aparc,0.3,Node Versatility,rh_parsorbitalis,0.03985872450216788,0.023347779136592556,-0.016510945365575326
MSN,aparc,0.3,Node Versatility,rh_parstriangularis,0.0659164529790101,0.08203974111704056,0.01612328813803046
MSN,aparc,0.3,Node Versatility,rh_pericalcarine,0.1559020918054008,0.05563210687832437,-0.10026998492707642
MSN,aparc,0.3,Node Versatility,rh_postcentral,0.02449785835637356,0.0,-0.02449785835637356
MSN,aparc,0.3,Node Versatility,rh_posteriorcingulate,0.026031883662604456,0.02099716416965895,-0.005034719492945507
MSN,aparc,0.3,Node Versatility,rh_precentral,0.02449785835637356,0.0,-0.02449785835637356
MSN,aparc,0.3,Node Versatility,rh_precuneus,0.16790067312694337,0.04142190595633832,-0.12647876717060505
MSN,aparc,0.3,Node Versatility,rh_rostralanteriorcingulate,0.2215107388349891,0.08401186210960392,-0.1374988767253852
MSN,aparc,0.3,Node Versatility,rh_rostralmiddlefrontal,0.02449785835637356,0.0,-0.02449785835637356
MSN,aparc,0.3,Node Versatility,rh_superiorfrontal,0.025005586024138098,0.0,-0.025005586024138098
MSN,aparc,0.3,Node Versatility,rh_superiorparietal,0.02449785835637356,0.0,-0.02449785835637356
MSN,aparc,0.3,Node Versatility,rh_superiortemporal,0.03985872450216788,0.023347779136592556,-0.016510945365575326
MSN,aparc,0.3,Node Versatility,rh_supramarginal,0.025005586024138098,0.0,-0.025005586024138098
MSN,aparc,0.3,Node Versatility,rh_frontalpole,0.03985872450216788,0.023347779136592556,-0.016510945365575326
MSN,aparc,0.3,Node Versatility,rh_temporalpole,0.03985872450216788,0.023347779136592556,-0.016510945365575326
MSN,aparc,0.3,Node Versatility,rh_transversetemporal,0.0026254096373543273,0.02099716416965895,0.01837175453230462
MSN,aparc,0.3,Node Versatility,rh_insula,0.1739247170112646,0.12029783334180498,-0.05362688366945963
MSN,aparc,0.3,Node Strength,lh_bankssts,0.9443837942492951,0.9792785816449683,0.0348947873956732
MSN,aparc,0.3,Node Strength,lh_caudalanteriorcingulate,0.9429911233900522,0.9678130631429147,0.02482193975286251
MSN,aparc,0.3,Node Strength,lh_caudalmiddlefrontal,0.883787307359542,0.8895667182307451,0.005779410871203039
MSN,aparc,0.3,Node Strength,lh_cuneus,0.7288832282180497,0.7200764243638953,-0.008806803854154444
MSN,aparc,0.3,Node Strength,lh_entorhinal,0.5366508154578169,0.5586700281673497,0.022019212709532776
MSN,aparc,0.3,Node Strength,lh_fusiform,0.008666688593411472,0.0004352786115905815,-0.00823140998182089
MSN,aparc,0.3,Node Strength,lh_inferiorparietal,0.8203267682559782,0.8324949580016745,0.012168189745696334
MSN,aparc,0.3,Node Strength,lh_inferiortemporal,0.510029856336086,0.508259172376003,-0.0017706839600829527
MSN,aparc,0.3,Node Strength,lh_isthmuscingulate,0.8831569924633617,0.913847223286255,0.03069023082289335
MSN,aparc,0.3,Node Strength,lh_lateraloccipital,0.8222247183386396,0.8438041265660007,0.02157940822736104
MSN,aparc,0.3,Node Strength,lh_lateralorbitofrontal,0.013627967738050131,0.09753691007160621,0.08390894233355609
MSN,aparc,0.3,Node Strength,lh_lingual,0.7141803310390685,0.7530608289086381,0.0388804978695696
MSN,aparc,0.3,Node Strength,lh_medialorbitofrontal,0.003922699022750873,0.00019587809485465933,-0.003726820927896214
MSN,aparc,0.3,Node Strength,lh_middletemporal,0.5370978066991788,0.5300851591475959,-0.007012647551582929
MSN,aparc,0.3,Node Strength,lh_parahippocampal,0.9205936378631464,0.9360612836343489,0.01546764577120252
MSN,aparc,0.3,Node Strength,lh_paracentral,0.9098545763882997,0.929641297407934,0.0197867210196343
MSN,aparc,0.3,Node Strength,lh_parsopercularis,0.8963064756308399,0.8982762139954763,0.001969738364636431
MSN,aparc,0.3,Node Strength,lh_parsorbitalis,0.5442468538596569,0.49950788168961924,-0.04473897217003764
MSN,aparc,0.3,Node Strength,lh_parstriangularis,0.870104734583709,0.8727752544682804,0.002670519884571454
MSN,aparc,0.3,Node Strength,lh_pericalcarine,0.35327543100322895,0.41126370344108665,0.0579882724378577
MSN,aparc,0.3,Node Strength,lh_postcentral,0.865929004319818,0.8868817778857789,0.020952773565960925
MSN,aparc,0.3,Node Strength,lh_posteriorcingulate,0.942199092126857,0.9514996416821908,0.00930054955533377
MSN,aparc,0.3,Node Strength,lh_precentral,0.8399214321531959,0.8137160922729995,-0.026205339880196465
MSN,aparc,0.3,Node Strength,lh_precuneus,0.5753780481968699,0.6686680137146023,0.09328996551773239
MSN,aparc,0.3,Node Strength,lh_rostralanteriorcingulate,0.9608810124263407,1.0,0.03911898757365928
MSN,aparc,0.3,Node Strength,lh_rostralmiddlefrontal,0.8214281915637462,0.8360310019939122,0.01460281043016598
MSN,aparc,0.3,Node Strength,lh_superiorfrontal,0.7772238731874481,0.7680451431902575,-0.009178729997190604
MSN,aparc,0.3,Node Strength,lh_superiorparietal,0.8685521719549489,0.863207543505379,-0.005344628449569955
MSN,aparc,0.3,Node Strength,lh_superiortemporal,0.4752739645017383,0.4723110106718973,-0.0029629538298410196
MSN,aparc,0.3,Node Strength,lh_supramarginal,0.7897732758499341,0.7896487071643619,-0.0001245686855722017
MSN,aparc,0.3,Node Strength,lh_frontalpole,0.5110375200250954,0.5160205489352269,0.004983028910131471
MSN,aparc,0.3,Node Strength,lh_temporalpole,0.5418891735216035,0.5327298744654869,-0.009159299056116565
MSN,aparc,0.3,Node Strength,lh_transversetemporal,0.9630668306423861,0.9799252952079488,0.016858464565562725
MSN,aparc,0.3,Node Strength,lh_insula,0.9287290707264145,0.953054897225096,0.024325826498681424
MSN,aparc,0.3,Node Strength,rh_bankssts,0.9808437039625391,0.9787913031138133,-0.0020524008487257106
MSN,aparc,0.3,Node Strength,rh_caudalanteriorcingulate,0.9115971852608142,0.9271858680436,0.015588682782785801
MSN,aparc,0.3,Node Strength,rh_caudalmiddlefrontal,0.7306370476671961,0.8788708925589119,0.14823384489171587
MSN,aparc,0.3,Node Strength,rh_cuneus,0.826508322590873,0.8313035972771531,0.004795274686280049
MSN,aparc,0.3,Node Strength,rh_entorhinal,0.5673810644612963,0.5579185163625352,-0.009462548098761125
MSN,aparc,0.3,Node Strength,rh_fusiform,0.08778015630125632,0.0,-0.08778015630125632
MSN,aparc,0.3,Node Strength,rh_inferiorparietal,0.8060217271726635,0.8231603644783687,0.017138637305705196
MSN,aparc,0.3,Node Strength,rh_inferiortemporal,0.507737468122645,0.48132818423255586,-0.02640928389008912
MSN,aparc,0.3,Node Strength,rh_isthmuscingulate,0.8829225796850779,0.9307684547399268,0.04784587505484883
MSN,aparc,0.3,Node Strength,rh_lateraloccipital,0.8235567663108965,0.8350639665663296,0.01150720025543317
MSN,aparc,0.3,Node Strength,rh_lateralorbitofrontal,0.420670256362044,0.47535106963427287,0.054680813272228845
MSN,aparc,0.3,Node Strength,rh_lingual,0.7595793192032562,0.8033032416911107,0.043723922487854505
MSN,aparc,0.3,Node Strength,rh_medialorbitofrontal,0.3438957267606499,0.5322977111966558,0.18840198443600592
MSN,aparc,0.3,Node Strength,rh_middletemporal,0.5380792811352791,0.521617692117224,-0.016461589018055167
MSN,aparc,0.3,Node Strength,rh_parahippocampal,0.9407155688492042,0.9645471531917132,0.023831584342509093
MSN,aparc,0.3,Node Strength,rh_paracentral,0.9266362254128638,0.9573829155463238,0.030746690133459986
MSN,aparc,0.3,Node Strength,rh_parsopercularis,0.9259713579261949,0.8993907008955974,-0.026580657030597532
MSN,aparc,0.3,Node Strength,rh_parsorbitalis,0.5455760985945269,0.507474357620507,-0.03810174097401997
MSN,aparc,0.3,Node Strength,rh_parstriangularis,0.8567408763446839,0.8388108325483798,-0.01793004379630403
MSN,aparc,0.3,Node Strength,rh_pericalcarine,0.3815899533326085,0.34527866778464306,-0.03631128554796542
MSN,aparc,0.3,Node Strength,rh_postcentral,0.8523971735561212,0.9005755718328982,0.048178398276776946
MSN,aparc,0.3,Node Strength,rh_posteriorcingulate,0.9248765184799793,0.9720938827366196,0.04721736425664025
MSN,aparc,0.3,Node Strength,rh_precentral,0.8212791864292696,0.837381453622502,0.01610226719323249
MSN,aparc,0.3,Node Strength,rh_precuneus,0.6267712707429526,0.7013452235347124,0.07457395279175982
MSN,aparc,0.3,Node Strength,rh_rostralanteriorcingulate,0.9448118176401933,0.9620641462141484,0.01725232857395509
MSN,aparc,0.3,Node Strength,rh_rostralmiddlefrontal,0.8321690403256264,0.8507474169537798,0.018578376628153315
MSN,aparc,0.3,Node Strength,rh_superiorfrontal,0.8220330908778509,0.7937637373733194,-0.028269353504531525
MSN,aparc,0.3,Node Strength,rh_superiorparietal,0.8636723339945844,0.858552534708542,-0.005119799286042448
MSN,aparc,0.3,Node Strength,rh_superiortemporal,0.45817250484905847,0.45719863887691276,-0.0009738659721457155
MSN,aparc,0.3,Node Strength,rh_supramarginal,0.34817901493697134,0.3826510793171217,0.03447206438015038
MSN,aparc,0.3,Node Strength,rh_frontalpole,0.5078925658854152,0.48789469122751966,-0.019997874657895542
MSN,aparc,0.3,Node Strength,rh_temporalpole,0.5506599672082457,0.5276453132199551,-0.023014653988290612
MSN,aparc,0.3,Node Strength,rh_transversetemporal,0.9444080386688972,0.9677491927061239,0.023341154037226697
MSN,aparc,0.3,Node Strength,rh_insula,0.9499084580082733,0.9662676342160831,0.0163591762078098
MSN,aparc,0.3,Local Efficiency,lh_bankssts,0.9648110404424597,0.943025237566437,-0.02178580287602272
MSN,aparc,0.3,Local Efficiency,lh_caudalanteriorcingulate,0.9639656326594329,0.9927896276035798,0.02882399494414689
MSN,aparc,0.3,Local Efficiency,lh_caudalmiddlefrontal,0.9254466935215148,0.9871151139317286,0.06166842041021381
MSN,aparc,0.3,Local Efficiency,lh_cuneus,0.8361167923236498,0.8322059126574969,-0.003910879666152889
MSN,aparc,0.3,Local Efficiency,lh_entorhinal,0.7607428702149146,0.7168003900833407,-0.04394248013157387
MSN,aparc,0.3,Local Efficiency,lh_fusiform,0.0,0.0,0.0
MSN,aparc,0.3,Local Efficiency,lh_inferiorparietal,0.8880231702744374,0.865560334454109,-0.022462835820328486
MSN,aparc,0.3,Local Efficiency,lh_inferiortemporal,0.7385207984218373,0.7342625581169814,-0.004258240304855887
MSN,aparc,0.3,Local Efficiency,lh_isthmuscingulate,0.9702237810808195,0.957065130771534,-0.013158650309285536
MSN,aparc,0.3,Local Efficiency,lh_lateraloccipital,0.8884906948494392,0.9219087773969629,0.03341808254752365
MSN,aparc,0.3,Local Efficiency,lh_lateralorbitofrontal,0.0,0.6369921492167485,0.6369921492167485
MSN,aparc,0.3,Local Efficiency,lh_lingual,0.8244813243210883,0.8253091594137107,0.0008278350926224087
MSN,aparc,0.3,Local Efficiency,lh_medialorbitofrontal,0.0,0.0,0.0
MSN,aparc,0.3,Local Efficiency,lh_middletemporal,0.8275261521661124,0.8270092962345695,-0.0005168559315428256
MSN,aparc,0.3,Local Efficiency,lh_parahippocampal,0.7585104822457621,0.7503779697822782,-0.008132512463483899
MSN,aparc,0.3,Local Efficiency,lh_paracentral,0.8902788869485917,0.9677219603888997,0.07744307344030799
MSN,aparc,0.3,Local Efficiency,lh_parsopercularis,0.6996125664183113,0.7802390613426099,0.08062649492429863
MSN,aparc,0.3,Local Efficiency,lh_parsorbitalis,0.8389848924362087,0.9621006501001045,0.12311575766389582
MSN,aparc,0.3,Local Efficiency,lh_parstriangularis,0.916586338071586,0.9743609446522239,0.05777460658063793
MSN,aparc,0.3,Local Efficiency,lh_pericalcarine,0.5726223402719679,0.5193972152991564,-0.05322512497281151
MSN,aparc,0.3,Local Efficiency,lh_postcentral,0.8714842389433121,0.9012230469265717,0.029738807983259674
MSN,aparc,0.3,Local Efficiency,lh_posteriorcingulate,0.9053245940533032,0.9248241880758564,0.01949959402255319
MSN,aparc,0.3,Local Efficiency,lh_precentral,0.7946224663976313,0.898696397488337,0.10407393109070562
MSN,aparc,0.3,Local Efficiency,lh_precuneus,0.7768949102772266,0.7945556943110579,0.01766078403383131
MSN,aparc,0.3,Local Efficiency,lh_rostralanteriorcingulate,0.709749029306501,0.7667471565909298,0.05699812728442888
MSN,aparc,0.3,Local Efficiency,lh_rostralmiddlefrontal,0.8877477406020711,0.9153983103027926,0.02765056970072155
MSN,aparc,0.3,Local Efficiency,lh_superiorfrontal,0.7284294718940129,0.7228547540722797,-0.005574717821733133
MSN,aparc,0.3,Local Efficiency,lh_superiorparietal,0.8731784885812197,0.9355178786268519,0.06233939004563216
MSN,aparc,0.3,Local Efficiency,lh_superiortemporal,0.683904484257163,0.7039027900617288,0.019998305804565852
MSN,aparc,0.3,Local Efficiency,lh_supramarginal,0.731151932754612,0.770388439928273,0.039236507173661006
MSN,aparc,0.3,Local Efficiency,lh_frontalpole,0.9646564742188404,0.9837678471030722,0.019111372884231814
MSN,aparc,0.3,Local Efficiency,lh_temporalpole,0.836220221862655,0.8216871732024316,-0.014533048660223424
MSN,aparc,0.3,Local Efficiency,lh_transversetemporal,0.9179334881774562,0.8637340024912951,-0.054199485686161175
MSN,aparc,0.3,Local Efficiency,lh_insula,0.897846707574582,0.9832032695423346,0.08535656196775265
MSN,aparc,0.3,Local Efficiency,rh_bankssts,0.9288998536715969,1.0,0.07110014632840311
MSN,aparc,0.3,Local Efficiency,rh_caudalanteriorcingulate,0.8691372784831735,0.9092864156101054,0.04014913712693191
MSN,aparc,0.3,Local Efficiency,rh_caudalmiddlefrontal,0.8592586072599434,0.9794427203893702,0.12018411312942678
MSN,aparc,0.3,Local Efficiency,rh_cuneus,0.8366173202036657,0.8544193064153336,0.017801986211667842
MSN,aparc,0.3,Local Efficiency,rh_entorhinal,0.6415848494225311,0.7164464196954045,0.07486157027287332
MSN,aparc,0.3,Local Efficiency,rh_fusiform,0.37953753579353244,0.0,-0.37953753579353244
MSN,aparc,0.3,Local Efficiency,rh_inferiorparietal,0.8766525036840904,0.9053877123625245,0.028735208678434043
MSN,aparc,0.3,Local Efficiency,rh_inferiortemporal,0.7097267992017016,0.7789483618643827,0.06922156266268109
MSN,aparc,0.3,Local Efficiency,rh_isthmuscingulate,0.909578569753311,0.9128778481890523,0.003299278435741293
MSN,aparc,0.3,Local Efficiency,rh_lateraloccipital,0.8894249037700671,0.9156834637355636,0.02625855996549653
MSN,aparc,0.3,Local Efficiency,rh_lateralorbitofrontal,0.5930614094972861,0.6107341644998424,0.017672755002556273
MSN,aparc,0.3,Local Efficiency,rh_lingual,0.8282453129892904,0.8332694788726793,0.005024165883388942
MSN,aparc,0.3,Local Efficiency,rh_medialorbitofrontal,0.5867615300448468,0.6918740017848108,0.10511247173996408
MSN,aparc,0.3,Local Efficiency,rh_middletemporal,0.7644450568286364,0.818658178932768,0.05421312210413165
MSN,aparc,0.3,Local Efficiency,rh_parahippocampal,0.8568889970577351,0.9323176357022861,0.07542863864455096
MSN,aparc,0.3,Local Efficiency,rh_paracentral,0.953961654970014,0.986317867487827,0.032356212517813066
MSN,aparc,0.3,Local Efficiency,rh_parsopercularis,0.8996965627444967,0.8762030349104368,-0.02349352783405989
MSN,aparc,0.3,Local Efficiency,rh_parsorbitalis,0.8406007360834545,0.9729006227514712,0.13229988666801662
MSN,aparc,0.3,Local Efficiency,rh_parstriangularis,0.908037930959202,0.9077311229588063,-0.00030680800039573075
MSN,aparc,0.3,Local Efficiency,rh_pericalcarine,0.6731692982708786,0.7652796533078573,0.09211035503697873
MSN,aparc,0.3,Local Efficiency,rh_postcentral,0.8628904643997939,0.8621357484875541,-0.0007547159122397451
MSN,aparc,0.3,Local Efficiency,rh_posteriorcingulate,0.840799201369519,0.8768102404456017,0.03601103907608272
MSN,aparc,0.3,Local Efficiency,rh_precentral,0.8878455158450828,0.9162163563359231,0.028370840490840377
MSN,aparc,0.3,Local Efficiency,rh_precuneus,0.8225065646846437,0.8195282998546464,-0.0029782648299973014
MSN,aparc,0.3,Local Efficiency,rh_rostralanteriorcingulate,0.9116792754705086,0.9300056168151185,0.018326341344609864
MSN,aparc,0.3,Local Efficiency,rh_rostralmiddlefrontal,0.8957247201478742,0.926917154738278,0.031192434590403773
MSN,aparc,0.3,Local Efficiency,rh_superiorfrontal,0.7102592710789729,0.7168068110063687,0.006547539927395762
MSN,aparc,0.3,Local Efficiency,rh_superiorparietal,0.8702012820905132,0.9319982318839234,0.061796949793410216
MSN,aparc,0.3,Local Efficiency,rh_superiortemporal,0.9030552758965213,0.915043849471956,0.011988573575434702
MSN,aparc,0.3,Local Efficiency,rh_supramarginal,0.7264387337200588,0.7273166894295484,0.000877955709489564
MSN,aparc,0.3,Local Efficiency,rh_frontalpole,0.9621167119148311,0.9514391842631034,-0.010677527651727692
MSN,aparc,0.3,Local Efficiency,rh_temporalpole,0.776302569151602,0.8159930192967609,0.03969045014515893
MSN,aparc,0.3,Local Efficiency,rh_transversetemporal,0.9646592418519633,0.9358535481708486,-0.02880569368111463
MSN,aparc,0.3,Local Efficiency,rh_insula,0.9684584137622531,0.9919767565997643,0.023518342837511197
MSN,aparc,0.3,Clustering Coefficient,lh_bankssts,0.9646736583804629,0.9216723393307673,-0.04300131904969562
MSN,aparc,0.3,Clustering Coefficient,lh_caudalanteriorcingulate,0.9636867968595649,0.9927389768293559,0.029052179969790926
MSN,aparc,0.3,Clustering Coefficient,lh_caudalmiddlefrontal,0.9255584782050504,0.994044299102522,0.06848582089747157
MSN,aparc,0.3,Clustering Coefficient,lh_cuneus,0.7850556268046783,0.7888662396432616,0.003810612838583305
MSN,aparc,0.3,Clustering Coefficient,lh_entorhinal,0.675725641919526,0.6037604498125273,-0.0719651921069987
MSN,aparc,0.3,Clustering Coefficient,lh_fusiform,0.0,0.0,0.0
MSN,aparc,0.3,Clustering Coefficient,lh_inferiorparietal,0.8602643997298958,0.8297625223479398,-0.030501877381955977
MSN,aparc,0.3,Clustering Coefficient,lh_inferiortemporal,0.6498639774116255,0.6497718403231509,-9.213708847455315e-05
MSN,aparc,0.3,Clustering Coefficient,lh_isthmuscingulate,0.9770343953053743,0.9566585444222625,-0.02037585088311178
MSN,aparc,0.3,Clustering Coefficient,lh_lateraloccipital,0.8620511968315886,0.9053026023568594,0.04325140552527085
MSN,aparc,0.3,Clustering Coefficient,lh_lateralorbitofrontal,0.0,0.6414635999036739,0.6414635999036739
MSN,aparc,0.3,Clustering Coefficient,lh_lingual,0.7738458169648548,0.7781413055680788,0.00429548860322404
MSN,aparc,0.3,Clustering Coefficient,lh_medialorbitofrontal,0.0,0.0,0.0
MSN,aparc,0.3,Clustering Coefficient,lh_middletemporal,0.7628457931853433,0.7693062961721405,0.006460502986797234
MSN,aparc,0.3,Clustering Coefficient,lh_parahippocampal,0.679155432453523,0.6897987946539282,0.010643362200405293
MSN,aparc,0.3,Clustering Coefficient,lh_paracentral,0.8691929483530678,0.967599726620573,0.09840677826750521
MSN,aparc,0.3,Clustering Coefficient,lh_parsopercularis,0.5919402017075154,0.6977731704177241,0.10583296871020875
MSN,aparc,0.3,Clustering Coefficient,lh_parsorbitalis,0.7803742428740479,0.9688542429317764,0.18848000005772847
MSN,aparc,0.3,Clustering Coefficient,lh_parstriangularis,0.9166222449591745,0.981200600243954,0.0645783552847794
MSN,aparc,0.3,Clustering Coefficient,lh_pericalcarine,0.4283646730791532,0.38509006768747817,-0.04327460539167505
MSN,aparc,0.3,Clustering Coefficient,lh_postcentral,0.8268592470632049,0.8635011249500393,0.03664187788683437
MSN,aparc,0.3,Clustering Coefficient,lh_posteriorcingulate,0.881032466818338,0.9019301807518415,0.02089771393350348
MSN,aparc,0.3,Clustering Coefficient,lh_precentral,0.7256276639526518,0.8821434891518305,0.15651582519917873
MSN,aparc,0.3,Clustering Coefficient,lh_precuneus,0.7342852875665542,0.7530064025665367,0.018721114999982524
MSN,aparc,0.3,Clustering Coefficient,lh_rostralanteriorcingulate,0.6019272792730181,0.6682354151610117,0.06630813588799356
MSN,aparc,0.3,Clustering Coefficient,lh_rostralmiddlefrontal,0.8612333846718784,0.8988002721094124,0.037566887437534
MSN,aparc,0.3,Clustering Coefficient,lh_superiorfrontal,0.6079980314014143,0.6025455280679776,-0.00545250333343672
MSN,aparc,0.3,Clustering Coefficient,lh_superiorparietal,0.8286653570093119,0.9181310245602984,0.0894656675509865
MSN,aparc,0.3,Clustering Coefficient,lh_superiortemporal,0.5833580019741044,0.6243809916962827,0.04102298972217833
MSN,aparc,0.3,Clustering Coefficient,lh_supramarginal,0.6289198479541956,0.7099922212669126,0.081072373312717
MSN,aparc,0.3,Clustering Coefficient,lh_frontalpole,0.9597186268461328,0.9906735356914058,0.030954908845272966
MSN,aparc,0.3,Clustering Coefficient,lh_temporalpole,0.7767279900726036,0.7594543474848116,-0.01727364258779207
MSN,aparc,0.3,Clustering Coefficient,lh_transversetemporal,0.8936267804986715,0.8439961540981574,-0.04963062640051408
MSN,aparc,0.3,Clustering Coefficient,lh_insula,0.8737634287179028,0.9828015817547877,0.10903815303688491
MSN,aparc,0.3,Clustering Coefficient,rh_bankssts,0.9041178010676321,1.0,0.09588219893236793
MSN,aparc,0.3,Clustering Coefficient,rh_caudalanteriorcingulate,0.8256863006402787,0.8868270562870474,0.061140755646768685
MSN,aparc,0.3,Clustering Coefficient,rh_caudalmiddlefrontal,0.8652902867624355,0.9863180481783773,0.12102776141594185
MSN,aparc,0.3,Clustering Coefficient,rh_cuneus,0.7767747203101465,0.8027113675669347,0.025936647256788237
MSN,aparc,0.3,Clustering Coefficient,rh_entorhinal,0.5040556395961338,0.6035798928335422,0.09952425323740843
MSN,aparc,0.3,Clustering Coefficient,rh_fusiform,0.38220174975162396,0.0,-0.38220174975162396
MSN,aparc,0.3,Clustering Coefficient,rh_inferiorparietal,0.8498563964123682,0.8886083436539562,0.038751947241588036
MSN,aparc,0.3,Clustering Coefficient,rh_inferiortemporal,0.6036796936978455,0.7225690287385732,0.11888933504072774
MSN,aparc,0.3,Clustering Coefficient,rh_isthmuscingulate,0.8912359256120439,0.8913277783680068,9.185275596290676e-05
MSN,aparc,0.3,Clustering Coefficient,rh_lateraloccipital,0.8628546289600192,0.8992496525248352,0.036395023564816054
MSN,aparc,0.3,Clustering Coefficient,rh_lateralorbitofrontal,0.5972244825432356,0.590922528069348,-0.006301954473887594
MSN,aparc,0.3,Clustering Coefficient,rh_lingual,0.7726135264053954,0.7816493259627417,0.009035799557346347
MSN,aparc,0.3,Clustering Coefficient,rh_medialorbitofrontal,0.5908803802532938,0.6788432776680211,0.08796289741472729
MSN,aparc,0.3,Clustering Coefficient,rh_middletemporal,0.6753350898059972,0.7610411870340549,0.08570609722805766
MSN,aparc,0.3,Clustering Coefficient,rh_parahippocampal,0.8138266702875887,0.9085330832722581,0.09470641298466942
MSN,aparc,0.3,Clustering Coefficient,rh_paracentral,0.9541236390232924,0.9862461450998126,0.03212250607652012
MSN,aparc,0.3,Clustering Coefficient,rh_parsopercularis,0.8775794062773252,0.8323772616365536,-0.04520214464077166
MSN,aparc,0.3,Clustering Coefficient,rh_parsorbitalis,0.7820877272233334,0.9797300274203692,0.19764230019703577
MSN,aparc,0.3,Clustering Coefficient,rh_parstriangularis,0.9080953278879281,0.9074199900123348,-0.0006753378755933737
MSN,aparc,0.3,Clustering Coefficient,rh_pericalcarine,0.5812895623978024,0.7050567739178798,0.12376721152007741
MSN,aparc,0.3,Clustering Coefficient,rh_postcentral,0.8187490697195419,0.8061164769174274,-0.012632592802114484
MSN,aparc,0.3,Clustering Coefficient,rh_posteriorcingulate,0.793999089080236,0.835367652308517,0.041368563228280975
MSN,aparc,0.3,Clustering Coefficient,rh_precentral,0.8607993498842041,0.8992734545813436,0.03847410469713941
MSN,aparc,0.3,Clustering Coefficient,rh_precuneus,0.7776906948519404,0.7767907776178715,-0.0008999172340689032
MSN,aparc,0.3,Clustering Coefficient,rh_rostralanteriorcingulate,0.8892545435017624,0.9057268657384994,0.016472322236737003
MSN,aparc,0.3,Clustering Coefficient,rh_rostralmiddlefrontal,0.8686341237499523,0.9100385992211338,0.041404475471181534
MSN,aparc,0.3,Clustering Coefficient,rh_superiorfrontal,0.594060883067177,0.6007230453828988,0.006662162315721809
MSN,aparc,0.3,Clustering Coefficient,rh_superiorparietal,0.8254732006859543,0.9147598345106568,0.08928663382470248
MSN,aparc,0.3,Clustering Coefficient,rh_superiortemporal,0.89827706813857,0.9214671208644202,0.023190052725850174
MSN,aparc,0.3,Clustering Coefficient,rh_supramarginal,0.7315380665436986,0.732422185179474,0.0008841186357754216
MSN,aparc,0.3,Clustering Coefficient,rh_frontalpole,0.9572176476476744,0.9581179375244617,0.0009002898767873635
MSN,aparc,0.3,Clustering Coefficient,rh_temporalpole,0.6930548820645065,0.7527206325215163,0.059665750457009836
MSN,aparc,0.3,Clustering Coefficient,rh_transversetemporal,0.9645855957769418,0.9139091863608867,-0.05067640941605511
MSN,aparc,0.3,Clustering Coefficient,rh_insula,0.9681561532826575,0.9916144564889081,0.02345830320625064
MSN,aparc,0.3,Betweenness Centrality,lh_bankssts,0.0,0.0,0.0
MSN,aparc,0.3,Betweenness Centrality,lh_caudalanteriorcingulate,0.0031496062992125984,0.0,-0.0031496062992125984
MSN,aparc,0.3,Betweenness Centrality,lh_caudalmiddlefrontal,0.0,0.0,0.0
MSN,aparc,0.3,Betweenness Centrality,lh_cuneus,0.28503937007874014,0.1889763779527559,-0.09606299212598424
MSN,aparc,0.3,Betweenness Centrality,lh_entorhinal,0.14488188976377953,0.4456692913385827,0.30078740157480316
MSN,aparc,0.3,Betweenness Centrality,lh_fusiform,0.0,0.0,0.0
MSN,aparc,0.3,Betweenness Centrality,lh_inferiorparietal,0.0031496062992125984,0.009448818897637795,0.006299212598425197
MSN,aparc,0.3,Betweenness Centrality,lh_inferiortemporal,0.011023622047244094,0.2803149606299213,0.2692913385826772
MSN,aparc,0.3,Betweenness Centrality,lh_isthmuscingulate,0.0,0.0,0.0
MSN,aparc,0.3,Betweenness Centrality,lh_lateraloccipital,0.006299212598425197,0.0,-0.006299212598425197
MSN,aparc,0.3,Betweenness Centrality,lh_lateralorbitofrontal,0.0,0.0,0.0
MSN,aparc,0.3,Betweenness Centrality,lh_lingual,0.17165354330708663,0.38110236220472443,0.2094488188976378
MSN,aparc,0.3,Betweenness Centrality,lh_medialorbitofrontal,0.0,0.0,0.0
MSN,aparc,0.3,Betweenness Centrality,lh_middletemporal,0.0,0.11653543307086614,0.11653543307086614
MSN,aparc,0.3,Betweenness Centrality,lh_parahippocampal,0.06299212598425197,0.10393700787401575,0.04094488188976378
MSN,aparc,0.3,Betweenness Centrality,lh_paracentral,0.0,0.0,0.0
MSN,aparc,0.3,Betweenness Centrality,lh_parsopercularis,0.1826771653543307,0.09448818897637795,-0.08818897637795275
MSN,aparc,0.3,Betweenness Centrality,lh_parsorbitalis,0.0,0.0,0.0
MSN,aparc,0.3,Betweenness Centrality,lh_parstriangularis,0.0,0.0,0.0
MSN,aparc,0.3,Betweenness Centrality,lh_pericalcarine,0.9244094488188976,1.0,0.07559055118110236
MSN,aparc,0.3,Betweenness Centrality,lh_postcentral,0.0,0.048818897637795275,0.048818897637795275
MSN,aparc,0.3,Betweenness Centrality,lh_posteriorcingulate,0.0,0.11023622047244094,0.11023622047244094
MSN,aparc,0.3,Betweenness Centrality,lh_precentral,0.03779527559055118,0.0,-0.03779527559055118
MSN,aparc,0.3,Betweenness Centrality,lh_precuneus,0.0,0.0,0.0
MSN,aparc,0.3,Betweenness Centrality,lh_rostralanteriorcingulate,0.3228346456692913,0.48503937007874015,0.16220472440944883
MSN,aparc,0.3,Betweenness Centrality,lh_rostralmiddlefrontal,0.0,0.0,0.0
MSN,aparc,0.3,Betweenness Centrality,lh_superiorfrontal,0.3858267716535433,0.45511811023622045,0.06929133858267716
MSN,aparc,0.3,Betweenness Centrality,lh_superiorparietal,0.025196850393700787,0.0,-0.025196850393700787
MSN,aparc,0.3,Betweenness Centrality,lh_superiortemporal,0.0,0.0015748031496062992,0.0015748031496062992
MSN,aparc,0.3,Betweenness Centrality,lh_supramarginal,0.007874015748031496,0.0031496062992125984,-0.004724409448818898
MSN,aparc,0.3,Betweenness Centrality,lh_frontalpole,0.006299212598425197,0.0,-0.006299212598425197
MSN,aparc,0.3,Betweenness Centrality,lh_temporalpole,0.07086614173228346,0.0,-0.07086614173228346
MSN,aparc,0.3,Betweenness Centrality,lh_transversetemporal,0.0,0.10393700787401575,0.10393700787401575
MSN,aparc,0.3,Betweenness Centrality,lh_insula,0.07244094488188976,0.009448818897637795,-0.06299212598425197
MSN,aparc,0.3,Betweenness Centrality,rh_bankssts,0.13228346456692913,0.0,-0.13228346456692913
MSN,aparc,0.3,Betweenness Centrality,rh_caudalanteriorcingulate,0.3984251968503937,0.03622047244094488,-0.3622047244094488
MSN,aparc,0.3,Betweenness Centrality,rh_caudalmiddlefrontal,0.0,0.0,0.0
MSN,aparc,0.3,Betweenness Centrality,rh_cuneus,0.1952755905511811,0.10866141732283464,-0.08661417322834646
MSN,aparc,0.3,Betweenness Centrality,rh_entorhinal,0.24881889763779527,0.08661417322834646,-0.16220472440944883
MSN,aparc,0.3,Betweenness Centrality,rh_fusiform,0.10393700787401575,0.0,-0.10393700787401575
MSN,aparc,0.3,Betweenness Centrality,rh_inferiorparietal,0.0,0.0,0.0
MSN,aparc,0.3,Betweenness Centrality,rh_inferiortemporal,0.30078740157480316,0.0,-0.30078740157480316
MSN,aparc,0.3,Betweenness Centrality,rh_isthmuscingulate,0.0,0.0,0.0
MSN,aparc,0.3,Betweenness Centrality,rh_lateraloccipital,0.0031496062992125984,0.0,-0.0031496062992125984
MSN,aparc,0.3,Betweenness Centrality,rh_lateralorbitofrontal,0.10393700787401575,0.10708661417322834,0.0031496062992125984
MSN,aparc,0.3,Betweenness Centrality,rh_lingual,0.004724409448818898,0.004724409448818898,0.0
MSN,aparc,0.3,Betweenness Centrality,rh_medialorbitofrontal,0.10393700787401575,0.0,-0.10393700787401575
MSN,aparc,0.3,Betweenness Centrality,rh_middletemporal,0.16377952755905512,0.0,-0.16377952755905512
MSN,aparc,0.3,Betweenness Centrality,rh_parahippocampal,0.0,0.0,0.0
MSN,aparc,0.3,Betweenness Centrality,rh_paracentral,0.0,0.0,0.0
MSN,aparc,0.3,Betweenness Centrality,rh_parsopercularis,0.0,0.0,0.0
MSN,aparc,0.3,Betweenness Centrality,rh_parsorbitalis,0.0,0.0,0.0
MSN,aparc,0.3,Betweenness Centrality,rh_parstriangularis,0.0,0.0,0.0
MSN,aparc,0.3,Betweenness Centrality,rh_pericalcarine,0.01889763779527559,0.0,-0.01889763779527559
MSN,aparc,0.3,Betweenness Centrality,rh_postcentral,0.0015748031496062992,0.05984251968503937,0.05826771653543307
MSN,aparc,0.3,Betweenness Centrality,rh_posteriorcingulate,0.3700787401574803,0.6362204724409449,0.2661417322834646
MSN,aparc,0.3,Betweenness Centrality,rh_precentral,0.0,0.0,0.0
MSN,aparc,0.3,Betweenness Centrality,rh_precuneus,0.07874015748031496,0.0,-0.07874015748031496
MSN,aparc,0.3,Betweenness Centrality,rh_rostralanteriorcingulate,0.0,0.06141732283464567,0.06141732283464567
MSN,aparc,0.3,Betweenness Centrality,rh_rostralmiddlefrontal,0.011023622047244094,0.047244094488188976,0.03622047244094488
MSN,aparc,0.3,Betweenness Centrality,rh_superiorfrontal,0.08818897637795275,0.028346456692913385,-0.05984251968503937
MSN,aparc,0.3,Betweenness Centrality,rh_superiorparietal,0.06456692913385827,0.0,-0.06456692913385827
MSN,aparc,0.3,Betweenness Centrality,rh_superiortemporal,0.0,0.0,0.0
MSN,aparc,0.3,Betweenness Centrality,rh_supramarginal,0.0,0.0,0.0
MSN,aparc,0.3,Betweenness Centrality,rh_frontalpole,0.0,0.0,0.0
MSN,aparc,0.3,Betweenness Centrality,rh_temporalpole,0.02204724409448819,0.0,-0.02204724409448819
MSN,aparc,0.3,Betweenness Centrality,rh_transversetemporal,0.0,0.0,0.0
MSN,aparc,0.3,Betweenness Centrality,rh_insula,0.006299212598425197,0.0,-0.006299212598425197
MSN,aparc,0.3,Eigenvector Centrality,lh_bankssts,0.9823841481194309,0.9756109620902293,-0.006773186029201517
MSN,aparc,0.3,Eigenvector Centrality,lh_caudalanteriorcingulate,0.9802872281909485,0.9791156725184407,-0.001171555672507818
MSN,aparc,0.3,Eigenvector Centrality,lh_caudalmiddlefrontal,0.9233195674014489,0.9134552015509112,-0.009864365850537737
MSN,aparc,0.3,Eigenvector Centrality,lh_cuneus,0.019535917085148086,0.019022456605747768,-0.0005134604794003184
MSN,aparc,0.3,Eigenvector Centrality,lh_entorhinal,0.11628261263579825,0.11340431094403305,-0.0028783016917652005
MSN,aparc,0.3,Eigenvector Centrality,lh_fusiform,0.0019457375236360574,0.01296593910686327,0.011020201583227212
MSN,aparc,0.3,Eigenvector Centrality,lh_inferiorparietal,0.014522614868239908,0.013771426597500133,-0.0007511882707397759
MSN,aparc,0.3,Eigenvector Centrality,lh_inferiortemporal,0.0325389056710385,0.019112111401360547,-0.013426794269677956
MSN,aparc,0.3,Eigenvector Centrality,lh_isthmuscingulate,0.9338796824072235,0.925885507098378,-0.007994175308845497
MSN,aparc,0.3,Eigenvector Centrality,lh_lateraloccipital,0.014634941480180364,0.013565185539506116,-0.001069755940674249
MSN,aparc,0.3,Eigenvector Centrality,lh_lateralorbitofrontal,0.012810005228649285,0.09636841706243011,0.08355841183378084
MSN,aparc,0.3,Eigenvector Centrality,lh_lingual,0.01932385542180636,0.01922822802651661,-9.562739528975323e-05
MSN,aparc,0.3,Eigenvector Centrality,lh_medialorbitofrontal,0.0,0.0066357180184214715,0.0066357180184214715
MSN,aparc,0.3,Eigenvector Centrality,lh_middletemporal,0.038833655844657367,0.021593460423864574,-0.017240195420792793
MSN,aparc,0.3,Eigenvector Centrality,lh_parahippocampal,0.8802352374239296,0.876014967936638,-0.004220269487291595
MSN,aparc,0.3,Eigenvector Centrality,lh_paracentral,0.9322653341573013,0.9411293863779161,0.008864052220614815
MSN,aparc,0.3,Eigenvector Centrality,lh_parsopercularis,0.800156711434894,0.8334837480585254,0.033327036623631456
MSN,aparc,0.3,Eigenvector Centrality,lh_parsorbitalis,0.08278121619726345,0.024890064570264235,-0.05789115162699921
MSN,aparc,0.3,Eigenvector Centrality,lh_parstriangularis,0.9068585022976633,0.8951825631322968,-0.011675939165366467
MSN,aparc,0.3,Eigenvector Centrality,lh_pericalcarine,0.12462385868723168,0.1660032878446956,0.04137942915746391
MSN,aparc,0.3,Eigenvector Centrality,lh_postcentral,0.01635847741885395,0.014783891653544514,-0.0015745857653094372
MSN,aparc,0.3,Eigenvector Centrality,lh_posteriorcingulate,0.9632824160199753,0.9440684779790394,-0.019213938040935963
MSN,aparc,0.3,Eigenvector Centrality,lh_precentral,0.015234733358101438,0.012860885281232222,-0.0023738480768692154
MSN,aparc,0.3,Eigenvector Centrality,lh_precuneus,0.016888215364969237,0.017927204643423126,0.001038989278453889
MSN,aparc,0.3,Eigenvector Centrality,lh_rostralanteriorcingulate,0.8621112612381421,0.9061772869679314,0.04406602572978935
MSN,aparc,0.3,Eigenvector Centrality,lh_rostralmiddlefrontal,0.01457727854001568,0.013276951112084283,-0.0013003274279313973
MSN,aparc,0.3,Eigenvector Centrality,lh_superiorfrontal,0.015631704956378,0.012310336035571084,-0.0033213689208069167
MSN,aparc,0.3,Eigenvector Centrality,lh_superiorparietal,0.01626504900122291,0.013825386919977239,-0.002439662081245672
MSN,aparc,0.3,Eigenvector Centrality,lh_superiortemporal,0.025338064634469606,0.01795314089364013,-0.007384923740829476
MSN,aparc,0.3,Eigenvector Centrality,lh_supramarginal,0.015325279336324138,0.01252586445330879,-0.0027994148830153484
MSN,aparc,0.3,Eigenvector Centrality,lh_frontalpole,0.04262543254740743,0.024299436362328872,-0.018325996185078557
MSN,aparc,0.3,Eigenvector Centrality,lh_temporalpole,0.08589342330549318,0.06232611785501708,-0.023567305450476105
MSN,aparc,0.3,Eigenvector Centrality,lh_transversetemporal,0.9846466912647307,0.9623053194535568,-0.022341371811173905
MSN,aparc,0.3,Eigenvector Centrality,lh_insula,0.9492764700405455,0.9631151634810703,0.013838693440524796
MSN,aparc,0.3,Eigenvector Centrality,rh_bankssts,1.0,0.9896387752026653,-0.0103612247973347
MSN,aparc,0.3,Eigenvector Centrality,rh_caudalanteriorcingulate,0.9231358106167411,0.9223496717234813,-0.0007861388932598468
MSN,aparc,0.3,Eigenvector Centrality,rh_caudalmiddlefrontal,0.7805301752637095,0.9035463905833279,0.12301621531961837
MSN,aparc,0.3,Eigenvector Centrality,rh_cuneus,0.019714604727264353,0.018939226316710887,-0.0007753784105534664
MSN,aparc,0.3,Eigenvector Centrality,rh_entorhinal,0.20813833871406556,0.11255515186289326,-0.0955831868511723
MSN,aparc,0.3,Eigenvector Centrality,rh_fusiform,0.08386703474039667,0.013800311664430312,-0.07006672307596636
MSN,aparc,0.3,Eigenvector Centrality,rh_inferiorparietal,0.014226941706180529,0.012989597924098461,-0.0012373437820820676
MSN,aparc,0.3,Eigenvector Centrality,rh_inferiortemporal,0.026715924921699257,0.01922741262363211,-0.007488512298067147
MSN,aparc,0.3,Eigenvector Centrality,rh_isthmuscingulate,0.9161433028676106,0.9272467721258747,0.01110346925826411
MSN,aparc,0.3,Eigenvector Centrality,rh_lateraloccipital,0.01463346538201942,0.013413193940976568,-0.0012202714410428517
MSN,aparc,0.3,Eigenvector Centrality,rh_lateralorbitofrontal,0.429888663847251,0.45999694720030565,0.030108283353054655
MSN,aparc,0.3,Eigenvector Centrality,rh_lingual,0.01960966702578968,0.019061223058269842,-0.0005484439675198377
MSN,aparc,0.3,Eigenvector Centrality,rh_medialorbitofrontal,0.005815659171706142,0.008607585408792133,0.0027919262370859907
MSN,aparc,0.3,Eigenvector Centrality,rh_middletemporal,0.035193899204470726,0.0210850879716119,-0.014108811232858825
MSN,aparc,0.3,Eigenvector Centrality,rh_parahippocampal,0.9439172252129477,0.9565379091782767,0.012620683965329005
MSN,aparc,0.3,Eigenvector Centrality,rh_paracentral,0.9644303874628195,0.9682520948559734,0.003821707393153906
MSN,aparc,0.3,Eigenvector Centrality,rh_parsopercularis,0.9453556874431724,0.8824278168098678,-0.06292787063330463
MSN,aparc,0.3,Eigenvector Centrality,rh_parsorbitalis,0.08183989115672935,0.024594525751561836,-0.05724536540516752
MSN,aparc,0.3,Eigenvector Centrality,rh_parstriangularis,0.8948678682438148,0.8528045609135381,-0.042063307330276745
MSN,aparc,0.3,Eigenvector Centrality,rh_pericalcarine,0.053986874868736025,0.03353829399678482,-0.020448580871951207
MSN,aparc,0.3,Eigenvector Centrality,rh_postcentral,0.016105484288774317,0.01832580916610307,0.002220324877328754
MSN,aparc,0.3,Eigenvector Centrality,rh_posteriorcingulate,0.925801208518148,0.9463938333342923,0.020592624816144323
MSN,aparc,0.3,Eigenvector Centrality,rh_precentral,0.014537784242437141,0.013286139014658705,-0.0012516452277784359
MSN,aparc,0.3,Eigenvector Centrality,rh_precuneus,0.017897904264568488,0.018541135005410506,0.0006432307408420178
MSN,aparc,0.3,Eigenvector Centrality,rh_rostralanteriorcingulate,0.9634917816183993,0.9522212862682403,-0.011270495350159004
MSN,aparc,0.3,Eigenvector Centrality,rh_rostralmiddlefrontal,0.01480244524851972,0.013646201721868022,-0.0011562435266516975
MSN,aparc,0.3,Eigenvector Centrality,rh_superiorfrontal,0.016397280276602845,0.012752016339451805,-0.00364526393715104
MSN,aparc,0.3,Eigenvector Centrality,rh_superiorparietal,0.016194473073970952,0.013712827209094057,-0.002481645864876895
MSN,aparc,0.3,Eigenvector Centrality,rh_superiortemporal,0.03500578756377124,0.02091068409483761,-0.014095103468933633
MSN,aparc,0.3,Eigenvector Centrality,rh_supramarginal,0.00609440037230528,0.0056621440324714405,-0.0004322563398338397
MSN,aparc,0.3,Eigenvector Centrality,rh_frontalpole,0.041300300893433686,0.02271267042256274,-0.018587630470870947
MSN,aparc,0.3,Eigenvector Centrality,rh_temporalpole,0.10614670213384975,0.06487904268319743,-0.04126765945065232
MSN,aparc,0.3,Eigenvector Centrality,rh_transversetemporal,0.9831436043453916,0.9627336051085656,-0.02040999923682596
MSN,aparc,0.3,Eigenvector Centrality,rh_insula,0.9871856851792798,0.9759043698942677,-0.011281315285012194
MSN,aparc,0.3,Node Degree,lh_bankssts,0.7931034482758621,0.8275862068965517,0.03448275862068961
MSN,aparc,0.3,Node Degree,lh_caudalanteriorcingulate,0.7931034482758621,0.7931034482758621,0.0
MSN,aparc,0.3,Node Degree,lh_caudalmiddlefrontal,0.7931034482758621,0.7586206896551724,-0.034482758620689724
MSN,aparc,0.3,Node Degree,lh_cuneus,0.6896551724137931,0.6896551724137931,0.0
MSN,aparc,0.3,Node Degree,lh_entorhinal,0.5172413793103449,0.5517241379310345,0.03448275862068961
MSN,aparc,0.3,Node Degree,lh_fusiform,0.0,0.0,0.0
MSN,aparc,0.3,Node Degree,lh_inferiorparietal,0.7241379310344828,0.7586206896551724,0.03448275862068961
MSN,aparc,0.3,Node Degree,lh_inferiortemporal,0.5172413793103449,0.5172413793103449,0.0
MSN,aparc,0.3,Node Degree,lh_isthmuscingulate,0.7586206896551724,0.7931034482758621,0.034482758620689724
MSN,aparc,0.3,Node Degree,lh_lateraloccipital,0.7241379310344828,0.7241379310344828,0.0
MSN,aparc,0.3,Node Degree,lh_lateralorbitofrontal,0.0,0.13793103448275862,0.13793103448275862
MSN,aparc,0.3,Node Degree,lh_lingual,0.6896551724137931,0.7241379310344828,0.03448275862068961
MSN,aparc,0.3,Node Degree,lh_medialorbitofrontal,0.0,0.0,0.0
MSN,aparc,0.3,Node Degree,lh_middletemporal,0.4827586206896552,0.4827586206896552,0.0
MSN,aparc,0.3,Node Degree,lh_parahippocampal,0.9310344827586207,0.9310344827586207,0.0
MSN,aparc,0.3,Node Degree,lh_paracentral,0.8275862068965517,0.7931034482758621,-0.03448275862068961
MSN,aparc,0.3,Node Degree,lh_parsopercularis,0.9655172413793104,0.896551724137931,-0.06896551724137934
MSN,aparc,0.3,Node Degree,lh_parsorbitalis,0.4827586206896552,0.41379310344827586,-0.06896551724137934
MSN,aparc,0.3,Node Degree,lh_parstriangularis,0.7931034482758621,0.7586206896551724,-0.034482758620689724
MSN,aparc,0.3,Node Degree,lh_pericalcarine,0.3793103448275862,0.4827586206896552,0.103448275862069
MSN,aparc,0.3,Node Degree,lh_postcentral,0.7586206896551724,0.7586206896551724,0.0
MSN,aparc,0.3,Node Degree,lh_posteriorcingulate,0.8275862068965517,0.8275862068965517,0.0
MSN,aparc,0.3,Node Degree,lh_precentral,0.7931034482758621,0.7241379310344828,-0.06896551724137934
MSN,aparc,0.3,Node Degree,lh_precuneus,0.6206896551724138,0.6896551724137931,0.06896551724137934
MSN,aparc,0.3,Node Degree,lh_rostralanteriorcingulate,1.0,0.9655172413793104,-0.03448275862068961
MSN,aparc,0.3,Node Degree,lh_rostralmiddlefrontal,0.7241379310344828,0.7241379310344828,0.0
MSN,aparc,0.3,Node Degree,lh_superiorfrontal,0.7586206896551724,0.7586206896551724,0.0
MSN,aparc,0.3,Node Degree,lh_superiorparietal,0.7586206896551724,0.7241379310344828,-0.03448275862068961
MSN,aparc,0.3,Node Degree,lh_superiortemporal,0.5172413793103449,0.5172413793103449,0.0
MSN,aparc,0.3,Node Degree,lh_supramarginal,0.7931034482758621,0.7931034482758621,0.0
MSN,aparc,0.3,Node Degree,lh_frontalpole,0.41379310344827586,0.41379310344827586,0.0
MSN,aparc,0.3,Node Degree,lh_temporalpole,0.4827586206896552,0.4827586206896552,0.0
MSN,aparc,0.3,Node Degree,lh_transversetemporal,0.8275862068965517,0.8620689655172413,0.03448275862068961
MSN,aparc,0.3,Node Degree,lh_insula,0.8275862068965517,0.7931034482758621,-0.03448275862068961
MSN,aparc,0.3,Node Degree,rh_bankssts,0.8275862068965517,0.7931034482758621,-0.03448275862068961
MSN,aparc,0.3,Node Degree,rh_caudalanteriorcingulate,0.8275862068965517,0.8275862068965517,0.0
MSN,aparc,0.3,Node Degree,rh_caudalmiddlefrontal,0.7586206896551724,0.7586206896551724,0.0
MSN,aparc,0.3,Node Degree,rh_cuneus,0.7586206896551724,0.7586206896551724,0.0
MSN,aparc,0.3,Node Degree,rh_entorhinal,0.5862068965517241,0.5517241379310345,-0.03448275862068961
MSN,aparc,0.3,Node Degree,rh_fusiform,0.13793103448275862,0.0,-0.13793103448275862
MSN,aparc,0.3,Node Degree,rh_inferiorparietal,0.7241379310344828,0.7241379310344828,0.0
MSN,aparc,0.3,Node Degree,rh_inferiortemporal,0.5172413793103449,0.4827586206896552,-0.03448275862068967
MSN,aparc,0.3,Node Degree,rh_isthmuscingulate,0.7931034482758621,0.8275862068965517,0.03448275862068961
MSN,aparc,0.3,Node Degree,rh_lateraloccipital,0.7241379310344828,0.7241379310344828,0.0
MSN,aparc,0.3,Node Degree,rh_lateralorbitofrontal,0.6551724137931034,0.6896551724137931,0.034482758620689724
MSN,aparc,0.3,Node Degree,rh_lingual,0.7241379310344828,0.7586206896551724,0.03448275862068961
MSN,aparc,0.3,Node Degree,rh_medialorbitofrontal,0.5517241379310345,0.7241379310344828,0.1724137931034483
MSN,aparc,0.3,Node Degree,rh_middletemporal,0.5172413793103449,0.4827586206896552,-0.03448275862068967
MSN,aparc,0.3,Node Degree,rh_parahippocampal,0.8620689655172413,0.8275862068965517,-0.03448275862068961
MSN,aparc,0.3,Node Degree,rh_paracentral,0.7931034482758621,0.7931034482758621,0.0
MSN,aparc,0.3,Node Degree,rh_parsopercularis,0.8275862068965517,0.8275862068965517,0.0
MSN,aparc,0.3,Node Degree,rh_parsorbitalis,0.4827586206896552,0.41379310344827586,-0.06896551724137934
MSN,aparc,0.3,Node Degree,rh_parstriangularis,0.7931034482758621,0.7931034482758621,0.0
MSN,aparc,0.3,Node Degree,rh_pericalcarine,0.41379310344827586,0.3448275862068966,-0.06896551724137928
MSN,aparc,0.3,Node Degree,rh_postcentral,0.7586206896551724,0.7931034482758621,0.034482758620689724
MSN,aparc,0.3,Node Degree,rh_posteriorcingulate,0.8620689655172413,0.8620689655172413,0.0
MSN,aparc,0.3,Node Degree,rh_precentral,0.7241379310344828,0.7241379310344828,0.0
MSN,aparc,0.3,Node Degree,rh_precuneus,0.6206896551724138,0.6896551724137931,0.06896551724137934
MSN,aparc,0.3,Node Degree,rh_rostralanteriorcingulate,0.8275862068965517,0.8275862068965517,0.0
MSN,aparc,0.3,Node Degree,rh_rostralmiddlefrontal,0.7241379310344828,0.7241379310344828,0.0
MSN,aparc,0.3,Node Degree,rh_superiorfrontal,0.8275862068965517,0.7931034482758621,-0.03448275862068961
MSN,aparc,0.3,Node Degree,rh_superiorparietal,0.7586206896551724,0.7241379310344828,-0.03448275862068961
MSN,aparc,0.3,Node Degree,rh_superiortemporal,0.41379310344827586,0.41379310344827586,0.0
MSN,aparc,0.3,Node Degree,rh_supramarginal,0.4827586206896552,0.5172413793103449,0.03448275862068967
MSN,aparc,0.3,Node Degree,rh_frontalpole,0.41379310344827586,0.41379310344827586,0.0
MSN,aparc,0.3,Node Degree,rh_temporalpole,0.5172413793103449,0.4827586206896552,-0.03448275862068967
MSN,aparc,0.3,Node Degree,rh_transversetemporal,0.7931034482758621,0.8275862068965517,0.03448275862068961
MSN,aparc,0.3,Node Degree,rh_insula,0.7931034482758621,0.7931034482758621,0.0
MSN,aparc,0.35,Participation Coefficient,lh_bankssts,0.0671045502099675,0.12912439122421535,0.062019841014247845
MSN,aparc,0.35,Participation Coefficient,lh_caudalanteriorcingulate,0.06480631863109003,0.06412174696843033,-0.0006845716626596998
MSN,aparc,0.35,Participation Coefficient,lh_caudalmiddlefrontal,0.06213020308613459,0.0,-0.06213020308613459
MSN,aparc,0.35,Participation Coefficient,lh_cuneus,0.0,0.0,0.0
MSN,aparc,0.35,Participation Coefficient,lh_entorhinal,0.7855622537835548,0.8332092143603445,0.04764696057678963
MSN,aparc,0.35,Participation Coefficient,lh_fusiform,0.0,0.0,0.0
MSN,aparc,0.35,Participation Coefficient,lh_inferiorparietal,0.11329856608567265,0.0,-0.11329856608567265
MSN,aparc,0.35,Participation Coefficient,lh_inferiortemporal,0.7995429491235813,0.7780445556969624,-0.021498393426618856
MSN,aparc,0.35,Participation Coefficient,lh_isthmuscingulate,0.06588372755645681,0.12759244537356235,0.06170871781710553
MSN,aparc,0.35,Participation Coefficient,lh_lateraloccipital,0.126658306908397,0.0,-0.126658306908397
MSN,aparc,0.35,Participation Coefficient,lh_lateralorbitofrontal,0.45967498349188196,0.7030089926279371,0.24333400913605518
MSN,aparc,0.35,Participation Coefficient,lh_lingual,0.0,0.0,0.0
MSN,aparc,0.35,Participation Coefficient,lh_medialorbitofrontal,1.0,0.0,-1.0
MSN,aparc,0.35,Participation Coefficient,lh_middletemporal,0.3613301249499858,0.40451373746964614,0.04318361251966035
MSN,aparc,0.35,Participation Coefficient,lh_parahippocampal,0.4145953762501299,0.3507163769674949,-0.06387899928263496
MSN,aparc,0.35,Participation Coefficient,lh_paracentral,0.14794294960567345,0.17742758857160923,0.029484638965935783
MSN,aparc,0.35,Participation Coefficient,lh_parsopercularis,0.641657720810948,0.48991407935077697,-0.151743641460171
MSN,aparc,0.35,Participation Coefficient,lh_parsorbitalis,0.3792062101274237,0.455243888994617,0.07603767886719326
MSN,aparc,0.35,Participation Coefficient,lh_parstriangularis,0.13504790042257184,0.18991550165704446,0.054867601234472624
MSN,aparc,0.35,Participation Coefficient,lh_pericalcarine,0.9829687797116875,0.9920596095359937,0.009090829824306201
MSN,aparc,0.35,Participation Coefficient,lh_postcentral,0.0,0.0,0.0
MSN,aparc,0.35,Participation Coefficient,lh_posteriorcingulate,0.1519612870236341,0.16855417297431313,0.016592885950679037
MSN,aparc,0.35,Participation Coefficient,lh_precentral,0.3048436406616858,0.1844115059385556,-0.12043213472313019
MSN,aparc,0.35,Participation Coefficient,lh_precuneus,0.0,0.0,0.0
MSN,aparc,0.35,Participation Coefficient,lh_rostralanteriorcingulate,0.5528680120806791,0.3839690517178511,-0.16889896036282803
MSN,aparc,0.35,Participation Coefficient,lh_rostralmiddlefrontal,0.19326544519881128,0.11928518246071533,-0.07398026273809595
MSN,aparc,0.35,Participation Coefficient,lh_superiorfrontal,0.6310814982309508,0.5915508076005769,-0.039530690630373955
MSN,aparc,0.35,Participation Coefficient,lh_superiorparietal,0.0,0.0,0.0
MSN,aparc,0.35,Participation Coefficient,lh_superiortemporal,0.8398375770991547,0.6516820188655087,-0.18815555823364605
MSN,aparc,0.35,Participation Coefficient,lh_supramarginal,0.5347245549570183,0.39800391937764723,-0.13672063557937109
MSN,aparc,0.35,Participation Coefficient,lh_frontalpole,0.22148137679527052,0.09324410902648815,-0.12823726776878236
MSN,aparc,0.35,Participation Coefficient,lh_temporalpole,0.4101532979251437,0.5702608892308682,0.16010759130572444
MSN,aparc,0.35,Participation Coefficient,lh_transversetemporal,0.061675321885824023,0.1231785312189275,0.06150320933310347
MSN,aparc,0.35,Participation Coefficient,lh_insula,0.1443558806146979,0.12008285610590032,-0.024273024508797578
MSN,aparc,0.35,Participation Coefficient,rh_bankssts,0.049722432077246394,0.05845212861322806,0.008729696535981664
MSN,aparc,0.35,Participation Coefficient,rh_caudalanteriorcingulate,0.1800412003706661,0.1756855876870951,-0.004355612683570986
MSN,aparc,0.35,Participation Coefficient,rh_caudalmiddlefrontal,0.14604695162485673,0.05442420970511277,-0.09162274191974396
MSN,aparc,0.35,Participation Coefficient,rh_cuneus,0.0,0.0,0.0
MSN,aparc,0.35,Participation Coefficient,rh_entorhinal,0.9017914003399655,0.8287118049623285,-0.07307959537763697
MSN,aparc,0.35,Participation Coefficient,rh_fusiform,0.0,0.0,0.0
MSN,aparc,0.35,Participation Coefficient,rh_inferiorparietal,0.27059026525470736,0.23511116358946568,-0.03547910166524168
MSN,aparc,0.35,Participation Coefficient,rh_inferiortemporal,0.9475251244605492,0.6663927432411388,-0.2811323812194103
MSN,aparc,0.35,Participation Coefficient,rh_isthmuscingulate,0.14669072557299648,0.14214305831563392,-0.004547667257362553
MSN,aparc,0.35,Participation Coefficient,rh_lateraloccipital,0.1318125969329372,0.0,-0.1318125969329372
MSN,aparc,0.35,Participation Coefficient,rh_lateralorbitofrontal,0.0,0.0,0.0
MSN,aparc,0.35,Participation Coefficient,rh_lingual,0.0,0.0,0.0
MSN,aparc,0.35,Participation Coefficient,rh_medialorbitofrontal,0.2141705275128134,0.0,-0.2141705275128134
MSN,aparc,0.35,Participation Coefficient,rh_middletemporal,0.6464434995908469,0.5300771207969792,-0.11636637879386769
MSN,aparc,0.35,Participation Coefficient,rh_parahippocampal,0.14946701069374618,0.10186068315219701,-0.04760632754154917
MSN,aparc,0.35,Participation Coefficient,rh_paracentral,0.05888888604155411,0.09198673413484063,0.03309784809328652
MSN,aparc,0.35,Participation Coefficient,rh_parsopercularis,0.21052723699571543,0.3408125500971243,0.13028531310140887
MSN,aparc,0.35,Participation Coefficient,rh_parsorbitalis,0.3698891613580566,0.1841897652313048,-0.18569939612675182
MSN,aparc,0.35,Participation Coefficient,rh_parstriangularis,0.06087185305408667,0.0,-0.06087185305408667
MSN,aparc,0.35,Participation Coefficient,rh_pericalcarine,0.6045879255955791,0.7156080815310653,0.1110201559354862
MSN,aparc,0.35,Participation Coefficient,rh_postcentral,0.0,0.0,0.0
MSN,aparc,0.35,Participation Coefficient,rh_posteriorcingulate,0.18214435530951037,0.17286046235029012,-0.009283892959220247
MSN,aparc,0.35,Participation Coefficient,rh_precentral,0.1369325428899806,0.06193058160895846,-0.07500196128102216
MSN,aparc,0.35,Participation Coefficient,rh_precuneus,0.0,0.0,0.0
MSN,aparc,0.35,Participation Coefficient,rh_rostralanteriorcingulate,0.2029971871983934,0.23427113433749358,0.03127394713910017
MSN,aparc,0.35,Participation Coefficient,rh_rostralmiddlefrontal,0.06753370071041935,0.0,-0.06753370071041935
MSN,aparc,0.35,Participation Coefficient,rh_superiorfrontal,0.5923122870087684,0.5219764037692762,-0.07033588323949214
MSN,aparc,0.35,Participation Coefficient,rh_superiorparietal,0.0,0.0,0.0
MSN,aparc,0.35,Participation Coefficient,rh_superiortemporal,0.40533599289114575,0.10023043232083433,-0.3051055605703114
MSN,aparc,0.35,Participation Coefficient,rh_supramarginal,0.44573167574759714,0.3977775861976804,-0.047954089549916756
MSN,aparc,0.35,Participation Coefficient,rh_frontalpole,0.2650366347121495,0.2197803452997504,-0.04525628941239909
MSN,aparc,0.35,Participation Coefficient,rh_temporalpole,0.5566473165302688,0.6853913347290963,0.12874401819882753
MSN,aparc,0.35,Participation Coefficient,rh_transversetemporal,0.06580549690286944,0.14108807310827684,0.0752825762054074
MSN,aparc,0.35,Participation Coefficient,rh_insula,0.06287430589841601,0.06908251805939158,0.006208212160975571
MSN,aparc,0.35,Node Versatility,lh_bankssts,0.1028089557346363,0.17409857189913056,0.07128961616449425
MSN,aparc,0.35,Node Versatility,lh_caudalanteriorcingulate,0.1028089557346363,0.13515217044817038,0.032343214713534074
MSN,aparc,0.35,Node Versatility,lh_caudalmiddlefrontal,0.045340134409551376,0.3434570841858857,0.29811694977633435
MSN,aparc,0.35,Node Versatility,lh_cuneus,0.6202296276409935,0.5785888954655091,-0.041640732175484474
MSN,aparc,0.35,Node Versatility,lh_entorhinal,0.1289198914486553,0.08254614399260372,-0.046373747456051564
MSN,aparc,0.35,Node Versatility,lh_fusiform,0.3231331677032156,0.7282192375382927,0.40508606983507706
MSN,aparc,0.35,Node Versatility,lh_inferiorparietal,0.15485551339016024,0.0975699381526699,-0.05728557523749034
MSN,aparc,0.35,Node Versatility,lh_inferiortemporal,0.1289198914486553,0.08254614399260372,-0.046373747456051564
MSN,aparc,0.35,Node Versatility,lh_isthmuscingulate,0.16201925649381468,0.0,-0.16201925649381468
MSN,aparc,0.35,Node Versatility,lh_lateraloccipital,0.15485551339016024,0.0975699381526699,-0.05728557523749034
MSN,aparc,0.35,Node Versatility,lh_lateralorbitofrontal,0.5222056865247845,0.3128171010456371,-0.2093885854791474
MSN,aparc,0.35,Node Versatility,lh_lingual,0.6202296276409935,0.5785888954655091,-0.041640732175484474
MSN,aparc,0.35,Node Versatility,lh_medialorbitofrontal,0.5775705175657854,0.38131345471906386,-0.1962570628467215
MSN,aparc,0.35,Node Versatility,lh_middletemporal,0.1289198914486553,0.08254614399260372,-0.046373747456051564
MSN,aparc,0.35,Node Versatility,lh_parahippocampal,0.6424423905166682,0.7699925670907303,0.1275501765740621
MSN,aparc,0.35,Node Versatility,lh_paracentral,0.1993064831696144,0.0881929320569175,-0.11111355111269691
MSN,aparc,0.35,Node Versatility,lh_parsopercularis,0.3628139416199442,0.5721704865264748,0.20935654490653066
MSN,aparc,0.35,Node Versatility,lh_parsorbitalis,0.1289198914486553,0.08254614399260372,-0.046373747456051564
MSN,aparc,0.35,Node Versatility,lh_parstriangularis,0.1993064831696144,0.4909593997779922,0.2916529166083778
MSN,aparc,0.35,Node Versatility,lh_pericalcarine,0.5525172015038171,0.27314190713666026,-0.27937529436715686
MSN,aparc,0.35,Node Versatility,lh_postcentral,0.15485551339016024,0.0975699381526699,-0.05728557523749034
MSN,aparc,0.35,Node Versatility,lh_posteriorcingulate,0.09667894812662724,0.0,-0.09667894812662724
MSN,aparc,0.35,Node Versatility,lh_precentral,0.15407120787876646,0.0975699381526699,-0.056501269726096565
MSN,aparc,0.35,Node Versatility,lh_precuneus,0.6202296276409935,0.5785888954655091,-0.041640732175484474
MSN,aparc,0.35,Node Versatility,lh_rostralanteriorcingulate,1.0,0.8233940042765086,-0.17660599572349145
MSN,aparc,0.35,Node Versatility,lh_rostralmiddlefrontal,0.15485551339016024,0.0975699381526699,-0.05728557523749034
MSN,aparc,0.35,Node Versatility,lh_superiorfrontal,0.16177018963987994,0.10052584408996988,-0.061244345549910054
MSN,aparc,0.35,Node Versatility,lh_superiorparietal,0.15485551339016024,0.0975699381526699,-0.05728557523749034
MSN,aparc,0.35,Node Versatility,lh_superiortemporal,0.1289198914486553,0.08254614399260372,-0.046373747456051564
MSN,aparc,0.35,Node Versatility,lh_supramarginal,0.16177018963987994,0.10052584408996988,-0.061244345549910054
MSN,aparc,0.35,Node Versatility,lh_frontalpole,0.1289198914486553,0.08254614399260372,-0.046373747456051564
MSN,aparc,0.35,Node Versatility,lh_temporalpole,0.1289198914486553,0.08254614399260372,-0.046373747456051564
MSN,aparc,0.35,Node Versatility,lh_transversetemporal,0.045340134409551376,0.0,-0.045340134409551376
MSN,aparc,0.35,Node Versatility,lh_insula,0.682918741037191,0.2804394244153921,-0.40247931662179887
MSN,aparc,0.35,Node Versatility,rh_bankssts,0.20813029421745669,0.16378307109353066,-0.04434722312392603
MSN,aparc,0.35,Node Versatility,rh_caudalanteriorcingulate,0.09667894812662724,0.10310279466561598,0.0064238465389887395
MSN,aparc,0.35,Node Versatility,rh_caudalmiddlefrontal,0.09667894812662724,0.5733884974115031,0.47670954928487586
MSN,aparc,0.35,Node Versatility,rh_cuneus,0.437397972293146,0.35628583778244594,-0.08111213451070004
MSN,aparc,0.35,Node Versatility,rh_entorhinal,0.1289198914486553,0.08254614399260372,-0.046373747456051564
MSN,aparc,0.35,Node Versatility,rh_fusiform,0.3231331677032156,0.0,-0.3231331677032156
MSN,aparc,0.35,Node Versatility,rh_inferiorparietal,0.15407120787876646,0.0975699381526699,-0.056501269726096565
MSN,aparc,0.35,Node Versatility,rh_inferiortemporal,0.1289198914486553,0.08254614399260372,-0.046373747456051564
MSN,aparc,0.35,Node Versatility,rh_isthmuscingulate,0.16201925649381468,0.06560502500002732,-0.09641423149378736
MSN,aparc,0.35,Node Versatility,rh_lateraloccipital,0.15485551339016024,0.0975699381526699,-0.05728557523749034
MSN,aparc,0.35,Node Versatility,rh_lateralorbitofrontal,0.41650984299134236,0.38131345471906386,-0.0351963882722785
MSN,aparc,0.35,Node Versatility,rh_lingual,0.6202296276409935,0.35628583778244594,-0.2639437898585476
MSN,aparc,0.35,Node Versatility,rh_medialorbitofrontal,0.15978796534953865,0.0975699381526699,-0.06221802719686875
MSN,aparc,0.35,Node Versatility,rh_middletemporal,0.1289198914486553,0.08254614399260372,-0.046373747456051564
MSN,aparc,0.35,Node Versatility,rh_parahippocampal,0.38118306638117666,0.207925696802216,-0.17325736957896065
MSN,aparc,0.35,Node Versatility,rh_paracentral,0.022930560844959837,0.2127006008431541,0.18977003999819425
MSN,aparc,0.35,Node Versatility,rh_parsopercularis,0.1432892989317703,0.4778455602108579,0.33455626127908755
MSN,aparc,0.35,Node Versatility,rh_parsorbitalis,0.1289198914486553,0.08254614399260372,-0.046373747456051564
MSN,aparc,0.35,Node Versatility,rh_parstriangularis,0.022930560844959837,0.6310600141792928,0.608129453334333
MSN,aparc,0.35,Node Versatility,rh_pericalcarine,0.5890393352504418,0.27314190713666026,-0.3158974281137816
MSN,aparc,0.35,Node Versatility,rh_postcentral,0.15485551339016024,0.0975699381526699,-0.05728557523749034
MSN,aparc,0.35,Node Versatility,rh_posteriorcingulate,0.09667894812662724,0.10310279466561598,0.0064238465389887395
MSN,aparc,0.35,Node Versatility,rh_precentral,0.15485551339016024,0.0975699381526699,-0.05728557523749034
MSN,aparc,0.35,Node Versatility,rh_precuneus,0.6202296276409935,0.5785888954655091,-0.041640732175484474
MSN,aparc,0.35,Node Versatility,rh_rostralanteriorcingulate,0.1432892989317703,0.19181974037467434,0.048530441442904027
MSN,aparc,0.35,Node Versatility,rh_rostralmiddlefrontal,0.15485551339016024,0.0975699381526699,-0.05728557523749034
MSN,aparc,0.35,Node Versatility,rh_superiorfrontal,0.16177018963987994,0.10052584408996988,-0.061244345549910054
MSN,aparc,0.35,Node Versatility,rh_superiorparietal,0.15485551339016024,0.0975699381526699,-0.05728557523749034
MSN,aparc,0.35,Node Versatility,rh_superiortemporal,0.1289198914486553,0.08254614399260372,-0.046373747456051564
MSN,aparc,0.35,Node Versatility,rh_supramarginal,0.16177018963987994,0.10052584408996988,-0.061244345549910054
MSN,aparc,0.35,Node Versatility,rh_frontalpole,0.1289198914486553,0.08254614399260372,-0.046373747456051564
MSN,aparc,0.35,Node Versatility,rh_temporalpole,0.1289198914486553,0.08254614399260372,-0.046373747456051564
MSN,aparc,0.35,Node Versatility,rh_transversetemporal,0.045340134409551376,0.06560502500002732,0.020264890590475947
MSN,aparc,0.35,Node Versatility,rh_insula,0.6829187410371909,0.06560502500002732,-0.6173137160371636
MSN,aparc,0.35,Node Strength,lh_bankssts,0.9505853671000387,0.9650108834047627,0.014425516304723995
MSN,aparc,0.35,Node Strength,lh_caudalanteriorcingulate,0.9480819098872331,0.968766649847615,0.020684739960381893
MSN,aparc,0.35,Node Strength,lh_caudalmiddlefrontal,0.8874702448737852,0.8798873204317442,-0.007582924442041006
MSN,aparc,0.35,Node Strength,lh_cuneus,0.7400274787982907,0.7323920193870972,-0.007635459411193479
MSN,aparc,0.35,Node Strength,lh_entorhinal,0.6043108182668874,0.6366432856171111,0.03233246735022377
MSN,aparc,0.35,Node Strength,lh_fusiform,0.008235469726000493,0.07288790885859865,0.06465243913259816
MSN,aparc,0.35,Node Strength,lh_inferiorparietal,0.8509066887463052,0.8237573048266728,-0.027149383919632397
MSN,aparc,0.35,Node Strength,lh_inferiortemporal,0.5764989068894513,0.5707268494385843,-0.005772057450866952
MSN,aparc,0.35,Node Strength,lh_isthmuscingulate,0.9063483499566146,0.9459508443853538,0.0396024944287392
MSN,aparc,0.35,Node Strength,lh_lateraloccipital,0.8429462059882412,0.837459186717965,-0.005487019270276172
MSN,aparc,0.35,Node Strength,lh_lateralorbitofrontal,0.09418590667445774,0.3864223781011774,0.29223647142671966
MSN,aparc,0.35,Node Strength,lh_lingual,0.7250047959469298,0.7489809249332181,0.023976128986288314
MSN,aparc,0.35,Node Strength,lh_medialorbitofrontal,0.017715884461768343,0.0,-0.017715884461768343
MSN,aparc,0.35,Node Strength,lh_middletemporal,0.5382040913063031,0.5317413200946499,-0.006462771211653173
MSN,aparc,0.35,Node Strength,lh_parahippocampal,0.9522739999724052,0.9588883271478279,0.006614327175422652
MSN,aparc,0.35,Node Strength,lh_paracentral,0.9162900236548158,0.9636752508266907,0.04738522717187488
MSN,aparc,0.35,Node Strength,lh_parsopercularis,0.9344385573208503,0.960335508514851,0.025896951194000706
MSN,aparc,0.35,Node Strength,lh_parsorbitalis,0.5436139441414926,0.5598054644680525,0.016191520326559905
MSN,aparc,0.35,Node Strength,lh_parstriangularis,0.8915672360654018,0.9362586609878413,0.04469142492243949
MSN,aparc,0.35,Node Strength,lh_pericalcarine,0.5710547882992472,0.553702740170034,-0.017352048129213204
MSN,aparc,0.35,Node Strength,lh_postcentral,0.8588854058432871,0.8800693529361682,0.021183947092881072
MSN,aparc,0.35,Node Strength,lh_posteriorcingulate,0.9465023115483018,0.9556324037999921,0.00913009225169037
MSN,aparc,0.35,Node Strength,lh_precentral,0.8476065686082692,0.831515357782603,-0.016091210825666225
MSN,aparc,0.35,Node Strength,lh_precuneus,0.5730989446382433,0.6909845301615138,0.11788558552327055
MSN,aparc,0.35,Node Strength,lh_rostralanteriorcingulate,0.9809862995943274,1.0,0.01901370040567263
MSN,aparc,0.35,Node Strength,lh_rostralmiddlefrontal,0.856877142839439,0.8508623810401786,-0.006014761799260415
MSN,aparc,0.35,Node Strength,lh_superiorfrontal,0.8333358047799062,0.8345717018628409,0.0012358970829347005
MSN,aparc,0.35,Node Strength,lh_superiorparietal,0.8597848693199799,0.8704323057913002,0.01064743647132027
MSN,aparc,0.35,Node Strength,lh_superiortemporal,0.5494151835332408,0.4984485934703884,-0.050966590062852424
MSN,aparc,0.35,Node Strength,lh_supramarginal,0.8301986058268003,0.8197284094113955,-0.010470196415404809
MSN,aparc,0.35,Node Strength,lh_frontalpole,0.5282423546722028,0.5139845239488298,-0.014257830723373055
MSN,aparc,0.35,Node Strength,lh_temporalpole,0.5432488938768915,0.5780244970231071,0.03477560314621564
MSN,aparc,0.35,Node Strength,lh_transversetemporal,0.951107632908488,0.9788023716414987,0.02769473873301076
MSN,aparc,0.35,Node Strength,lh_insula,0.9495968870620097,0.9736570579896494,0.02406017092763968
MSN,aparc,0.35,Node Strength,rh_bankssts,0.9656300342954839,0.9793465449039843,0.013716510608500432
MSN,aparc,0.35,Node Strength,rh_caudalanteriorcingulate,0.9175932165929914,0.9198168202102186,0.0022236036172271767
MSN,aparc,0.35,Node Strength,rh_caudalmiddlefrontal,0.7533519980742197,0.8928106248664572,0.13945862679223753
MSN,aparc,0.35,Node Strength,rh_cuneus,0.8186324398829382,0.8228123717329532,0.004179931850014973
MSN,aparc,0.35,Node Strength,rh_entorhinal,0.6309597984144263,0.6344962885539951,0.003536490139568804
MSN,aparc,0.35,Node Strength,rh_fusiform,0.37816565248832756,0.024318495578119576,-0.35384715691020796
MSN,aparc,0.35,Node Strength,rh_inferiorparietal,0.8455855989188882,0.8540396249723301,0.008454026053441921
MSN,aparc,0.35,Node Strength,rh_inferiortemporal,0.6486615950184431,0.534694285802079,-0.11396730921636411
MSN,aparc,0.35,Node Strength,rh_isthmuscingulate,0.9154615038769497,0.932278171271485,0.016816667394535356
MSN,aparc,0.35,Node Strength,rh_lateraloccipital,0.8448069862817003,0.8276091904435922,-0.0171977958381081
MSN,aparc,0.35,Node Strength,rh_lateralorbitofrontal,0.49173940823348894,0.5389930281511325,0.04725361991764354
MSN,aparc,0.35,Node Strength,rh_lingual,0.754010187509695,0.7927321630877664,0.038721975578071444
MSN,aparc,0.35,Node Strength,rh_medialorbitofrontal,0.40099821392504337,0.5290573164377294,0.12805910251268598
MSN,aparc,0.35,Node Strength,rh_middletemporal,0.5654512808749882,0.5483814228287701,-0.017069858046218078
MSN,aparc,0.35,Node Strength,rh_parahippocampal,0.9305185168735822,0.9628820632113916,0.03236354633780936
MSN,aparc,0.35,Node Strength,rh_paracentral,0.9317690759899964,0.9690231319093295,0.03725405591933317
MSN,aparc,0.35,Node Strength,rh_parsopercularis,0.9477717351175855,0.9652439526694233,0.01747221755183781
MSN,aparc,0.35,Node Strength,rh_parsorbitalis,0.5442579400724112,0.5187157101225645,-0.025542229949846784
MSN,aparc,0.35,Node Strength,rh_parstriangularis,0.8590367286348415,0.8414204826648578,-0.01761624596998368
MSN,aparc,0.35,Node Strength,rh_pericalcarine,0.5244833778253428,0.5744422193168166,0.04995884149147378
MSN,aparc,0.35,Node Strength,rh_postcentral,0.8457009075117403,0.8753648438893267,0.029663936377586353
MSN,aparc,0.35,Node Strength,rh_posteriorcingulate,0.9126580710943343,0.9448961932687792,0.03223812217444488
MSN,aparc,0.35,Node Strength,rh_precentral,0.8424132944752437,0.8393419615033757,-0.0030713329718680127
MSN,aparc,0.35,Node Strength,rh_precuneus,0.6710153860805896,0.7255054839812731,0.05449009790068349
MSN,aparc,0.35,Node Strength,rh_rostralanteriorcingulate,0.9656114928647831,0.9977845394772206,0.03217304661243747
MSN,aparc,0.35,Node Strength,rh_rostralmiddlefrontal,0.8543174871604803,0.8569747431514284,0.0026572559909481264
MSN,aparc,0.35,Node Strength,rh_superiorfrontal,0.8400625769047071,0.8336244118518561,-0.006438165052850997
MSN,aparc,0.35,Node Strength,rh_superiorparietal,0.8557938095033604,0.8508093928383295,-0.004984416665030911
MSN,aparc,0.35,Node Strength,rh_superiortemporal,0.5039029918827188,0.4562854625064677,-0.04761752937625113
MSN,aparc,0.35,Node Strength,rh_supramarginal,0.4269177791549772,0.48004565112850167,0.053127871973524476
MSN,aparc,0.35,Node Strength,rh_frontalpole,0.5314661464806736,0.5040858669618015,-0.02738027951887212
MSN,aparc,0.35,Node Strength,rh_temporalpole,0.5611157793641706,0.60327190871066,0.04215612934648949
MSN,aparc,0.35,Node Strength,rh_transversetemporal,0.9503229324226127,0.9683087353365997,0.017985802913986992
MSN,aparc,0.35,Node Strength,rh_insula,0.9677713682237908,0.9732878152237573,0.005516446999966451
MSN,aparc,0.35,Local Efficiency,lh_bankssts,0.9406100239969969,0.9505653009777504,0.009955276980753491
MSN,aparc,0.35,Local Efficiency,lh_caudalanteriorcingulate,0.939009446388486,0.9589688338110454,0.019959387422559316
MSN,aparc,0.35,Local Efficiency,lh_caudalmiddlefrontal,0.9002597576605817,1.0,0.09974024233941825
MSN,aparc,0.35,Local Efficiency,lh_cuneus,0.842030409365987,0.8465938226061019,0.004563413240114889
MSN,aparc,0.35,Local Efficiency,lh_entorhinal,0.6538274286570193,0.6146920584370391,-0.03913537021998015
MSN,aparc,0.35,Local Efficiency,lh_fusiform,0.0,0.4824020635325086,0.4824020635325086
MSN,aparc,0.35,Local Efficiency,lh_inferiorparietal,0.8011325102576162,0.8862172739699411,0.08508476371232487
MSN,aparc,0.35,Local Efficiency,lh_inferiortemporal,0.6012290766031511,0.6202183129416141,0.018989236338463056
MSN,aparc,0.35,Local Efficiency,lh_isthmuscingulate,0.9120043264677836,0.8466358098738217,-0.06536851659396192
MSN,aparc,0.35,Local Efficiency,lh_lateraloccipital,0.8333885883206045,0.9422259016653384,0.1088373133447339
MSN,aparc,0.35,Local Efficiency,lh_lateralorbitofrontal,0.36431703546986377,0.46997440740484625,0.10565737193498248
MSN,aparc,0.35,Local Efficiency,lh_lingual,0.8302281469934907,0.8613312109489037,0.03110306395541307
MSN,aparc,0.35,Local Efficiency,lh_medialorbitofrontal,0.0,0.0,0.0
MSN,aparc,0.35,Local Efficiency,lh_middletemporal,0.8313052744383359,0.8208146331535943,-0.010490641284741642
MSN,aparc,0.35,Local Efficiency,lh_parahippocampal,0.7081594273579291,0.7482468163526019,0.04008738899467279
MSN,aparc,0.35,Local Efficiency,lh_paracentral,0.8722647949870134,0.8634852327234516,-0.008779562263561802
MSN,aparc,0.35,Local Efficiency,lh_parsopercularis,0.6686500013558685,0.6826580662435762,0.014008064887707672
MSN,aparc,0.35,Local Efficiency,lh_parsorbitalis,0.8369132977522711,0.7299464486337673,-0.10696684911850374
MSN,aparc,0.35,Local Efficiency,lh_parstriangularis,0.8575122832579525,0.8035880346996239,-0.05392424855832856
MSN,aparc,0.35,Local Efficiency,lh_pericalcarine,0.46029596383898225,0.49164039398951104,0.03134443015052879
MSN,aparc,0.35,Local Efficiency,lh_postcentral,0.8950275964185341,0.9251120194591853,0.030084423040651176
MSN,aparc,0.35,Local Efficiency,lh_posteriorcingulate,0.8866549076048301,0.8895272756537849,0.002872368048954743
MSN,aparc,0.35,Local Efficiency,lh_precentral,0.7894295423012475,0.8228282567978579,0.03339871449661036
MSN,aparc,0.35,Local Efficiency,lh_precuneus,0.807011541492188,0.7798937820875109,-0.02711775940467709
MSN,aparc,0.35,Local Efficiency,lh_rostralanteriorcingulate,0.6907500286461055,0.7676998309024757,0.07694980225637027
MSN,aparc,0.35,Local Efficiency,lh_rostralmiddlefrontal,0.8010115467121884,0.8442649671276743,0.043253420415485855
MSN,aparc,0.35,Local Efficiency,lh_superiorfrontal,0.6919038082376916,0.6669877685757677,-0.024916039661923906
MSN,aparc,0.35,Local Efficiency,lh_superiorparietal,0.8951450165229692,0.9164621948201764,0.02131717829720725
MSN,aparc,0.35,Local Efficiency,lh_superiortemporal,0.5877739425297298,0.6390952355626116,0.0513212930328818
MSN,aparc,0.35,Local Efficiency,lh_supramarginal,0.7032926670443709,0.7350595620444076,0.03176689500003671
MSN,aparc,0.35,Local Efficiency,lh_frontalpole,0.8885540330307747,0.9481754054634519,0.05962137243267718
MSN,aparc,0.35,Local Efficiency,lh_temporalpole,0.836828254341094,0.7026449324323762,-0.13418332190871773
MSN,aparc,0.35,Local Efficiency,lh_transversetemporal,0.9410547706514124,0.8647052605365497,-0.07634951011486268
MSN,aparc,0.35,Local Efficiency,lh_insula,0.8426182673693461,0.9134928361365835,0.07087456876723741
MSN,aparc,0.35,Local Efficiency,rh_bankssts,0.9501438015842211,0.9657556635887767,0.015611862004555666
MSN,aparc,0.35,Local Efficiency,rh_caudalanteriorcingulate,0.8673382438107894,0.9212268357523753,0.053888591941585906
MSN,aparc,0.35,Local Efficiency,rh_caudalmiddlefrontal,0.8006079168026697,0.8986966156626953,0.09808869886002558
MSN,aparc,0.35,Local Efficiency,rh_cuneus,0.866248789226845,0.8828307556384647,0.016581966411619686
MSN,aparc,0.35,Local Efficiency,rh_entorhinal,0.6110538101361579,0.6132943917057359,0.0022405815695779596
MSN,aparc,0.35,Local Efficiency,rh_fusiform,0.528115973646892,0.5074040899246404,-0.020711883722251634
MSN,aparc,0.35,Local Efficiency,rh_inferiorparietal,0.788175182163632,0.7941532247697041,0.005978042606072043
MSN,aparc,0.35,Local Efficiency,rh_inferiortemporal,0.556807322091116,0.6296486624255067,0.0728413403343906
MSN,aparc,0.35,Local Efficiency,rh_isthmuscingulate,0.8222447282564908,0.8878082104253228,0.06556348216883201
MSN,aparc,0.35,Local Efficiency,rh_lateraloccipital,0.8346229160036378,0.9346672569706104,0.10004434096697257
MSN,aparc,0.35,Local Efficiency,rh_lateralorbitofrontal,0.6374083434754532,0.6293626947144537,-0.008045648760999446
MSN,aparc,0.35,Local Efficiency,rh_lingual,0.8558240331442395,0.8586373707885825,0.0028133376443429947
MSN,aparc,0.35,Local Efficiency,rh_medialorbitofrontal,0.5470289303430881,0.7077572822006963,0.16072835185760825
MSN,aparc,0.35,Local Efficiency,rh_middletemporal,0.6967154163639271,0.7204747030260531,0.02375928666212601
MSN,aparc,0.35,Local Efficiency,rh_parahippocampal,0.8812136047974545,0.9072069567609159,0.02599335196346142
MSN,aparc,0.35,Local Efficiency,rh_paracentral,0.9279535021381824,0.9093846465402975,-0.018568855597884903
MSN,aparc,0.35,Local Efficiency,rh_parsopercularis,0.8470548225793697,0.7501612878252936,-0.09689353475407614
MSN,aparc,0.35,Local Efficiency,rh_parsorbitalis,0.8375483834382975,0.8646663351227714,0.02711795168447384
MSN,aparc,0.35,Local Efficiency,rh_parstriangularis,0.8810809071302181,0.8710810754411027,-0.009999831689115446
MSN,aparc,0.35,Local Efficiency,rh_pericalcarine,0.5459851969741341,0.4917928970939925,-0.05419229988014157
MSN,aparc,0.35,Local Efficiency,rh_postcentral,0.8863710305085796,0.9220965645831131,0.035725534074533494
MSN,aparc,0.35,Local Efficiency,rh_posteriorcingulate,0.8647741643283364,0.937443737740287,0.07266957341195057
MSN,aparc,0.35,Local Efficiency,rh_precentral,0.8331399396542435,0.8864105376800645,0.053270598025821014
MSN,aparc,0.35,Local Efficiency,rh_precuneus,0.7870704440955711,0.8054698128242888,0.018399368728717613
MSN,aparc,0.35,Local Efficiency,rh_rostralanteriorcingulate,0.8574665787045563,0.8427019435895807,-0.01476463511497561
MSN,aparc,0.35,Local Efficiency,rh_rostralmiddlefrontal,0.8459733581906476,0.9070392092900141,0.061065851099366575
MSN,aparc,0.35,Local Efficiency,rh_superiorfrontal,0.6975588447380686,0.7029237400513565,0.005364895313287876
MSN,aparc,0.35,Local Efficiency,rh_superiorparietal,0.8929852985258276,0.951372104511172,0.0583868059853444
MSN,aparc,0.35,Local Efficiency,rh_superiortemporal,0.7356538127607523,0.8816352055300519,0.14598139276929967
MSN,aparc,0.35,Local Efficiency,rh_supramarginal,0.6041701157471673,0.5824548050863154,-0.02171531066085186
MSN,aparc,0.35,Local Efficiency,rh_frontalpole,0.8181583008597247,0.8601093447070984,0.04195104384737369
MSN,aparc,0.35,Local Efficiency,rh_temporalpole,0.7374811223589262,0.6482768532868602,-0.08920426907206591
MSN,aparc,0.35,Local Efficiency,rh_transversetemporal,0.9402486222386686,0.9092355368220061,-0.031013085416662478
MSN,aparc,0.35,Local Efficiency,rh_insula,0.8986133864341215,0.963347294474047,0.06473390803992551
MSN,aparc,0.35,Clustering Coefficient,lh_bankssts,0.9266812343843873,0.9216676059786747,-0.005013628405712622
MSN,aparc,0.35,Clustering Coefficient,lh_caudalanteriorcingulate,0.9252400216883595,0.9396117399261849,0.014371718237825348
MSN,aparc,0.35,Clustering Coefficient,lh_caudalmiddlefrontal,0.8872347747700196,1.0,0.11276522522998045
MSN,aparc,0.35,Clustering Coefficient,lh_cuneus,0.8110802890554895,0.820947992486935,0.009867703431445496
MSN,aparc,0.35,Clustering Coefficient,lh_entorhinal,0.5276479983564305,0.4887596404949529,-0.038888357861477596
MSN,aparc,0.35,Clustering Coefficient,lh_fusiform,0.0,0.48240206353250875,0.48240206353250875
MSN,aparc,0.35,Clustering Coefficient,lh_inferiorparietal,0.7470432960894874,0.8606615110775482,0.1136182149880608
MSN,aparc,0.35,Clustering Coefficient,lh_inferiortemporal,0.48200532687220965,0.5010875071357677,0.019082180263558013
MSN,aparc,0.35,Clustering Coefficient,lh_isthmuscingulate,0.8986629965454525,0.7978450612642103,-0.10081793528124217
MSN,aparc,0.35,Clustering Coefficient,lh_lateraloccipital,0.7876772160474119,0.93087881363946,0.1432015975920481
MSN,aparc,0.35,Clustering Coefficient,lh_lateralorbitofrontal,0.36431703546986394,0.4058774797230092,0.04156044425314526
MSN,aparc,0.35,Clustering Coefficient,lh_lingual,0.7996199166193304,0.835503327510647,0.035883410891316636
MSN,aparc,0.35,Clustering Coefficient,lh_medialorbitofrontal,0.0,0.0,0.0
MSN,aparc,0.35,Clustering Coefficient,lh_middletemporal,0.7652642991281897,0.7484050340044075,-0.01685926512378222
MSN,aparc,0.35,Clustering Coefficient,lh_parahippocampal,0.6082690012788983,0.662756141055771,0.054487139776872695
MSN,aparc,0.35,Clustering Coefficient,lh_paracentral,0.8367016959896241,0.8136947506156317,-0.023006945373992393
MSN,aparc,0.35,Clustering Coefficient,lh_parsopercularis,0.5571112035031879,0.5822266609334522,0.025115457430264332
MSN,aparc,0.35,Clustering Coefficient,lh_parsorbitalis,0.7755350795598799,0.6412766825266643,-0.13425839703321563
MSN,aparc,0.35,Clustering Coefficient,lh_parstriangularis,0.8235554261972691,0.7433634393759367,-0.08019198682133233
MSN,aparc,0.35,Clustering Coefficient,lh_pericalcarine,0.33938820426796046,0.36193701226098685,0.022548807993026387
MSN,aparc,0.35,Clustering Coefficient,lh_postcentral,0.8590074636682061,0.8977523984266966,0.0387449347584905
MSN,aparc,0.35,Clustering Coefficient,lh_posteriorcingulate,0.8542879536159841,0.8412956078896404,-0.012992345726343668
MSN,aparc,0.35,Clustering Coefficient,lh_precentral,0.7219770243258473,0.7700558866069857,0.048078862281138335
MSN,aparc,0.35,Clustering Coefficient,lh_precuneus,0.7863214795772963,0.7527769862991892,-0.033544493278107046
MSN,aparc,0.35,Clustering Coefficient,lh_rostralanteriorcingulate,0.5759865588611548,0.6789789989901841,0.1029924401290293
MSN,aparc,0.35,Clustering Coefficient,lh_rostralmiddlefrontal,0.7441047844051443,0.8015126124433681,0.05740782803822386
MSN,aparc,0.35,Clustering Coefficient,lh_superiorfrontal,0.5907951292795633,0.5625641492282566,-0.028230980051306753
MSN,aparc,0.35,Clustering Coefficient,lh_superiorparietal,0.859453414164339,0.8911192546122337,0.03166584044789478
MSN,aparc,0.35,Clustering Coefficient,lh_superiortemporal,0.4734579791954924,0.5398150002881328,0.06635702109264041
MSN,aparc,0.35,Clustering Coefficient,lh_supramarginal,0.6119144763204217,0.650983962427059,0.0390694861066373
MSN,aparc,0.35,Clustering Coefficient,lh_frontalpole,0.8465099612297575,0.9227300987206183,0.07622013749086076
MSN,aparc,0.35,Clustering Coefficient,lh_temporalpole,0.7741098953032138,0.6021722434298855,-0.17193765187332832
MSN,aparc,0.35,Clustering Coefficient,lh_transversetemporal,0.9273726033042639,0.815218273633169,-0.11215432967109484
MSN,aparc,0.35,Clustering Coefficient,lh_insula,0.7952541820167282,0.8799467953018121,0.08469261328508393
MSN,aparc,0.35,Clustering Coefficient,rh_bankssts,0.9370388074073628,0.9464715297985276,0.009432722391164772
MSN,aparc,0.35,Clustering Coefficient,rh_caudalanteriorcingulate,0.834096391099515,0.890315654197361,0.05621926309784597
MSN,aparc,0.35,Clustering Coefficient,rh_caudalmiddlefrontal,0.7735842856384556,0.8708758534368838,0.09729156779842818
MSN,aparc,0.35,Clustering Coefficient,rh_cuneus,0.8291355890001809,0.8545139014735017,0.025378312473320785
MSN,aparc,0.35,Clustering Coefficient,rh_entorhinal,0.47675201900766906,0.48766596445569094,0.010913945448021878
MSN,aparc,0.35,Clustering Coefficient,rh_fusiform,0.5281159736468922,0.5074040899246406,-0.020711883722251634
MSN,aparc,0.35,Clustering Coefficient,rh_inferiorparietal,0.722293470935376,0.7278923305323627,0.005598859596986694
MSN,aparc,0.35,Clustering Coefficient,rh_inferiortemporal,0.42850131643861344,0.521146277551881,0.09264496111326759
MSN,aparc,0.35,Clustering Coefficient,rh_isthmuscingulate,0.776926247016628,0.854231378402182,0.07730513138555395
MSN,aparc,0.35,Clustering Coefficient,rh_lateraloccipital,0.7885595424780298,0.9235758414678205,0.13501629898979062
MSN,aparc,0.35,Clustering Coefficient,rh_lateralorbitofrontal,0.6178235581456801,0.62330629624137,0.0054827380956898875
MSN,aparc,0.35,Clustering Coefficient,rh_lingual,0.8247428038062548,0.8305309423597446,0.005788138553489808
MSN,aparc,0.35,Clustering Coefficient,rh_medialorbitofrontal,0.5265707921995955,0.698896196868147,0.1723254046685515
MSN,aparc,0.35,Clustering Coefficient,rh_middletemporal,0.5954462242268713,0.6258562026113466,0.030409978384475234
MSN,aparc,0.35,Clustering Coefficient,rh_parahippocampal,0.8450959603681315,0.871305508772186,0.02620954840405454
MSN,aparc,0.35,Clustering Coefficient,rh_paracentral,0.9097332830031399,0.87457962434614,-0.03515365865699993
MSN,aparc,0.35,Clustering Coefficient,rh_parsopercularis,0.7951877375987368,0.6655508529982495,-0.1296368846004874
MSN,aparc,0.35,Clustering Coefficient,rh_parsorbitalis,0.7764419543209362,0.8209435132683955,0.04450155894745933
MSN,aparc,0.35,Clustering Coefficient,rh_parstriangularis,0.8638124708786363,0.8492653497491383,-0.014547121129498075
MSN,aparc,0.35,Clustering Coefficient,rh_pericalcarine,0.44118365010193433,0.37956155865890245,-0.06162209144303188
MSN,aparc,0.35,Clustering Coefficient,rh_postcentral,0.8506518437284629,0.8942038178857473,0.0435519741572844
MSN,aparc,0.35,Clustering Coefficient,rh_posteriorcingulate,0.8314731412490998,0.9062036312536261,0.07473049000452636
MSN,aparc,0.35,Clustering Coefficient,rh_precentral,0.7866038258133685,0.8584960323816538,0.07189220656828532
MSN,aparc,0.35,Clustering Coefficient,rh_precuneus,0.7542499286184089,0.7776326455754741,0.023382716957065175
MSN,aparc,0.35,Clustering Coefficient,rh_rostralanteriorcingulate,0.805407791611346,0.7788051585716532,-0.02660263303969279
MSN,aparc,0.35,Clustering Coefficient,rh_rostralmiddlefrontal,0.8021790343861471,0.8823449118978837,0.08016587751173654
MSN,aparc,0.35,Clustering Coefficient,rh_superiorfrontal,0.5972873251124456,0.6046149611495962,0.007327636037150587
MSN,aparc,0.35,Clustering Coefficient,rh_superiorparietal,0.8569738395911091,0.9398579512401063,0.08288411164899723
MSN,aparc,0.35,Clustering Coefficient,rh_superiortemporal,0.6615518672423235,0.8578705234360786,0.1963186561937551
MSN,aparc,0.35,Clustering Coefficient,rh_supramarginal,0.55094571589286,0.5272510658912958,-0.023694650001564233
MSN,aparc,0.35,Clustering Coefficient,rh_frontalpole,0.7609743641713901,0.8112463125447975,0.05027194837340743
MSN,aparc,0.35,Clustering Coefficient,rh_temporalpole,0.6437390021433727,0.5340769966635965,-0.10966200547977611
MSN,aparc,0.35,Clustering Coefficient,rh_transversetemporal,0.9264328252707059,0.8749437960911458,-0.05148902917956011
MSN,aparc,0.35,Clustering Coefficient,rh_insula,0.8676903770964369,0.942905311370243,0.0752149342738061
MSN,aparc,0.35,Betweenness Centrality,lh_bankssts,0.0,0.0,0.0
MSN,aparc,0.35,Betweenness Centrality,lh_caudalanteriorcingulate,0.0,0.0,0.0
MSN,aparc,0.35,Betweenness Centrality,lh_caudalmiddlefrontal,0.0,0.0,0.0
MSN,aparc,0.35,Betweenness Centrality,lh_cuneus,0.2991869918699187,0.1886178861788618,-0.11056910569105691
MSN,aparc,0.35,Betweenness Centrality,lh_entorhinal,0.14796747967479676,0.43414634146341463,0.28617886178861784
MSN,aparc,0.35,Betweenness Centrality,lh_fusiform,0.0,0.0,0.0
MSN,aparc,0.35,Betweenness Centrality,lh_inferiorparietal,0.0032520325203252032,0.00975609756097561,0.0065040650406504065
MSN,aparc,0.35,Betweenness Centrality,lh_inferiortemporal,0.013008130081300813,0.3089430894308943,0.2959349593495935
MSN,aparc,0.35,Betweenness Centrality,lh_isthmuscingulate,0.0,0.0,0.0
MSN,aparc,0.35,Betweenness Centrality,lh_lateraloccipital,0.0,0.0,0.0
MSN,aparc,0.35,Betweenness Centrality,lh_lateralorbitofrontal,0.04878048780487805,0.0,-0.04878048780487805
MSN,aparc,0.35,Betweenness Centrality,lh_lingual,0.17235772357723578,0.37886178861788616,0.2065040650406504
MSN,aparc,0.35,Betweenness Centrality,lh_medialorbitofrontal,0.00975609756097561,0.0,-0.00975609756097561
MSN,aparc,0.35,Betweenness Centrality,lh_middletemporal,0.0,0.12682926829268293,0.12682926829268293
MSN,aparc,0.35,Betweenness Centrality,lh_parahippocampal,0.0,0.024390243902439025,0.024390243902439025
MSN,aparc,0.35,Betweenness Centrality,lh_paracentral,0.0,0.0,0.0
MSN,aparc,0.35,Betweenness Centrality,lh_parsopercularis,0.1983739837398374,0.13333333333333333,-0.06504065040650406
MSN,aparc,0.35,Betweenness Centrality,lh_parsorbitalis,0.0,0.0,0.0
MSN,aparc,0.35,Betweenness Centrality,lh_parstriangularis,0.0,0.0,0.0
MSN,aparc,0.35,Betweenness Centrality,lh_pericalcarine,0.9089430894308943,1.0,0.0910569105691057
MSN,aparc,0.35,Betweenness Centrality,lh_postcentral,0.0,0.05040650406504065,0.05040650406504065
MSN,aparc,0.35,Betweenness Centrality,lh_posteriorcingulate,0.0,0.11869918699186992,0.11869918699186992
MSN,aparc,0.35,Betweenness Centrality,lh_precentral,0.03902439024390244,0.0,-0.03902439024390244
MSN,aparc,0.35,Betweenness Centrality,lh_precuneus,0.0,0.0,0.0
MSN,aparc,0.35,Betweenness Centrality,lh_rostralanteriorcingulate,0.3804878048780488,0.3951219512195122,0.014634146341463428
MSN,aparc,0.35,Betweenness Centrality,lh_rostralmiddlefrontal,0.0,0.0,0.0
MSN,aparc,0.35,Betweenness Centrality,lh_superiorfrontal,0.3333333333333333,0.45691056910569106,0.12357723577235774
MSN,aparc,0.35,Betweenness Centrality,lh_superiorparietal,0.026016260162601626,0.0,-0.026016260162601626
MSN,aparc,0.35,Betweenness Centrality,lh_superiortemporal,0.0,0.0016260162601626016,0.0016260162601626016
MSN,aparc,0.35,Betweenness Centrality,lh_supramarginal,0.008130081300813009,0.0032520325203252032,-0.004878048780487806
MSN,aparc,0.35,Betweenness Centrality,lh_frontalpole,0.004878048780487805,0.0,-0.004878048780487805
MSN,aparc,0.35,Betweenness Centrality,lh_temporalpole,0.07642276422764227,0.0,-0.07642276422764227
MSN,aparc,0.35,Betweenness Centrality,lh_transversetemporal,0.0,0.06341463414634146,0.06341463414634146
MSN,aparc,0.35,Betweenness Centrality,lh_insula,0.13983739837398373,0.01951219512195122,-0.12032520325203251
MSN,aparc,0.35,Betweenness Centrality,rh_bankssts,0.00975609756097561,0.0,-0.00975609756097561
MSN,aparc,0.35,Betweenness Centrality,rh_caudalanteriorcingulate,0.21300813008130082,0.03902439024390244,-0.17398373983739837
MSN,aparc,0.35,Betweenness Centrality,rh_caudalmiddlefrontal,0.0,0.04390243902439024,0.04390243902439024
MSN,aparc,0.35,Betweenness Centrality,rh_cuneus,0.15772357723577235,0.11219512195121951,-0.045528455284552835
MSN,aparc,0.35,Betweenness Centrality,rh_entorhinal,0.23089430894308943,0.08617886178861789,-0.14471544715447154
MSN,aparc,0.35,Betweenness Centrality,rh_fusiform,0.1073170731707317,0.0,-0.1073170731707317
MSN,aparc,0.35,Betweenness Centrality,rh_inferiorparietal,0.0,0.0,0.0
MSN,aparc,0.35,Betweenness Centrality,rh_inferiortemporal,0.3008130081300813,0.0,-0.3008130081300813
MSN,aparc,0.35,Betweenness Centrality,rh_isthmuscingulate,0.0,0.0,0.0
MSN,aparc,0.35,Betweenness Centrality,rh_lateraloccipital,0.0,0.0,0.0
MSN,aparc,0.35,Betweenness Centrality,rh_lateralorbitofrontal,0.04878048780487805,0.1073170731707317,0.058536585365853655
MSN,aparc,0.35,Betweenness Centrality,rh_lingual,0.004878048780487805,0.004878048780487805,0.0
MSN,aparc,0.35,Betweenness Centrality,rh_medialorbitofrontal,0.06504065040650407,0.0,-0.06504065040650407
MSN,aparc,0.35,Betweenness Centrality,rh_middletemporal,0.16260162601626016,0.0,-0.16260162601626016
MSN,aparc,0.35,Betweenness Centrality,rh_parahippocampal,0.0,0.0,0.0
MSN,aparc,0.35,Betweenness Centrality,rh_paracentral,0.0,0.0,0.0
MSN,aparc,0.35,Betweenness Centrality,rh_parsopercularis,0.0,0.0,0.0
MSN,aparc,0.35,Betweenness Centrality,rh_parsorbitalis,0.0,0.0,0.0
MSN,aparc,0.35,Betweenness Centrality,rh_parstriangularis,0.0,0.0,0.0
MSN,aparc,0.35,Betweenness Centrality,rh_pericalcarine,0.014634146341463415,0.0,-0.014634146341463415
MSN,aparc,0.35,Betweenness Centrality,rh_postcentral,0.0016260162601626016,0.055284552845528454,0.05365853658536585
MSN,aparc,0.35,Betweenness Centrality,rh_posteriorcingulate,0.25040650406504067,0.4943089430894309,0.24390243902439024
MSN,aparc,0.35,Betweenness Centrality,rh_precentral,0.0,0.0,0.0
MSN,aparc,0.35,Betweenness Centrality,rh_precuneus,0.08617886178861789,0.0,-0.08617886178861789
MSN,aparc,0.35,Betweenness Centrality,rh_rostralanteriorcingulate,0.0,0.016260162601626018,0.016260162601626018
MSN,aparc,0.35,Betweenness Centrality,rh_rostralmiddlefrontal,0.011382113821138212,0.04878048780487805,0.03739837398373984
MSN,aparc,0.35,Betweenness Centrality,rh_superiorfrontal,0.08943089430894309,0.02926829268292683,-0.06016260162601626
MSN,aparc,0.35,Betweenness Centrality,rh_superiorparietal,0.026016260162601626,0.0,-0.026016260162601626
MSN,aparc,0.35,Betweenness Centrality,rh_superiortemporal,0.0,0.0,0.0
MSN,aparc,0.35,Betweenness Centrality,rh_supramarginal,0.0,0.0,0.0
MSN,aparc,0.35,Betweenness Centrality,rh_frontalpole,0.0,0.0,0.0
MSN,aparc,0.35,Betweenness Centrality,rh_temporalpole,0.026016260162601626,0.0,-0.026016260162601626
MSN,aparc,0.35,Betweenness Centrality,rh_transversetemporal,0.0,0.0,0.0
MSN,aparc,0.35,Betweenness Centrality,rh_insula,0.0,0.0,0.0
MSN,aparc,0.35,Eigenvector Centrality,lh_bankssts,0.9841669848094476,0.9723654055122478,-0.011801579297199827
MSN,aparc,0.35,Eigenvector Centrality,lh_caudalanteriorcingulate,0.9817892832827105,0.9800867217885749,-0.0017025614941356126
MSN,aparc,0.35,Eigenvector Centrality,lh_caudalmiddlefrontal,0.9238882644746942,0.9130725287253182,-0.010815735749375999
MSN,aparc,0.35,Eigenvector Centrality,lh_cuneus,0.06071604457509615,0.05728196620196738,-0.003434078373128771
MSN,aparc,0.35,Eigenvector Centrality,lh_entorhinal,0.2229549301101173,0.22984577577495663,0.006890845664839329
MSN,aparc,0.35,Eigenvector Centrality,lh_fusiform,0.007622710791133784,0.0823990080193034,0.07477629722816961
MSN,aparc,0.35,Eigenvector Centrality,lh_inferiorparietal,0.058622427330704496,0.053219066806349705,-0.005403360524354792
MSN,aparc,0.35,Eigenvector Centrality,lh_inferiortemporal,0.05894829346861497,0.051831137097945075,-0.007117156370669897
MSN,aparc,0.35,Eigenvector Centrality,lh_isthmuscingulate,0.9431319828162459,0.9318479620268177,-0.01128402078942814
MSN,aparc,0.35,Eigenvector Centrality,lh_lateraloccipital,0.055379242739670896,0.05023212610728325,-0.005147116632387649
MSN,aparc,0.35,Eigenvector Centrality,lh_lateralorbitofrontal,0.08332267743475379,0.3216679051066041,0.2383452276718503
MSN,aparc,0.35,Eigenvector Centrality,lh_lingual,0.059862933257445405,0.057707107623246684,-0.0021558256341987214
MSN,aparc,0.35,Eigenvector Centrality,lh_medialorbitofrontal,0.0,0.0059167582653586286,0.0059167582653586286
MSN,aparc,0.35,Eigenvector Centrality,lh_middletemporal,0.06361296981333703,0.05441052151903364,-0.00920244829430339
MSN,aparc,0.35,Eigenvector Centrality,lh_parahippocampal,0.8905530955229565,0.8887077348432763,-0.001845360679680219
MSN,aparc,0.35,Eigenvector Centrality,lh_paracentral,0.9343980260169206,0.9493120145451346,0.014913988528214017
MSN,aparc,0.35,Eigenvector Centrality,lh_parsopercularis,0.8201630513097572,0.8564221940902296,0.036259142780472375
MSN,aparc,0.35,Eigenvector Centrality,lh_parsorbitalis,0.1209938730768947,0.12180328548909322,0.0008094124121985208
MSN,aparc,0.35,Eigenvector Centrality,lh_parstriangularis,0.9121253497097107,0.9120566230381036,-6.872667160706669e-05
MSN,aparc,0.35,Eigenvector Centrality,lh_pericalcarine,0.2884264506436453,0.28423803096572364,-0.004188419677921662
MSN,aparc,0.35,Eigenvector Centrality,lh_postcentral,0.06119381975347263,0.057932070808328746,-0.0032617489451438816
MSN,aparc,0.35,Eigenvector Centrality,lh_posteriorcingulate,0.9653929722857582,0.9431972988496573,-0.02219567343610085
MSN,aparc,0.35,Eigenvector Centrality,lh_precentral,0.05400621403421477,0.047101410811359316,-0.00690480322285545
MSN,aparc,0.35,Eigenvector Centrality,lh_precuneus,0.05060656568024188,0.05390424193003948,0.0032976762497975987
MSN,aparc,0.35,Eigenvector Centrality,lh_rostralanteriorcingulate,0.8737399439675633,0.9183301721640033,0.044590228196439985
MSN,aparc,0.35,Eigenvector Centrality,lh_rostralmiddlefrontal,0.056016253533776324,0.04995087643830999,-0.006065377095466333
MSN,aparc,0.35,Eigenvector Centrality,lh_superiorfrontal,0.05357130298600904,0.04711596054745518,-0.006455342438553863
MSN,aparc,0.35,Eigenvector Centrality,lh_superiorparietal,0.06053391649111497,0.05527335663461133,-0.005260559856503637
MSN,aparc,0.35,Eigenvector Centrality,lh_superiortemporal,0.05376908080859504,0.04677468216821443,-0.0069943986403806085
MSN,aparc,0.35,Eigenvector Centrality,lh_supramarginal,0.05305135310142419,0.04627955334070674,-0.006771799760717449
MSN,aparc,0.35,Eigenvector Centrality,lh_frontalpole,0.09538282291120914,0.059620288118756866,-0.035762534792452276
MSN,aparc,0.35,Eigenvector Centrality,lh_temporalpole,0.12583740370288307,0.1459735643170367,0.02013616061415363
MSN,aparc,0.35,Eigenvector Centrality,lh_transversetemporal,0.9851960795634667,0.9643084029059569,-0.02088767665750979
MSN,aparc,0.35,Eigenvector Centrality,lh_insula,0.9537830265780406,0.9690749173091497,0.015291890731109148
MSN,aparc,0.35,Eigenvector Centrality,rh_bankssts,1.0,0.9905834876083321,-0.009416512391667853
MSN,aparc,0.35,Eigenvector Centrality,rh_caudalanteriorcingulate,0.9333038764792991,0.9208789920103585,-0.012424884468940633
MSN,aparc,0.35,Eigenvector Centrality,rh_caudalmiddlefrontal,0.785470220369403,0.9070192776522414,0.12154905728283849
MSN,aparc,0.35,Eigenvector Centrality,rh_cuneus,0.062427737993908834,0.0586342547924201,-0.0037934832014887357
MSN,aparc,0.35,Eigenvector Centrality,rh_entorhinal,0.2741818095639581,0.2277678861302686,-0.0464139234336895
MSN,aparc,0.35,Eigenvector Centrality,rh_fusiform,0.3915400620662597,0.03714444086764757,-0.3543956211986121
MSN,aparc,0.35,Eigenvector Centrality,rh_inferiorparietal,0.053832081036439314,0.04834754359333196,-0.005484537443107354
MSN,aparc,0.35,Eigenvector Centrality,rh_inferiortemporal,0.06053168108169951,0.0509323179085571,-0.00959936317314241
MSN,aparc,0.35,Eigenvector Centrality,rh_isthmuscingulate,0.9265163819984518,0.9293513129372782,0.0028349309388264743
MSN,aparc,0.35,Eigenvector Centrality,rh_lateraloccipital,0.05538582848075094,0.04947801545575615,-0.005907813024994789
MSN,aparc,0.35,Eigenvector Centrality,rh_lateralorbitofrontal,0.5076417173755992,0.536412406728074,0.028770689352474843
MSN,aparc,0.35,Eigenvector Centrality,rh_lingual,0.060647831895286684,0.05812189219710126,-0.002525939698185424
MSN,aparc,0.35,Eigenvector Centrality,rh_medialorbitofrontal,0.024753172872548163,0.03159461168926414,0.006841438816715978
MSN,aparc,0.35,Eigenvector Centrality,rh_middletemporal,0.06046392534078849,0.05422436770017425,-0.006239557640614242
MSN,aparc,0.35,Eigenvector Centrality,rh_parahippocampal,0.9459737767994361,0.9599835596059191,0.014009782806483018
MSN,aparc,0.35,Eigenvector Centrality,rh_paracentral,0.9657207761749547,0.971509911046907,0.005789134871952317
MSN,aparc,0.35,Eigenvector Centrality,rh_parsopercularis,0.9507161721981647,0.9028886390048146,-0.04782753319335009
MSN,aparc,0.35,Eigenvector Centrality,rh_parsorbitalis,0.1194225133366279,0.07537220291969611,-0.04405031041693179
MSN,aparc,0.35,Eigenvector Centrality,rh_parstriangularis,0.8949246365292737,0.8519938124972917,-0.04293082403198201
MSN,aparc,0.35,Eigenvector Centrality,rh_pericalcarine,0.14198774198845732,0.17844683001681635,0.03645908802835904
MSN,aparc,0.35,Eigenvector Centrality,rh_postcentral,0.06031223236384665,0.05854975679473743,-0.0017624755691092175
MSN,aparc,0.35,Eigenvector Centrality,rh_posteriorcingulate,0.9277798775956023,0.9443542777206979,0.01657440012509559
MSN,aparc,0.35,Eigenvector Centrality,rh_precentral,0.054926485917715734,0.04933437455379841,-0.005592111363917324
MSN,aparc,0.35,Eigenvector Centrality,rh_precuneus,0.056489953255627064,0.05612762620322805,-0.0003623270523990113
MSN,aparc,0.35,Eigenvector Centrality,rh_rostralanteriorcingulate,0.9688003066118127,0.9634484379099099,-0.005351868701902851
MSN,aparc,0.35,Eigenvector Centrality,rh_rostralmiddlefrontal,0.05938435684368931,0.05426061974576888,-0.005123737097920432
MSN,aparc,0.35,Eigenvector Centrality,rh_superiorfrontal,0.053939774602876134,0.04699756566540792,-0.0069422089374682125
MSN,aparc,0.35,Eigenvector Centrality,rh_superiorparietal,0.06047489003307592,0.050696092591317715,-0.009778797441758205
MSN,aparc,0.35,Eigenvector Centrality,rh_superiortemporal,0.05843909722632556,0.0614737549910271,0.0030346577647015413
MSN,aparc,0.35,Eigenvector Centrality,rh_supramarginal,0.027329656239633997,0.026566493175107713,-0.0007631630645262844
MSN,aparc,0.35,Eigenvector Centrality,rh_frontalpole,0.0770155597420707,0.056716921848056975,-0.02029863789401372
MSN,aparc,0.35,Eigenvector Centrality,rh_temporalpole,0.15646803494810624,0.17736663618882403,0.020898601240717796
MSN,aparc,0.35,Eigenvector Centrality,rh_transversetemporal,0.9847806695320425,0.9645346976253242,-0.020245971906718285
MSN,aparc,0.35,Eigenvector Centrality,rh_insula,0.9897268091208974,0.979178551576029,-0.010548257544868433
MSN,aparc,0.35,Node Degree,lh_bankssts,0.78125,0.78125,0.0
MSN,aparc,0.35,Node Degree,lh_caudalanteriorcingulate,0.78125,0.78125,0.0
MSN,aparc,0.35,Node Degree,lh_caudalmiddlefrontal,0.78125,0.71875,-0.0625
MSN,aparc,0.35,Node Degree,lh_cuneus,0.6875,0.6875,0.0
MSN,aparc,0.35,Node Degree,lh_entorhinal,0.625,0.6875,0.0625
MSN,aparc,0.35,Node Degree,lh_fusiform,0.0,0.1875,0.1875
MSN,aparc,0.35,Node Degree,lh_inferiorparietal,0.78125,0.71875,-0.0625
MSN,aparc,0.35,Node Degree,lh_inferiortemporal,0.65625,0.625,-0.03125
MSN,aparc,0.35,Node Degree,lh_isthmuscingulate,0.78125,0.84375,0.0625
MSN,aparc,0.35,Node Degree,lh_lateraloccipital,0.75,0.6875,-0.0625
MSN,aparc,0.35,Node Degree,lh_lateralorbitofrontal,0.1875,0.75,0.5625
MSN,aparc,0.35,Node Degree,lh_lingual,0.6875,0.6875,0.0
MSN,aparc,0.35,Node Degree,lh_medialorbitofrontal,0.03125,0.0,-0.03125
MSN,aparc,0.35,Node Degree,lh_middletemporal,0.46875,0.46875,0.0
MSN,aparc,0.35,Node Degree,lh_parahippocampal,0.96875,0.9375,-0.03125
MSN,aparc,0.35,Node Degree,lh_paracentral,0.8125,0.84375,0.03125
MSN,aparc,0.35,Node Degree,lh_parsopercularis,1.0,1.0,0.0
MSN,aparc,0.35,Node Degree,lh_parsorbitalis,0.46875,0.53125,0.0625
MSN,aparc,0.35,Node Degree,lh_parstriangularis,0.8125,0.875,0.0625
MSN,aparc,0.35,Node Degree,lh_pericalcarine,0.8125,0.75,-0.0625
MSN,aparc,0.35,Node Degree,lh_postcentral,0.71875,0.71875,0.0
MSN,aparc,0.35,Node Degree,lh_posteriorcingulate,0.8125,0.8125,0.0
MSN,aparc,0.35,Node Degree,lh_precentral,0.78125,0.75,-0.03125
MSN,aparc,0.35,Node Degree,lh_precuneus,0.59375,0.71875,0.125
MSN,aparc,0.35,Node Degree,lh_rostralanteriorcingulate,1.0,0.9375,-0.0625
MSN,aparc,0.35,Node Degree,lh_rostralmiddlefrontal,0.78125,0.75,-0.03125
MSN,aparc,0.35,Node Degree,lh_superiorfrontal,0.84375,0.875,0.03125
MSN,aparc,0.35,Node Degree,lh_superiorparietal,0.71875,0.71875,0.0
MSN,aparc,0.35,Node Degree,lh_superiortemporal,0.65625,0.5625,-0.09375
MSN,aparc,0.35,Node Degree,lh_supramarginal,0.84375,0.8125,-0.03125
MSN,aparc,0.35,Node Degree,lh_frontalpole,0.4375,0.40625,-0.03125
MSN,aparc,0.35,Node Degree,lh_temporalpole,0.46875,0.5625,0.09375
MSN,aparc,0.35,Node Degree,lh_transversetemporal,0.78125,0.84375,0.0625
MSN,aparc,0.35,Node Degree,lh_insula,0.84375,0.8125,-0.03125
MSN,aparc,0.35,Node Degree,rh_bankssts,0.78125,0.78125,0.0
MSN,aparc,0.35,Node Degree,rh_caudalanteriorcingulate,0.8125,0.78125,-0.03125
MSN,aparc,0.35,Node Degree,rh_caudalmiddlefrontal,0.78125,0.78125,0.0
MSN,aparc,0.35,Node Degree,rh_cuneus,0.71875,0.71875,0.0
MSN,aparc,0.35,Node Degree,rh_entorhinal,0.6875,0.6875,0.0
MSN,aparc,0.35,Node Degree,rh_fusiform,0.71875,0.0625,-0.65625
MSN,aparc,0.35,Node Degree,rh_inferiorparietal,0.78125,0.78125,0.0
MSN,aparc,0.35,Node Degree,rh_inferiortemporal,0.78125,0.59375,-0.1875
MSN,aparc,0.35,Node Degree,rh_isthmuscingulate,0.84375,0.8125,-0.03125
MSN,aparc,0.35,Node Degree,rh_lateraloccipital,0.75,0.6875,-0.0625
MSN,aparc,0.35,Node Degree,rh_lateralorbitofrontal,0.75,0.78125,0.03125
MSN,aparc,0.35,Node Degree,rh_lingual,0.6875,0.71875,0.03125
MSN,aparc,0.35,Node Degree,rh_medialorbitofrontal,0.65625,0.6875,0.03125
MSN,aparc,0.35,Node Degree,rh_middletemporal,0.5625,0.53125,-0.03125
MSN,aparc,0.35,Node Degree,rh_parahippocampal,0.8125,0.8125,0.0
MSN,aparc,0.35,Node Degree,rh_paracentral,0.78125,0.8125,0.03125
MSN,aparc,0.35,Node Degree,rh_parsopercularis,0.84375,0.9375,0.09375
MSN,aparc,0.35,Node Degree,rh_parsorbitalis,0.46875,0.4375,-0.03125
MSN,aparc,0.35,Node Degree,rh_parstriangularis,0.78125,0.78125,0.0
MSN,aparc,0.35,Node Degree,rh_pericalcarine,0.6875,0.8125,0.125
MSN,aparc,0.35,Node Degree,rh_postcentral,0.71875,0.71875,0.0
MSN,aparc,0.35,Node Degree,rh_posteriorcingulate,0.8125,0.78125,-0.03125
MSN,aparc,0.35,Node Degree,rh_precentral,0.75,0.71875,-0.03125
MSN,aparc,0.35,Node Degree,rh_precuneus,0.6875,0.71875,0.03125
MSN,aparc,0.35,Node Degree,rh_rostralanteriorcingulate,0.84375,0.875,0.03125
MSN,aparc,0.35,Node Degree,rh_rostralmiddlefrontal,0.75,0.71875,-0.03125
MSN,aparc,0.35,Node Degree,rh_superiorfrontal,0.84375,0.84375,0.0
MSN,aparc,0.35,Node Degree,rh_superiorparietal,0.71875,0.6875,-0.03125
MSN,aparc,0.35,Node Degree,rh_superiortemporal,0.5,0.40625,-0.09375
MSN,aparc,0.35,Node Degree,rh_supramarginal,0.625,0.71875,0.09375
MSN,aparc,0.35,Node Degree,rh_frontalpole,0.46875,0.4375,-0.03125
MSN,aparc,0.35,Node Degree,rh_temporalpole,0.53125,0.625,0.09375
MSN,aparc,0.35,Node Degree,rh_transversetemporal,0.78125,0.8125,0.03125
MSN,aparc,0.35,Node Degree,rh_insula,0.8125,0.78125,-0.03125
MSN,aparc,0.4,Participation Coefficient,lh_bankssts,0.08475063942369701,0.09712779225366626,0.012377152829969248
MSN,aparc,0.4,Participation Coefficient,lh_caudalanteriorcingulate,0.08166614855673208,0.07709090848959985,-0.0045752400671322385
MSN,aparc,0.4,Participation Coefficient,lh_caudalmiddlefrontal,0.07711921748333195,0.03659398321936699,-0.040525234263964954
MSN,aparc,0.4,Participation Coefficient,lh_cuneus,0.0,0.0,0.0
MSN,aparc,0.4,Participation Coefficient,lh_entorhinal,0.6645366609522186,0.6522899453530239,-0.012246715599194768
MSN,aparc,0.4,Participation Coefficient,lh_fusiform,0.8642092895244343,0.07100877983988071,-0.7932005096845536
MSN,aparc,0.4,Participation Coefficient,lh_inferiorparietal,0.14104534139481187,0.0,-0.14104534139481187
MSN,aparc,0.4,Participation Coefficient,lh_inferiortemporal,0.6826591694180003,0.6760754374214932,-0.006583731996507081
MSN,aparc,0.4,Participation Coefficient,lh_isthmuscingulate,0.08286075750728147,0.09776188582099535,0.014901128313713874
MSN,aparc,0.4,Participation Coefficient,lh_lateraloccipital,0.1438129624069577,0.029298772861326806,-0.1145141895456309
MSN,aparc,0.4,Participation Coefficient,lh_lateralorbitofrontal,0.47810451648726093,0.5468880860265499,0.06878356953928899
MSN,aparc,0.4,Participation Coefficient,lh_lingual,0.0,0.0,0.0
MSN,aparc,0.4,Participation Coefficient,lh_medialorbitofrontal,1.0,0.597040955512601,-0.40295904448739905
MSN,aparc,0.4,Participation Coefficient,lh_middletemporal,0.39289915892463895,0.466031373463114,0.07313221453847507
MSN,aparc,0.4,Participation Coefficient,lh_parahippocampal,0.33826149073746076,0.3019530355977827,-0.036308455139678064
MSN,aparc,0.4,Participation Coefficient,lh_paracentral,0.20923459074633913,0.18060747136440714,-0.028627119381931992
MSN,aparc,0.4,Participation Coefficient,lh_parsopercularis,0.5202675971125937,0.3938781739006562,-0.12638942321193752
MSN,aparc,0.4,Participation Coefficient,lh_parsorbitalis,0.42587745959491846,0.4294735257574779,0.0035960661625594192
MSN,aparc,0.4,Participation Coefficient,lh_parstriangularis,0.15313495706007643,0.19987633465088547,0.04674137759080904
MSN,aparc,0.4,Participation Coefficient,lh_pericalcarine,0.7418817806394239,0.7677589014854342,0.02587712084601035
MSN,aparc,0.4,Participation Coefficient,lh_postcentral,0.03335375767955712,0.0,-0.03335375767955712
MSN,aparc,0.4,Participation Coefficient,lh_posteriorcingulate,0.11664975233419862,0.12778545414759732,0.011135701813398693
MSN,aparc,0.4,Participation Coefficient,lh_precentral,0.2516760704777982,0.2029776632341986,-0.04869840724359961
MSN,aparc,0.4,Participation Coefficient,lh_precuneus,0.10676503169515195,0.0,-0.10676503169515195
MSN,aparc,0.4,Participation Coefficient,lh_rostralanteriorcingulate,0.44364397032122127,0.3446780181384277,-0.09896595218279358
MSN,aparc,0.4,Participation Coefficient,lh_rostralmiddlefrontal,0.17320570966670615,0.16748274887812134,-0.005722960788584808
MSN,aparc,0.4,Participation Coefficient,lh_superiorfrontal,0.499774467499733,0.4913404650775575,-0.008434002422175457
MSN,aparc,0.4,Participation Coefficient,lh_superiorparietal,0.08640693607318058,0.0249477376850782,-0.061459198388102376
MSN,aparc,0.4,Participation Coefficient,lh_superiortemporal,0.7223477466087221,0.5684362387848688,-0.15391150782385332
MSN,aparc,0.4,Participation Coefficient,lh_supramarginal,0.4322846532439666,0.343219464499533,-0.08906518874443359
MSN,aparc,0.4,Participation Coefficient,lh_frontalpole,0.28325648316586965,0.23846255123788274,-0.04479393192798692
MSN,aparc,0.4,Participation Coefficient,lh_temporalpole,0.48728252462316946,0.5135870093803943,0.0263044847572248
MSN,aparc,0.4,Participation Coefficient,lh_transversetemporal,0.07694518851476526,0.09435441605716138,0.017409227542396127
MSN,aparc,0.4,Participation Coefficient,lh_insula,0.11163088154039806,0.0912177993786319,-0.020413082161766155
MSN,aparc,0.4,Participation Coefficient,rh_bankssts,0.0813714452315164,0.06845955506982089,-0.012911890161695513
MSN,aparc,0.4,Participation Coefficient,rh_caudalanteriorcingulate,0.15959129268923972,0.13289900943394667,-0.026692283255293048
MSN,aparc,0.4,Participation Coefficient,rh_caudalmiddlefrontal,0.1416936356708229,0.061040930197690114,-0.0806527054731328
MSN,aparc,0.4,Participation Coefficient,rh_cuneus,0.0,0.0,0.0
MSN,aparc,0.4,Participation Coefficient,rh_entorhinal,0.7300858172632522,0.6408455889497034,-0.08924022831354872
MSN,aparc,0.4,Participation Coefficient,rh_fusiform,0.20523041573128364,0.17017956273226256,-0.03505085299902108
MSN,aparc,0.4,Participation Coefficient,rh_inferiorparietal,0.22224168238453446,0.21027336233767224,-0.011968320046862213
MSN,aparc,0.4,Participation Coefficient,rh_inferiortemporal,0.7551228854497642,0.5779310669481953,-0.17719181850156895
MSN,aparc,0.4,Participation Coefficient,rh_isthmuscingulate,0.11343642489509312,0.10712046139198857,-0.006315963503104552
MSN,aparc,0.4,Participation Coefficient,rh_lateraloccipital,0.1533458006966669,0.05582661543874207,-0.09751918525792483
MSN,aparc,0.4,Participation Coefficient,rh_lateralorbitofrontal,0.17584762657905126,0.040750410609409024,-0.13509721596964225
MSN,aparc,0.4,Participation Coefficient,rh_lingual,0.0,0.0,0.0
MSN,aparc,0.4,Participation Coefficient,rh_medialorbitofrontal,0.4213935452459867,0.06470861612524129,-0.35668492912074545
MSN,aparc,0.4,Participation Coefficient,rh_middletemporal,0.6007987853370464,0.48925305657780455,-0.1115457287592419
MSN,aparc,0.4,Participation Coefficient,rh_parahippocampal,0.2067059905124885,0.11753753244882008,-0.08916845806366842
MSN,aparc,0.4,Participation Coefficient,rh_paracentral,0.07670936234937567,0.1079164914755988,0.03120712912622313
MSN,aparc,0.4,Participation Coefficient,rh_parsopercularis,0.2371250367160728,0.29734648153309773,0.06022144481702493
MSN,aparc,0.4,Participation Coefficient,rh_parsorbitalis,0.3950580426885896,0.30039168628654045,-0.09466635640204912
MSN,aparc,0.4,Participation Coefficient,rh_parstriangularis,0.09847500078262746,0.05270774226384592,-0.04576725851878154
MSN,aparc,0.4,Participation Coefficient,rh_pericalcarine,0.6285009864523123,0.6202320888982155,-0.008268897554096877
MSN,aparc,0.4,Participation Coefficient,rh_postcentral,0.05309527418991263,0.0,-0.05309527418991263
MSN,aparc,0.4,Participation Coefficient,rh_posteriorcingulate,0.1602199531562101,0.12988087305641302,-0.030339080099797078
MSN,aparc,0.4,Participation Coefficient,rh_precentral,0.16786017758788113,0.16227148647988243,-0.0055886911079987
MSN,aparc,0.4,Participation Coefficient,rh_precuneus,0.0,0.0,0.0
MSN,aparc,0.4,Participation Coefficient,rh_rostralanteriorcingulate,0.22483652026256304,0.2000224061634548,-0.024814114099108248
MSN,aparc,0.4,Participation Coefficient,rh_rostralmiddlefrontal,0.1151312966949102,0.04826230767450618,-0.06686898902040403
MSN,aparc,0.4,Participation Coefficient,rh_superiorfrontal,0.46681020605253637,0.4442152712594359,-0.022594934793100485
MSN,aparc,0.4,Participation Coefficient,rh_superiorparietal,0.0636382774134783,0.07247927043922966,0.008840993025751365
MSN,aparc,0.4,Participation Coefficient,rh_superiortemporal,0.3822834858035805,0.39202413810469594,0.009740652301115427
MSN,aparc,0.4,Participation Coefficient,rh_supramarginal,0.3986323472325967,0.3992374168001027,0.0006050695675060003
MSN,aparc,0.4,Participation Coefficient,rh_frontalpole,0.2875618621564377,0.269150811100186,-0.01841105105625168
MSN,aparc,0.4,Participation Coefficient,rh_temporalpole,0.5595707063544207,0.5612796540282021,0.0017089476737813802
MSN,aparc,0.4,Participation Coefficient,rh_transversetemporal,0.08295871656554858,0.10710148649081766,0.024142769925269078
MSN,aparc,0.4,Participation Coefficient,rh_insula,0.08042526837890113,0.08442845642563745,0.004003188046736328
MSN,aparc,0.4,Node Versatility,lh_bankssts,0.16876451592564798,0.37824757692418837,0.2094830609985404
MSN,aparc,0.4,Node Versatility,lh_caudalanteriorcingulate,0.16876451592564798,0.10228571510996057,-0.06647880081568741
MSN,aparc,0.4,Node Versatility,lh_caudalmiddlefrontal,0.13319577488044548,0.10430427555088166,-0.02889149932956382
MSN,aparc,0.4,Node Versatility,lh_cuneus,1.0,0.8186807293220085,-0.18131927067799147
MSN,aparc,0.4,Node Versatility,lh_entorhinal,0.21870551483752118,0.20219762772493033,-0.016507887112590852
MSN,aparc,0.4,Node Versatility,lh_fusiform,0.5163472178157889,0.5264320390611861,0.010084821245397224
MSN,aparc,0.4,Node Versatility,lh_inferiorparietal,0.27411385739400057,0.24746643950920783,-0.026647417884792746
MSN,aparc,0.4,Node Versatility,lh_inferiortemporal,0.21870551483752118,0.20219762772493033,-0.016507887112590852
MSN,aparc,0.4,Node Versatility,lh_isthmuscingulate,0.36047338887428243,0.24381593542702146,-0.11665745344726097
MSN,aparc,0.4,Node Versatility,lh_lateraloccipital,0.27411385739400057,0.24746643950920783,-0.026647417884792746
MSN,aparc,0.4,Node Versatility,lh_lateralorbitofrontal,0.10663353400575062,0.2496578412946102,0.14302430728885956
MSN,aparc,0.4,Node Versatility,lh_lingual,1.0,0.8186807293220085,-0.18131927067799147
MSN,aparc,0.4,Node Versatility,lh_medialorbitofrontal,0.3554722235366836,0.6003781316310094,0.24490590809432577
MSN,aparc,0.4,Node Versatility,lh_middletemporal,0.21870551483752118,0.20219762772493033,-0.016507887112590852
MSN,aparc,0.4,Node Versatility,lh_parahippocampal,0.010555215529890362,0.4163285212279985,0.40577330569810816
MSN,aparc,0.4,Node Versatility,lh_paracentral,0.0,0.01944415023783202,0.01944415023783202
MSN,aparc,0.4,Node Versatility,lh_parsopercularis,0.08711455761368227,0.3543544727754409,0.26723991516175866
MSN,aparc,0.4,Node Versatility,lh_parsorbitalis,0.21870551483752118,0.20219762772493033,-0.016507887112590852
MSN,aparc,0.4,Node Versatility,lh_parstriangularis,0.02316876913168366,0.09255527209669207,0.06938650296500841
MSN,aparc,0.4,Node Versatility,lh_pericalcarine,0.5750621683665926,0.49399717823664063,-0.081064990129952
MSN,aparc,0.4,Node Versatility,lh_postcentral,0.27411385739400057,0.24746643950920783,-0.026647417884792746
MSN,aparc,0.4,Node Versatility,lh_posteriorcingulate,0.11532572649632636,0.20907033066656805,0.09374460417024169
MSN,aparc,0.4,Node Versatility,lh_precentral,0.27411385739400057,0.24746643950920783,-0.026647417884792746
MSN,aparc,0.4,Node Versatility,lh_precuneus,1.0,0.8186807293220085,-0.18131927067799147
MSN,aparc,0.4,Node Versatility,lh_rostralanteriorcingulate,0.08711455761368227,0.6305391787621921,0.5434246211485099
MSN,aparc,0.4,Node Versatility,lh_rostralmiddlefrontal,0.27411385739400057,0.24746643950920783,-0.026647417884792746
MSN,aparc,0.4,Node Versatility,lh_superiorfrontal,0.3001784547549429,0.31655597605304425,0.016377521298101327
MSN,aparc,0.4,Node Versatility,lh_superiorparietal,0.27411385739400057,0.24746643950920783,-0.026647417884792746
MSN,aparc,0.4,Node Versatility,lh_superiortemporal,0.21870551483752118,0.20219762772493033,-0.016507887112590852
MSN,aparc,0.4,Node Versatility,lh_supramarginal,0.3001784547549429,0.2630888125122702,-0.03708964224267275
MSN,aparc,0.4,Node Versatility,lh_frontalpole,0.21870551483752118,0.20219762772493033,-0.016507887112590852
MSN,aparc,0.4,Node Versatility,lh_temporalpole,0.21870551483752118,0.20219762772493033,-0.016507887112590852
MSN,aparc,0.4,Node Versatility,lh_transversetemporal,0.0,0.47869378800057705,0.47869378800057705
MSN,aparc,0.4,Node Versatility,lh_insula,0.12819772377020008,0.33345884777038676,0.20526112400018667
MSN,aparc,0.4,Node Versatility,rh_bankssts,0.0,0.09291664760639859,0.09291664760639859
MSN,aparc,0.4,Node Versatility,rh_caudalanteriorcingulate,0.11532572649632636,0.2798742780680262,0.16454855157169987
MSN,aparc,0.4,Node Versatility,rh_caudalmiddlefrontal,0.11532572649632636,0.10430427555088166,-0.011021450945444697
MSN,aparc,0.4,Node Versatility,rh_cuneus,0.7585520761706234,0.8186807293220085,0.06012865315138516
MSN,aparc,0.4,Node Versatility,rh_entorhinal,0.21870551483752118,0.20219762772493033,-0.016507887112590852
MSN,aparc,0.4,Node Versatility,rh_fusiform,0.015484413682803485,0.3987240025951214,0.3832395889123179
MSN,aparc,0.4,Node Versatility,rh_inferiorparietal,0.27411385739400057,0.24746643950920783,-0.026647417884792746
MSN,aparc,0.4,Node Versatility,rh_inferiortemporal,0.21870551483752118,0.20219762772493033,-0.016507887112590852
MSN,aparc,0.4,Node Versatility,rh_isthmuscingulate,0.39308863767159125,0.24381593542702146,-0.1492727022445698
MSN,aparc,0.4,Node Versatility,rh_lateraloccipital,0.27411385739400057,0.24746643950920783,-0.026647417884792746
MSN,aparc,0.4,Node Versatility,rh_lateralorbitofrontal,0.02324724422021928,0.6057510169804189,0.5825037727601996
MSN,aparc,0.4,Node Versatility,rh_lingual,1.0,0.8186807293220085,-0.18131927067799147
MSN,aparc,0.4,Node Versatility,rh_medialorbitofrontal,0.290247036184878,0.24746643950920783,-0.04278059667567019
MSN,aparc,0.4,Node Versatility,rh_middletemporal,0.21870551483752118,0.20219762772493033,-0.016507887112590852
MSN,aparc,0.4,Node Versatility,rh_parahippocampal,0.0,0.02228609951870529,0.02228609951870529
MSN,aparc,0.4,Node Versatility,rh_paracentral,0.0,0.04702590253978898,0.04702590253978898
MSN,aparc,0.4,Node Versatility,rh_parsopercularis,0.0,0.13041088513941212,0.13041088513941212
MSN,aparc,0.4,Node Versatility,rh_parsorbitalis,0.21870551483752118,0.20219762772493033,-0.016507887112590852
MSN,aparc,0.4,Node Versatility,rh_parstriangularis,0.0,0.09823178663228074,0.09823178663228074
MSN,aparc,0.4,Node Versatility,rh_pericalcarine,0.5750621683665926,0.49399717823664063,-0.081064990129952
MSN,aparc,0.4,Node Versatility,rh_postcentral,0.27411385739400057,0.24746643950920783,-0.026647417884792746
MSN,aparc,0.4,Node Versatility,rh_posteriorcingulate,0.11532572649632636,0.20907033066656805,0.09374460417024169
MSN,aparc,0.4,Node Versatility,rh_precentral,0.27411385739400057,0.24746643950920783,-0.026647417884792746
MSN,aparc,0.4,Node Versatility,rh_precuneus,1.0,0.8186807293220085,-0.18131927067799147
MSN,aparc,0.4,Node Versatility,rh_rostralanteriorcingulate,0.0,0.3261894676450188,0.3261894676450188
MSN,aparc,0.4,Node Versatility,rh_rostralmiddlefrontal,0.27411385739400057,0.24746643950920783,-0.026647417884792746
MSN,aparc,0.4,Node Versatility,rh_superiorfrontal,0.3001784547549429,0.31655597605304425,0.016377521298101327
MSN,aparc,0.4,Node Versatility,rh_superiorparietal,0.27411385739400057,0.24746643950920783,-0.026647417884792746
MSN,aparc,0.4,Node Versatility,rh_superiortemporal,0.21870551483752118,0.20219762772493033,-0.016507887112590852
MSN,aparc,0.4,Node Versatility,rh_supramarginal,0.3001784547549429,0.31655597605304425,0.016377521298101327
MSN,aparc,0.4,Node Versatility,rh_frontalpole,0.21870551483752118,0.20219762772493033,-0.016507887112590852
MSN,aparc,0.4,Node Versatility,rh_temporalpole,0.21870551483752118,0.20219762772493033,-0.016507887112590852
MSN,aparc,0.4,Node Versatility,rh_transversetemporal,0.0,0.20907033066656805,0.20907033066656805
MSN,aparc,0.4,Node Versatility,rh_insula,0.1471969569483644,0.3376261478334076,0.1904291908850432
MSN,aparc,0.4,Node Strength,lh_bankssts,0.9392813265216693,0.9625087035866744,0.023227377065005106
MSN,aparc,0.4,Node Strength,lh_caudalanteriorcingulate,0.9371295492721431,0.9656361385886267,0.028506589316483644
MSN,aparc,0.4,Node Strength,lh_caudalmiddlefrontal,0.8673904674177281,0.8849072195726034,0.01751675215487536
MSN,aparc,0.4,Node Strength,lh_cuneus,0.7247780110655814,0.717208401294848,-0.007569609770733399
MSN,aparc,0.4,Node Strength,lh_entorhinal,0.6183751463074271,0.6181833918806783,-0.0001917544267487914
MSN,aparc,0.4,Node Strength,lh_fusiform,0.04285084796213706,0.22318591161388765,0.1803350636517506
MSN,aparc,0.4,Node Strength,lh_inferiorparietal,0.8392230016885271,0.7960725194615568,-0.04315048222697038
MSN,aparc,0.4,Node Strength,lh_inferiortemporal,0.6069626553438303,0.5955312926997819,-0.011431362644048426
MSN,aparc,0.4,Node Strength,lh_isthmuscingulate,0.8958819966584761,0.9249630154843395,0.029081018825863336
MSN,aparc,0.4,Node Strength,lh_lateraloccipital,0.8401686973882433,0.8284203054943319,-0.011748391893911414
MSN,aparc,0.4,Node Strength,lh_lateralorbitofrontal,0.25283766103664573,0.43208642850344836,0.17924876746680263
MSN,aparc,0.4,Node Strength,lh_lingual,0.7069325269278655,0.7333043517146924,0.02637182478682698
MSN,aparc,0.4,Node Strength,lh_medialorbitofrontal,0.020930020993351874,0.0,-0.020930020993351874
MSN,aparc,0.4,Node Strength,lh_middletemporal,0.5553303175067571,0.5553095921935814,-2.0725313175651294e-05
MSN,aparc,0.4,Node Strength,lh_parahippocampal,0.9302020234827271,0.95098547831316,0.02078345483043298
MSN,aparc,0.4,Node Strength,lh_paracentral,0.929237933306274,0.9672228005012529,0.037984867194978844
MSN,aparc,0.4,Node Strength,lh_parsopercularis,0.931164267744165,0.9376651965306897,0.00650092878652464
MSN,aparc,0.4,Node Strength,lh_parsorbitalis,0.5592308782507728,0.5608571588245026,0.0016262805737298214
MSN,aparc,0.4,Node Strength,lh_parstriangularis,0.8786023976662655,0.9257310841701688,0.04712868650390334
MSN,aparc,0.4,Node Strength,lh_pericalcarine,0.5939450864250707,0.6197796238771724,0.025834537452101736
MSN,aparc,0.4,Node Strength,lh_postcentral,0.8398874586357067,0.8513129211883151,0.011425462552608456
MSN,aparc,0.4,Node Strength,lh_posteriorcingulate,0.9237378908475108,0.9453733312773142,0.021635440429803365
MSN,aparc,0.4,Node Strength,lh_precentral,0.8350671195777802,0.8330090649944996,-0.0020580545832806774
MSN,aparc,0.4,Node Strength,lh_precuneus,0.6081535548376225,0.6658264769695769,0.05767292213195441
MSN,aparc,0.4,Node Strength,lh_rostralanteriorcingulate,0.9594750944553646,1.0,0.04052490554463539
MSN,aparc,0.4,Node Strength,lh_rostralmiddlefrontal,0.8461625607157552,0.8521271405223384,0.005964579806583159
MSN,aparc,0.4,Node Strength,lh_superiorfrontal,0.8234970627101693,0.8246715801125452,0.001174517402375841
MSN,aparc,0.4,Node Strength,lh_superiorparietal,0.8565686568952534,0.8489102375607087,-0.007658419334544697
MSN,aparc,0.4,Node Strength,lh_superiortemporal,0.5868740888192967,0.5014709692480421,-0.08540311957125457
MSN,aparc,0.4,Node Strength,lh_supramarginal,0.8112344306722253,0.8060527351630705,-0.005181695509154816
MSN,aparc,0.4,Node Strength,lh_frontalpole,0.5299029346322452,0.5247302918535826,-0.005172642778662695
MSN,aparc,0.4,Node Strength,lh_temporalpole,0.5743793116432755,0.5824677667810454,0.008088455137769901
MSN,aparc,0.4,Node Strength,lh_transversetemporal,0.9397211016382268,0.9577608104558123,0.018039708817585542
MSN,aparc,0.4,Node Strength,lh_insula,0.9195173116362406,0.9611229018546646,0.04160559021842403
MSN,aparc,0.4,Node Strength,rh_bankssts,0.9580532439789701,0.9747298362085686,0.016676592229598497
MSN,aparc,0.4,Node Strength,rh_caudalanteriorcingulate,0.8951380636920839,0.9117063089105676,0.016568245218483657
MSN,aparc,0.4,Node Strength,rh_caudalmiddlefrontal,0.7442039632952315,0.8825183045375853,0.13831434124235376
MSN,aparc,0.4,Node Strength,rh_cuneus,0.7910451832556917,0.7951455689162581,0.0041003856605663636
MSN,aparc,0.4,Node Strength,rh_entorhinal,0.6438136032005264,0.6104132347950065,-0.033400368405519854
MSN,aparc,0.4,Node Strength,rh_fusiform,0.39487899199524595,0.19888438653652085,-0.1959946054587251
MSN,aparc,0.4,Node Strength,rh_inferiorparietal,0.8407842235740012,0.8453778108532072,0.004593587279206002
MSN,aparc,0.4,Node Strength,rh_inferiortemporal,0.6620745916215988,0.5387698111329011,-0.12330478048869764
MSN,aparc,0.4,Node Strength,rh_isthmuscingulate,0.8860315418312957,0.9277202305219053,0.0416886886906096
MSN,aparc,0.4,Node Strength,rh_lateraloccipital,0.84324665871844,0.824763036294318,-0.018483622424121937
MSN,aparc,0.4,Node Strength,rh_lateralorbitofrontal,0.5136792859366651,0.5331865419337304,0.019507255997065265
MSN,aparc,0.4,Node Strength,rh_lingual,0.7377989149295322,0.7656378016556203,0.02783888672608814
MSN,aparc,0.4,Node Strength,rh_medialorbitofrontal,0.4375176670225129,0.5255949661892518,0.08807729916673895
MSN,aparc,0.4,Node Strength,rh_middletemporal,0.5997431961172298,0.5527664929631148,-0.04697670315411506
MSN,aparc,0.4,Node Strength,rh_parahippocampal,0.9448682045408704,0.9669270204194333,0.022058815878562954
MSN,aparc,0.4,Node Strength,rh_paracentral,0.921719370319128,0.9670006372949116,0.04528126697578361
MSN,aparc,0.4,Node Strength,rh_parsopercularis,0.9528758111276467,0.9494309665717613,-0.0034448445558854512
MSN,aparc,0.4,Node Strength,rh_parsorbitalis,0.5519013048383465,0.5310325832331875,-0.02086872160515907
MSN,aparc,0.4,Node Strength,rh_parstriangularis,0.8548217937999213,0.8342424072112518,-0.020579386588669535
MSN,aparc,0.4,Node Strength,rh_pericalcarine,0.6005668451056901,0.6110743658800435,0.010507520774353352
MSN,aparc,0.4,Node Strength,rh_postcentral,0.8324611696467583,0.8466979412968118,0.014236771650053437
MSN,aparc,0.4,Node Strength,rh_posteriorcingulate,0.8976271333201636,0.9437022148307611,0.04607508151059747
MSN,aparc,0.4,Node Strength,rh_precentral,0.8438074281731335,0.8527775808836534,0.00897015271051993
MSN,aparc,0.4,Node Strength,rh_precuneus,0.6533759464908361,0.6996904798075917,0.04631453331675561
MSN,aparc,0.4,Node Strength,rh_rostralanteriorcingulate,0.9707843222837385,0.9917617526192467,0.02097743033550825
MSN,aparc,0.4,Node Strength,rh_rostralmiddlefrontal,0.8449605194666229,0.8423003684853281,-0.0026601509812947954
MSN,aparc,0.4,Node Strength,rh_superiorfrontal,0.8293841439135041,0.8251008451131716,-0.004283298800332513
MSN,aparc,0.4,Node Strength,rh_superiorparietal,0.845652277338691,0.8536657966066937,0.008013519268002756
MSN,aparc,0.4,Node Strength,rh_superiortemporal,0.5052896521401601,0.4972609612773382,-0.008028690862821874
MSN,aparc,0.4,Node Strength,rh_supramarginal,0.4719599460582135,0.5067340142277776,0.03477406816956413
MSN,aparc,0.4,Node Strength,rh_frontalpole,0.5273527256095414,0.5028478236998702,-0.02450490190967114
MSN,aparc,0.4,Node Strength,rh_temporalpole,0.5892399065557351,0.5942832687870906,0.005043362231355486
MSN,aparc,0.4,Node Strength,rh_transversetemporal,0.9398052929964077,0.9565781684979875,0.016772875501579798
MSN,aparc,0.4,Node Strength,rh_insula,0.9478780340021754,0.9722537729259833,0.024375738923807844
MSN,aparc,0.4,Local Efficiency,lh_bankssts,0.9176367826926985,0.8944158498081328,-0.023220932884565726
MSN,aparc,0.4,Local Efficiency,lh_caudalanteriorcingulate,0.9163828838258239,0.8965906621199721,-0.01979222170585182
MSN,aparc,0.4,Local Efficiency,lh_caudalmiddlefrontal,0.9164895328837291,0.8849635694343706,-0.03152596344935854
MSN,aparc,0.4,Local Efficiency,lh_cuneus,0.8642910305808783,0.8679665052235772,0.003675474642698906
MSN,aparc,0.4,Local Efficiency,lh_entorhinal,0.5606060517313156,0.5934577863487197,0.032851734617404094
MSN,aparc,0.4,Local Efficiency,lh_fusiform,0.0861930685351846,0.33611568958401467,0.24992262104883006
MSN,aparc,0.4,Local Efficiency,lh_inferiorparietal,0.7775448324685728,0.9523718942800566,0.17482706181148389
MSN,aparc,0.4,Local Efficiency,lh_inferiortemporal,0.4802696129184824,0.4893810009776251,0.009111388059142689
MSN,aparc,0.4,Local Efficiency,lh_isthmuscingulate,0.88678792481352,0.8727352188224797,-0.014052705991040249
MSN,aparc,0.4,Local Efficiency,lh_lateraloccipital,0.7755764912483261,0.9158244406596301,0.14024794941130403
MSN,aparc,0.4,Local Efficiency,lh_lateralorbitofrontal,0.2739175763939712,0.3780715425060632,0.10415396611209199
MSN,aparc,0.4,Local Efficiency,lh_lingual,0.8455910912964654,0.8846768930023897,0.03908580170592435
MSN,aparc,0.4,Local Efficiency,lh_medialorbitofrontal,0.0,0.002370650851982316,0.002370650851982316
MSN,aparc,0.4,Local Efficiency,lh_middletemporal,0.6093094920270439,0.6330813530098934,0.023771860982849558
MSN,aparc,0.4,Local Efficiency,lh_parahippocampal,0.7142439590846191,0.6933897267893119,-0.02085423229530725
MSN,aparc,0.4,Local Efficiency,lh_paracentral,0.7417142702841685,0.7696063583034897,0.027892088019321193
MSN,aparc,0.4,Local Efficiency,lh_parsopercularis,0.6186597404188809,0.6836886810932514,0.06502894067437048
MSN,aparc,0.4,Local Efficiency,lh_parsorbitalis,0.6293237670764676,0.6383766348803783,0.00905286780391068
MSN,aparc,0.4,Local Efficiency,lh_parstriangularis,0.8283315440609115,0.7842169270981664,-0.0441146169627451
MSN,aparc,0.4,Local Efficiency,lh_pericalcarine,0.4046678227813755,0.3509613811823714,-0.05370644159900406
MSN,aparc,0.4,Local Efficiency,lh_postcentral,0.9194844563692949,1.0,0.08051554363070512
MSN,aparc,0.4,Local Efficiency,lh_posteriorcingulate,0.9054132163521978,0.8847450065085577,-0.02066820984364015
MSN,aparc,0.4,Local Efficiency,lh_precentral,0.7681116187216624,0.7641022813229893,-0.004009337398673152
MSN,aparc,0.4,Local Efficiency,lh_precuneus,0.6008098591159519,0.8233611604972438,0.22255130138129198
MSN,aparc,0.4,Local Efficiency,lh_rostralanteriorcingulate,0.6970044737702364,0.6855652469298309,-0.011439226840405547
MSN,aparc,0.4,Local Efficiency,lh_rostralmiddlefrontal,0.7820646864230301,0.7360202027804136,-0.046044483642616485
MSN,aparc,0.4,Local Efficiency,lh_superiorfrontal,0.671557109398458,0.6342180845814603,-0.03733902481699769
MSN,aparc,0.4,Local Efficiency,lh_superiorparietal,0.830499522060853,0.9325837858613167,0.10208426380046376
MSN,aparc,0.4,Local Efficiency,lh_superiortemporal,0.46480624215586197,0.558986794341102,0.09418055218524002
MSN,aparc,0.4,Local Efficiency,lh_supramarginal,0.7051617489616001,0.6968990254434014,-0.008262723518198678
MSN,aparc,0.4,Local Efficiency,lh_frontalpole,0.75272419670274,0.7329650333473374,-0.01975916335540262
MSN,aparc,0.4,Local Efficiency,lh_temporalpole,0.6089668519621441,0.6246217602749995,0.01565490831285543
MSN,aparc,0.4,Local Efficiency,lh_transversetemporal,0.918255047229383,0.894675868983788,-0.023579178245594967
MSN,aparc,0.4,Local Efficiency,lh_insula,0.9061210570829358,0.8958917423806316,-0.010229314702304149
MSN,aparc,0.4,Local Efficiency,rh_bankssts,0.8805941649284701,0.9021305165230428,0.021536351594572678
MSN,aparc,0.4,Local Efficiency,rh_caudalanteriorcingulate,0.8759098172218588,0.8564343290956276,-0.019475488126231233
MSN,aparc,0.4,Local Efficiency,rh_caudalmiddlefrontal,0.7665986316737599,0.8337948814088477,0.06719624973508787
MSN,aparc,0.4,Local Efficiency,rh_cuneus,0.9322996020741025,0.9487540334384614,0.01645443136435898
MSN,aparc,0.4,Local Efficiency,rh_entorhinal,0.5254038353540704,0.6253675403232248,0.09996370496915441
MSN,aparc,0.4,Local Efficiency,rh_fusiform,0.44928568463691915,0.3068796261559826,-0.14240605848093657
MSN,aparc,0.4,Local Efficiency,rh_inferiorparietal,0.7340603837255917,0.7730773808347675,0.03901699710917583
MSN,aparc,0.4,Local Efficiency,rh_inferiortemporal,0.5004300120386547,0.5212360728647375,0.02080606082608283
MSN,aparc,0.4,Local Efficiency,rh_isthmuscingulate,0.8805206256455044,0.819133774551336,-0.061386851094168415
MSN,aparc,0.4,Local Efficiency,rh_lateraloccipital,0.7786658485747655,0.8551565873450973,0.07649073877033175
MSN,aparc,0.4,Local Efficiency,rh_lateralorbitofrontal,0.5183860448453028,0.5990868842953493,0.08070083945004647
MSN,aparc,0.4,Local Efficiency,rh_lingual,0.8790832034716426,0.9192839658274663,0.040200762355823705
MSN,aparc,0.4,Local Efficiency,rh_medialorbitofrontal,0.41544793702929184,0.5948461092770887,0.17939817224779686
MSN,aparc,0.4,Local Efficiency,rh_middletemporal,0.5044348751392785,0.6344962435568967,0.13006136841761817
MSN,aparc,0.4,Local Efficiency,rh_parahippocampal,0.7517455197950899,0.8077717392394508,0.056026219444360925
MSN,aparc,0.4,Local Efficiency,rh_paracentral,0.9076122245114597,0.8060004395673975,-0.1016117849440622
MSN,aparc,0.4,Local Efficiency,rh_parsopercularis,0.7569172763467614,0.7237007071245731,-0.0332165692221883
MSN,aparc,0.4,Local Efficiency,rh_parsorbitalis,0.6742531419945802,0.6902978101143968,0.01604466811981664
MSN,aparc,0.4,Local Efficiency,rh_parstriangularis,0.811809284889913,0.8062142045864874,-0.0055950803034255925
MSN,aparc,0.4,Local Efficiency,rh_pericalcarine,0.40013758590818915,0.38622438300176687,-0.013913202906422284
MSN,aparc,0.4,Local Efficiency,rh_postcentral,0.8599985289020424,0.9964301116738825,0.1364315827718401
MSN,aparc,0.4,Local Efficiency,rh_posteriorcingulate,0.8314825145175117,0.8822405130061258,0.050757998488614176
MSN,aparc,0.4,Local Efficiency,rh_precentral,0.7806879937860972,0.7369418148437707,-0.043746178942326464
MSN,aparc,0.4,Local Efficiency,rh_precuneus,0.7955123619316863,0.8546106564702627,0.0590982945385764
MSN,aparc,0.4,Local Efficiency,rh_rostralanteriorcingulate,0.7679934023014565,0.7862520051816163,0.01825860288015979
MSN,aparc,0.4,Local Efficiency,rh_rostralmiddlefrontal,0.8247931191016041,0.8689501190022016,0.044156999900597516
MSN,aparc,0.4,Local Efficiency,rh_superiorfrontal,0.6770549299996469,0.6714340075215207,-0.005620922478126178
MSN,aparc,0.4,Local Efficiency,rh_superiorparietal,0.871920084772528,0.82396760219064,-0.047952482581888
MSN,aparc,0.4,Local Efficiency,rh_superiortemporal,0.6155376426331153,0.5146971581328192,-0.10084048450029603
MSN,aparc,0.4,Local Efficiency,rh_supramarginal,0.49275217893726253,0.49044821700709107,-0.002303961930171461
MSN,aparc,0.4,Local Efficiency,rh_frontalpole,0.7545815151464523,0.7118450451704252,-0.04273646997602709
MSN,aparc,0.4,Local Efficiency,rh_temporalpole,0.5530289930230232,0.6016085809197153,0.048579587896692034
MSN,aparc,0.4,Local Efficiency,rh_transversetemporal,0.9182336537356816,0.8921772432683366,-0.02605641046734497
MSN,aparc,0.4,Local Efficiency,rh_insula,0.9251730388461906,0.9034026011850557,-0.021770437661134956
MSN,aparc,0.4,Clustering Coefficient,lh_bankssts,0.9041428097837216,0.8827152890861464,-0.021427520697575253
MSN,aparc,0.4,Clustering Coefficient,lh_caudalanteriorcingulate,0.9030794156098789,0.8863224049150857,-0.016757010694793184
MSN,aparc,0.4,Clustering Coefficient,lh_caudalmiddlefrontal,0.9075383965477075,0.8864533314925285,-0.021085065055179042
MSN,aparc,0.4,Clustering Coefficient,lh_cuneus,0.8610604278853182,0.866048394807586,0.0049879669222677725
MSN,aparc,0.4,Clustering Coefficient,lh_entorhinal,0.44770370599748716,0.47909719959504443,0.031393493597557276
MSN,aparc,0.4,Clustering Coefficient,lh_fusiform,0.05009820486241441,0.3286139193077365,0.2785157144453221
MSN,aparc,0.4,Clustering Coefficient,lh_inferiorparietal,0.7446320974217776,0.9525861980239948,0.2079541006022172
MSN,aparc,0.4,Clustering Coefficient,lh_inferiortemporal,0.3594810415666723,0.374220447276151,0.014739405709478681
MSN,aparc,0.4,Clustering Coefficient,lh_isthmuscingulate,0.8737244778459641,0.860714380030003,-0.013010097815961075
MSN,aparc,0.4,Clustering Coefficient,lh_lateraloccipital,0.7432902747882514,0.9064755317190699,0.16318525693081853
MSN,aparc,0.4,Clustering Coefficient,lh_lateralorbitofrontal,0.22953615873527167,0.31160744058853895,0.08207128185326729
MSN,aparc,0.4,Clustering Coefficient,lh_lingual,0.8424734324465564,0.8829085440662776,0.04043511161972124
MSN,aparc,0.4,Clustering Coefficient,lh_medialorbitofrontal,0.0,0.0024087509720061686,0.0024087509720061686
MSN,aparc,0.4,Clustering Coefficient,lh_middletemporal,0.5113436593530688,0.5405650408862395,0.029221381533170665
MSN,aparc,0.4,Clustering Coefficient,lh_parahippocampal,0.6310627840370865,0.6131524482323062,-0.017910335804780297
MSN,aparc,0.4,Clustering Coefficient,lh_paracentral,0.6784851346041996,0.7121612779417561,0.03367614333755653
MSN,aparc,0.4,Clustering Coefficient,lh_parsopercularis,0.5086973107029006,0.591033770637496,0.08233645993459537
MSN,aparc,0.4,Clustering Coefficient,lh_parsorbitalis,0.5469579134656012,0.5489845515916908,0.0020266381260896082
MSN,aparc,0.4,Clustering Coefficient,lh_parstriangularis,0.7857585160570896,0.7260294552328452,-0.05972906082424434
MSN,aparc,0.4,Clustering Coefficient,lh_pericalcarine,0.273597053713596,0.2276255797922088,-0.0459714739213872
MSN,aparc,0.4,Clustering Coefficient,lh_postcentral,0.910473169559954,1.0,0.08952683044004595
MSN,aparc,0.4,Clustering Coefficient,lh_posteriorcingulate,0.8897577050137316,0.8708647543969594,-0.01889295061677221
MSN,aparc,0.4,Clustering Coefficient,lh_precentral,0.7253456498005088,0.7081103322788733,-0.01723531752163543
MSN,aparc,0.4,Clustering Coefficient,lh_precuneus,0.5537657502616444,0.8211194794555616,0.2673537291939172
MSN,aparc,0.4,Clustering Coefficient,lh_rostralanteriorcingulate,0.5973705654796007,0.5951390107881029,-0.002231554691497717
MSN,aparc,0.4,Clustering Coefficient,lh_rostralmiddlefrontal,0.7479033389073014,0.6811183417651826,-0.06678499714211883
MSN,aparc,0.4,Clustering Coefficient,lh_superiorfrontal,0.5913129832670703,0.5335605382342256,-0.05775244503284471
MSN,aparc,0.4,Clustering Coefficient,lh_superiorparietal,0.8069350912767542,0.9231130210173281,0.11617792974057384
MSN,aparc,0.4,Clustering Coefficient,lh_superiortemporal,0.3521933878733539,0.4644298415339092,0.11223645366055529
MSN,aparc,0.4,Clustering Coefficient,lh_supramarginal,0.6362957539150352,0.6187238158750539,-0.01757193803998136
MSN,aparc,0.4,Clustering Coefficient,lh_frontalpole,0.6886255593324367,0.672682262482247,-0.015943296850189692
MSN,aparc,0.4,Clustering Coefficient,lh_temporalpole,0.5171301857330375,0.5257372542046115,0.008607068471573998
MSN,aparc,0.4,Clustering Coefficient,lh_transversetemporal,0.9053376483558521,0.8826549838534247,-0.022682664502427397
MSN,aparc,0.4,Clustering Coefficient,lh_insula,0.8898208482073287,0.8842242634564879,-0.005596584750840794
MSN,aparc,0.4,Clustering Coefficient,rh_bankssts,0.8586478720561422,0.8925614129229817,0.03391354086683951
MSN,aparc,0.4,Clustering Coefficient,rh_caudalanteriorcingulate,0.8468427438174524,0.8432565173600999,-0.003586226457352515
MSN,aparc,0.4,Clustering Coefficient,rh_caudalmiddlefrontal,0.7404388754264634,0.8257574380198598,0.08531856259339643
MSN,aparc,0.4,Clustering Coefficient,rh_cuneus,0.9297387529101435,0.9476105897622293,0.01787183685208582
MSN,aparc,0.4,Clustering Coefficient,rh_entorhinal,0.4075466182891751,0.5131542025291429,0.1056075842399678
MSN,aparc,0.4,Clustering Coefficient,rh_fusiform,0.44507638396089594,0.3013914270151854,-0.14368495694571054
MSN,aparc,0.4,Clustering Coefficient,rh_inferiorparietal,0.6888560902156852,0.7157807639475605,0.026924673731875348
MSN,aparc,0.4,Clustering Coefficient,rh_inferiortemporal,0.37911902830328553,0.4176202962804575,0.03850126797717196
MSN,aparc,0.4,Clustering Coefficient,rh_isthmuscingulate,0.864715754045652,0.7924412912985144,-0.07227446274713767
MSN,aparc,0.4,Clustering Coefficient,rh_lateraloccipital,0.7457292736280717,0.8348129421608323,0.08908366853276062
MSN,aparc,0.4,Clustering Coefficient,rh_lateralorbitofrontal,0.4835587390211596,0.5827617882792016,0.09920304925804196
MSN,aparc,0.4,Clustering Coefficient,rh_lingual,0.8760239528028665,0.9179087026047662,0.04188474980189971
MSN,aparc,0.4,Clustering Coefficient,rh_medialorbitofrontal,0.37007574994090003,0.5877830042097,0.21770725426879994
MSN,aparc,0.4,Clustering Coefficient,rh_middletemporal,0.38749072130469603,0.540552146994779,0.15306142569008302
MSN,aparc,0.4,Clustering Coefficient,rh_parahippocampal,0.6883424877003346,0.7641031817259833,0.07576069402564878
MSN,aparc,0.4,Clustering Coefficient,rh_paracentral,0.8892490299205557,0.7690666715538099,-0.12018235836674573
MSN,aparc,0.4,Clustering Coefficient,rh_parsopercularis,0.6896388126022349,0.6429277110506629,-0.04671110155157199
MSN,aparc,0.4,Clustering Coefficient,rh_parsorbitalis,0.5959600714983927,0.6210850327254847,0.025124961227091958
MSN,aparc,0.4,Clustering Coefficient,rh_parstriangularis,0.7840714131688941,0.7954236235994039,0.011352210430509824
MSN,aparc,0.4,Clustering Coefficient,rh_pericalcarine,0.2742550762327974,0.2626437696845418,-0.011611306548255595
MSN,aparc,0.4,Clustering Coefficient,rh_postcentral,0.8446150374054742,0.9960870177366741,0.1514719803311999
MSN,aparc,0.4,Clustering Coefficient,rh_posteriorcingulate,0.80014015740951,0.8685110997857812,0.06837094237627117
MSN,aparc,0.4,Clustering Coefficient,rh_precentral,0.7468710969693857,0.6820694267544885,-0.06480167021489724
MSN,aparc,0.4,Clustering Coefficient,rh_precuneus,0.7922582321177501,0.8524729995166557,0.06021476739890552
MSN,aparc,0.4,Clustering Coefficient,rh_rostralanteriorcingulate,0.7011396561216138,0.7254690721045486,0.02432941598293481
MSN,aparc,0.4,Clustering Coefficient,rh_rostralmiddlefrontal,0.7998058331007258,0.8487463063965385,0.048940473295812637
MSN,aparc,0.4,Clustering Coefficient,rh_superiorfrontal,0.5983952404339956,0.5771067251416163,-0.021288515292379295
MSN,aparc,0.4,Clustering Coefficient,rh_superiorparietal,0.8557466858618789,0.7926903799905887,-0.06305630587129019
MSN,aparc,0.4,Clustering Coefficient,rh_superiortemporal,0.5259999691864199,0.4278409998117499,-0.09815896937467
MSN,aparc,0.4,Clustering Coefficient,rh_supramarginal,0.45038896528308026,0.42840102966309956,-0.021987935619980692
MSN,aparc,0.4,Clustering Coefficient,rh_frontalpole,0.6870456424843306,0.6496970138663699,-0.03734862861796073
MSN,aparc,0.4,Clustering Coefficient,rh_temporalpole,0.452393559114791,0.4967248273423509,0.044331268227559895
MSN,aparc,0.4,Clustering Coefficient,rh_transversetemporal,0.9047901567814121,0.8795639086488424,-0.025226248132569684
MSN,aparc,0.4,Clustering Coefficient,rh_insula,0.9112842557072552,0.8921415379021028,-0.01914271780515242
MSN,aparc,0.4,Betweenness Centrality,lh_bankssts,0.0,0.0,0.0
MSN,aparc,0.4,Betweenness Centrality,lh_caudalanteriorcingulate,0.0,0.0,0.0
MSN,aparc,0.4,Betweenness Centrality,lh_caudalmiddlefrontal,0.0,0.0,0.0
MSN,aparc,0.4,Betweenness Centrality,lh_cuneus,0.2959866220735786,0.18729096989966554,-0.10869565217391308
MSN,aparc,0.4,Betweenness Centrality,lh_entorhinal,0.14381270903010032,0.44481605351170567,0.3010033444816054
MSN,aparc,0.4,Betweenness Centrality,lh_fusiform,0.0033444816053511705,0.0,-0.0033444816053511705
MSN,aparc,0.4,Betweenness Centrality,lh_inferiorparietal,0.0033444816053511705,0.010033444816053512,0.006688963210702342
MSN,aparc,0.4,Betweenness Centrality,lh_inferiortemporal,0.011705685618729096,0.3177257525083612,0.3060200668896321
MSN,aparc,0.4,Betweenness Centrality,lh_isthmuscingulate,0.0,0.0,0.0
MSN,aparc,0.4,Betweenness Centrality,lh_lateraloccipital,0.0,0.0,0.0
MSN,aparc,0.4,Betweenness Centrality,lh_lateralorbitofrontal,0.046822742474916385,0.0,-0.046822742474916385
MSN,aparc,0.4,Betweenness Centrality,lh_lingual,0.1705685618729097,0.3762541806020067,0.20568561872909702
MSN,aparc,0.4,Betweenness Centrality,lh_medialorbitofrontal,0.010033444816053512,0.0,-0.010033444816053512
MSN,aparc,0.4,Betweenness Centrality,lh_middletemporal,0.016722408026755852,0.12876254180602006,0.11204013377926421
MSN,aparc,0.4,Betweenness Centrality,lh_parahippocampal,0.0,0.020066889632107024,0.020066889632107024
MSN,aparc,0.4,Betweenness Centrality,lh_paracentral,0.0,0.0,0.0
MSN,aparc,0.4,Betweenness Centrality,lh_parsopercularis,0.19732441471571907,0.13712374581939799,-0.060200668896321086
MSN,aparc,0.4,Betweenness Centrality,lh_parsorbitalis,0.0,0.0,0.0
MSN,aparc,0.4,Betweenness Centrality,lh_parstriangularis,0.0,0.0,0.0
MSN,aparc,0.4,Betweenness Centrality,lh_pericalcarine,0.9080267558528428,1.0,0.09197324414715724
MSN,aparc,0.4,Betweenness Centrality,lh_postcentral,0.0,0.051839464882943144,0.051839464882943144
MSN,aparc,0.4,Betweenness Centrality,lh_posteriorcingulate,0.0,0.09364548494983277,0.09364548494983277
MSN,aparc,0.4,Betweenness Centrality,lh_precentral,0.04013377926421405,0.0,-0.04013377926421405
MSN,aparc,0.4,Betweenness Centrality,lh_precuneus,0.0,0.0,0.0
MSN,aparc,0.4,Betweenness Centrality,lh_rostralanteriorcingulate,0.3695652173913043,0.40468227424749165,0.03511705685618732
MSN,aparc,0.4,Betweenness Centrality,lh_rostralmiddlefrontal,0.0,0.0,0.0
MSN,aparc,0.4,Betweenness Centrality,lh_superiorfrontal,0.342809364548495,0.4698996655518395,0.1270903010033445
MSN,aparc,0.4,Betweenness Centrality,lh_superiorparietal,0.026755852842809364,0.0,-0.026755852842809364
MSN,aparc,0.4,Betweenness Centrality,lh_superiortemporal,0.0,0.0016722408026755853,0.0016722408026755853
MSN,aparc,0.4,Betweenness Centrality,lh_supramarginal,0.008361204013377926,0.0033444816053511705,-0.005016722408026756
MSN,aparc,0.4,Betweenness Centrality,lh_frontalpole,0.005016722408026756,0.0,-0.005016722408026756
MSN,aparc,0.4,Betweenness Centrality,lh_temporalpole,0.07692307692307693,0.0,-0.07692307692307693
MSN,aparc,0.4,Betweenness Centrality,lh_transversetemporal,0.0,0.048494983277591976,0.048494983277591976
MSN,aparc,0.4,Betweenness Centrality,lh_insula,0.11705685618729098,0.020066889632107024,-0.09698996655518395
MSN,aparc,0.4,Betweenness Centrality,rh_bankssts,0.006688963210702341,0.0,-0.006688963210702341
MSN,aparc,0.4,Betweenness Centrality,rh_caudalanteriorcingulate,0.21906354515050167,0.04013377926421405,-0.17892976588628762
MSN,aparc,0.4,Betweenness Centrality,rh_caudalmiddlefrontal,0.0,0.043478260869565216,0.043478260869565216
MSN,aparc,0.4,Betweenness Centrality,rh_cuneus,0.1588628762541806,0.11204013377926421,-0.0468227424749164
MSN,aparc,0.4,Betweenness Centrality,rh_entorhinal,0.23076923076923078,0.08862876254180602,-0.14214046822742477
MSN,aparc,0.4,Betweenness Centrality,rh_fusiform,0.05852842809364549,0.0,-0.05852842809364549
MSN,aparc,0.4,Betweenness Centrality,rh_inferiorparietal,0.0,0.0,0.0
MSN,aparc,0.4,Betweenness Centrality,rh_inferiortemporal,0.3093645484949833,0.0,-0.3093645484949833
MSN,aparc,0.4,Betweenness Centrality,rh_isthmuscingulate,0.0,0.0,0.0
MSN,aparc,0.4,Betweenness Centrality,rh_lateraloccipital,0.0,0.0,0.0
MSN,aparc,0.4,Betweenness Centrality,rh_lateralorbitofrontal,0.05016722408026756,0.08193979933110368,0.03177257525083612
MSN,aparc,0.4,Betweenness Centrality,rh_lingual,0.005016722408026756,0.005016722408026756,0.0
MSN,aparc,0.4,Betweenness Centrality,rh_medialorbitofrontal,0.08862876254180602,0.028428093645484948,-0.06020066889632107
MSN,aparc,0.4,Betweenness Centrality,rh_middletemporal,0.1705685618729097,0.0,-0.1705685618729097
MSN,aparc,0.4,Betweenness Centrality,rh_parahippocampal,0.0,0.0,0.0
MSN,aparc,0.4,Betweenness Centrality,rh_paracentral,0.0,0.0,0.0
MSN,aparc,0.4,Betweenness Centrality,rh_parsopercularis,0.0,0.0,0.0
MSN,aparc,0.4,Betweenness Centrality,rh_parsorbitalis,0.0,0.0,0.0
MSN,aparc,0.4,Betweenness Centrality,rh_parstriangularis,0.0,0.0,0.0
MSN,aparc,0.4,Betweenness Centrality,rh_pericalcarine,0.015050167224080268,0.0,-0.015050167224080268
MSN,aparc,0.4,Betweenness Centrality,rh_postcentral,0.0016722408026755853,0.05518394648829431,0.05351170568561873
MSN,aparc,0.4,Betweenness Centrality,rh_posteriorcingulate,0.25752508361204013,0.5083612040133779,0.2508361204013378
MSN,aparc,0.4,Betweenness Centrality,rh_precentral,0.0,0.0,0.0
MSN,aparc,0.4,Betweenness Centrality,rh_precuneus,0.08528428093645485,0.0,-0.08528428093645485
MSN,aparc,0.4,Betweenness Centrality,rh_rostralanteriorcingulate,0.0,0.016722408026755852,0.016722408026755852
MSN,aparc,0.4,Betweenness Centrality,rh_rostralmiddlefrontal,0.011705685618729096,0.05016722408026756,0.038461538461538464
MSN,aparc,0.4,Betweenness Centrality,rh_superiorfrontal,0.09197324414715718,0.030100334448160536,-0.06187290969899665
MSN,aparc,0.4,Betweenness Centrality,rh_superiorparietal,0.026755852842809364,0.0,-0.026755852842809364
MSN,aparc,0.4,Betweenness Centrality,rh_superiortemporal,0.0,0.0,0.0
MSN,aparc,0.4,Betweenness Centrality,rh_supramarginal,0.0,0.0,0.0
MSN,aparc,0.4,Betweenness Centrality,rh_frontalpole,0.0,0.0,0.0
MSN,aparc,0.4,Betweenness Centrality,rh_temporalpole,0.02508361204013378,0.0,-0.02508361204013378
MSN,aparc,0.4,Betweenness Centrality,rh_transversetemporal,0.0,0.0,0.0
MSN,aparc,0.4,Betweenness Centrality,rh_insula,0.0,0.0,0.0
MSN,aparc,0.4,Eigenvector Centrality,lh_bankssts,0.9824551968848655,0.977091292433421,-0.005363904451444523
MSN,aparc,0.4,Eigenvector Centrality,lh_caudalanteriorcingulate,0.9801538284583325,0.9828074167071729,0.0026535882488403217
MSN,aparc,0.4,Eigenvector Centrality,lh_caudalmiddlefrontal,0.9195210691920831,0.918240685398539,-0.0012803837935441154
MSN,aparc,0.4,Eigenvector Centrality,lh_cuneus,0.0902700482491335,0.06992005124338276,-0.020349997005750742
MSN,aparc,0.4,Eigenvector Centrality,lh_entorhinal,0.27077437101146906,0.24327151195941243,-0.027502859052056627
MSN,aparc,0.4,Eigenvector Centrality,lh_fusiform,0.005310120196698664,0.23783666246241844,0.23252654226571978
MSN,aparc,0.4,Eigenvector Centrality,lh_inferiorparietal,0.0923638829447778,0.06629984322567399,-0.026064039719103815
MSN,aparc,0.4,Eigenvector Centrality,lh_inferiortemporal,0.08600809730638893,0.06431849286089798,-0.02168960444549095
MSN,aparc,0.4,Eigenvector Centrality,lh_isthmuscingulate,0.9413718259953004,0.9332926853777828,-0.008079140617517688
MSN,aparc,0.4,Eigenvector Centrality,lh_lateraloccipital,0.09234692603889343,0.06769079886492262,-0.02465612717397081
MSN,aparc,0.4,Eigenvector Centrality,lh_lateralorbitofrontal,0.2297760493607983,0.3718555918327503,0.142079542471952
MSN,aparc,0.4,Eigenvector Centrality,lh_lingual,0.08860973609326353,0.07065084663271542,-0.017958889460548105
MSN,aparc,0.4,Eigenvector Centrality,lh_medialorbitofrontal,0.0,0.005591669772005522,0.005591669772005522
MSN,aparc,0.4,Eigenvector Centrality,lh_middletemporal,0.09365726452011519,0.06587648283263187,-0.027780781687483325
MSN,aparc,0.4,Eigenvector Centrality,lh_parahippocampal,0.8944477229108843,0.892691198653286,-0.001756524257598202
MSN,aparc,0.4,Eigenvector Centrality,lh_paracentral,0.93922983125949,0.9530603853365167,0.013830554077026713
MSN,aparc,0.4,Eigenvector Centrality,lh_parsopercularis,0.8294190197658338,0.858802173555934,0.029383153790100258
MSN,aparc,0.4,Eigenvector Centrality,lh_parsorbitalis,0.17702867511008455,0.15442884656241546,-0.022599828547669093
MSN,aparc,0.4,Eigenvector Centrality,lh_parstriangularis,0.9108472689177719,0.9139402169700855,0.0030929480523136377
MSN,aparc,0.4,Eigenvector Centrality,lh_pericalcarine,0.3040218002608574,0.32237536362130814,0.018353563360450742
MSN,aparc,0.4,Eigenvector Centrality,lh_postcentral,0.09503711162521664,0.07240817042099523,-0.022628941204221403
MSN,aparc,0.4,Eigenvector Centrality,lh_posteriorcingulate,0.9623366790848464,0.9487843876712657,-0.01355229141358072
MSN,aparc,0.4,Eigenvector Centrality,lh_precentral,0.0879096282352122,0.06317276704129124,-0.02473686119392096
MSN,aparc,0.4,Eigenvector Centrality,lh_precuneus,0.09715838580854132,0.06495633502003052,-0.032202050788510794
MSN,aparc,0.4,Eigenvector Centrality,lh_rostralanteriorcingulate,0.881051616320913,0.9232729980143082,0.04222138169339518
MSN,aparc,0.4,Eigenvector Centrality,lh_rostralmiddlefrontal,0.09230472538534133,0.06674059210653815,-0.025564133278803178
MSN,aparc,0.4,Eigenvector Centrality,lh_superiorfrontal,0.0854474145740401,0.06136440914797902,-0.024083005426061087
MSN,aparc,0.4,Eigenvector Centrality,lh_superiorparietal,0.095886463249106,0.06986728344499274,-0.026019179804113265
MSN,aparc,0.4,Eigenvector Centrality,lh_superiortemporal,0.08050435655635267,0.055811236486883034,-0.024693120069469637
MSN,aparc,0.4,Eigenvector Centrality,lh_supramarginal,0.0838803200020803,0.059410081961078796,-0.024470238041001506
MSN,aparc,0.4,Eigenvector Centrality,lh_frontalpole,0.12627212850906894,0.08488551492517309,-0.04138661358389585
MSN,aparc,0.4,Eigenvector Centrality,lh_temporalpole,0.19754844277127237,0.18220622377910675,-0.015342218992165618
MSN,aparc,0.4,Eigenvector Centrality,lh_transversetemporal,0.9834791236238773,0.9660666730092863,-0.01741245061459107
MSN,aparc,0.4,Eigenvector Centrality,lh_insula,0.9512829071417808,0.9704396091489941,0.01915670200721331
MSN,aparc,0.4,Eigenvector Centrality,rh_bankssts,1.0,0.9930169939513865,-0.00698300604861346
MSN,aparc,0.4,Eigenvector Centrality,rh_caudalanteriorcingulate,0.9294765688457108,0.9237061641102172,-0.005770404735493617
MSN,aparc,0.4,Eigenvector Centrality,rh_caudalmiddlefrontal,0.7847426087198863,0.9095521558382833,0.12480954711839698
MSN,aparc,0.4,Eigenvector Centrality,rh_cuneus,0.09403168328699023,0.07230635645901969,-0.021725326827970542
MSN,aparc,0.4,Eigenvector Centrality,rh_entorhinal,0.313794307156495,0.23601833761718033,-0.07777596953931465
MSN,aparc,0.4,Eigenvector Centrality,rh_fusiform,0.40445256900958293,0.2076990858307141,-0.19675348317886884
MSN,aparc,0.4,Eigenvector Centrality,rh_inferiorparietal,0.09032079015003971,0.0641005020411792,-0.026220288108860512
MSN,aparc,0.4,Eigenvector Centrality,rh_inferiortemporal,0.08966449325083105,0.061025084336412676,-0.028639408914418372
MSN,aparc,0.4,Eigenvector Centrality,rh_isthmuscingulate,0.923352800692799,0.9311708829749391,0.007818082282140093
MSN,aparc,0.4,Eigenvector Centrality,rh_lateraloccipital,0.09233604618510513,0.06675777933940413,-0.025578266845700998
MSN,aparc,0.4,Eigenvector Centrality,rh_lateralorbitofrontal,0.518735339075786,0.5368792417894668,0.018143902713680826
MSN,aparc,0.4,Eigenvector Centrality,rh_lingual,0.09061660131939062,0.07127789043441554,-0.019338710884975074
MSN,aparc,0.4,Eigenvector Centrality,rh_medialorbitofrontal,0.040997318850954895,0.040667293640616234,-0.00033002521033866083
MSN,aparc,0.4,Eigenvector Centrality,rh_middletemporal,0.08732379786465838,0.06480426168599032,-0.02251953617866806
MSN,aparc,0.4,Eigenvector Centrality,rh_parahippocampal,0.9514261953096131,0.9640604235600108,0.012634228250397617
MSN,aparc,0.4,Eigenvector Centrality,rh_paracentral,0.965131834841533,0.9749017667967022,0.009769931955169175
MSN,aparc,0.4,Eigenvector Centrality,rh_parsopercularis,0.9547574531546578,0.9045241267858162,-0.05023332636884159
MSN,aparc,0.4,Eigenvector Centrality,rh_parsorbitalis,0.17211983160046063,0.11108853849212004,-0.06103129310834059
MSN,aparc,0.4,Eigenvector Centrality,rh_parstriangularis,0.8954028571239239,0.8553800947416871,-0.04002276238223679
MSN,aparc,0.4,Eigenvector Centrality,rh_pericalcarine,0.24290929530954836,0.22341259247617276,-0.019496702833375595
MSN,aparc,0.4,Eigenvector Centrality,rh_postcentral,0.09412807870954358,0.07302110341720326,-0.02110697529234032
MSN,aparc,0.4,Eigenvector Centrality,rh_posteriorcingulate,0.9259053135070571,0.9495400675170194,0.02363475400996229
MSN,aparc,0.4,Eigenvector Centrality,rh_precentral,0.09194571405910093,0.06699402689681673,-0.0249516871622842
MSN,aparc,0.4,Eigenvector Centrality,rh_precuneus,0.08281519875152794,0.06797245580886184,-0.014842742942666104
MSN,aparc,0.4,Eigenvector Centrality,rh_rostralanteriorcingulate,0.9729977316331917,0.9662491714489837,-0.006748560184207997
MSN,aparc,0.4,Eigenvector Centrality,rh_rostralmiddlefrontal,0.09361079996832466,0.06903531489172675,-0.024575485076597917
MSN,aparc,0.4,Eigenvector Centrality,rh_superiorfrontal,0.0859772963308062,0.06103937393445767,-0.024937922396348525
MSN,aparc,0.4,Eigenvector Centrality,rh_superiorparietal,0.094926880951824,0.06907051440627648,-0.025856366545547516
MSN,aparc,0.4,Eigenvector Centrality,rh_superiortemporal,0.08860129454899726,0.09102866323483011,0.002427368685832848
MSN,aparc,0.4,Eigenvector Centrality,rh_supramarginal,0.04706311029215041,0.03529224241768546,-0.011770867874464956
MSN,aparc,0.4,Eigenvector Centrality,rh_frontalpole,0.1086317937360694,0.06816687173356743,-0.04046492200250197
MSN,aparc,0.4,Eigenvector Centrality,rh_temporalpole,0.21986066118600167,0.2009614933954945,-0.018899167790507182
MSN,aparc,0.4,Eigenvector Centrality,rh_transversetemporal,0.9832507986344156,0.966088931513078,-0.017161867121337604
MSN,aparc,0.4,Eigenvector Centrality,rh_insula,0.9880683208160758,0.9827180143799781,-0.005350306436097685
MSN,aparc,0.4,Node Degree,lh_bankssts,0.7575757575757576,0.7878787878787878,0.030303030303030276
MSN,aparc,0.4,Node Degree,lh_caudalanteriorcingulate,0.7575757575757576,0.7878787878787878,0.030303030303030276
MSN,aparc,0.4,Node Degree,lh_caudalmiddlefrontal,0.7272727272727273,0.7575757575757576,0.030303030303030276
MSN,aparc,0.4,Node Degree,lh_cuneus,0.6363636363636364,0.6363636363636364,0.0
MSN,aparc,0.4,Node Degree,lh_entorhinal,0.6666666666666666,0.6363636363636364,-0.030303030303030276
MSN,aparc,0.4,Node Degree,lh_fusiform,0.12121212121212122,0.696969696969697,0.5757575757575758
MSN,aparc,0.4,Node Degree,lh_inferiorparietal,0.7575757575757576,0.6363636363636364,-0.12121212121212122
MSN,aparc,0.4,Node Degree,lh_inferiortemporal,0.7575757575757576,0.7272727272727273,-0.030303030303030276
MSN,aparc,0.4,Node Degree,lh_isthmuscingulate,0.7575757575757576,0.7878787878787878,0.030303030303030276
MSN,aparc,0.4,Node Degree,lh_lateraloccipital,0.7575757575757576,0.6666666666666666,-0.09090909090909094
MSN,aparc,0.4,Node Degree,lh_lateralorbitofrontal,0.7575757575757576,0.9090909090909091,0.1515151515151515
MSN,aparc,0.4,Node Degree,lh_lingual,0.6363636363636364,0.6363636363636364,0.0
MSN,aparc,0.4,Node Degree,lh_medialorbitofrontal,0.030303030303030304,0.0,-0.030303030303030304
MSN,aparc,0.4,Node Degree,lh_middletemporal,0.5454545454545454,0.5454545454545454,0.0
MSN,aparc,0.4,Node Degree,lh_parahippocampal,0.9090909090909091,0.9393939393939394,0.030303030303030387
MSN,aparc,0.4,Node Degree,lh_paracentral,0.8787878787878788,0.8787878787878788,0.0
MSN,aparc,0.4,Node Degree,lh_parsopercularis,1.0,0.9393939393939394,-0.06060606060606055
MSN,aparc,0.4,Node Degree,lh_parsorbitalis,0.5454545454545454,0.5454545454545454,0.0
MSN,aparc,0.4,Node Degree,lh_parstriangularis,0.7878787878787878,0.8484848484848485,0.06060606060606066
MSN,aparc,0.4,Node Degree,lh_pericalcarine,0.8787878787878788,1.0,0.12121212121212122
MSN,aparc,0.4,Node Degree,lh_postcentral,0.6666666666666666,0.6363636363636364,-0.030303030303030276
MSN,aparc,0.4,Node Degree,lh_posteriorcingulate,0.7575757575757576,0.7878787878787878,0.030303030303030276
MSN,aparc,0.4,Node Degree,lh_precentral,0.7575757575757576,0.7575757575757576,0.0
MSN,aparc,0.4,Node Degree,lh_precuneus,0.7272727272727273,0.6363636363636364,-0.09090909090909094
MSN,aparc,0.4,Node Degree,lh_rostralanteriorcingulate,0.9393939393939394,0.9696969696969697,0.030303030303030276
MSN,aparc,0.4,Node Degree,lh_rostralmiddlefrontal,0.7575757575757576,0.7878787878787878,0.030303030303030276
MSN,aparc,0.4,Node Degree,lh_superiorfrontal,0.8181818181818182,0.8484848484848485,0.030303030303030276
MSN,aparc,0.4,Node Degree,lh_superiorparietal,0.7272727272727273,0.6666666666666666,-0.06060606060606066
MSN,aparc,0.4,Node Degree,lh_superiortemporal,0.7878787878787878,0.5757575757575758,-0.21212121212121204
MSN,aparc,0.4,Node Degree,lh_supramarginal,0.7878787878787878,0.7878787878787878,0.0
MSN,aparc,0.4,Node Degree,lh_frontalpole,0.45454545454545453,0.45454545454545453,0.0
MSN,aparc,0.4,Node Degree,lh_temporalpole,0.5757575757575758,0.5757575757575758,0.0
MSN,aparc,0.4,Node Degree,lh_transversetemporal,0.7575757575757576,0.7878787878787878,0.030303030303030276
MSN,aparc,0.4,Node Degree,lh_insula,0.7575757575757576,0.7878787878787878,0.030303030303030276
MSN,aparc,0.4,Node Degree,rh_bankssts,0.7878787878787878,0.7878787878787878,0.0
MSN,aparc,0.4,Node Degree,rh_caudalanteriorcingulate,0.7575757575757576,0.7878787878787878,0.030303030303030276
MSN,aparc,0.4,Node Degree,rh_caudalmiddlefrontal,0.7575757575757576,0.7878787878787878,0.030303030303030276
MSN,aparc,0.4,Node Degree,rh_cuneus,0.6363636363636364,0.6363636363636364,0.0
MSN,aparc,0.4,Node Degree,rh_entorhinal,0.7272727272727273,0.6060606060606061,-0.12121212121212122
MSN,aparc,0.4,Node Degree,rh_fusiform,0.7575757575757576,0.6666666666666666,-0.09090909090909094
MSN,aparc,0.4,Node Degree,rh_inferiorparietal,0.7878787878787878,0.7575757575757576,-0.030303030303030276
MSN,aparc,0.4,Node Degree,rh_inferiortemporal,0.8181818181818182,0.6363636363636364,-0.18181818181818188
MSN,aparc,0.4,Node Degree,rh_isthmuscingulate,0.7575757575757576,0.8181818181818182,0.06060606060606066
MSN,aparc,0.4,Node Degree,rh_lateraloccipital,0.7575757575757576,0.696969696969697,-0.06060606060606055
MSN,aparc,0.4,Node Degree,rh_lateralorbitofrontal,0.8181818181818182,0.7575757575757576,-0.06060606060606066
MSN,aparc,0.4,Node Degree,rh_lingual,0.6363636363636364,0.6363636363636364,0.0
MSN,aparc,0.4,Node Degree,rh_medialorbitofrontal,0.7878787878787878,0.696969696969697,-0.09090909090909083
MSN,aparc,0.4,Node Degree,rh_middletemporal,0.696969696969697,0.5454545454545454,-0.1515151515151516
MSN,aparc,0.4,Node Degree,rh_parahippocampal,0.8787878787878788,0.8484848484848485,-0.030303030303030276
MSN,aparc,0.4,Node Degree,rh_paracentral,0.7575757575757576,0.8484848484848485,0.09090909090909094
MSN,aparc,0.4,Node Degree,rh_parsopercularis,0.8787878787878788,0.9090909090909091,0.030303030303030276
MSN,aparc,0.4,Node Degree,rh_parsorbitalis,0.5151515151515151,0.48484848484848486,-0.030303030303030276
MSN,aparc,0.4,Node Degree,rh_parstriangularis,0.7878787878787878,0.7878787878787878,0.0
MSN,aparc,0.4,Node Degree,rh_pericalcarine,0.9090909090909091,0.9393939393939394,0.030303030303030387
MSN,aparc,0.4,Node Degree,rh_postcentral,0.696969696969697,0.6363636363636364,-0.06060606060606066
MSN,aparc,0.4,Node Degree,rh_posteriorcingulate,0.7878787878787878,0.7878787878787878,0.0
MSN,aparc,0.4,Node Degree,rh_precentral,0.7575757575757576,0.7878787878787878,0.030303030303030276
MSN,aparc,0.4,Node Degree,rh_precuneus,0.6363636363636364,0.6363636363636364,0.0
MSN,aparc,0.4,Node Degree,rh_rostralanteriorcingulate,0.8787878787878788,0.8787878787878788,0.0
MSN,aparc,0.4,Node Degree,rh_rostralmiddlefrontal,0.7272727272727273,0.696969696969697,-0.030303030303030276
MSN,aparc,0.4,Node Degree,rh_superiorfrontal,0.8181818181818182,0.8181818181818182,0.0
MSN,aparc,0.4,Node Degree,rh_superiorparietal,0.696969696969697,0.7272727272727273,0.030303030303030276
MSN,aparc,0.4,Node Degree,rh_superiortemporal,0.5151515151515151,0.5757575757575758,0.06060606060606066
MSN,aparc,0.4,Node Degree,rh_supramarginal,0.7575757575757576,0.7878787878787878,0.030303030303030276
MSN,aparc,0.4,Node Degree,rh_frontalpole,0.45454545454545453,0.45454545454545453,0.0
MSN,aparc,0.4,Node Degree,rh_temporalpole,0.6363636363636364,0.6060606060606061,-0.030303030303030276
MSN,aparc,0.4,Node Degree,rh_transversetemporal,0.7575757575757576,0.7878787878787878,0.030303030303030276
MSN,aparc,0.4,Node Degree,rh_insula,0.7575757575757576,0.7878787878787878,0.030303030303030276
MSN,aparc,0.5,Participation Coefficient,lh_bankssts,0.10169575715182182,0.10603093083843909,0.004335173686617275
MSN,aparc,0.5,Participation Coefficient,lh_caudalanteriorcingulate,0.10038859905991855,0.09489191753177365,-0.005496681528144906
MSN,aparc,0.5,Participation Coefficient,lh_caudalmiddlefrontal,0.09611608270987637,0.08554422153606131,-0.010571861173815061
MSN,aparc,0.5,Participation Coefficient,lh_cuneus,0.0,0.02057396783776386,0.02057396783776386
MSN,aparc,0.5,Participation Coefficient,lh_entorhinal,0.7399604232235509,0.7422891934438814,0.0023287702203305116
MSN,aparc,0.5,Participation Coefficient,lh_fusiform,1.0,0.351461209459945,-0.648538790540055
MSN,aparc,0.5,Participation Coefficient,lh_inferiorparietal,0.15529255953558002,0.03886428840027178,-0.11642827113530824
MSN,aparc,0.5,Participation Coefficient,lh_inferiortemporal,0.7671049091697841,0.7598306378484659,-0.007274271321318193
MSN,aparc,0.5,Participation Coefficient,lh_isthmuscingulate,0.10336784730390323,0.10628675450822973,0.0029189072043264985
MSN,aparc,0.5,Participation Coefficient,lh_lateraloccipital,0.15617047460428393,0.06785666218711504,-0.08831381241716889
MSN,aparc,0.5,Participation Coefficient,lh_lateralorbitofrontal,0.6338085147016121,0.5951117078205774,-0.03869680688103472
MSN,aparc,0.5,Participation Coefficient,lh_lingual,0.0,0.014130884229946522,0.014130884229946522
MSN,aparc,0.5,Participation Coefficient,lh_medialorbitofrontal,0.9544389084813539,0.8397247394702847,-0.11471416901106923
MSN,aparc,0.5,Participation Coefficient,lh_middletemporal,0.47916568004758897,0.5378587257672567,0.058693045719667714
MSN,aparc,0.5,Participation Coefficient,lh_parahippocampal,0.3843399067354484,0.3375814562066806,-0.04675845052876776
MSN,aparc,0.5,Participation Coefficient,lh_paracentral,0.2336712818039866,0.20489278721602325,-0.02877849458796336
MSN,aparc,0.5,Participation Coefficient,lh_parsopercularis,0.5689725137050888,0.4370966074162283,-0.13187590628886053
MSN,aparc,0.5,Participation Coefficient,lh_parsorbitalis,0.518313440008286,0.49298944493611674,-0.025323995072169314
MSN,aparc,0.5,Participation Coefficient,lh_parstriangularis,0.19979565283013503,0.23523142990289697,0.03543577707276194
MSN,aparc,0.5,Participation Coefficient,lh_pericalcarine,0.8141917439184209,0.8392903181231357,0.02509857420471484
MSN,aparc,0.5,Participation Coefficient,lh_postcentral,0.07842915675827505,0.007531452601815591,-0.07089770415645946
MSN,aparc,0.5,Participation Coefficient,lh_posteriorcingulate,0.1361221242297697,0.14060871845363707,0.0044865942238673795
MSN,aparc,0.5,Participation Coefficient,lh_precentral,0.2902538323563335,0.22886920464694413,-0.06138462770938938
MSN,aparc,0.5,Participation Coefficient,lh_precuneus,0.14417627597194532,0.02366494939687701,-0.12051132657506831
MSN,aparc,0.5,Participation Coefficient,lh_rostralanteriorcingulate,0.5032898900285684,0.3796782163979234,-0.12361167363064501
MSN,aparc,0.5,Participation Coefficient,lh_rostralmiddlefrontal,0.1951429049839897,0.19338035253118366,-0.0017625524528060432
MSN,aparc,0.5,Participation Coefficient,lh_superiorfrontal,0.560223568793153,0.5396955255250925,-0.02052804326806057
MSN,aparc,0.5,Participation Coefficient,lh_superiorparietal,0.1060366569714704,0.06403411470769041,-0.04200254226377999
MSN,aparc,0.5,Participation Coefficient,lh_superiortemporal,0.7921647661089471,0.656812393939977,-0.13535237216897011
MSN,aparc,0.5,Participation Coefficient,lh_supramarginal,0.48502362862043863,0.3860011761231999,-0.09902245249723873
MSN,aparc,0.5,Participation Coefficient,lh_frontalpole,0.3707754436554494,0.3287993969850102,-0.04197604667043919
MSN,aparc,0.5,Participation Coefficient,lh_temporalpole,0.5722441709628622,0.5822958837654975,0.010051712802635282
MSN,aparc,0.5,Participation Coefficient,lh_transversetemporal,0.10113751972371751,0.10280524265927707,0.0016677229355595569
MSN,aparc,0.5,Participation Coefficient,lh_insula,0.1279779650833919,0.09935772684618856,-0.028620238237203346
MSN,aparc,0.5,Participation Coefficient,rh_bankssts,0.10132353550195956,0.09623332757802741,-0.005090207923932152
MSN,aparc,0.5,Participation Coefficient,rh_caudalanteriorcingulate,0.1849326061396165,0.1547349482532012,-0.03019765788641532
MSN,aparc,0.5,Participation Coefficient,rh_caudalmiddlefrontal,0.15443858545989092,0.08749099536702466,-0.06694759009286626
MSN,aparc,0.5,Participation Coefficient,rh_cuneus,0.0,0.01635529572598155,0.01635529572598155
MSN,aparc,0.5,Participation Coefficient,rh_entorhinal,0.8135531674068796,0.7396455217615872,-0.0739076456452924
MSN,aparc,0.5,Participation Coefficient,rh_fusiform,0.3454367233132116,0.17519899363635766,-0.17023772967685397
MSN,aparc,0.5,Participation Coefficient,rh_inferiorparietal,0.25836073888336447,0.23573767663020123,-0.02262306225316324
MSN,aparc,0.5,Participation Coefficient,rh_inferiortemporal,0.8230179406553908,0.6722919148337695,-0.1507260258216213
MSN,aparc,0.5,Participation Coefficient,rh_isthmuscingulate,0.1337592468187258,0.11698708277345236,-0.016772164045273444
MSN,aparc,0.5,Participation Coefficient,rh_lateraloccipital,0.16765114832453823,0.08958256724728164,-0.07806858107725659
MSN,aparc,0.5,Participation Coefficient,rh_lateralorbitofrontal,0.2614800219767108,0.14195039810587431,-0.11952962387083646
MSN,aparc,0.5,Participation Coefficient,rh_lingual,0.0,0.013523513293681328,0.013523513293681328
MSN,aparc,0.5,Participation Coefficient,rh_medialorbitofrontal,0.42755950512693663,0.08282237962014433,-0.3447371255067923
MSN,aparc,0.5,Participation Coefficient,rh_middletemporal,0.6822164946547273,0.5742316948688712,-0.10798479978585618
MSN,aparc,0.5,Participation Coefficient,rh_parahippocampal,0.22703142417992614,0.1528203364332974,-0.07421108774662874
MSN,aparc,0.5,Participation Coefficient,rh_paracentral,0.13229421805912853,0.13871279988326252,0.00641858182413399
MSN,aparc,0.5,Participation Coefficient,rh_parsopercularis,0.2657468320819651,0.3305223535841128,0.06477552150214771
MSN,aparc,0.5,Participation Coefficient,rh_parsorbitalis,0.4975220524083205,0.3867665362512157,-0.11075551615710477
MSN,aparc,0.5,Participation Coefficient,rh_parstriangularis,0.14380612942919338,0.09497993374602957,-0.048826195683163806
MSN,aparc,0.5,Participation Coefficient,rh_pericalcarine,0.6806672706306722,0.7004037419264161,0.01973647129574385
MSN,aparc,0.5,Participation Coefficient,rh_postcentral,0.0770204368979551,0.0,-0.0770204368979551
MSN,aparc,0.5,Participation Coefficient,rh_posteriorcingulate,0.1852989822667614,0.14430853873390728,-0.04099044353285411
MSN,aparc,0.5,Participation Coefficient,rh_precentral,0.19483855066165404,0.17721794299527663,-0.017620607666377408
MSN,aparc,0.5,Participation Coefficient,rh_precuneus,0.034976341224652964,0.00960484121773756,-0.025371500006915404
MSN,aparc,0.5,Participation Coefficient,rh_rostralanteriorcingulate,0.2503126487767905,0.22780220835504697,-0.02251044042174352
MSN,aparc,0.5,Participation Coefficient,rh_rostralmiddlefrontal,0.1424867257612426,0.07683482018362064,-0.06565190557762196
MSN,aparc,0.5,Participation Coefficient,rh_superiorfrontal,0.5175131426294898,0.4958098661888436,-0.02170327644064618
MSN,aparc,0.5,Participation Coefficient,rh_superiorparietal,0.09812533560943909,0.10253558816449092,0.004410252555051827
MSN,aparc,0.5,Participation Coefficient,rh_superiortemporal,0.4924508919627471,0.44739613574576703,-0.045054756216980074
MSN,aparc,0.5,Participation Coefficient,rh_supramarginal,0.4370968421685847,0.4504327029276592,0.013335860759074503
MSN,aparc,0.5,Participation Coefficient,rh_frontalpole,0.37261458135975983,0.3506166611737158,-0.021997920186044018
MSN,aparc,0.5,Participation Coefficient,rh_temporalpole,0.6272685756213437,0.6264918214288949,-0.0007767541924488253
MSN,aparc,0.5,Participation Coefficient,rh_transversetemporal,0.1016321927817019,0.11682334009736509,0.015191147315663192
MSN,aparc,0.5,Participation Coefficient,rh_insula,0.10573067691185963,0.10043290042651447,-0.005297776485345157
MSN,aparc,0.5,Node Versatility,lh_bankssts,0.14238700989738956,0.06326749968272607,-0.07911951021466349
MSN,aparc,0.5,Node Versatility,lh_caudalanteriorcingulate,0.019047145328825243,0.1423974847268943,0.12335033939806907
MSN,aparc,0.5,Node Versatility,lh_caudalmiddlefrontal,0.16656807383820138,0.079091759320685,-0.08747631451751638
MSN,aparc,0.5,Node Versatility,lh_cuneus,0.9536492205035164,0.7559755887329005,-0.19767363177061592
MSN,aparc,0.5,Node Versatility,lh_entorhinal,0.22496248110444328,0.21473976591634544,-0.010222715188097836
MSN,aparc,0.5,Node Versatility,lh_fusiform,0.22496248110444328,0.9980943216645265,0.7731318405600832
MSN,aparc,0.5,Node Versatility,lh_inferiorparietal,0.2731592817867235,0.23690081728255397,-0.03625846450416953
MSN,aparc,0.5,Node Versatility,lh_inferiortemporal,0.22965039179407706,0.21473976591634544,-0.01491062587773162
MSN,aparc,0.5,Node Versatility,lh_isthmuscingulate,0.026401907100480838,0.06272697321455661,0.03632506611407578
MSN,aparc,0.5,Node Versatility,lh_lateraloccipital,0.2731592817867235,0.23690081728255397,-0.03625846450416953
MSN,aparc,0.5,Node Versatility,lh_lateralorbitofrontal,0.0,0.2754538379272372,0.2754538379272372
MSN,aparc,0.5,Node Versatility,lh_lingual,0.9536492205035164,0.7559755887329005,-0.19767363177061592
MSN,aparc,0.5,Node Versatility,lh_medialorbitofrontal,0.06453716842674241,0.22678293916632006,0.16224577073957763
MSN,aparc,0.5,Node Versatility,lh_middletemporal,0.22496248110444328,0.21473976591634544,-0.010222715188097836
MSN,aparc,0.5,Node Versatility,lh_parahippocampal,0.0,0.636424176454522,0.636424176454522
MSN,aparc,0.5,Node Versatility,lh_paracentral,0.0,0.04628444095584563,0.04628444095584563
MSN,aparc,0.5,Node Versatility,lh_parsopercularis,0.0,0.4550661435915021,0.4550661435915021
MSN,aparc,0.5,Node Versatility,lh_parsorbitalis,0.22496248110444328,0.21473976591634544,-0.010222715188097836
MSN,aparc,0.5,Node Versatility,lh_parstriangularis,0.07188635091322015,0.2754406257946375,0.20355427488141736
MSN,aparc,0.5,Node Versatility,lh_pericalcarine,0.5572972180959765,0.5182156606351381,-0.03908155746083841
MSN,aparc,0.5,Node Versatility,lh_postcentral,0.2731592817867235,0.23690081728255397,-0.03625846450416953
MSN,aparc,0.5,Node Versatility,lh_posteriorcingulate,0.05368489971175221,0.06326749968272607,0.009582599970973868
MSN,aparc,0.5,Node Versatility,lh_precentral,0.2731592817867235,0.23690081728255397,-0.03625846450416953
MSN,aparc,0.5,Node Versatility,lh_precuneus,0.9536492205035164,0.7559755887329005,-0.19767363177061592
MSN,aparc,0.5,Node Versatility,lh_rostralanteriorcingulate,0.0,0.5192537958830459,0.5192537958830459
MSN,aparc,0.5,Node Versatility,lh_rostralmiddlefrontal,0.2731592817867235,0.23690081728255397,-0.03625846450416953
MSN,aparc,0.5,Node Versatility,lh_superiorfrontal,0.29291112428732896,0.30024752378599806,0.0073363994986690995
MSN,aparc,0.5,Node Versatility,lh_superiorparietal,0.2731592817867235,0.23690081728255397,-0.03625846450416953
MSN,aparc,0.5,Node Versatility,lh_superiortemporal,0.22965039179407706,0.21473976591634544,-0.01491062587773162
MSN,aparc,0.5,Node Versatility,lh_supramarginal,0.29291112428732896,0.2534693873539936,-0.03944173693333536
MSN,aparc,0.5,Node Versatility,lh_frontalpole,0.22496248110444328,0.21473976591634544,-0.010222715188097836
MSN,aparc,0.5,Node Versatility,lh_temporalpole,0.22496248110444328,0.21473976591634544,-0.010222715188097836
MSN,aparc,0.5,Node Versatility,lh_transversetemporal,0.0,0.06272697321455661,0.06272697321455661
MSN,aparc,0.5,Node Versatility,lh_insula,0.026401907100480838,0.09484087984918517,0.06843897274870434
MSN,aparc,0.5,Node Versatility,rh_bankssts,0.0,0.07605960681194394,0.07605960681194394
MSN,aparc,0.5,Node Versatility,rh_caudalanteriorcingulate,0.05368489971175221,0.06326749968272607,0.009582599970973868
MSN,aparc,0.5,Node Versatility,rh_caudalmiddlefrontal,0.05368489971175221,0.079091759320685,0.025406859608932797
MSN,aparc,0.5,Node Versatility,rh_cuneus,0.7270187208052689,0.7559755887329005,0.028956867927631635
MSN,aparc,0.5,Node Versatility,rh_entorhinal,0.22496248110444328,0.21473976591634544,-0.010222715188097836
MSN,aparc,0.5,Node Versatility,rh_fusiform,0.0,1.0,1.0
MSN,aparc,0.5,Node Versatility,rh_inferiorparietal,0.2731592817867235,0.23690081728255397,-0.03625846450416953
MSN,aparc,0.5,Node Versatility,rh_inferiortemporal,0.22965039179407706,0.21473976591634544,-0.01491062587773162
MSN,aparc,0.5,Node Versatility,rh_isthmuscingulate,0.3061181123060042,0.06272697321455661,-0.2433911390914476
MSN,aparc,0.5,Node Versatility,rh_lateraloccipital,0.2731592817867235,0.23690081728255397,-0.03625846450416953
MSN,aparc,0.5,Node Versatility,rh_lateralorbitofrontal,0.0,0.4042885699414293,0.4042885699414293
MSN,aparc,0.5,Node Versatility,rh_lingual,0.9536492205035164,0.7559755887329005,-0.19767363177061592
MSN,aparc,0.5,Node Versatility,rh_medialorbitofrontal,0.3026376169310165,0.23690081728255397,-0.06573679964846252
MSN,aparc,0.5,Node Versatility,rh_middletemporal,0.22965039179407706,0.21473976591634544,-0.01491062587773162
MSN,aparc,0.5,Node Versatility,rh_parahippocampal,0.0,0.1598058895204499,0.1598058895204499
MSN,aparc,0.5,Node Versatility,rh_paracentral,0.0,0.03219791299985323,0.03219791299985323
MSN,aparc,0.5,Node Versatility,rh_parsopercularis,0.0,0.36904245795635376,0.36904245795635376
MSN,aparc,0.5,Node Versatility,rh_parsorbitalis,0.22496248110444328,0.21473976591634544,-0.010222715188097836
MSN,aparc,0.5,Node Versatility,rh_parstriangularis,0.0,0.21792167420770076,0.21792167420770076
MSN,aparc,0.5,Node Versatility,rh_pericalcarine,0.5572972180959765,0.5182156606351381,-0.03908155746083841
MSN,aparc,0.5,Node Versatility,rh_postcentral,0.2731592817867235,0.23690081728255397,-0.03625846450416953
MSN,aparc,0.5,Node Versatility,rh_posteriorcingulate,0.05368489971175221,0.06326749968272607,0.009582599970973868
MSN,aparc,0.5,Node Versatility,rh_precentral,0.2731592817867235,0.23690081728255397,-0.03625846450416953
MSN,aparc,0.5,Node Versatility,rh_precuneus,0.9536492205035164,0.7559755887329005,-0.19767363177061592
MSN,aparc,0.5,Node Versatility,rh_rostralanteriorcingulate,0.0,0.04628444095584563,0.04628444095584563
MSN,aparc,0.5,Node Versatility,rh_rostralmiddlefrontal,0.2731592817867235,0.23690081728255397,-0.03625846450416953
MSN,aparc,0.5,Node Versatility,rh_superiorfrontal,0.29291112428732896,0.30024752378599806,0.0073363994986690995
MSN,aparc,0.5,Node Versatility,rh_superiorparietal,0.2731592817867235,0.23690081728255397,-0.03625846450416953
MSN,aparc,0.5,Node Versatility,rh_superiortemporal,0.22496248110444328,0.21473976591634544,-0.010222715188097836
MSN,aparc,0.5,Node Versatility,rh_supramarginal,0.29291112428732896,0.30024752378599806,0.0073363994986690995
MSN,aparc,0.5,Node Versatility,rh_frontalpole,0.22496248110444328,0.21473976591634544,-0.010222715188097836
MSN,aparc,0.5,Node Versatility,rh_temporalpole,0.22496248110444328,0.21473976591634544,-0.010222715188097836
MSN,aparc,0.5,Node Versatility,rh_transversetemporal,0.019047145328825243,0.06326749968272607,0.04422035435390083
MSN,aparc,0.5,Node Versatility,rh_insula,0.04983519208003643,0.23481333903743445,0.18497814695739803
MSN,aparc,0.5,Node Strength,lh_bankssts,0.9363044762693927,0.9585071322444974,0.022202655975104624
MSN,aparc,0.5,Node Strength,lh_caudalanteriorcingulate,0.9346666495101569,0.966206591254646,0.03153994174448915
MSN,aparc,0.5,Node Strength,lh_caudalmiddlefrontal,0.8630607098671402,0.8892408620722343,0.026180152205094065
MSN,aparc,0.5,Node Strength,lh_cuneus,0.7100185104787374,0.7021655009594218,-0.007853009519315668
MSN,aparc,0.5,Node Strength,lh_entorhinal,0.6079147087530231,0.6153488012775051,0.007434092524482017
MSN,aparc,0.5,Node Strength,lh_fusiform,0.03926666213860906,0.20484330555124208,0.165576643412633
MSN,aparc,0.5,Node Strength,lh_inferiorparietal,0.8283828947901513,0.7913601943309941,-0.03702270045915712
MSN,aparc,0.5,Node Strength,lh_inferiortemporal,0.5996095220283633,0.5796338738397371,-0.019975648188626183
MSN,aparc,0.5,Node Strength,lh_isthmuscingulate,0.891190965096419,0.9228743475832788,0.03168338248685976
MSN,aparc,0.5,Node Strength,lh_lateraloccipital,0.8335461808024568,0.8255669031493033,-0.007979277653153538
MSN,aparc,0.5,Node Strength,lh_lateralorbitofrontal,0.23720363193709595,0.39682626313073616,0.1596226311936402
MSN,aparc,0.5,Node Strength,lh_lingual,0.6913969115295974,0.7178212291874004,0.026424317657803065
MSN,aparc,0.5,Node Strength,lh_medialorbitofrontal,0.020596939795426008,0.0,-0.020596939795426008
MSN,aparc,0.5,Node Strength,lh_middletemporal,0.5400133475215374,0.5352310600684994,-0.004782287453037992
MSN,aparc,0.5,Node Strength,lh_parahippocampal,0.9305787598903822,0.9492568002401213,0.018678040349739078
MSN,aparc,0.5,Node Strength,lh_paracentral,0.9246501249771575,0.9658931891744429,0.041243064197285406
MSN,aparc,0.5,Node Strength,lh_parsopercularis,0.9252662767552029,0.9416152073827206,0.016348930627517744
MSN,aparc,0.5,Node Strength,lh_parsorbitalis,0.5519912509883821,0.538675156526855,-0.01331609446152704
MSN,aparc,0.5,Node Strength,lh_parstriangularis,0.8843470798755131,0.9304361145933104,0.04608903471779735
MSN,aparc,0.5,Node Strength,lh_pericalcarine,0.580885146164522,0.6090197385010427,0.028134592336520714
MSN,aparc,0.5,Node Strength,lh_postcentral,0.8409127864447713,0.8419472192224199,0.0010344327776485862
MSN,aparc,0.5,Node Strength,lh_posteriorcingulate,0.9197917063032514,0.943156661832524,0.023364955529272646
MSN,aparc,0.5,Node Strength,lh_precentral,0.8330910264973447,0.8266899566918359,-0.006401069805508808
MSN,aparc,0.5,Node Strength,lh_precuneus,0.5876254771673444,0.647902608068209,0.06027713090086462
MSN,aparc,0.5,Node Strength,lh_rostralanteriorcingulate,0.9657164693560116,1.0,0.03428353064398837
MSN,aparc,0.5,Node Strength,lh_rostralmiddlefrontal,0.8416814827263491,0.8441032035312485,0.00242172080489933
MSN,aparc,0.5,Node Strength,lh_superiorfrontal,0.818458787970476,0.8132503487729525,-0.005208439197523451
MSN,aparc,0.5,Node Strength,lh_superiorparietal,0.8497943166891508,0.8478442847938042,-0.0019500318953465934
MSN,aparc,0.5,Node Strength,lh_superiortemporal,0.5683792819388156,0.4828967532211727,-0.08548252871764289
MSN,aparc,0.5,Node Strength,lh_supramarginal,0.803438723447619,0.799118009141178,-0.004320714306440987
MSN,aparc,0.5,Node Strength,lh_frontalpole,0.5174397153626824,0.5079995949931408,-0.00944012036954156
MSN,aparc,0.5,Node Strength,lh_temporalpole,0.5662565127944282,0.5631981116667654,-0.0030584011276628686
MSN,aparc,0.5,Node Strength,lh_transversetemporal,0.9393238967870658,0.9555385789087186,0.01621468212165278
MSN,aparc,0.5,Node Strength,lh_insula,0.9143845407231205,0.9594447772791519,0.04506023655603142
MSN,aparc,0.5,Node Strength,rh_bankssts,0.9574289991829962,0.9797658595046578,0.0223368603216616
MSN,aparc,0.5,Node Strength,rh_caudalanteriorcingulate,0.8963121401804633,0.9095617852175706,0.013249645037107238
MSN,aparc,0.5,Node Strength,rh_caudalmiddlefrontal,0.7277386679988999,0.8795211740624189,0.15178250606351906
MSN,aparc,0.5,Node Strength,rh_cuneus,0.7805004134016251,0.7844065751713262,0.0039061617697010442
MSN,aparc,0.5,Node Strength,rh_entorhinal,0.6507261693114785,0.6134214957568712,-0.037304673554607315
MSN,aparc,0.5,Node Strength,rh_fusiform,0.3763519641178402,0.16381771983597193,-0.2125342442818683
MSN,aparc,0.5,Node Strength,rh_inferiorparietal,0.83417681321146,0.8395314854896482,0.0053546722781881995
MSN,aparc,0.5,Node Strength,rh_inferiortemporal,0.6436013477966078,0.5244549021780601,-0.1191464456185477
MSN,aparc,0.5,Node Strength,rh_isthmuscingulate,0.879958620074835,0.9210898082166903,0.041131188141855235
MSN,aparc,0.5,Node Strength,rh_lateraloccipital,0.8368651720160382,0.819789492268495,-0.017075679747543204
MSN,aparc,0.5,Node Strength,rh_lateralorbitofrontal,0.49516911122227525,0.5236764652922753,0.028507354070000046
MSN,aparc,0.5,Node Strength,rh_lingual,0.7244698493388392,0.7521794980159977,0.027709648677158527
MSN,aparc,0.5,Node Strength,rh_medialorbitofrontal,0.4156614662468611,0.4958940302650972,0.08023256401823609
MSN,aparc,0.5,Node Strength,rh_middletemporal,0.5872823600957517,0.5368729154997122,-0.050409444596039577
MSN,aparc,0.5,Node Strength,rh_parahippocampal,0.9398059813735263,0.9712137366381208,0.031407755264594495
MSN,aparc,0.5,Node Strength,rh_paracentral,0.9305197988711889,0.9718118589210447,0.04129206004985586
MSN,aparc,0.5,Node Strength,rh_parsopercularis,0.9505488326229926,0.9502077081905026,-0.00034112443249001423
MSN,aparc,0.5,Node Strength,rh_parsorbitalis,0.5472387357353858,0.5137671541113747,-0.03347158162401109
MSN,aparc,0.5,Node Strength,rh_parstriangularis,0.8547662714282531,0.8324284746406823,-0.022337796787570863
MSN,aparc,0.5,Node Strength,rh_pericalcarine,0.5824826272618803,0.6028078310686878,0.02032520380680758
MSN,aparc,0.5,Node Strength,rh_postcentral,0.8259701042768078,0.8349722563100898,0.009002152033281918
MSN,aparc,0.5,Node Strength,rh_posteriorcingulate,0.8926582742767845,0.9417132498013853,0.04905497552460081
MSN,aparc,0.5,Node Strength,rh_precentral,0.8362002054477617,0.8414342272405669,0.005234021792805188
MSN,aparc,0.5,Node Strength,rh_precuneus,0.6370568102778452,0.6809054056719794,0.043848595394134215
MSN,aparc,0.5,Node Strength,rh_rostralanteriorcingulate,0.9687755413897864,0.9940186677965878,0.025243126406801375
MSN,aparc,0.5,Node Strength,rh_rostralmiddlefrontal,0.8431530542690437,0.8372242267659952,-0.005928827503048573
MSN,aparc,0.5,Node Strength,rh_superiorfrontal,0.8220164807666079,0.8173080070869408,-0.004708473679667091
MSN,aparc,0.5,Node Strength,rh_superiorparietal,0.8424551737605335,0.8493827186293049,0.006927544868771451
MSN,aparc,0.5,Node Strength,rh_superiortemporal,0.491532029398907,0.4682753935563131,-0.02325663584259391
MSN,aparc,0.5,Node Strength,rh_supramarginal,0.4397174104440253,0.47773175738975454,0.03801434694572925
MSN,aparc,0.5,Node Strength,rh_frontalpole,0.5145834472212305,0.4819562895614961,-0.032627157659734396
MSN,aparc,0.5,Node Strength,rh_temporalpole,0.5741400658506791,0.5733071330668584,-0.0008329327838206835
MSN,aparc,0.5,Node Strength,rh_transversetemporal,0.9374695586658823,0.953088693303543,0.015619134637660625
MSN,aparc,0.5,Node Strength,rh_insula,0.9483128374001596,0.9735534863883135,0.025240648988153924
MSN,aparc,0.5,Local Efficiency,lh_bankssts,0.8729671711897657,0.8408439140574254,-0.03212325713234032
MSN,aparc,0.5,Local Efficiency,lh_caudalanteriorcingulate,0.8732560571972571,0.7568974603879447,-0.11635859680931238
MSN,aparc,0.5,Local Efficiency,lh_caudalmiddlefrontal,0.7142455812468956,0.7641054999167782,0.0498599186698826
MSN,aparc,0.5,Local Efficiency,lh_cuneus,0.8118671857817558,0.7436418734901019,-0.06822531229165385
MSN,aparc,0.5,Local Efficiency,lh_entorhinal,0.40606782311814194,0.4229525427714504,0.016884719653308455
MSN,aparc,0.5,Local Efficiency,lh_fusiform,0.06554446092594131,0.17716958822625223,0.11162512730031092
MSN,aparc,0.5,Local Efficiency,lh_inferiorparietal,0.6866882023107612,0.7328287027343875,0.046140500423626274
MSN,aparc,0.5,Local Efficiency,lh_inferiortemporal,0.42351673000487605,0.43356746897578147,0.010050738970905415
MSN,aparc,0.5,Local Efficiency,lh_isthmuscingulate,0.8466389256519147,0.8291915067619623,-0.017447418889952382
MSN,aparc,0.5,Local Efficiency,lh_lateraloccipital,0.7399425057840846,0.665066759961014,-0.07487574582307055
MSN,aparc,0.5,Local Efficiency,lh_lateralorbitofrontal,0.19860616444675652,0.32588590790692556,0.12727974346016904
MSN,aparc,0.5,Local Efficiency,lh_lingual,0.795273320675752,0.8258000029992709,0.03052668232351896
MSN,aparc,0.5,Local Efficiency,lh_medialorbitofrontal,0.024258253378599843,0.0,-0.024258253378599843
MSN,aparc,0.5,Local Efficiency,lh_middletemporal,0.41712879915399104,0.4218335300637351,0.004704730909744048
MSN,aparc,0.5,Local Efficiency,lh_parahippocampal,0.6231997496645099,0.6720469372070477,0.04884718754253781
MSN,aparc,0.5,Local Efficiency,lh_paracentral,0.6697295628781407,0.6998762431647945,0.030146680286653793
MSN,aparc,0.5,Local Efficiency,lh_parsopercularis,0.5986444284844289,0.6380377007066245,0.039393272222195574
MSN,aparc,0.5,Local Efficiency,lh_parsorbitalis,0.38606269636382357,0.48575019351391324,0.09968749715008968
MSN,aparc,0.5,Local Efficiency,lh_parstriangularis,0.7247435254460376,0.6854966482179626,-0.03924687722807496
MSN,aparc,0.5,Local Efficiency,lh_pericalcarine,0.32039628585821084,0.31033035552735194,-0.010065930330858897
MSN,aparc,0.5,Local Efficiency,lh_postcentral,0.72636409340707,0.9361578609005122,0.20979376749344225
MSN,aparc,0.5,Local Efficiency,lh_posteriorcingulate,0.8562243866716448,0.7842473874270834,-0.07197699924456136
MSN,aparc,0.5,Local Efficiency,lh_precentral,0.6591134656489598,0.6495772148963421,-0.009536250752617659
MSN,aparc,0.5,Local Efficiency,lh_precuneus,0.5032129612951712,0.6153752386453686,0.11216227735019735
MSN,aparc,0.5,Local Efficiency,lh_rostralanteriorcingulate,0.6179017361372487,0.6257713653310188,0.0078696291937701
MSN,aparc,0.5,Local Efficiency,lh_rostralmiddlefrontal,0.7043005699899885,0.6584062250300449,-0.0458943449599436
MSN,aparc,0.5,Local Efficiency,lh_superiorfrontal,0.5445938612237272,0.6111816957291809,0.06658783450545369
MSN,aparc,0.5,Local Efficiency,lh_superiorparietal,0.7394814917251742,0.7287632973972171,-0.010718194327957065
MSN,aparc,0.5,Local Efficiency,lh_superiortemporal,0.4409607357285272,0.3947889767602624,-0.04617175896826475
MSN,aparc,0.5,Local Efficiency,lh_supramarginal,0.6387826030523096,0.6406798250970365,0.001897222044726865
MSN,aparc,0.5,Local Efficiency,lh_frontalpole,0.41092870174975477,0.5521573486913592,0.14122864694160447
MSN,aparc,0.5,Local Efficiency,lh_temporalpole,0.3977732302753223,0.5208762440915274,0.12310301381620514
MSN,aparc,0.5,Local Efficiency,lh_transversetemporal,0.8228891807464871,0.8466974510393702,0.023808270292883127
MSN,aparc,0.5,Local Efficiency,lh_insula,0.7931634462084216,0.8482617377035527,0.055098291495131124
MSN,aparc,0.5,Local Efficiency,rh_bankssts,0.7874308034340681,0.7696272447971155,-0.0178035586369526
MSN,aparc,0.5,Local Efficiency,rh_caudalanteriorcingulate,0.7911393837577694,0.7176195761405976,-0.0735198076171718
MSN,aparc,0.5,Local Efficiency,rh_caudalmiddlefrontal,0.7299332998319994,0.7073266270672597,-0.02260667276473971
MSN,aparc,0.5,Local Efficiency,rh_cuneus,0.8739572938556229,0.885120101170353,0.011162807314730072
MSN,aparc,0.5,Local Efficiency,rh_entorhinal,0.37119622031076527,0.3913795532302586,0.020183332919493313
MSN,aparc,0.5,Local Efficiency,rh_fusiform,0.3370390764266484,0.22244638881341514,-0.11459268761323324
MSN,aparc,0.5,Local Efficiency,rh_inferiorparietal,0.7084013869556919,0.6556193313379588,-0.05278205561773308
MSN,aparc,0.5,Local Efficiency,rh_inferiortemporal,0.48927641173280717,0.34488287970967124,-0.14439353202313593
MSN,aparc,0.5,Local Efficiency,rh_isthmuscingulate,0.8337528519552977,0.8277608243202236,-0.005992027635074115
MSN,aparc,0.5,Local Efficiency,rh_lateraloccipital,0.6942268790525788,0.6702187509193089,-0.024008128133269913
MSN,aparc,0.5,Local Efficiency,rh_lateralorbitofrontal,0.44101116353090997,0.4562358608694937,0.015224697338583726
MSN,aparc,0.5,Local Efficiency,rh_lingual,0.8261406604455288,0.857223504950989,0.031082844505460172
MSN,aparc,0.5,Local Efficiency,rh_medialorbitofrontal,0.34046678746283027,0.5371086132892876,0.19664182582645734
MSN,aparc,0.5,Local Efficiency,rh_middletemporal,0.3862805258737916,0.40422788342967714,0.017947357555885557
MSN,aparc,0.5,Local Efficiency,rh_parahippocampal,0.7172438981395575,0.7432958793650372,0.026051981225479692
MSN,aparc,0.5,Local Efficiency,rh_paracentral,0.6567584873365415,0.655571824680534,-0.001186662656007531
MSN,aparc,0.5,Local Efficiency,rh_parsopercularis,0.7286306550808318,0.6672806894205607,-0.061349965660271066
MSN,aparc,0.5,Local Efficiency,rh_parsorbitalis,0.380597445585296,0.40249517048346556,0.021897724898169546
MSN,aparc,0.5,Local Efficiency,rh_parstriangularis,0.6647336052241862,0.696976791788773,0.0322431865645868
MSN,aparc,0.5,Local Efficiency,rh_pericalcarine,0.36381693397502934,0.3162784359851438,-0.04753849798988552
MSN,aparc,0.5,Local Efficiency,rh_postcentral,0.7177615520312562,1.0,0.28223844796874376
MSN,aparc,0.5,Local Efficiency,rh_posteriorcingulate,0.7903240764774295,0.7836370641912273,-0.006687012286202276
MSN,aparc,0.5,Local Efficiency,rh_precentral,0.6556701786366211,0.7459654115204389,0.0902952328838178
MSN,aparc,0.5,Local Efficiency,rh_precuneus,0.6995087674137652,0.7356122325507686,0.036103465137003354
MSN,aparc,0.5,Local Efficiency,rh_rostralanteriorcingulate,0.7372275020540586,0.6732685949966962,-0.0639589070573624
MSN,aparc,0.5,Local Efficiency,rh_rostralmiddlefrontal,0.745048549591102,0.6777713829838081,-0.06727716660729388
MSN,aparc,0.5,Local Efficiency,rh_superiorfrontal,0.542932515706966,0.6501538358274755,0.10722132012050956
MSN,aparc,0.5,Local Efficiency,rh_superiorparietal,0.7299652868945055,0.7424203358869516,0.012455048992446094
MSN,aparc,0.5,Local Efficiency,rh_superiortemporal,0.3915888001038253,0.38956925823207866,-0.002019541871746633
MSN,aparc,0.5,Local Efficiency,rh_supramarginal,0.4518816200506312,0.44588110255570657,-0.00600051749492464
MSN,aparc,0.5,Local Efficiency,rh_frontalpole,0.43302635250380483,0.4886893908501224,0.055663038346317584
MSN,aparc,0.5,Local Efficiency,rh_temporalpole,0.4810356459982416,0.5017166990702274,0.02068105307198581
MSN,aparc,0.5,Local Efficiency,rh_transversetemporal,0.8748759227022583,0.8419520358745867,-0.03292388682767167
MSN,aparc,0.5,Local Efficiency,rh_insula,0.830320351084316,0.7624152981831996,-0.06790505290111637
MSN,aparc,0.5,Clustering Coefficient,lh_bankssts,0.8626120406240771,0.8360469579571352,-0.026565082666941908
MSN,aparc,0.5,Clustering Coefficient,lh_caudalanteriorcingulate,0.8628367506491903,0.7469019592904301,-0.11593479135876017
MSN,aparc,0.5,Clustering Coefficient,lh_caudalmiddlefrontal,0.7040927986918273,0.7550579661782464,0.050965167486419105
MSN,aparc,0.5,Clustering Coefficient,lh_cuneus,0.8085485013656976,0.7419597260679885,-0.06658877529770901
MSN,aparc,0.5,Clustering Coefficient,lh_entorhinal,0.34800851493794766,0.3558537477210443,0.007845232783096623
MSN,aparc,0.5,Clustering Coefficient,lh_fusiform,0.059987616158127,0.16406017802388553,0.10407256186575853
MSN,aparc,0.5,Clustering Coefficient,lh_inferiorparietal,0.667306012802913,0.7221461493424177,0.0548401365395047
MSN,aparc,0.5,Clustering Coefficient,lh_inferiortemporal,0.34932634704981314,0.36218827181419505,0.012861924764381916
MSN,aparc,0.5,Clustering Coefficient,lh_isthmuscingulate,0.8370038981820928,0.8221020594573144,-0.014901838724778349
MSN,aparc,0.5,Clustering Coefficient,lh_lateraloccipital,0.7188099002475479,0.6481023223646366,-0.07070757788291127
MSN,aparc,0.5,Clustering Coefficient,lh_lateralorbitofrontal,0.18078716425223418,0.2966687136705086,0.11588154941827444
MSN,aparc,0.5,Clustering Coefficient,lh_lingual,0.7924764570272477,0.8235381279954113,0.03106167096816359
MSN,aparc,0.5,Clustering Coefficient,lh_medialorbitofrontal,0.019098779331822125,0.0,-0.019098779331822125
MSN,aparc,0.5,Clustering Coefficient,lh_middletemporal,0.3659835466014033,0.36842099317159477,0.0024374465701914594
MSN,aparc,0.5,Clustering Coefficient,lh_parahippocampal,0.566705606847232,0.6178197034489704,0.05111409660173838
MSN,aparc,0.5,Clustering Coefficient,lh_paracentral,0.6307011770198754,0.6640107976068239,0.03330962058694853
MSN,aparc,0.5,Clustering Coefficient,lh_parsopercularis,0.5273529964611298,0.5753392736178621,0.047986277156732315
MSN,aparc,0.5,Clustering Coefficient,lh_parsorbitalis,0.342562790789548,0.43125587349695876,0.08869308270741078
MSN,aparc,0.5,Clustering Coefficient,lh_parstriangularis,0.6924238880979425,0.6437594061555445,-0.04866448194239803
MSN,aparc,0.5,Clustering Coefficient,lh_pericalcarine,0.23745524004692647,0.22860419506449883,-0.008851044982427642
MSN,aparc,0.5,Clustering Coefficient,lh_postcentral,0.7121824611361107,0.9328861899959136,0.22070372885980283
MSN,aparc,0.5,Clustering Coefficient,lh_posteriorcingulate,0.8386140783211748,0.77327045513872,-0.0653436231824549
MSN,aparc,0.5,Clustering Coefficient,lh_precentral,0.6284266630593116,0.6148811738027907,-0.013545489256520882
MSN,aparc,0.5,Clustering Coefficient,lh_precuneus,0.4638273580524754,0.5997944096283052,0.13596705157582983
MSN,aparc,0.5,Clustering Coefficient,lh_rostralanteriorcingulate,0.5476864585780244,0.5677765944360834,0.020090135858058966
MSN,aparc,0.5,Clustering Coefficient,lh_rostralmiddlefrontal,0.6785527959425107,0.6246008628149837,-0.053951933127526996
MSN,aparc,0.5,Clustering Coefficient,lh_superiorfrontal,0.4900626839931336,0.5452292485064829,0.055166564513349337
MSN,aparc,0.5,Clustering Coefficient,lh_superiorparietal,0.7228129725550699,0.7106695421500254,-0.012143430405044509
MSN,aparc,0.5,Clustering Coefficient,lh_superiortemporal,0.3682763331352831,0.3394809751877995,-0.028795357947483557
MSN,aparc,0.5,Clustering Coefficient,lh_supramarginal,0.5902119105765723,0.5900098632359441,-0.00020204734062823082
MSN,aparc,0.5,Clustering Coefficient,lh_frontalpole,0.3748955256937632,0.5006745594133262,0.12577903371956295
MSN,aparc,0.5,Clustering Coefficient,lh_temporalpole,0.35060232476328645,0.4583454059406538,0.10774308117736736
MSN,aparc,0.5,Clustering Coefficient,lh_transversetemporal,0.8107881194357531,0.8399550558680684,0.02916693643231527
MSN,aparc,0.5,Clustering Coefficient,lh_insula,0.7793990418546688,0.8414982507542915,0.062099208899622726
MSN,aparc,0.5,Clustering Coefficient,rh_bankssts,0.769658840876785,0.7569905579933651,-0.012668282883419923
MSN,aparc,0.5,Clustering Coefficient,rh_caudalanteriorcingulate,0.7617929940060192,0.6998516714531132,-0.061941322552905964
MSN,aparc,0.5,Clustering Coefficient,rh_caudalmiddlefrontal,0.7147925405605733,0.699713483756722,-0.015079056803851243
MSN,aparc,0.5,Clustering Coefficient,rh_cuneus,0.8689378275521167,0.8805357835697578,0.011597956017641131
MSN,aparc,0.5,Clustering Coefficient,rh_entorhinal,0.30963886694630927,0.32868129328050594,0.01904242633419667
MSN,aparc,0.5,Clustering Coefficient,rh_fusiform,0.31996732610335327,0.2357228337129227,-0.08424449239043055
MSN,aparc,0.5,Clustering Coefficient,rh_inferiorparietal,0.6767940317405359,0.6206616204139698,-0.0561324113265661
MSN,aparc,0.5,Clustering Coefficient,rh_inferiortemporal,0.4078024687916862,0.2898523777508628,-0.11795009104082338
MSN,aparc,0.5,Clustering Coefficient,rh_isthmuscingulate,0.8169121809016539,0.819956813940967,0.003044633039313127
MSN,aparc,0.5,Clustering Coefficient,rh_lateraloccipital,0.6725525985781461,0.6494894297294918,-0.023063168848654336
MSN,aparc,0.5,Clustering Coefficient,rh_lateralorbitofrontal,0.41976098075236545,0.44568551689826047,0.025924536145895016
MSN,aparc,0.5,Clustering Coefficient,rh_lingual,0.822226016693441,0.8540590217967812,0.031833005103340195
MSN,aparc,0.5,Clustering Coefficient,rh_medialorbitofrontal,0.31463356334734993,0.5326566233636184,0.21802306001626848
MSN,aparc,0.5,Clustering Coefficient,rh_middletemporal,0.32453666909743517,0.34995565069262274,0.025418981595187573
MSN,aparc,0.5,Clustering Coefficient,rh_parahippocampal,0.6802031157643005,0.7130162019864781,0.0328130862221776
MSN,aparc,0.5,Clustering Coefficient,rh_paracentral,0.6313910852256107,0.6296102535146012,-0.0017808317110095118
MSN,aparc,0.5,Clustering Coefficient,rh_parsopercularis,0.6849294998870693,0.6141748907335409,-0.07075460915352838
MSN,aparc,0.5,Clustering Coefficient,rh_parsorbitalis,0.33803685343094425,0.36202250627509314,0.023985652844148886
MSN,aparc,0.5,Clustering Coefficient,rh_parstriangularis,0.6398641852692105,0.6850515185110333,0.04518733324182278
MSN,aparc,0.5,Clustering Coefficient,rh_pericalcarine,0.2747987984238893,0.23579170680614076,-0.03900709161774857
MSN,aparc,0.5,Clustering Coefficient,rh_postcentral,0.7042531224845773,1.0,0.2957468775154227
MSN,aparc,0.5,Clustering Coefficient,rh_posteriorcingulate,0.7612595043072959,0.7713373382181954,0.010077833910899447
MSN,aparc,0.5,Clustering Coefficient,rh_precentral,0.6310516838867799,0.7157073370222481,0.08465565313546819
MSN,aparc,0.5,Clustering Coefficient,rh_precuneus,0.6817074278223977,0.7301248311658529,0.048417403343455234
MSN,aparc,0.5,Clustering Coefficient,rh_rostralanteriorcingulate,0.6945749653529163,0.6336154199953191,-0.06095954535759718
MSN,aparc,0.5,Clustering Coefficient,rh_rostralmiddlefrontal,0.724128680395045,0.6578141722577132,-0.06631450813733175
MSN,aparc,0.5,Clustering Coefficient,rh_superiorfrontal,0.4929560241163344,0.5859086355671742,0.09295261145083983
MSN,aparc,0.5,Clustering Coefficient,rh_superiorparietal,0.7155924567760378,0.7179919270748026,0.002399470298764861
MSN,aparc,0.5,Clustering Coefficient,rh_superiortemporal,0.34475189354181013,0.34536601558373825,0.0006141220419281224
MSN,aparc,0.5,Clustering Coefficient,rh_supramarginal,0.4339173991903162,0.41339203127748636,-0.02052536791282983
MSN,aparc,0.5,Clustering Coefficient,rh_frontalpole,0.394054427441703,0.4410228718157395,0.04696844437403652
MSN,aparc,0.5,Clustering Coefficient,rh_temporalpole,0.42435982820629914,0.4373069365162762,0.012947108309977085
MSN,aparc,0.5,Clustering Coefficient,rh_transversetemporal,0.8643157430983542,0.8357066310547743,-0.028609112043579965
MSN,aparc,0.5,Clustering Coefficient,rh_insula,0.8171557763550311,0.7517001364519673,-0.0654556399030638
MSN,aparc,0.5,Betweenness Centrality,lh_bankssts,0.0,0.0,0.0
MSN,aparc,0.5,Betweenness Centrality,lh_caudalanteriorcingulate,0.0,0.0,0.0
MSN,aparc,0.5,Betweenness Centrality,lh_caudalmiddlefrontal,0.0,0.0,0.0
MSN,aparc,0.5,Betweenness Centrality,lh_cuneus,0.2959866220735786,0.18729096989966554,-0.10869565217391308
MSN,aparc,0.5,Betweenness Centrality,lh_entorhinal,0.14381270903010032,0.44481605351170567,0.3010033444816054
MSN,aparc,0.5,Betweenness Centrality,lh_fusiform,0.0033444816053511705,0.0,-0.0033444816053511705
MSN,aparc,0.5,Betweenness Centrality,lh_inferiorparietal,0.0033444816053511705,0.010033444816053512,0.006688963210702342
MSN,aparc,0.5,Betweenness Centrality,lh_inferiortemporal,0.011705685618729096,0.3177257525083612,0.3060200668896321
MSN,aparc,0.5,Betweenness Centrality,lh_isthmuscingulate,0.0,0.0,0.0
MSN,aparc,0.5,Betweenness Centrality,lh_lateraloccipital,0.0,0.0,0.0
MSN,aparc,0.5,Betweenness Centrality,lh_lateralorbitofrontal,0.046822742474916385,0.0,-0.046822742474916385
MSN,aparc,0.5,Betweenness Centrality,lh_lingual,0.1705685618729097,0.3762541806020067,0.20568561872909702
MSN,aparc,0.5,Betweenness Centrality,lh_medialorbitofrontal,0.010033444816053512,0.0,-0.010033444816053512
MSN,aparc,0.5,Betweenness Centrality,lh_middletemporal,0.016722408026755852,0.12876254180602006,0.11204013377926421
MSN,aparc,0.5,Betweenness Centrality,lh_parahippocampal,0.0,0.020066889632107024,0.020066889632107024
MSN,aparc,0.5,Betweenness Centrality,lh_paracentral,0.0,0.0,0.0
MSN,aparc,0.5,Betweenness Centrality,lh_parsopercularis,0.19732441471571907,0.13712374581939799,-0.060200668896321086
MSN,aparc,0.5,Betweenness Centrality,lh_parsorbitalis,0.0,0.0,0.0
MSN,aparc,0.5,Betweenness Centrality,lh_parstriangularis,0.0,0.0,0.0
MSN,aparc,0.5,Betweenness Centrality,lh_pericalcarine,0.9080267558528428,1.0,0.09197324414715724
MSN,aparc,0.5,Betweenness Centrality,lh_postcentral,0.0,0.051839464882943144,0.051839464882943144
MSN,aparc,0.5,Betweenness Centrality,lh_posteriorcingulate,0.0,0.09364548494983277,0.09364548494983277
MSN,aparc,0.5,Betweenness Centrality,lh_precentral,0.04013377926421405,0.0,-0.04013377926421405
MSN,aparc,0.5,Betweenness Centrality,lh_precuneus,0.0,0.0,0.0
MSN,aparc,0.5,Betweenness Centrality,lh_rostralanteriorcingulate,0.3695652173913043,0.40468227424749165,0.03511705685618732
MSN,aparc,0.5,Betweenness Centrality,lh_rostralmiddlefrontal,0.0,0.0,0.0
MSN,aparc,0.5,Betweenness Centrality,lh_superiorfrontal,0.342809364548495,0.4698996655518395,0.1270903010033445
MSN,aparc,0.5,Betweenness Centrality,lh_superiorparietal,0.026755852842809364,0.0,-0.026755852842809364
MSN,aparc,0.5,Betweenness Centrality,lh_superiortemporal,0.0,0.0016722408026755853,0.0016722408026755853
MSN,aparc,0.5,Betweenness Centrality,lh_supramarginal,0.008361204013377926,0.0033444816053511705,-0.005016722408026756
MSN,aparc,0.5,Betweenness Centrality,lh_frontalpole,0.005016722408026756,0.0,-0.005016722408026756
MSN,aparc,0.5,Betweenness Centrality,lh_temporalpole,0.07692307692307693,0.0,-0.07692307692307693
MSN,aparc,0.5,Betweenness Centrality,lh_transversetemporal,0.0,0.048494983277591976,0.048494983277591976
MSN,aparc,0.5,Betweenness Centrality,lh_insula,0.11705685618729098,0.020066889632107024,-0.09698996655518395
MSN,aparc,0.5,Betweenness Centrality,rh_bankssts,0.006688963210702341,0.0,-0.006688963210702341
MSN,aparc,0.5,Betweenness Centrality,rh_caudalanteriorcingulate,0.21906354515050167,0.04013377926421405,-0.17892976588628762
MSN,aparc,0.5,Betweenness Centrality,rh_caudalmiddlefrontal,0.0,0.043478260869565216,0.043478260869565216
MSN,aparc,0.5,Betweenness Centrality,rh_cuneus,0.1588628762541806,0.11204013377926421,-0.0468227424749164
MSN,aparc,0.5,Betweenness Centrality,rh_entorhinal,0.23076923076923078,0.08862876254180602,-0.14214046822742477
MSN,aparc,0.5,Betweenness Centrality,rh_fusiform,0.05852842809364549,0.0,-0.05852842809364549
MSN,aparc,0.5,Betweenness Centrality,rh_inferiorparietal,0.0,0.0,0.0
MSN,aparc,0.5,Betweenness Centrality,rh_inferiortemporal,0.3093645484949833,0.0,-0.3093645484949833
MSN,aparc,0.5,Betweenness Centrality,rh_isthmuscingulate,0.0,0.0,0.0
MSN,aparc,0.5,Betweenness Centrality,rh_lateraloccipital,0.0,0.0,0.0
MSN,aparc,0.5,Betweenness Centrality,rh_lateralorbitofrontal,0.05016722408026756,0.08193979933110368,0.03177257525083612
MSN,aparc,0.5,Betweenness Centrality,rh_lingual,0.005016722408026756,0.005016722408026756,0.0
MSN,aparc,0.5,Betweenness Centrality,rh_medialorbitofrontal,0.08862876254180602,0.028428093645484948,-0.06020066889632107
MSN,aparc,0.5,Betweenness Centrality,rh_middletemporal,0.1705685618729097,0.0,-0.1705685618729097
MSN,aparc,0.5,Betweenness Centrality,rh_parahippocampal,0.0,0.0,0.0
MSN,aparc,0.5,Betweenness Centrality,rh_paracentral,0.0,0.0,0.0
MSN,aparc,0.5,Betweenness Centrality,rh_parsopercularis,0.0,0.0,0.0
MSN,aparc,0.5,Betweenness Centrality,rh_parsorbitalis,0.0,0.0,0.0
MSN,aparc,0.5,Betweenness Centrality,rh_parstriangularis,0.0,0.0,0.0
MSN,aparc,0.5,Betweenness Centrality,rh_pericalcarine,0.015050167224080268,0.0,-0.015050167224080268
MSN,aparc,0.5,Betweenness Centrality,rh_postcentral,0.0016722408026755853,0.05518394648829431,0.05351170568561873
MSN,aparc,0.5,Betweenness Centrality,rh_posteriorcingulate,0.25752508361204013,0.5083612040133779,0.2508361204013378
MSN,aparc,0.5,Betweenness Centrality,rh_precentral,0.0,0.0,0.0
MSN,aparc,0.5,Betweenness Centrality,rh_precuneus,0.08528428093645485,0.0,-0.08528428093645485
MSN,aparc,0.5,Betweenness Centrality,rh_rostralanteriorcingulate,0.0,0.016722408026755852,0.016722408026755852
MSN,aparc,0.5,Betweenness Centrality,rh_rostralmiddlefrontal,0.011705685618729096,0.05016722408026756,0.038461538461538464
MSN,aparc,0.5,Betweenness Centrality,rh_superiorfrontal,0.09197324414715718,0.030100334448160536,-0.06187290969899665
MSN,aparc,0.5,Betweenness Centrality,rh_superiorparietal,0.026755852842809364,0.0,-0.026755852842809364
MSN,aparc,0.5,Betweenness Centrality,rh_superiortemporal,0.0,0.0,0.0
MSN,aparc,0.5,Betweenness Centrality,rh_supramarginal,0.0,0.0,0.0
MSN,aparc,0.5,Betweenness Centrality,rh_frontalpole,0.0,0.0,0.0
MSN,aparc,0.5,Betweenness Centrality,rh_temporalpole,0.02508361204013378,0.0,-0.02508361204013378
MSN,aparc,0.5,Betweenness Centrality,rh_transversetemporal,0.0,0.0,0.0
MSN,aparc,0.5,Betweenness Centrality,rh_insula,0.0,0.0,0.0
MSN,aparc,0.5,Eigenvector Centrality,lh_bankssts,0.9819881772488734,0.9773021364230845,-0.00468604082578894
MSN,aparc,0.5,Eigenvector Centrality,lh_caudalanteriorcingulate,0.9799089432258199,0.9840641914803404,0.004155248254520516
MSN,aparc,0.5,Eigenvector Centrality,lh_caudalmiddlefrontal,0.9189908707442098,0.921101925444817,0.002111054700607129
MSN,aparc,0.5,Eigenvector Centrality,lh_cuneus,0.08847204816257592,0.0658638452847909,-0.02260820287778502
MSN,aparc,0.5,Eigenvector Centrality,lh_entorhinal,0.27989992419365706,0.2600070184996391,-0.01989290569401797
MSN,aparc,0.5,Eigenvector Centrality,lh_fusiform,0.01192766685290099,0.23577951779446651,0.2238518509415655
MSN,aparc,0.5,Eigenvector Centrality,lh_inferiorparietal,0.09205765311932317,0.06329034246247087,-0.0287673106568523
MSN,aparc,0.5,Eigenvector Centrality,lh_inferiortemporal,0.08801400539946411,0.06305319483380864,-0.024960810565655467
MSN,aparc,0.5,Eigenvector Centrality,lh_isthmuscingulate,0.9408350915818016,0.9332506604821611,-0.007584431099640465
MSN,aparc,0.5,Eigenvector Centrality,lh_lateraloccipital,0.09206166679400782,0.06490051369310985,-0.027161153100897964
MSN,aparc,0.5,Eigenvector Centrality,lh_lateralorbitofrontal,0.23804248622294075,0.36666928208228683,0.12862679585934608
MSN,aparc,0.5,Eigenvector Centrality,lh_lingual,0.08658471087553099,0.06665692044761191,-0.019927790427919076
MSN,aparc,0.5,Eigenvector Centrality,lh_medialorbitofrontal,0.0,0.028003488168720947,0.028003488168720947
MSN,aparc,0.5,Eigenvector Centrality,lh_middletemporal,0.09849868994655436,0.06406283758763358,-0.034435852358920785
MSN,aparc,0.5,Eigenvector Centrality,lh_parahippocampal,0.8957661665803364,0.8942081251056817,-0.001558041474654659
MSN,aparc,0.5,Eigenvector Centrality,lh_paracentral,0.9391257604587551,0.9546126698517013,0.01548690939294628
MSN,aparc,0.5,Eigenvector Centrality,lh_parsopercularis,0.8312936496156279,0.8617433594144532,0.03044970979882533
MSN,aparc,0.5,Eigenvector Centrality,lh_parsorbitalis,0.19052119525908826,0.15809064340771356,-0.032430551851374695
MSN,aparc,0.5,Eigenvector Centrality,lh_parstriangularis,0.9130597963881248,0.916352923016757,0.003293126628632126
MSN,aparc,0.5,Eigenvector Centrality,lh_pericalcarine,0.3084586590051452,0.3244985534954104,0.016039894490265216
MSN,aparc,0.5,Eigenvector Centrality,lh_postcentral,0.09592854669356184,0.06932324854180637,-0.02660529815175547
MSN,aparc,0.5,Eigenvector Centrality,lh_posteriorcingulate,0.9609553286688938,0.9489833851494789,-0.011971943519414885
MSN,aparc,0.5,Eigenvector Centrality,lh_precentral,0.08973241262359213,0.06111462082340186,-0.028617791800190272
MSN,aparc,0.5,Eigenvector Centrality,lh_precuneus,0.09979542088667927,0.06392678845799006,-0.03586863242868921
MSN,aparc,0.5,Eigenvector Centrality,lh_rostralanteriorcingulate,0.883940429391444,0.9253769315052671,0.041436502113823104
MSN,aparc,0.5,Eigenvector Centrality,lh_rostralmiddlefrontal,0.09237972517653557,0.06365503839341205,-0.028724686783123524
MSN,aparc,0.5,Eigenvector Centrality,lh_superiorfrontal,0.0865829520213302,0.058362844964404935,-0.02822010705692527
MSN,aparc,0.5,Eigenvector Centrality,lh_superiorparietal,0.0961222326690179,0.0673581154964845,-0.028764117172533396
MSN,aparc,0.5,Eigenvector Centrality,lh_superiortemporal,0.08077075953000717,0.053277550719794994,-0.02749320881021218
MSN,aparc,0.5,Eigenvector Centrality,lh_supramarginal,0.08428507983201917,0.05681390022389212,-0.027471179608127054
MSN,aparc,0.5,Eigenvector Centrality,lh_frontalpole,0.13449462522117497,0.08872438301044618,-0.0457702422107288
MSN,aparc,0.5,Eigenvector Centrality,lh_temporalpole,0.21032483854997208,0.18723539541536147,-0.023089443134610615
MSN,aparc,0.5,Eigenvector Centrality,lh_transversetemporal,0.9839397953134617,0.9663208285819851,-0.01761896673147656
MSN,aparc,0.5,Eigenvector Centrality,lh_insula,0.9496419412452098,0.9707313493600961,0.021089408114886243
MSN,aparc,0.5,Eigenvector Centrality,rh_bankssts,1.0,0.9953834647355914,-0.004616535264408639
MSN,aparc,0.5,Eigenvector Centrality,rh_caudalanteriorcingulate,0.9293564536059107,0.9237263763288472,-0.005630077277063439
MSN,aparc,0.5,Eigenvector Centrality,rh_caudalmiddlefrontal,0.7815180903829662,0.9105288202330105,0.12901072985004436
MSN,aparc,0.5,Eigenvector Centrality,rh_cuneus,0.09306854823619892,0.06884371475053777,-0.02422483348566115
MSN,aparc,0.5,Eigenvector Centrality,rh_entorhinal,0.34288531288792756,0.25694564712426404,-0.08593966576366352
MSN,aparc,0.5,Eigenvector Centrality,rh_fusiform,0.402378913009104,0.2112606324026499,-0.1911182806064541
MSN,aparc,0.5,Eigenvector Centrality,rh_inferiorparietal,0.0907117182148592,0.06213008284132764,-0.028581635373531554
MSN,aparc,0.5,Eigenvector Centrality,rh_inferiortemporal,0.09037849962671082,0.05952210766361107,-0.030856391963099757
MSN,aparc,0.5,Eigenvector Centrality,rh_isthmuscingulate,0.9216668594145201,0.9310728470928314,0.009405987678311356
MSN,aparc,0.5,Eigenvector Centrality,rh_lateraloccipital,0.0921301944910034,0.06378933476676492,-0.028340859724238485
MSN,aparc,0.5,Eigenvector Centrality,rh_lateralorbitofrontal,0.5168505888442386,0.537768600739025,0.02091801189478637
MSN,aparc,0.5,Eigenvector Centrality,rh_lingual,0.08898132416237442,0.06752976466955667,-0.021451559492817754
MSN,aparc,0.5,Eigenvector Centrality,rh_medialorbitofrontal,0.038542683820280615,0.03450155130215397,-0.004041132518126649
MSN,aparc,0.5,Eigenvector Centrality,rh_middletemporal,0.08985724574700898,0.06345343656542443,-0.026403809181584553
MSN,aparc,0.5,Eigenvector Centrality,rh_parahippocampal,0.951435309330926,0.9671034246927303,0.015668115361804236
MSN,aparc,0.5,Eigenvector Centrality,rh_paracentral,0.9680969598146238,0.9770780653647512,0.008981105550127322
MSN,aparc,0.5,Eigenvector Centrality,rh_parsopercularis,0.9553689522674588,0.9066694888365886,-0.04869946343087017
MSN,aparc,0.5,Eigenvector Centrality,rh_parsorbitalis,0.184748440519031,0.11733696357827098,-0.06741147694076002
MSN,aparc,0.5,Eigenvector Centrality,rh_parstriangularis,0.8964289547111242,0.8568416244743599,-0.039587330236764307
MSN,aparc,0.5,Eigenvector Centrality,rh_pericalcarine,0.2392577775344372,0.22949758370625403,-0.009760193828183161
MSN,aparc,0.5,Eigenvector Centrality,rh_postcentral,0.09425417953957993,0.06975348108455383,-0.0245006984550261
MSN,aparc,0.5,Eigenvector Centrality,rh_posteriorcingulate,0.9243095882366047,0.9497527417555841,0.02544315351897941
MSN,aparc,0.5,Eigenvector Centrality,rh_precentral,0.0921138124072891,0.06368304796908143,-0.028430764438207662
MSN,aparc,0.5,Eigenvector Centrality,rh_precuneus,0.08733858153381881,0.06443601706959867,-0.022902564464220135
MSN,aparc,0.5,Eigenvector Centrality,rh_rostralanteriorcingulate,0.9736271313335645,0.9681363030326104,-0.005490828300954043
MSN,aparc,0.5,Eigenvector Centrality,rh_rostralmiddlefrontal,0.09395852134199584,0.06614500912905173,-0.027813512212944105
MSN,aparc,0.5,Eigenvector Centrality,rh_superiorfrontal,0.08627399285316789,0.05835312370337281,-0.02792086914979508
MSN,aparc,0.5,Eigenvector Centrality,rh_superiorparietal,0.09553044761926743,0.06636265920837914,-0.029167788410888296
MSN,aparc,0.5,Eigenvector Centrality,rh_superiortemporal,0.09594288671621147,0.0914361475107961,-0.004506739205415375
MSN,aparc,0.5,Eigenvector Centrality,rh_supramarginal,0.04276741919393989,0.029078141777483246,-0.013689277416456647
MSN,aparc,0.5,Eigenvector Centrality,rh_frontalpole,0.11369760053177196,0.07113063219276629,-0.04256696833900567
MSN,aparc,0.5,Eigenvector Centrality,rh_temporalpole,0.22826110380105646,0.20298295201435143,-0.025278151786705033
MSN,aparc,0.5,Eigenvector Centrality,rh_transversetemporal,0.9830248397376702,0.9662847921384825,-0.01674004759918768
MSN,aparc,0.5,Eigenvector Centrality,rh_insula,0.9887629647584273,0.9838843595150205,-0.004878605243406775
MSN,aparc,0.5,Node Degree,lh_bankssts,0.3684210526315789,0.42105263157894735,0.05263157894736842
MSN,aparc,0.5,Node Degree,lh_caudalanteriorcingulate,0.3684210526315789,0.5263157894736842,0.15789473684210525
MSN,aparc,0.5,Node Degree,lh_caudalmiddlefrontal,0.47368421052631576,0.47368421052631576,0.0
MSN,aparc,0.5,Node Degree,lh_cuneus,0.15789473684210525,0.21052631578947367,0.05263157894736842
MSN,aparc,0.5,Node Degree,lh_entorhinal,0.47368421052631576,0.47368421052631576,0.0
MSN,aparc,0.5,Node Degree,lh_fusiform,0.2631578947368421,0.8947368421052632,0.631578947368421
MSN,aparc,0.5,Node Degree,lh_inferiorparietal,0.42105263157894735,0.3157894736842105,-0.10526315789473684
MSN,aparc,0.5,Node Degree,lh_inferiortemporal,0.5263157894736842,0.42105263157894735,-0.10526315789473684
MSN,aparc,0.5,Node Degree,lh_isthmuscingulate,0.3684210526315789,0.42105263157894735,0.05263157894736842
MSN,aparc,0.5,Node Degree,lh_lateraloccipital,0.3684210526315789,0.42105263157894735,0.05263157894736842
MSN,aparc,0.5,Node Degree,lh_lateralorbitofrontal,0.8421052631578947,0.7368421052631579,-0.10526315789473684
MSN,aparc,0.5,Node Degree,lh_lingual,0.15789473684210525,0.15789473684210525,0.0
MSN,aparc,0.5,Node Degree,lh_medialorbitofrontal,0.3157894736842105,0.7368421052631579,0.42105263157894735
MSN,aparc,0.5,Node Degree,lh_middletemporal,0.2631578947368421,0.2631578947368421,0.0
MSN,aparc,0.5,Node Degree,lh_parahippocampal,0.7368421052631579,0.6842105263157895,-0.05263157894736836
MSN,aparc,0.5,Node Degree,lh_paracentral,0.631578947368421,0.631578947368421,0.0
MSN,aparc,0.5,Node Degree,lh_parsopercularis,0.7894736842105263,0.7368421052631579,-0.052631578947368474
MSN,aparc,0.5,Node Degree,lh_parsorbitalis,0.3684210526315789,0.15789473684210525,-0.21052631578947367
MSN,aparc,0.5,Node Degree,lh_parstriangularis,0.5263157894736842,0.631578947368421,0.10526315789473684
MSN,aparc,0.5,Node Degree,lh_pericalcarine,0.8421052631578947,1.0,0.1578947368421053
MSN,aparc,0.5,Node Degree,lh_postcentral,0.3684210526315789,0.15789473684210525,-0.21052631578947367
MSN,aparc,0.5,Node Degree,lh_posteriorcingulate,0.3684210526315789,0.47368421052631576,0.10526315789473684
MSN,aparc,0.5,Node Degree,lh_precentral,0.47368421052631576,0.47368421052631576,0.0
MSN,aparc,0.5,Node Degree,lh_precuneus,0.42105263157894735,0.3157894736842105,-0.10526315789473684
MSN,aparc,0.5,Node Degree,lh_rostralanteriorcingulate,0.7894736842105263,0.7894736842105263,0.0
MSN,aparc,0.5,Node Degree,lh_rostralmiddlefrontal,0.42105263157894735,0.47368421052631576,0.05263157894736842
MSN,aparc,0.5,Node Degree,lh_superiorfrontal,0.631578947368421,0.5263157894736842,-0.10526315789473684
MSN,aparc,0.5,Node Degree,lh_superiorparietal,0.3684210526315789,0.3684210526315789,0.0
MSN,aparc,0.5,Node Degree,lh_superiortemporal,0.47368421052631576,0.3157894736842105,-0.15789473684210525
MSN,aparc,0.5,Node Degree,lh_supramarginal,0.47368421052631576,0.47368421052631576,0.0
MSN,aparc,0.5,Node Degree,lh_frontalpole,0.21052631578947367,0.0,-0.21052631578947367
MSN,aparc,0.5,Node Degree,lh_temporalpole,0.3684210526315789,0.15789473684210525,-0.21052631578947367
MSN,aparc,0.5,Node Degree,lh_transversetemporal,0.42105263157894735,0.42105263157894735,0.0
MSN,aparc,0.5,Node Degree,lh_insula,0.42105263157894735,0.42105263157894735,0.0
MSN,aparc,0.5,Node Degree,rh_bankssts,0.47368421052631576,0.5263157894736842,0.05263157894736842
MSN,aparc,0.5,Node Degree,rh_caudalanteriorcingulate,0.42105263157894735,0.5263157894736842,0.10526315789473684
MSN,aparc,0.5,Node Degree,rh_caudalmiddlefrontal,0.3684210526315789,0.5263157894736842,0.15789473684210525
MSN,aparc,0.5,Node Degree,rh_cuneus,0.15789473684210525,0.15789473684210525,0.0
MSN,aparc,0.5,Node Degree,rh_entorhinal,0.7368421052631579,0.5263157894736842,-0.21052631578947367
MSN,aparc,0.5,Node Degree,rh_fusiform,0.6842105263157895,0.5263157894736842,-0.1578947368421053
MSN,aparc,0.5,Node Degree,rh_inferiorparietal,0.42105263157894735,0.47368421052631576,0.05263157894736842
MSN,aparc,0.5,Node Degree,rh_inferiortemporal,0.47368421052631576,0.47368421052631576,0.0
MSN,aparc,0.5,Node Degree,rh_isthmuscingulate,0.3684210526315789,0.42105263157894735,0.05263157894736842
MSN,aparc,0.5,Node Degree,rh_lateraloccipital,0.42105263157894735,0.42105263157894735,0.0
MSN,aparc,0.5,Node Degree,rh_lateralorbitofrontal,0.631578947368421,0.631578947368421,0.0
MSN,aparc,0.5,Node Degree,rh_lingual,0.15789473684210525,0.15789473684210525,0.0
MSN,aparc,0.5,Node Degree,rh_medialorbitofrontal,0.631578947368421,0.3157894736842105,-0.3157894736842105
MSN,aparc,0.5,Node Degree,rh_middletemporal,0.5263157894736842,0.3157894736842105,-0.21052631578947367
MSN,aparc,0.5,Node Degree,rh_parahippocampal,0.5789473684210527,0.5789473684210527,0.0
MSN,aparc,0.5,Node Degree,rh_paracentral,0.631578947368421,0.6842105263157895,0.052631578947368474
MSN,aparc,0.5,Node Degree,rh_parsopercularis,0.5789473684210527,0.6842105263157895,0.10526315789473684
MSN,aparc,0.5,Node Degree,rh_parsorbitalis,0.3684210526315789,0.21052631578947367,-0.15789473684210525
MSN,aparc,0.5,Node Degree,rh_parstriangularis,0.5789473684210527,0.5263157894736842,-0.052631578947368474
MSN,aparc,0.5,Node Degree,rh_pericalcarine,0.7368421052631579,0.9473684210526315,0.21052631578947367
MSN,aparc,0.5,Node Degree,rh_postcentral,0.3684210526315789,0.10526315789473684,-0.2631578947368421
MSN,aparc,0.5,Node Degree,rh_posteriorcingulate,0.42105263157894735,0.47368421052631576,0.05263157894736842
MSN,aparc,0.5,Node Degree,rh_precentral,0.47368421052631576,0.3684210526315789,-0.10526315789473684
MSN,aparc,0.5,Node Degree,rh_precuneus,0.21052631578947367,0.21052631578947367,0.0
MSN,aparc,0.5,Node Degree,rh_rostralanteriorcingulate,0.5789473684210527,0.6842105263157895,0.10526315789473684
MSN,aparc,0.5,Node Degree,rh_rostralmiddlefrontal,0.3684210526315789,0.42105263157894735,0.05263157894736842
MSN,aparc,0.5,Node Degree,rh_superiorfrontal,0.631578947368421,0.47368421052631576,-0.15789473684210525
MSN,aparc,0.5,Node Degree,rh_superiorparietal,0.3684210526315789,0.3684210526315789,0.0
MSN,aparc,0.5,Node Degree,rh_superiortemporal,0.2631578947368421,0.21052631578947367,-0.05263157894736842
MSN,aparc,0.5,Node Degree,rh_supramarginal,0.42105263157894735,0.47368421052631576,0.05263157894736842
MSN,aparc,0.5,Node Degree,rh_frontalpole,0.15789473684210525,0.05263157894736842,-0.10526315789473684
MSN,aparc,0.5,Node Degree,rh_temporalpole,0.2631578947368421,0.21052631578947367,-0.05263157894736842
MSN,aparc,0.5,Node Degree,rh_transversetemporal,0.3684210526315789,0.42105263157894735,0.05263157894736842
MSN,aparc,0.5,Node Degree,rh_insula,0.42105263157894735,0.5263157894736842,0.10526315789473684
MSN,aparc,0.6,Participation Coefficient,lh_bankssts,0.10169575715182182,0.10603093083843909,0.004335173686617275
MSN,aparc,0.6,Participation Coefficient,lh_caudalanteriorcingulate,0.10038859905991855,0.09489191753177365,-0.005496681528144906
MSN,aparc,0.6,Participation Coefficient,lh_caudalmiddlefrontal,0.09611608270987637,0.08554422153606131,-0.010571861173815061
MSN,aparc,0.6,Participation Coefficient,lh_cuneus,0.0,0.02057396783776386,0.02057396783776386
MSN,aparc,0.6,Participation Coefficient,lh_entorhinal,0.7399604232235509,0.7422891934438814,0.0023287702203305116
MSN,aparc,0.6,Participation Coefficient,lh_fusiform,1.0,0.351461209459945,-0.648538790540055
MSN,aparc,0.6,Participation Coefficient,lh_inferiorparietal,0.15529255953558002,0.03886428840027178,-0.11642827113530824
MSN,aparc,0.6,Participation Coefficient,lh_inferiortemporal,0.7671049091697841,0.7598306378484659,-0.007274271321318193
MSN,aparc,0.6,Participation Coefficient,lh_isthmuscingulate,0.10336784730390323,0.10628675450822973,0.0029189072043264985
MSN,aparc,0.6,Participation Coefficient,lh_lateraloccipital,0.15617047460428393,0.06785666218711504,-0.08831381241716889
MSN,aparc,0.6,Participation Coefficient,lh_lateralorbitofrontal,0.6338085147016121,0.5951117078205774,-0.03869680688103472
MSN,aparc,0.6,Participation Coefficient,lh_lingual,0.0,0.014130884229946522,0.014130884229946522
MSN,aparc,0.6,Participation Coefficient,lh_medialorbitofrontal,0.9544389084813539,0.8397247394702847,-0.11471416901106923
MSN,aparc,0.6,Participation Coefficient,lh_middletemporal,0.47916568004758897,0.5378587257672567,0.058693045719667714
MSN,aparc,0.6,Participation Coefficient,lh_parahippocampal,0.3843399067354484,0.3375814562066806,-0.04675845052876776
MSN,aparc,0.6,Participation Coefficient,lh_paracentral,0.2336712818039866,0.20489278721602325,-0.02877849458796336
MSN,aparc,0.6,Participation Coefficient,lh_parsopercularis,0.5689725137050888,0.4370966074162283,-0.13187590628886053
MSN,aparc,0.6,Participation Coefficient,lh_parsorbitalis,0.518313440008286,0.49298944493611674,-0.025323995072169314
MSN,aparc,0.6,Participation Coefficient,lh_parstriangularis,0.19979565283013503,0.23523142990289697,0.03543577707276194
MSN,aparc,0.6,Participation Coefficient,lh_pericalcarine,0.8141917439184209,0.8392903181231357,0.02509857420471484
MSN,aparc,0.6,Participation Coefficient,lh_postcentral,0.07842915675827505,0.007531452601815591,-0.07089770415645946
MSN,aparc,0.6,Participation Coefficient,lh_posteriorcingulate,0.1361221242297697,0.14060871845363707,0.0044865942238673795
MSN,aparc,0.6,Participation Coefficient,lh_precentral,0.2902538323563335,0.22886920464694413,-0.06138462770938938
MSN,aparc,0.6,Participation Coefficient,lh_precuneus,0.14417627597194532,0.02366494939687701,-0.12051132657506831
MSN,aparc,0.6,Participation Coefficient,lh_rostralanteriorcingulate,0.5032898900285684,0.3796782163979234,-0.12361167363064501
MSN,aparc,0.6,Participation Coefficient,lh_rostralmiddlefrontal,0.1951429049839897,0.19338035253118366,-0.0017625524528060432
MSN,aparc,0.6,Participation Coefficient,lh_superiorfrontal,0.560223568793153,0.5396955255250925,-0.02052804326806057
MSN,aparc,0.6,Participation Coefficient,lh_superiorparietal,0.1060366569714704,0.06403411470769041,-0.04200254226377999
MSN,aparc,0.6,Participation Coefficient,lh_superiortemporal,0.7921647661089471,0.656812393939977,-0.13535237216897011
MSN,aparc,0.6,Participation Coefficient,lh_supramarginal,0.48502362862043863,0.3860011761231999,-0.09902245249723873
MSN,aparc,0.6,Participation Coefficient,lh_frontalpole,0.3707754436554494,0.3287993969850102,-0.04197604667043919
MSN,aparc,0.6,Participation Coefficient,lh_temporalpole,0.5722441709628622,0.5822958837654975,0.010051712802635282
MSN,aparc,0.6,Participation Coefficient,lh_transversetemporal,0.10113751972371751,0.10280524265927707,0.0016677229355595569
MSN,aparc,0.6,Participation Coefficient,lh_insula,0.1279779650833919,0.09935772684618856,-0.028620238237203346
MSN,aparc,0.6,Participation Coefficient,rh_bankssts,0.10132353550195956,0.09623332757802741,-0.005090207923932152
MSN,aparc,0.6,Participation Coefficient,rh_caudalanteriorcingulate,0.1849326061396165,0.1547349482532012,-0.03019765788641532
MSN,aparc,0.6,Participation Coefficient,rh_caudalmiddlefrontal,0.15443858545989092,0.08749099536702466,-0.06694759009286626
MSN,aparc,0.6,Participation Coefficient,rh_cuneus,0.0,0.01635529572598155,0.01635529572598155
MSN,aparc,0.6,Participation Coefficient,rh_entorhinal,0.8135531674068796,0.7396455217615872,-0.0739076456452924
MSN,aparc,0.6,Participation Coefficient,rh_fusiform,0.3454367233132116,0.17519899363635766,-0.17023772967685397
MSN,aparc,0.6,Participation Coefficient,rh_inferiorparietal,0.25836073888336447,0.23573767663020123,-0.02262306225316324
MSN,aparc,0.6,Participation Coefficient,rh_inferiortemporal,0.8230179406553908,0.6722919148337695,-0.1507260258216213
MSN,aparc,0.6,Participation Coefficient,rh_isthmuscingulate,0.1337592468187258,0.11698708277345236,-0.016772164045273444
MSN,aparc,0.6,Participation Coefficient,rh_lateraloccipital,0.16765114832453823,0.08958256724728164,-0.07806858107725659
MSN,aparc,0.6,Participation Coefficient,rh_lateralorbitofrontal,0.2614800219767108,0.14195039810587431,-0.11952962387083646
MSN,aparc,0.6,Participation Coefficient,rh_lingual,0.0,0.013523513293681328,0.013523513293681328
MSN,aparc,0.6,Participation Coefficient,rh_medialorbitofrontal,0.42755950512693663,0.08282237962014433,-0.3447371255067923
MSN,aparc,0.6,Participation Coefficient,rh_middletemporal,0.6822164946547273,0.5742316948688712,-0.10798479978585618
MSN,aparc,0.6,Participation Coefficient,rh_parahippocampal,0.22703142417992614,0.1528203364332974,-0.07421108774662874
MSN,aparc,0.6,Participation Coefficient,rh_paracentral,0.13229421805912853,0.13871279988326252,0.00641858182413399
MSN,aparc,0.6,Participation Coefficient,rh_parsopercularis,0.2657468320819651,0.3305223535841128,0.06477552150214771
MSN,aparc,0.6,Participation Coefficient,rh_parsorbitalis,0.4975220524083205,0.3867665362512157,-0.11075551615710477
MSN,aparc,0.6,Participation Coefficient,rh_parstriangularis,0.14380612942919338,0.09497993374602957,-0.048826195683163806
MSN,aparc,0.6,Participation Coefficient,rh_pericalcarine,0.6806672706306722,0.7004037419264161,0.01973647129574385
MSN,aparc,0.6,Participation Coefficient,rh_postcentral,0.0770204368979551,0.0,-0.0770204368979551
MSN,aparc,0.6,Participation Coefficient,rh_posteriorcingulate,0.1852989822667614,0.14430853873390728,-0.04099044353285411
MSN,aparc,0.6,Participation Coefficient,rh_precentral,0.19483855066165404,0.17721794299527663,-0.017620607666377408
MSN,aparc,0.6,Participation Coefficient,rh_precuneus,0.034976341224652964,0.00960484121773756,-0.025371500006915404
MSN,aparc,0.6,Participation Coefficient,rh_rostralanteriorcingulate,0.2503126487767905,0.22780220835504697,-0.02251044042174352
MSN,aparc,0.6,Participation Coefficient,rh_rostralmiddlefrontal,0.1424867257612426,0.07683482018362064,-0.06565190557762196
MSN,aparc,0.6,Participation Coefficient,rh_superiorfrontal,0.5175131426294898,0.4958098661888436,-0.02170327644064618
MSN,aparc,0.6,Participation Coefficient,rh_superiorparietal,0.09812533560943909,0.10253558816449092,0.004410252555051827
MSN,aparc,0.6,Participation Coefficient,rh_superiortemporal,0.4924508919627471,0.44739613574576703,-0.045054756216980074
MSN,aparc,0.6,Participation Coefficient,rh_supramarginal,0.4370968421685847,0.4504327029276592,0.013335860759074503
MSN,aparc,0.6,Participation Coefficient,rh_frontalpole,0.37261458135975983,0.3506166611737158,-0.021997920186044018
MSN,aparc,0.6,Participation Coefficient,rh_temporalpole,0.6272685756213437,0.6264918214288949,-0.0007767541924488253
MSN,aparc,0.6,Participation Coefficient,rh_transversetemporal,0.1016321927817019,0.11682334009736509,0.015191147315663192
MSN,aparc,0.6,Participation Coefficient,rh_insula,0.10573067691185963,0.10043290042651447,-0.005297776485345157
MSN,aparc,0.6,Node Versatility,lh_bankssts,0.14238700989738956,0.06326749968272607,-0.07911951021466349
MSN,aparc,0.6,Node Versatility,lh_caudalanteriorcingulate,0.019047145328825243,0.1423974847268943,0.12335033939806907
MSN,aparc,0.6,Node Versatility,lh_caudalmiddlefrontal,0.16656807383820138,0.079091759320685,-0.08747631451751638
MSN,aparc,0.6,Node Versatility,lh_cuneus,0.9536492205035164,0.7559755887329005,-0.19767363177061592
MSN,aparc,0.6,Node Versatility,lh_entorhinal,0.22496248110444328,0.21473976591634544,-0.010222715188097836
MSN,aparc,0.6,Node Versatility,lh_fusiform,0.22496248110444328,0.9980943216645265,0.7731318405600832
MSN,aparc,0.6,Node Versatility,lh_inferiorparietal,0.2731592817867235,0.23690081728255397,-0.03625846450416953
MSN,aparc,0.6,Node Versatility,lh_inferiortemporal,0.22965039179407706,0.21473976591634544,-0.01491062587773162
MSN,aparc,0.6,Node Versatility,lh_isthmuscingulate,0.026401907100480838,0.06272697321455661,0.03632506611407578
MSN,aparc,0.6,Node Versatility,lh_lateraloccipital,0.2731592817867235,0.23690081728255397,-0.03625846450416953
MSN,aparc,0.6,Node Versatility,lh_lateralorbitofrontal,0.0,0.2754538379272372,0.2754538379272372
MSN,aparc,0.6,Node Versatility,lh_lingual,0.9536492205035164,0.7559755887329005,-0.19767363177061592
MSN,aparc,0.6,Node Versatility,lh_medialorbitofrontal,0.06453716842674241,0.22678293916632006,0.16224577073957763
MSN,aparc,0.6,Node Versatility,lh_middletemporal,0.22496248110444328,0.21473976591634544,-0.010222715188097836
MSN,aparc,0.6,Node Versatility,lh_parahippocampal,0.0,0.636424176454522,0.636424176454522
MSN,aparc,0.6,Node Versatility,lh_paracentral,0.0,0.04628444095584563,0.04628444095584563
MSN,aparc,0.6,Node Versatility,lh_parsopercularis,0.0,0.4550661435915021,0.4550661435915021
MSN,aparc,0.6,Node Versatility,lh_parsorbitalis,0.22496248110444328,0.21473976591634544,-0.010222715188097836
MSN,aparc,0.6,Node Versatility,lh_parstriangularis,0.07188635091322015,0.2754406257946375,0.20355427488141736
MSN,aparc,0.6,Node Versatility,lh_pericalcarine,0.5572972180959765,0.5182156606351381,-0.03908155746083841
MSN,aparc,0.6,Node Versatility,lh_postcentral,0.2731592817867235,0.23690081728255397,-0.03625846450416953
MSN,aparc,0.6,Node Versatility,lh_posteriorcingulate,0.05368489971175221,0.06326749968272607,0.009582599970973868
MSN,aparc,0.6,Node Versatility,lh_precentral,0.2731592817867235,0.23690081728255397,-0.03625846450416953
MSN,aparc,0.6,Node Versatility,lh_precuneus,0.9536492205035164,0.7559755887329005,-0.19767363177061592
MSN,aparc,0.6,Node Versatility,lh_rostralanteriorcingulate,0.0,0.5192537958830459,0.5192537958830459
MSN,aparc,0.6,Node Versatility,lh_rostralmiddlefrontal,0.2731592817867235,0.23690081728255397,-0.03625846450416953
MSN,aparc,0.6,Node Versatility,lh_superiorfrontal,0.29291112428732896,0.30024752378599806,0.0073363994986690995
MSN,aparc,0.6,Node Versatility,lh_superiorparietal,0.2731592817867235,0.23690081728255397,-0.03625846450416953
MSN,aparc,0.6,Node Versatility,lh_superiortemporal,0.22965039179407706,0.21473976591634544,-0.01491062587773162
MSN,aparc,0.6,Node Versatility,lh_supramarginal,0.29291112428732896,0.2534693873539936,-0.03944173693333536
MSN,aparc,0.6,Node Versatility,lh_frontalpole,0.22496248110444328,0.21473976591634544,-0.010222715188097836
MSN,aparc,0.6,Node Versatility,lh_temporalpole,0.22496248110444328,0.21473976591634544,-0.010222715188097836
MSN,aparc,0.6,Node Versatility,lh_transversetemporal,0.0,0.06272697321455661,0.06272697321455661
MSN,aparc,0.6,Node Versatility,lh_insula,0.026401907100480838,0.09484087984918517,0.06843897274870434
MSN,aparc,0.6,Node Versatility,rh_bankssts,0.0,0.07605960681194394,0.07605960681194394
MSN,aparc,0.6,Node Versatility,rh_caudalanteriorcingulate,0.05368489971175221,0.06326749968272607,0.009582599970973868
MSN,aparc,0.6,Node Versatility,rh_caudalmiddlefrontal,0.05368489971175221,0.079091759320685,0.025406859608932797
MSN,aparc,0.6,Node Versatility,rh_cuneus,0.7270187208052689,0.7559755887329005,0.028956867927631635
MSN,aparc,0.6,Node Versatility,rh_entorhinal,0.22496248110444328,0.21473976591634544,-0.010222715188097836
MSN,aparc,0.6,Node Versatility,rh_fusiform,0.0,1.0,1.0
MSN,aparc,0.6,Node Versatility,rh_inferiorparietal,0.2731592817867235,0.23690081728255397,-0.03625846450416953
MSN,aparc,0.6,Node Versatility,rh_inferiortemporal,0.22965039179407706,0.21473976591634544,-0.01491062587773162
MSN,aparc,0.6,Node Versatility,rh_isthmuscingulate,0.3061181123060042,0.06272697321455661,-0.2433911390914476
MSN,aparc,0.6,Node Versatility,rh_lateraloccipital,0.2731592817867235,0.23690081728255397,-0.03625846450416953
MSN,aparc,0.6,Node Versatility,rh_lateralorbitofrontal,0.0,0.4042885699414293,0.4042885699414293
MSN,aparc,0.6,Node Versatility,rh_lingual,0.9536492205035164,0.7559755887329005,-0.19767363177061592
MSN,aparc,0.6,Node Versatility,rh_medialorbitofrontal,0.3026376169310165,0.23690081728255397,-0.06573679964846252
MSN,aparc,0.6,Node Versatility,rh_middletemporal,0.22965039179407706,0.21473976591634544,-0.01491062587773162
MSN,aparc,0.6,Node Versatility,rh_parahippocampal,0.0,0.1598058895204499,0.1598058895204499
MSN,aparc,0.6,Node Versatility,rh_paracentral,0.0,0.03219791299985323,0.03219791299985323
MSN,aparc,0.6,Node Versatility,rh_parsopercularis,0.0,0.36904245795635376,0.36904245795635376
MSN,aparc,0.6,Node Versatility,rh_parsorbitalis,0.22496248110444328,0.21473976591634544,-0.010222715188097836
MSN,aparc,0.6,Node Versatility,rh_parstriangularis,0.0,0.21792167420770076,0.21792167420770076
MSN,aparc,0.6,Node Versatility,rh_pericalcarine,0.5572972180959765,0.5182156606351381,-0.03908155746083841
MSN,aparc,0.6,Node Versatility,rh_postcentral,0.2731592817867235,0.23690081728255397,-0.03625846450416953
MSN,aparc,0.6,Node Versatility,rh_posteriorcingulate,0.05368489971175221,0.06326749968272607,0.009582599970973868
MSN,aparc,0.6,Node Versatility,rh_precentral,0.2731592817867235,0.23690081728255397,-0.03625846450416953
MSN,aparc,0.6,Node Versatility,rh_precuneus,0.9536492205035164,0.7559755887329005,-0.19767363177061592
MSN,aparc,0.6,Node Versatility,rh_rostralanteriorcingulate,0.0,0.04628444095584563,0.04628444095584563
MSN,aparc,0.6,Node Versatility,rh_rostralmiddlefrontal,0.2731592817867235,0.23690081728255397,-0.03625846450416953
MSN,aparc,0.6,Node Versatility,rh_superiorfrontal,0.29291112428732896,0.30024752378599806,0.0073363994986690995
MSN,aparc,0.6,Node Versatility,rh_superiorparietal,0.2731592817867235,0.23690081728255397,-0.03625846450416953
MSN,aparc,0.6,Node Versatility,rh_superiortemporal,0.22496248110444328,0.21473976591634544,-0.010222715188097836
MSN,aparc,0.6,Node Versatility,rh_supramarginal,0.29291112428732896,0.30024752378599806,0.0073363994986690995
MSN,aparc,0.6,Node Versatility,rh_frontalpole,0.22496248110444328,0.21473976591634544,-0.010222715188097836
MSN,aparc,0.6,Node Versatility,rh_temporalpole,0.22496248110444328,0.21473976591634544,-0.010222715188097836
MSN,aparc,0.6,Node Versatility,rh_transversetemporal,0.019047145328825243,0.06326749968272607,0.04422035435390083
MSN,aparc,0.6,Node Versatility,rh_insula,0.04983519208003643,0.23481333903743445,0.18497814695739803
MSN,aparc,0.6,Node Strength,lh_bankssts,0.9363044762693927,0.9585071322444974,0.022202655975104624
MSN,aparc,0.6,Node Strength,lh_caudalanteriorcingulate,0.9346666495101569,0.966206591254646,0.03153994174448915
MSN,aparc,0.6,Node Strength,lh_caudalmiddlefrontal,0.8630607098671402,0.8892408620722343,0.026180152205094065
MSN,aparc,0.6,Node Strength,lh_cuneus,0.7100185104787374,0.7021655009594218,-0.007853009519315668
MSN,aparc,0.6,Node Strength,lh_entorhinal,0.6079147087530231,0.6153488012775051,0.007434092524482017
MSN,aparc,0.6,Node Strength,lh_fusiform,0.03926666213860906,0.20484330555124208,0.165576643412633
MSN,aparc,0.6,Node Strength,lh_inferiorparietal,0.8283828947901513,0.7913601943309941,-0.03702270045915712
MSN,aparc,0.6,Node Strength,lh_inferiortemporal,0.5996095220283633,0.5796338738397371,-0.019975648188626183
MSN,aparc,0.6,Node Strength,lh_isthmuscingulate,0.891190965096419,0.9228743475832788,0.03168338248685976
MSN,aparc,0.6,Node Strength,lh_lateraloccipital,0.8335461808024568,0.8255669031493033,-0.007979277653153538
MSN,aparc,0.6,Node Strength,lh_lateralorbitofrontal,0.23720363193709595,0.39682626313073616,0.1596226311936402
MSN,aparc,0.6,Node Strength,lh_lingual,0.6913969115295974,0.7178212291874004,0.026424317657803065
MSN,aparc,0.6,Node Strength,lh_medialorbitofrontal,0.020596939795426008,0.0,-0.020596939795426008
MSN,aparc,0.6,Node Strength,lh_middletemporal,0.5400133475215374,0.5352310600684994,-0.004782287453037992
MSN,aparc,0.6,Node Strength,lh_parahippocampal,0.9305787598903822,0.9492568002401213,0.018678040349739078
MSN,aparc,0.6,Node Strength,lh_paracentral,0.9246501249771575,0.9658931891744429,0.041243064197285406
MSN,aparc,0.6,Node Strength,lh_parsopercularis,0.9252662767552029,0.9416152073827206,0.016348930627517744
MSN,aparc,0.6,Node Strength,lh_parsorbitalis,0.5519912509883821,0.538675156526855,-0.01331609446152704
MSN,aparc,0.6,Node Strength,lh_parstriangularis,0.8843470798755131,0.9304361145933104,0.04608903471779735
MSN,aparc,0.6,Node Strength,lh_pericalcarine,0.580885146164522,0.6090197385010427,0.028134592336520714
MSN,aparc,0.6,Node Strength,lh_postcentral,0.8409127864447713,0.8419472192224199,0.0010344327776485862
MSN,aparc,0.6,Node Strength,lh_posteriorcingulate,0.9197917063032514,0.943156661832524,0.023364955529272646
MSN,aparc,0.6,Node Strength,lh_precentral,0.8330910264973447,0.8266899566918359,-0.006401069805508808
MSN,aparc,0.6,Node Strength,lh_precuneus,0.5876254771673444,0.647902608068209,0.06027713090086462
MSN,aparc,0.6,Node Strength,lh_rostralanteriorcingulate,0.9657164693560116,1.0,0.03428353064398837
MSN,aparc,0.6,Node Strength,lh_rostralmiddlefrontal,0.8416814827263491,0.8441032035312485,0.00242172080489933
MSN,aparc,0.6,Node Strength,lh_superiorfrontal,0.818458787970476,0.8132503487729525,-0.005208439197523451
MSN,aparc,0.6,Node Strength,lh_superiorparietal,0.8497943166891508,0.8478442847938042,-0.0019500318953465934
MSN,aparc,0.6,Node Strength,lh_superiortemporal,0.5683792819388156,0.4828967532211727,-0.08548252871764289
MSN,aparc,0.6,Node Strength,lh_supramarginal,0.803438723447619,0.799118009141178,-0.004320714306440987
MSN,aparc,0.6,Node Strength,lh_frontalpole,0.5174397153626824,0.5079995949931408,-0.00944012036954156
MSN,aparc,0.6,Node Strength,lh_temporalpole,0.5662565127944282,0.5631981116667654,-0.0030584011276628686
MSN,aparc,0.6,Node Strength,lh_transversetemporal,0.9393238967870658,0.9555385789087186,0.01621468212165278
MSN,aparc,0.6,Node Strength,lh_insula,0.9143845407231205,0.9594447772791519,0.04506023655603142
MSN,aparc,0.6,Node Strength,rh_bankssts,0.9574289991829962,0.9797658595046578,0.0223368603216616
MSN,aparc,0.6,Node Strength,rh_caudalanteriorcingulate,0.8963121401804633,0.9095617852175706,0.013249645037107238
MSN,aparc,0.6,Node Strength,rh_caudalmiddlefrontal,0.7277386679988999,0.8795211740624189,0.15178250606351906
MSN,aparc,0.6,Node Strength,rh_cuneus,0.7805004134016251,0.7844065751713262,0.0039061617697010442
MSN,aparc,0.6,Node Strength,rh_entorhinal,0.6507261693114785,0.6134214957568712,-0.037304673554607315
MSN,aparc,0.6,Node Strength,rh_fusiform,0.3763519641178402,0.16381771983597193,-0.2125342442818683
MSN,aparc,0.6,Node Strength,rh_inferiorparietal,0.83417681321146,0.8395314854896482,0.0053546722781881995
MSN,aparc,0.6,Node Strength,rh_inferiortemporal,0.6436013477966078,0.5244549021780601,-0.1191464456185477
MSN,aparc,0.6,Node Strength,rh_isthmuscingulate,0.879958620074835,0.9210898082166903,0.041131188141855235
MSN,aparc,0.6,Node Strength,rh_lateraloccipital,0.8368651720160382,0.819789492268495,-0.017075679747543204
MSN,aparc,0.6,Node Strength,rh_lateralorbitofrontal,0.49516911122227525,0.5236764652922753,0.028507354070000046
MSN,aparc,0.6,Node Strength,rh_lingual,0.7244698493388392,0.7521794980159977,0.027709648677158527
MSN,aparc,0.6,Node Strength,rh_medialorbitofrontal,0.4156614662468611,0.4958940302650972,0.08023256401823609
MSN,aparc,0.6,Node Strength,rh_middletemporal,0.5872823600957517,0.5368729154997122,-0.050409444596039577
MSN,aparc,0.6,Node Strength,rh_parahippocampal,0.9398059813735263,0.9712137366381208,0.031407755264594495
MSN,aparc,0.6,Node Strength,rh_paracentral,0.9305197988711889,0.9718118589210447,0.04129206004985586
MSN,aparc,0.6,Node Strength,rh_parsopercularis,0.9505488326229926,0.9502077081905026,-0.00034112443249001423
MSN,aparc,0.6,Node Strength,rh_parsorbitalis,0.5472387357353858,0.5137671541113747,-0.03347158162401109
MSN,aparc,0.6,Node Strength,rh_parstriangularis,0.8547662714282531,0.8324284746406823,-0.022337796787570863
MSN,aparc,0.6,Node Strength,rh_pericalcarine,0.5824826272618803,0.6028078310686878,0.02032520380680758
MSN,aparc,0.6,Node Strength,rh_postcentral,0.8259701042768078,0.8349722563100898,0.009002152033281918
MSN,aparc,0.6,Node Strength,rh_posteriorcingulate,0.8926582742767845,0.9417132498013853,0.04905497552460081
MSN,aparc,0.6,Node Strength,rh_precentral,0.8362002054477617,0.8414342272405669,0.005234021792805188
MSN,aparc,0.6,Node Strength,rh_precuneus,0.6370568102778452,0.6809054056719794,0.043848595394134215
MSN,aparc,0.6,Node Strength,rh_rostralanteriorcingulate,0.9687755413897864,0.9940186677965878,0.025243126406801375
MSN,aparc,0.6,Node Strength,rh_rostralmiddlefrontal,0.8431530542690437,0.8372242267659952,-0.005928827503048573
MSN,aparc,0.6,Node Strength,rh_superiorfrontal,0.8220164807666079,0.8173080070869408,-0.004708473679667091
MSN,aparc,0.6,Node Strength,rh_superiorparietal,0.8424551737605335,0.8493827186293049,0.006927544868771451
MSN,aparc,0.6,Node Strength,rh_superiortemporal,0.491532029398907,0.4682753935563131,-0.02325663584259391
MSN,aparc,0.6,Node Strength,rh_supramarginal,0.4397174104440253,0.47773175738975454,0.03801434694572925
MSN,aparc,0.6,Node Strength,rh_frontalpole,0.5145834472212305,0.4819562895614961,-0.032627157659734396
MSN,aparc,0.6,Node Strength,rh_temporalpole,0.5741400658506791,0.5733071330668584,-0.0008329327838206835
MSN,aparc,0.6,Node Strength,rh_transversetemporal,0.9374695586658823,0.953088693303543,0.015619134637660625
MSN,aparc,0.6,Node Strength,rh_insula,0.9483128374001596,0.9735534863883135,0.025240648988153924
MSN,aparc,0.6,Local Efficiency,lh_bankssts,0.8729671711897657,0.8408439140574254,-0.03212325713234032
MSN,aparc,0.6,Local Efficiency,lh_caudalanteriorcingulate,0.8732560571972571,0.7568974603879447,-0.11635859680931238
MSN,aparc,0.6,Local Efficiency,lh_caudalmiddlefrontal,0.7142455812468956,0.7641054999167782,0.0498599186698826
MSN,aparc,0.6,Local Efficiency,lh_cuneus,0.8118671857817558,0.7436418734901019,-0.06822531229165385
MSN,aparc,0.6,Local Efficiency,lh_entorhinal,0.40606782311814194,0.4229525427714504,0.016884719653308455
MSN,aparc,0.6,Local Efficiency,lh_fusiform,0.06554446092594131,0.17716958822625223,0.11162512730031092
MSN,aparc,0.6,Local Efficiency,lh_inferiorparietal,0.6866882023107612,0.7328287027343875,0.046140500423626274
MSN,aparc,0.6,Local Efficiency,lh_inferiortemporal,0.42351673000487605,0.43356746897578147,0.010050738970905415
MSN,aparc,0.6,Local Efficiency,lh_isthmuscingulate,0.8466389256519147,0.8291915067619623,-0.017447418889952382
MSN,aparc,0.6,Local Efficiency,lh_lateraloccipital,0.7399425057840846,0.665066759961014,-0.07487574582307055
MSN,aparc,0.6,Local Efficiency,lh_lateralorbitofrontal,0.19860616444675652,0.32588590790692556,0.12727974346016904
MSN,aparc,0.6,Local Efficiency,lh_lingual,0.795273320675752,0.8258000029992709,0.03052668232351896
MSN,aparc,0.6,Local Efficiency,lh_medialorbitofrontal,0.024258253378599843,0.0,-0.024258253378599843
MSN,aparc,0.6,Local Efficiency,lh_middletemporal,0.41712879915399104,0.4218335300637351,0.004704730909744048
MSN,aparc,0.6,Local Efficiency,lh_parahippocampal,0.6231997496645099,0.6720469372070477,0.04884718754253781
MSN,aparc,0.6,Local Efficiency,lh_paracentral,0.6697295628781407,0.6998762431647945,0.030146680286653793
MSN,aparc,0.6,Local Efficiency,lh_parsopercularis,0.5986444284844289,0.6380377007066245,0.039393272222195574
MSN,aparc,0.6,Local Efficiency,lh_parsorbitalis,0.38606269636382357,0.48575019351391324,0.09968749715008968
MSN,aparc,0.6,Local Efficiency,lh_parstriangularis,0.7247435254460376,0.6854966482179626,-0.03924687722807496
MSN,aparc,0.6,Local Efficiency,lh_pericalcarine,0.32039628585821084,0.31033035552735194,-0.010065930330858897
MSN,aparc,0.6,Local Efficiency,lh_postcentral,0.72636409340707,0.9361578609005122,0.20979376749344225
MSN,aparc,0.6,Local Efficiency,lh_posteriorcingulate,0.8562243866716448,0.7842473874270834,-0.07197699924456136
MSN,aparc,0.6,Local Efficiency,lh_precentral,0.6591134656489598,0.6495772148963421,-0.009536250752617659
MSN,aparc,0.6,Local Efficiency,lh_precuneus,0.5032129612951712,0.6153752386453686,0.11216227735019735
MSN,aparc,0.6,Local Efficiency,lh_rostralanteriorcingulate,0.6179017361372487,0.6257713653310188,0.0078696291937701
MSN,aparc,0.6,Local Efficiency,lh_rostralmiddlefrontal,0.7043005699899885,0.6584062250300449,-0.0458943449599436
MSN,aparc,0.6,Local Efficiency,lh_superiorfrontal,0.5445938612237272,0.6111816957291809,0.06658783450545369
MSN,aparc,0.6,Local Efficiency,lh_superiorparietal,0.7394814917251742,0.7287632973972171,-0.010718194327957065
MSN,aparc,0.6,Local Efficiency,lh_superiortemporal,0.4409607357285272,0.3947889767602624,-0.04617175896826475
MSN,aparc,0.6,Local Efficiency,lh_supramarginal,0.6387826030523096,0.6406798250970365,0.001897222044726865
MSN,aparc,0.6,Local Efficiency,lh_frontalpole,0.41092870174975477,0.5521573486913592,0.14122864694160447
MSN,aparc,0.6,Local Efficiency,lh_temporalpole,0.3977732302753223,0.5208762440915274,0.12310301381620514
MSN,aparc,0.6,Local Efficiency,lh_transversetemporal,0.8228891807464871,0.8466974510393702,0.023808270292883127
MSN,aparc,0.6,Local Efficiency,lh_insula,0.7931634462084216,0.8482617377035527,0.055098291495131124
MSN,aparc,0.6,Local Efficiency,rh_bankssts,0.7874308034340681,0.7696272447971155,-0.0178035586369526
MSN,aparc,0.6,Local Efficiency,rh_caudalanteriorcingulate,0.7911393837577694,0.7176195761405976,-0.0735198076171718
MSN,aparc,0.6,Local Efficiency,rh_caudalmiddlefrontal,0.7299332998319994,0.7073266270672597,-0.02260667276473971
MSN,aparc,0.6,Local Efficiency,rh_cuneus,0.8739572938556229,0.885120101170353,0.011162807314730072
MSN,aparc,0.6,Local Efficiency,rh_entorhinal,0.37119622031076527,0.3913795532302586,0.020183332919493313
MSN,aparc,0.6,Local Efficiency,rh_fusiform,0.3370390764266484,0.22244638881341514,-0.11459268761323324
MSN,aparc,0.6,Local Efficiency,rh_inferiorparietal,0.7084013869556919,0.6556193313379588,-0.05278205561773308
MSN,aparc,0.6,Local Efficiency,rh_inferiortemporal,0.48927641173280717,0.34488287970967124,-0.14439353202313593
MSN,aparc,0.6,Local Efficiency,rh_isthmuscingulate,0.8337528519552977,0.8277608243202236,-0.005992027635074115
MSN,aparc,0.6,Local Efficiency,rh_lateraloccipital,0.6942268790525788,0.6702187509193089,-0.024008128133269913
MSN,aparc,0.6,Local Efficiency,rh_lateralorbitofrontal,0.44101116353090997,0.4562358608694937,0.015224697338583726
MSN,aparc,0.6,Local Efficiency,rh_lingual,0.8261406604455288,0.857223504950989,0.031082844505460172
MSN,aparc,0.6,Local Efficiency,rh_medialorbitofrontal,0.34046678746283027,0.5371086132892876,0.19664182582645734
MSN,aparc,0.6,Local Efficiency,rh_middletemporal,0.3862805258737916,0.40422788342967714,0.017947357555885557
MSN,aparc,0.6,Local Efficiency,rh_parahippocampal,0.7172438981395575,0.7432958793650372,0.026051981225479692
MSN,aparc,0.6,Local Efficiency,rh_paracentral,0.6567584873365415,0.655571824680534,-0.001186662656007531
MSN,aparc,0.6,Local Efficiency,rh_parsopercularis,0.7286306550808318,0.6672806894205607,-0.061349965660271066
MSN,aparc,0.6,Local Efficiency,rh_parsorbitalis,0.380597445585296,0.40249517048346556,0.021897724898169546
MSN,aparc,0.6,Local Efficiency,rh_parstriangularis,0.6647336052241862,0.696976791788773,0.0322431865645868
MSN,aparc,0.6,Local Efficiency,rh_pericalcarine,0.36381693397502934,0.3162784359851438,-0.04753849798988552
MSN,aparc,0.6,Local Efficiency,rh_postcentral,0.7177615520312562,1.0,0.28223844796874376
MSN,aparc,0.6,Local Efficiency,rh_posteriorcingulate,0.7903240764774295,0.7836370641912273,-0.006687012286202276
MSN,aparc,0.6,Local Efficiency,rh_precentral,0.6556701786366211,0.7459654115204389,0.0902952328838178
MSN,aparc,0.6,Local Efficiency,rh_precuneus,0.6995087674137652,0.7356122325507686,0.036103465137003354
MSN,aparc,0.6,Local Efficiency,rh_rostralanteriorcingulate,0.7372275020540586,0.6732685949966962,-0.0639589070573624
MSN,aparc,0.6,Local Efficiency,rh_rostralmiddlefrontal,0.745048549591102,0.6777713829838081,-0.06727716660729388
MSN,aparc,0.6,Local Efficiency,rh_superiorfrontal,0.542932515706966,0.6501538358274755,0.10722132012050956
MSN,aparc,0.6,Local Efficiency,rh_superiorparietal,0.7299652868945055,0.7424203358869516,0.012455048992446094
MSN,aparc,0.6,Local Efficiency,rh_superiortemporal,0.3915888001038253,0.38956925823207866,-0.002019541871746633
MSN,aparc,0.6,Local Efficiency,rh_supramarginal,0.4518816200506312,0.44588110255570657,-0.00600051749492464
MSN,aparc,0.6,Local Efficiency,rh_frontalpole,0.43302635250380483,0.4886893908501224,0.055663038346317584
MSN,aparc,0.6,Local Efficiency,rh_temporalpole,0.4810356459982416,0.5017166990702274,0.02068105307198581
MSN,aparc,0.6,Local Efficiency,rh_transversetemporal,0.8748759227022583,0.8419520358745867,-0.03292388682767167
MSN,aparc,0.6,Local Efficiency,rh_insula,0.830320351084316,0.7624152981831996,-0.06790505290111637
MSN,aparc,0.6,Clustering Coefficient,lh_bankssts,0.8626120406240771,0.8360469579571352,-0.026565082666941908
MSN,aparc,0.6,Clustering Coefficient,lh_caudalanteriorcingulate,0.8628367506491903,0.7469019592904301,-0.11593479135876017
MSN,aparc,0.6,Clustering Coefficient,lh_caudalmiddlefrontal,0.7040927986918273,0.7550579661782464,0.050965167486419105
MSN,aparc,0.6,Clustering Coefficient,lh_cuneus,0.8085485013656976,0.7419597260679885,-0.06658877529770901
MSN,aparc,0.6,Clustering Coefficient,lh_entorhinal,0.34800851493794766,0.3558537477210443,0.007845232783096623
MSN,aparc,0.6,Clustering Coefficient,lh_fusiform,0.059987616158127,0.16406017802388553,0.10407256186575853
MSN,aparc,0.6,Clustering Coefficient,lh_inferiorparietal,0.667306012802913,0.7221461493424177,0.0548401365395047
MSN,aparc,0.6,Clustering Coefficient,lh_inferiortemporal,0.34932634704981314,0.36218827181419505,0.012861924764381916
MSN,aparc,0.6,Clustering Coefficient,lh_isthmuscingulate,0.8370038981820928,0.8221020594573144,-0.014901838724778349
MSN,aparc,0.6,Clustering Coefficient,lh_lateraloccipital,0.7188099002475479,0.6481023223646366,-0.07070757788291127
MSN,aparc,0.6,Clustering Coefficient,lh_lateralorbitofrontal,0.18078716425223418,0.2966687136705086,0.11588154941827444
MSN,aparc,0.6,Clustering Coefficient,lh_lingual,0.7924764570272477,0.8235381279954113,0.03106167096816359
MSN,aparc,0.6,Clustering Coefficient,lh_medialorbitofrontal,0.019098779331822125,0.0,-0.019098779331822125
MSN,aparc,0.6,Clustering Coefficient,lh_middletemporal,0.3659835466014033,0.36842099317159477,0.0024374465701914594
MSN,aparc,0.6,Clustering Coefficient,lh_parahippocampal,0.566705606847232,0.6178197034489704,0.05111409660173838
MSN,aparc,0.6,Clustering Coefficient,lh_paracentral,0.6307011770198754,0.6640107976068239,0.03330962058694853
MSN,aparc,0.6,Clustering Coefficient,lh_parsopercularis,0.5273529964611298,0.5753392736178621,0.047986277156732315
MSN,aparc,0.6,Clustering Coefficient,lh_parsorbitalis,0.342562790789548,0.43125587349695876,0.08869308270741078
MSN,aparc,0.6,Clustering Coefficient,lh_parstriangularis,0.6924238880979425,0.6437594061555445,-0.04866448194239803
MSN,aparc,0.6,Clustering Coefficient,lh_pericalcarine,0.23745524004692647,0.22860419506449883,-0.008851044982427642
MSN,aparc,0.6,Clustering Coefficient,lh_postcentral,0.7121824611361107,0.9328861899959136,0.22070372885980283
MSN,aparc,0.6,Clustering Coefficient,lh_posteriorcingulate,0.8386140783211748,0.77327045513872,-0.0653436231824549
MSN,aparc,0.6,Clustering Coefficient,lh_precentral,0.6284266630593116,0.6148811738027907,-0.013545489256520882
MSN,aparc,0.6,Clustering Coefficient,lh_precuneus,0.4638273580524754,0.5997944096283052,0.13596705157582983
MSN,aparc,0.6,Clustering Coefficient,lh_rostralanteriorcingulate,0.5476864585780244,0.5677765944360834,0.020090135858058966
MSN,aparc,0.6,Clustering Coefficient,lh_rostralmiddlefrontal,0.6785527959425107,0.6246008628149837,-0.053951933127526996
MSN,aparc,0.6,Clustering Coefficient,lh_superiorfrontal,0.4900626839931336,0.5452292485064829,0.055166564513349337
MSN,aparc,0.6,Clustering Coefficient,lh_superiorparietal,0.7228129725550699,0.7106695421500254,-0.012143430405044509
MSN,aparc,0.6,Clustering Coefficient,lh_superiortemporal,0.3682763331352831,0.3394809751877995,-0.028795357947483557
MSN,aparc,0.6,Clustering Coefficient,lh_supramarginal,0.5902119105765723,0.5900098632359441,-0.00020204734062823082
MSN,aparc,0.6,Clustering Coefficient,lh_frontalpole,0.3748955256937632,0.5006745594133262,0.12577903371956295
MSN,aparc,0.6,Clustering Coefficient,lh_temporalpole,0.35060232476328645,0.4583454059406538,0.10774308117736736
MSN,aparc,0.6,Clustering Coefficient,lh_transversetemporal,0.8107881194357531,0.8399550558680684,0.02916693643231527
MSN,aparc,0.6,Clustering Coefficient,lh_insula,0.7793990418546688,0.8414982507542915,0.062099208899622726
MSN,aparc,0.6,Clustering Coefficient,rh_bankssts,0.769658840876785,0.7569905579933651,-0.012668282883419923
MSN,aparc,0.6,Clustering Coefficient,rh_caudalanteriorcingulate,0.7617929940060192,0.6998516714531132,-0.061941322552905964
MSN,aparc,0.6,Clustering Coefficient,rh_caudalmiddlefrontal,0.7147925405605733,0.699713483756722,-0.015079056803851243
MSN,aparc,0.6,Clustering Coefficient,rh_cuneus,0.8689378275521167,0.8805357835697578,0.011597956017641131
MSN,aparc,0.6,Clustering Coefficient,rh_entorhinal,0.30963886694630927,0.32868129328050594,0.01904242633419667
MSN,aparc,0.6,Clustering Coefficient,rh_fusiform,0.31996732610335327,0.2357228337129227,-0.08424449239043055
MSN,aparc,0.6,Clustering Coefficient,rh_inferiorparietal,0.6767940317405359,0.6206616204139698,-0.0561324113265661
MSN,aparc,0.6,Clustering Coefficient,rh_inferiortemporal,0.4078024687916862,0.2898523777508628,-0.11795009104082338
MSN,aparc,0.6,Clustering Coefficient,rh_isthmuscingulate,0.8169121809016539,0.819956813940967,0.003044633039313127
MSN,aparc,0.6,Clustering Coefficient,rh_lateraloccipital,0.6725525985781461,0.6494894297294918,-0.023063168848654336
MSN,aparc,0.6,Clustering Coefficient,rh_lateralorbitofrontal,0.41976098075236545,0.44568551689826047,0.025924536145895016
MSN,aparc,0.6,Clustering Coefficient,rh_lingual,0.822226016693441,0.8540590217967812,0.031833005103340195
MSN,aparc,0.6,Clustering Coefficient,rh_medialorbitofrontal,0.31463356334734993,0.5326566233636184,0.21802306001626848
MSN,aparc,0.6,Clustering Coefficient,rh_middletemporal,0.32453666909743517,0.34995565069262274,0.025418981595187573
MSN,aparc,0.6,Clustering Coefficient,rh_parahippocampal,0.6802031157643005,0.7130162019864781,0.0328130862221776
MSN,aparc,0.6,Clustering Coefficient,rh_paracentral,0.6313910852256107,0.6296102535146012,-0.0017808317110095118
MSN,aparc,0.6,Clustering Coefficient,rh_parsopercularis,0.6849294998870693,0.6141748907335409,-0.07075460915352838
MSN,aparc,0.6,Clustering Coefficient,rh_parsorbitalis,0.33803685343094425,0.36202250627509314,0.023985652844148886
MSN,aparc,0.6,Clustering Coefficient,rh_parstriangularis,0.6398641852692105,0.6850515185110333,0.04518733324182278
MSN,aparc,0.6,Clustering Coefficient,rh_pericalcarine,0.2747987984238893,0.23579170680614076,-0.03900709161774857
MSN,aparc,0.6,Clustering Coefficient,rh_postcentral,0.7042531224845773,1.0,0.2957468775154227
MSN,aparc,0.6,Clustering Coefficient,rh_posteriorcingulate,0.7612595043072959,0.7713373382181954,0.010077833910899447
MSN,aparc,0.6,Clustering Coefficient,rh_precentral,0.6310516838867799,0.7157073370222481,0.08465565313546819
MSN,aparc,0.6,Clustering Coefficient,rh_precuneus,0.6817074278223977,0.7301248311658529,0.048417403343455234
MSN,aparc,0.6,Clustering Coefficient,rh_rostralanteriorcingulate,0.6945749653529163,0.6336154199953191,-0.06095954535759718
MSN,aparc,0.6,Clustering Coefficient,rh_rostralmiddlefrontal,0.724128680395045,0.6578141722577132,-0.06631450813733175
MSN,aparc,0.6,Clustering Coefficient,rh_superiorfrontal,0.4929560241163344,0.5859086355671742,0.09295261145083983
MSN,aparc,0.6,Clustering Coefficient,rh_superiorparietal,0.7155924567760378,0.7179919270748026,0.002399470298764861
MSN,aparc,0.6,Clustering Coefficient,rh_superiortemporal,0.34475189354181013,0.34536601558373825,0.0006141220419281224
MSN,aparc,0.6,Clustering Coefficient,rh_supramarginal,0.4339173991903162,0.41339203127748636,-0.02052536791282983
MSN,aparc,0.6,Clustering Coefficient,rh_frontalpole,0.394054427441703,0.4410228718157395,0.04696844437403652
MSN,aparc,0.6,Clustering Coefficient,rh_temporalpole,0.42435982820629914,0.4373069365162762,0.012947108309977085
MSN,aparc,0.6,Clustering Coefficient,rh_transversetemporal,0.8643157430983542,0.8357066310547743,-0.028609112043579965
MSN,aparc,0.6,Clustering Coefficient,rh_insula,0.8171557763550311,0.7517001364519673,-0.0654556399030638
MSN,aparc,0.6,Betweenness Centrality,lh_bankssts,0.0,0.0,0.0
MSN,aparc,0.6,Betweenness Centrality,lh_caudalanteriorcingulate,0.0,0.0,0.0
MSN,aparc,0.6,Betweenness Centrality,lh_caudalmiddlefrontal,0.0,0.0,0.0
MSN,aparc,0.6,Betweenness Centrality,lh_cuneus,0.2959866220735786,0.18729096989966554,-0.10869565217391308
MSN,aparc,0.6,Betweenness Centrality,lh_entorhinal,0.14381270903010032,0.44481605351170567,0.3010033444816054
MSN,aparc,0.6,Betweenness Centrality,lh_fusiform,0.0033444816053511705,0.0,-0.0033444816053511705
MSN,aparc,0.6,Betweenness Centrality,lh_inferiorparietal,0.0033444816053511705,0.010033444816053512,0.006688963210702342
MSN,aparc,0.6,Betweenness Centrality,lh_inferiortemporal,0.011705685618729096,0.3177257525083612,0.3060200668896321
MSN,aparc,0.6,Betweenness Centrality,lh_isthmuscingulate,0.0,0.0,0.0
MSN,aparc,0.6,Betweenness Centrality,lh_lateraloccipital,0.0,0.0,0.0
MSN,aparc,0.6,Betweenness Centrality,lh_lateralorbitofrontal,0.046822742474916385,0.0,-0.046822742474916385
MSN,aparc,0.6,Betweenness Centrality,lh_lingual,0.1705685618729097,0.3762541806020067,0.20568561872909702
MSN,aparc,0.6,Betweenness Centrality,lh_medialorbitofrontal,0.010033444816053512,0.0,-0.010033444816053512
MSN,aparc,0.6,Betweenness Centrality,lh_middletemporal,0.016722408026755852,0.12876254180602006,0.11204013377926421
MSN,aparc,0.6,Betweenness Centrality,lh_parahippocampal,0.0,0.020066889632107024,0.020066889632107024
MSN,aparc,0.6,Betweenness Centrality,lh_paracentral,0.0,0.0,0.0
MSN,aparc,0.6,Betweenness Centrality,lh_parsopercularis,0.19732441471571907,0.13712374581939799,-0.060200668896321086
MSN,aparc,0.6,Betweenness Centrality,lh_parsorbitalis,0.0,0.0,0.0
MSN,aparc,0.6,Betweenness Centrality,lh_parstriangularis,0.0,0.0,0.0
MSN,aparc,0.6,Betweenness Centrality,lh_pericalcarine,0.9080267558528428,1.0,0.09197324414715724
MSN,aparc,0.6,Betweenness Centrality,lh_postcentral,0.0,0.051839464882943144,0.051839464882943144
MSN,aparc,0.6,Betweenness Centrality,lh_posteriorcingulate,0.0,0.09364548494983277,0.09364548494983277
MSN,aparc,0.6,Betweenness Centrality,lh_precentral,0.04013377926421405,0.0,-0.04013377926421405
MSN,aparc,0.6,Betweenness Centrality,lh_precuneus,0.0,0.0,0.0
MSN,aparc,0.6,Betweenness Centrality,lh_rostralanteriorcingulate,0.3695652173913043,0.40468227424749165,0.03511705685618732
MSN,aparc,0.6,Betweenness Centrality,lh_rostralmiddlefrontal,0.0,0.0,0.0
MSN,aparc,0.6,Betweenness Centrality,lh_superiorfrontal,0.342809364548495,0.4698996655518395,0.1270903010033445
MSN,aparc,0.6,Betweenness Centrality,lh_superiorparietal,0.026755852842809364,0.0,-0.026755852842809364
MSN,aparc,0.6,Betweenness Centrality,lh_superiortemporal,0.0,0.0016722408026755853,0.0016722408026755853
MSN,aparc,0.6,Betweenness Centrality,lh_supramarginal,0.008361204013377926,0.0033444816053511705,-0.005016722408026756
MSN,aparc,0.6,Betweenness Centrality,lh_frontalpole,0.005016722408026756,0.0,-0.005016722408026756
MSN,aparc,0.6,Betweenness Centrality,lh_temporalpole,0.07692307692307693,0.0,-0.07692307692307693
MSN,aparc,0.6,Betweenness Centrality,lh_transversetemporal,0.0,0.048494983277591976,0.048494983277591976
MSN,aparc,0.6,Betweenness Centrality,lh_insula,0.11705685618729098,0.020066889632107024,-0.09698996655518395
MSN,aparc,0.6,Betweenness Centrality,rh_bankssts,0.006688963210702341,0.0,-0.006688963210702341
MSN,aparc,0.6,Betweenness Centrality,rh_caudalanteriorcingulate,0.21906354515050167,0.04013377926421405,-0.17892976588628762
MSN,aparc,0.6,Betweenness Centrality,rh_caudalmiddlefrontal,0.0,0.043478260869565216,0.043478260869565216
MSN,aparc,0.6,Betweenness Centrality,rh_cuneus,0.1588628762541806,0.11204013377926421,-0.0468227424749164
MSN,aparc,0.6,Betweenness Centrality,rh_entorhinal,0.23076923076923078,0.08862876254180602,-0.14214046822742477
MSN,aparc,0.6,Betweenness Centrality,rh_fusiform,0.05852842809364549,0.0,-0.05852842809364549
MSN,aparc,0.6,Betweenness Centrality,rh_inferiorparietal,0.0,0.0,0.0
MSN,aparc,0.6,Betweenness Centrality,rh_inferiortemporal,0.3093645484949833,0.0,-0.3093645484949833
MSN,aparc,0.6,Betweenness Centrality,rh_isthmuscingulate,0.0,0.0,0.0
MSN,aparc,0.6,Betweenness Centrality,rh_lateraloccipital,0.0,0.0,0.0
MSN,aparc,0.6,Betweenness Centrality,rh_lateralorbitofrontal,0.05016722408026756,0.08193979933110368,0.03177257525083612
MSN,aparc,0.6,Betweenness Centrality,rh_lingual,0.005016722408026756,0.005016722408026756,0.0
MSN,aparc,0.6,Betweenness Centrality,rh_medialorbitofrontal,0.08862876254180602,0.028428093645484948,-0.06020066889632107
MSN,aparc,0.6,Betweenness Centrality,rh_middletemporal,0.1705685618729097,0.0,-0.1705685618729097
MSN,aparc,0.6,Betweenness Centrality,rh_parahippocampal,0.0,0.0,0.0
MSN,aparc,0.6,Betweenness Centrality,rh_paracentral,0.0,0.0,0.0
MSN,aparc,0.6,Betweenness Centrality,rh_parsopercularis,0.0,0.0,0.0
MSN,aparc,0.6,Betweenness Centrality,rh_parsorbitalis,0.0,0.0,0.0
MSN,aparc,0.6,Betweenness Centrality,rh_parstriangularis,0.0,0.0,0.0
MSN,aparc,0.6,Betweenness Centrality,rh_pericalcarine,0.015050167224080268,0.0,-0.015050167224080268
MSN,aparc,0.6,Betweenness Centrality,rh_postcentral,0.0016722408026755853,0.05518394648829431,0.05351170568561873
MSN,aparc,0.6,Betweenness Centrality,rh_posteriorcingulate,0.25752508361204013,0.5083612040133779,0.2508361204013378
MSN,aparc,0.6,Betweenness Centrality,rh_precentral,0.0,0.0,0.0
MSN,aparc,0.6,Betweenness Centrality,rh_precuneus,0.08528428093645485,0.0,-0.08528428093645485
MSN,aparc,0.6,Betweenness Centrality,rh_rostralanteriorcingulate,0.0,0.016722408026755852,0.016722408026755852
MSN,aparc,0.6,Betweenness Centrality,rh_rostralmiddlefrontal,0.011705685618729096,0.05016722408026756,0.038461538461538464
MSN,aparc,0.6,Betweenness Centrality,rh_superiorfrontal,0.09197324414715718,0.030100334448160536,-0.06187290969899665
MSN,aparc,0.6,Betweenness Centrality,rh_superiorparietal,0.026755852842809364,0.0,-0.026755852842809364
MSN,aparc,0.6,Betweenness Centrality,rh_superiortemporal,0.0,0.0,0.0
MSN,aparc,0.6,Betweenness Centrality,rh_supramarginal,0.0,0.0,0.0
MSN,aparc,0.6,Betweenness Centrality,rh_frontalpole,0.0,0.0,0.0
MSN,aparc,0.6,Betweenness Centrality,rh_temporalpole,0.02508361204013378,0.0,-0.02508361204013378
MSN,aparc,0.6,Betweenness Centrality,rh_transversetemporal,0.0,0.0,0.0
MSN,aparc,0.6,Betweenness Centrality,rh_insula,0.0,0.0,0.0
MSN,aparc,0.6,Eigenvector Centrality,lh_bankssts,0.9819881772488734,0.9773021364230845,-0.00468604082578894
MSN,aparc,0.6,Eigenvector Centrality,lh_caudalanteriorcingulate,0.9799089432258199,0.9840641914803404,0.004155248254520516
MSN,aparc,0.6,Eigenvector Centrality,lh_caudalmiddlefrontal,0.9189908707442098,0.921101925444817,0.002111054700607129
MSN,aparc,0.6,Eigenvector Centrality,lh_cuneus,0.08847204816257592,0.0658638452847909,-0.02260820287778502
MSN,aparc,0.6,Eigenvector Centrality,lh_entorhinal,0.27989992419365706,0.2600070184996391,-0.01989290569401797
MSN,aparc,0.6,Eigenvector Centrality,lh_fusiform,0.01192766685290099,0.23577951779446651,0.2238518509415655
MSN,aparc,0.6,Eigenvector Centrality,lh_inferiorparietal,0.09205765311932317,0.06329034246247087,-0.0287673106568523
MSN,aparc,0.6,Eigenvector Centrality,lh_inferiortemporal,0.08801400539946411,0.06305319483380864,-0.024960810565655467
MSN,aparc,0.6,Eigenvector Centrality,lh_isthmuscingulate,0.9408350915818016,0.9332506604821611,-0.007584431099640465
MSN,aparc,0.6,Eigenvector Centrality,lh_lateraloccipital,0.09206166679400782,0.06490051369310985,-0.027161153100897964
MSN,aparc,0.6,Eigenvector Centrality,lh_lateralorbitofrontal,0.23804248622294075,0.36666928208228683,0.12862679585934608
MSN,aparc,0.6,Eigenvector Centrality,lh_lingual,0.08658471087553099,0.06665692044761191,-0.019927790427919076
MSN,aparc,0.6,Eigenvector Centrality,lh_medialorbitofrontal,0.0,0.028003488168720947,0.028003488168720947
MSN,aparc,0.6,Eigenvector Centrality,lh_middletemporal,0.09849868994655436,0.06406283758763358,-0.034435852358920785
MSN,aparc,0.6,Eigenvector Centrality,lh_parahippocampal,0.8957661665803364,0.8942081251056817,-0.001558041474654659
MSN,aparc,0.6,Eigenvector Centrality,lh_paracentral,0.9391257604587551,0.9546126698517013,0.01548690939294628
MSN,aparc,0.6,Eigenvector Centrality,lh_parsopercularis,0.8312936496156279,0.8617433594144532,0.03044970979882533
MSN,aparc,0.6,Eigenvector Centrality,lh_parsorbitalis,0.19052119525908826,0.15809064340771356,-0.032430551851374695
MSN,aparc,0.6,Eigenvector Centrality,lh_parstriangularis,0.9130597963881248,0.916352923016757,0.003293126628632126
MSN,aparc,0.6,Eigenvector Centrality,lh_pericalcarine,0.3084586590051452,0.3244985534954104,0.016039894490265216
MSN,aparc,0.6,Eigenvector Centrality,lh_postcentral,0.09592854669356184,0.06932324854180637,-0.02660529815175547
MSN,aparc,0.6,Eigenvector Centrality,lh_posteriorcingulate,0.9609553286688938,0.9489833851494789,-0.011971943519414885
MSN,aparc,0.6,Eigenvector Centrality,lh_precentral,0.08973241262359213,0.06111462082340186,-0.028617791800190272
MSN,aparc,0.6,Eigenvector Centrality,lh_precuneus,0.09979542088667927,0.06392678845799006,-0.03586863242868921
MSN,aparc,0.6,Eigenvector Centrality,lh_rostralanteriorcingulate,0.883940429391444,0.9253769315052671,0.041436502113823104
MSN,aparc,0.6,Eigenvector Centrality,lh_rostralmiddlefrontal,0.09237972517653557,0.06365503839341205,-0.028724686783123524
MSN,aparc,0.6,Eigenvector Centrality,lh_superiorfrontal,0.0865829520213302,0.058362844964404935,-0.02822010705692527
MSN,aparc,0.6,Eigenvector Centrality,lh_superiorparietal,0.0961222326690179,0.0673581154964845,-0.028764117172533396
MSN,aparc,0.6,Eigenvector Centrality,lh_superiortemporal,0.08077075953000717,0.053277550719794994,-0.02749320881021218
MSN,aparc,0.6,Eigenvector Centrality,lh_supramarginal,0.08428507983201917,0.05681390022389212,-0.027471179608127054
MSN,aparc,0.6,Eigenvector Centrality,lh_frontalpole,0.13449462522117497,0.08872438301044618,-0.0457702422107288
MSN,aparc,0.6,Eigenvector Centrality,lh_temporalpole,0.21032483854997208,0.18723539541536147,-0.023089443134610615
MSN,aparc,0.6,Eigenvector Centrality,lh_transversetemporal,0.9839397953134617,0.9663208285819851,-0.01761896673147656
MSN,aparc,0.6,Eigenvector Centrality,lh_insula,0.9496419412452098,0.9707313493600961,0.021089408114886243
MSN,aparc,0.6,Eigenvector Centrality,rh_bankssts,1.0,0.9953834647355914,-0.004616535264408639
MSN,aparc,0.6,Eigenvector Centrality,rh_caudalanteriorcingulate,0.9293564536059107,0.9237263763288472,-0.005630077277063439
MSN,aparc,0.6,Eigenvector Centrality,rh_caudalmiddlefrontal,0.7815180903829662,0.9105288202330105,0.12901072985004436
MSN,aparc,0.6,Eigenvector Centrality,rh_cuneus,0.09306854823619892,0.06884371475053777,-0.02422483348566115
MSN,aparc,0.6,Eigenvector Centrality,rh_entorhinal,0.34288531288792756,0.25694564712426404,-0.08593966576366352
MSN,aparc,0.6,Eigenvector Centrality,rh_fusiform,0.402378913009104,0.2112606324026499,-0.1911182806064541
MSN,aparc,0.6,Eigenvector Centrality,rh_inferiorparietal,0.0907117182148592,0.06213008284132764,-0.028581635373531554
MSN,aparc,0.6,Eigenvector Centrality,rh_inferiortemporal,0.09037849962671082,0.05952210766361107,-0.030856391963099757
MSN,aparc,0.6,Eigenvector Centrality,rh_isthmuscingulate,0.9216668594145201,0.9310728470928314,0.009405987678311356
MSN,aparc,0.6,Eigenvector Centrality,rh_lateraloccipital,0.0921301944910034,0.06378933476676492,-0.028340859724238485
MSN,aparc,0.6,Eigenvector Centrality,rh_lateralorbitofrontal,0.5168505888442386,0.537768600739025,0.02091801189478637
MSN,aparc,0.6,Eigenvector Centrality,rh_lingual,0.08898132416237442,0.06752976466955667,-0.021451559492817754
MSN,aparc,0.6,Eigenvector Centrality,rh_medialorbitofrontal,0.038542683820280615,0.03450155130215397,-0.004041132518126649
MSN,aparc,0.6,Eigenvector Centrality,rh_middletemporal,0.08985724574700898,0.06345343656542443,-0.026403809181584553
MSN,aparc,0.6,Eigenvector Centrality,rh_parahippocampal,0.951435309330926,0.9671034246927303,0.015668115361804236
MSN,aparc,0.6,Eigenvector Centrality,rh_paracentral,0.9680969598146238,0.9770780653647512,0.008981105550127322
MSN,aparc,0.6,Eigenvector Centrality,rh_parsopercularis,0.9553689522674588,0.9066694888365886,-0.04869946343087017
MSN,aparc,0.6,Eigenvector Centrality,rh_parsorbitalis,0.184748440519031,0.11733696357827098,-0.06741147694076002
MSN,aparc,0.6,Eigenvector Centrality,rh_parstriangularis,0.8964289547111242,0.8568416244743599,-0.039587330236764307
MSN,aparc,0.6,Eigenvector Centrality,rh_pericalcarine,0.2392577775344372,0.22949758370625403,-0.009760193828183161
MSN,aparc,0.6,Eigenvector Centrality,rh_postcentral,0.09425417953957993,0.06975348108455383,-0.0245006984550261
MSN,aparc,0.6,Eigenvector Centrality,rh_posteriorcingulate,0.9243095882366047,0.9497527417555841,0.02544315351897941
MSN,aparc,0.6,Eigenvector Centrality,rh_precentral,0.0921138124072891,0.06368304796908143,-0.028430764438207662
MSN,aparc,0.6,Eigenvector Centrality,rh_precuneus,0.08733858153381881,0.06443601706959867,-0.022902564464220135
MSN,aparc,0.6,Eigenvector Centrality,rh_rostralanteriorcingulate,0.9736271313335645,0.9681363030326104,-0.005490828300954043
MSN,aparc,0.6,Eigenvector Centrality,rh_rostralmiddlefrontal,0.09395852134199584,0.06614500912905173,-0.027813512212944105
MSN,aparc,0.6,Eigenvector Centrality,rh_superiorfrontal,0.08627399285316789,0.05835312370337281,-0.02792086914979508
MSN,aparc,0.6,Eigenvector Centrality,rh_superiorparietal,0.09553044761926743,0.06636265920837914,-0.029167788410888296
MSN,aparc,0.6,Eigenvector Centrality,rh_superiortemporal,0.09594288671621147,0.0914361475107961,-0.004506739205415375
MSN,aparc,0.6,Eigenvector Centrality,rh_supramarginal,0.04276741919393989,0.029078141777483246,-0.013689277416456647
MSN,aparc,0.6,Eigenvector Centrality,rh_frontalpole,0.11369760053177196,0.07113063219276629,-0.04256696833900567
MSN,aparc,0.6,Eigenvector Centrality,rh_temporalpole,0.22826110380105646,0.20298295201435143,-0.025278151786705033
MSN,aparc,0.6,Eigenvector Centrality,rh_transversetemporal,0.9830248397376702,0.9662847921384825,-0.01674004759918768
MSN,aparc,0.6,Eigenvector Centrality,rh_insula,0.9887629647584273,0.9838843595150205,-0.004878605243406775
MSN,aparc,0.6,Node Degree,lh_bankssts,0.3684210526315789,0.42105263157894735,0.05263157894736842
MSN,aparc,0.6,Node Degree,lh_caudalanteriorcingulate,0.3684210526315789,0.5263157894736842,0.15789473684210525
MSN,aparc,0.6,Node Degree,lh_caudalmiddlefrontal,0.47368421052631576,0.47368421052631576,0.0
MSN,aparc,0.6,Node Degree,lh_cuneus,0.15789473684210525,0.21052631578947367,0.05263157894736842
MSN,aparc,0.6,Node Degree,lh_entorhinal,0.47368421052631576,0.47368421052631576,0.0
MSN,aparc,0.6,Node Degree,lh_fusiform,0.2631578947368421,0.8947368421052632,0.631578947368421
MSN,aparc,0.6,Node Degree,lh_inferiorparietal,0.42105263157894735,0.3157894736842105,-0.10526315789473684
MSN,aparc,0.6,Node Degree,lh_inferiortemporal,0.5263157894736842,0.42105263157894735,-0.10526315789473684
MSN,aparc,0.6,Node Degree,lh_isthmuscingulate,0.3684210526315789,0.42105263157894735,0.05263157894736842
MSN,aparc,0.6,Node Degree,lh_lateraloccipital,0.3684210526315789,0.42105263157894735,0.05263157894736842
MSN,aparc,0.6,Node Degree,lh_lateralorbitofrontal,0.8421052631578947,0.7368421052631579,-0.10526315789473684
MSN,aparc,0.6,Node Degree,lh_lingual,0.15789473684210525,0.15789473684210525,0.0
MSN,aparc,0.6,Node Degree,lh_medialorbitofrontal,0.3157894736842105,0.7368421052631579,0.42105263157894735
MSN,aparc,0.6,Node Degree,lh_middletemporal,0.2631578947368421,0.2631578947368421,0.0
MSN,aparc,0.6,Node Degree,lh_parahippocampal,0.7368421052631579,0.6842105263157895,-0.05263157894736836
MSN,aparc,0.6,Node Degree,lh_paracentral,0.631578947368421,0.631578947368421,0.0
MSN,aparc,0.6,Node Degree,lh_parsopercularis,0.7894736842105263,0.7368421052631579,-0.052631578947368474
MSN,aparc,0.6,Node Degree,lh_parsorbitalis,0.3684210526315789,0.15789473684210525,-0.21052631578947367
MSN,aparc,0.6,Node Degree,lh_parstriangularis,0.5263157894736842,0.631578947368421,0.10526315789473684
MSN,aparc,0.6,Node Degree,lh_pericalcarine,0.8421052631578947,1.0,0.1578947368421053
MSN,aparc,0.6,Node Degree,lh_postcentral,0.3684210526315789,0.15789473684210525,-0.21052631578947367
MSN,aparc,0.6,Node Degree,lh_posteriorcingulate,0.3684210526315789,0.47368421052631576,0.10526315789473684
MSN,aparc,0.6,Node Degree,lh_precentral,0.47368421052631576,0.47368421052631576,0.0
MSN,aparc,0.6,Node Degree,lh_precuneus,0.42105263157894735,0.3157894736842105,-0.10526315789473684
MSN,aparc,0.6,Node Degree,lh_rostralanteriorcingulate,0.7894736842105263,0.7894736842105263,0.0
MSN,aparc,0.6,Node Degree,lh_rostralmiddlefrontal,0.42105263157894735,0.47368421052631576,0.05263157894736842
MSN,aparc,0.6,Node Degree,lh_superiorfrontal,0.631578947368421,0.5263157894736842,-0.10526315789473684
MSN,aparc,0.6,Node Degree,lh_superiorparietal,0.3684210526315789,0.3684210526315789,0.0
MSN,aparc,0.6,Node Degree,lh_superiortemporal,0.47368421052631576,0.3157894736842105,-0.15789473684210525
MSN,aparc,0.6,Node Degree,lh_supramarginal,0.47368421052631576,0.47368421052631576,0.0
MSN,aparc,0.6,Node Degree,lh_frontalpole,0.21052631578947367,0.0,-0.21052631578947367
MSN,aparc,0.6,Node Degree,lh_temporalpole,0.3684210526315789,0.15789473684210525,-0.21052631578947367
MSN,aparc,0.6,Node Degree,lh_transversetemporal,0.42105263157894735,0.42105263157894735,0.0
MSN,aparc,0.6,Node Degree,lh_insula,0.42105263157894735,0.42105263157894735,0.0
MSN,aparc,0.6,Node Degree,rh_bankssts,0.47368421052631576,0.5263157894736842,0.05263157894736842
MSN,aparc,0.6,Node Degree,rh_caudalanteriorcingulate,0.42105263157894735,0.5263157894736842,0.10526315789473684
MSN,aparc,0.6,Node Degree,rh_caudalmiddlefrontal,0.3684210526315789,0.5263157894736842,0.15789473684210525
MSN,aparc,0.6,Node Degree,rh_cuneus,0.15789473684210525,0.15789473684210525,0.0
MSN,aparc,0.6,Node Degree,rh_entorhinal,0.7368421052631579,0.5263157894736842,-0.21052631578947367
MSN,aparc,0.6,Node Degree,rh_fusiform,0.6842105263157895,0.5263157894736842,-0.1578947368421053
MSN,aparc,0.6,Node Degree,rh_inferiorparietal,0.42105263157894735,0.47368421052631576,0.05263157894736842
MSN,aparc,0.6,Node Degree,rh_inferiortemporal,0.47368421052631576,0.47368421052631576,0.0
MSN,aparc,0.6,Node Degree,rh_isthmuscingulate,0.3684210526315789,0.42105263157894735,0.05263157894736842
MSN,aparc,0.6,Node Degree,rh_lateraloccipital,0.42105263157894735,0.42105263157894735,0.0
MSN,aparc,0.6,Node Degree,rh_lateralorbitofrontal,0.631578947368421,0.631578947368421,0.0
MSN,aparc,0.6,Node Degree,rh_lingual,0.15789473684210525,0.15789473684210525,0.0
MSN,aparc,0.6,Node Degree,rh_medialorbitofrontal,0.631578947368421,0.3157894736842105,-0.3157894736842105
MSN,aparc,0.6,Node Degree,rh_middletemporal,0.5263157894736842,0.3157894736842105,-0.21052631578947367
MSN,aparc,0.6,Node Degree,rh_parahippocampal,0.5789473684210527,0.5789473684210527,0.0
MSN,aparc,0.6,Node Degree,rh_paracentral,0.631578947368421,0.6842105263157895,0.052631578947368474
MSN,aparc,0.6,Node Degree,rh_parsopercularis,0.5789473684210527,0.6842105263157895,0.10526315789473684
MSN,aparc,0.6,Node Degree,rh_parsorbitalis,0.3684210526315789,0.21052631578947367,-0.15789473684210525
MSN,aparc,0.6,Node Degree,rh_parstriangularis,0.5789473684210527,0.5263157894736842,-0.052631578947368474
MSN,aparc,0.6,Node Degree,rh_pericalcarine,0.7368421052631579,0.9473684210526315,0.21052631578947367
MSN,aparc,0.6,Node Degree,rh_postcentral,0.3684210526315789,0.10526315789473684,-0.2631578947368421
MSN,aparc,0.6,Node Degree,rh_posteriorcingulate,0.42105263157894735,0.47368421052631576,0.05263157894736842
MSN,aparc,0.6,Node Degree,rh_precentral,0.47368421052631576,0.3684210526315789,-0.10526315789473684
MSN,aparc,0.6,Node Degree,rh_precuneus,0.21052631578947367,0.21052631578947367,0.0
MSN,aparc,0.6,Node Degree,rh_rostralanteriorcingulate,0.5789473684210527,0.6842105263157895,0.10526315789473684
MSN,aparc,0.6,Node Degree,rh_rostralmiddlefrontal,0.3684210526315789,0.42105263157894735,0.05263157894736842
MSN,aparc,0.6,Node Degree,rh_superiorfrontal,0.631578947368421,0.47368421052631576,-0.15789473684210525
MSN,aparc,0.6,Node Degree,rh_superiorparietal,0.3684210526315789,0.3684210526315789,0.0
MSN,aparc,0.6,Node Degree,rh_superiortemporal,0.2631578947368421,0.21052631578947367,-0.05263157894736842
MSN,aparc,0.6,Node Degree,rh_supramarginal,0.42105263157894735,0.47368421052631576,0.05263157894736842
MSN,aparc,0.6,Node Degree,rh_frontalpole,0.15789473684210525,0.05263157894736842,-0.10526315789473684
MSN,aparc,0.6,Node Degree,rh_temporalpole,0.2631578947368421,0.21052631578947367,-0.05263157894736842
MSN,aparc,0.6,Node Degree,rh_transversetemporal,0.3684210526315789,0.42105263157894735,0.05263157894736842
MSN,aparc,0.6,Node Degree,rh_insula,0.42105263157894735,0.5263157894736842,0.10526315789473684
MSN,aparc,0.7,Participation Coefficient,lh_bankssts,0.10169575715182182,0.10603093083843909,0.004335173686617275
MSN,aparc,0.7,Participation Coefficient,lh_caudalanteriorcingulate,0.10038859905991855,0.09489191753177365,-0.005496681528144906
MSN,aparc,0.7,Participation Coefficient,lh_caudalmiddlefrontal,0.09611608270987637,0.08554422153606131,-0.010571861173815061
MSN,aparc,0.7,Participation Coefficient,lh_cuneus,0.0,0.02057396783776386,0.02057396783776386
MSN,aparc,0.7,Participation Coefficient,lh_entorhinal,0.7399604232235509,0.7422891934438814,0.0023287702203305116
MSN,aparc,0.7,Participation Coefficient,lh_fusiform,1.0,0.351461209459945,-0.648538790540055
MSN,aparc,0.7,Participation Coefficient,lh_inferiorparietal,0.15529255953558002,0.03886428840027178,-0.11642827113530824
MSN,aparc,0.7,Participation Coefficient,lh_inferiortemporal,0.7671049091697841,0.7598306378484659,-0.007274271321318193
MSN,aparc,0.7,Participation Coefficient,lh_isthmuscingulate,0.10336784730390323,0.10628675450822973,0.0029189072043264985
MSN,aparc,0.7,Participation Coefficient,lh_lateraloccipital,0.15617047460428393,0.06785666218711504,-0.08831381241716889
MSN,aparc,0.7,Participation Coefficient,lh_lateralorbitofrontal,0.6338085147016121,0.5951117078205774,-0.03869680688103472
MSN,aparc,0.7,Participation Coefficient,lh_lingual,0.0,0.014130884229946522,0.014130884229946522
MSN,aparc,0.7,Participation Coefficient,lh_medialorbitofrontal,0.9544389084813539,0.8397247394702847,-0.11471416901106923
MSN,aparc,0.7,Participation Coefficient,lh_middletemporal,0.47916568004758897,0.5378587257672567,0.058693045719667714
MSN,aparc,0.7,Participation Coefficient,lh_parahippocampal,0.3843399067354484,0.3375814562066806,-0.04675845052876776
MSN,aparc,0.7,Participation Coefficient,lh_paracentral,0.2336712818039866,0.20489278721602325,-0.02877849458796336
MSN,aparc,0.7,Participation Coefficient,lh_parsopercularis,0.5689725137050888,0.4370966074162283,-0.13187590628886053
MSN,aparc,0.7,Participation Coefficient,lh_parsorbitalis,0.518313440008286,0.49298944493611674,-0.025323995072169314
MSN,aparc,0.7,Participation Coefficient,lh_parstriangularis,0.19979565283013503,0.23523142990289697,0.03543577707276194
MSN,aparc,0.7,Participation Coefficient,lh_pericalcarine,0.8141917439184209,0.8392903181231357,0.02509857420471484
MSN,aparc,0.7,Participation Coefficient,lh_postcentral,0.07842915675827505,0.007531452601815591,-0.07089770415645946
MSN,aparc,0.7,Participation Coefficient,lh_posteriorcingulate,0.1361221242297697,0.14060871845363707,0.0044865942238673795
MSN,aparc,0.7,Participation Coefficient,lh_precentral,0.2902538323563335,0.22886920464694413,-0.06138462770938938
MSN,aparc,0.7,Participation Coefficient,lh_precuneus,0.14417627597194532,0.02366494939687701,-0.12051132657506831
MSN,aparc,0.7,Participation Coefficient,lh_rostralanteriorcingulate,0.5032898900285684,0.3796782163979234,-0.12361167363064501
MSN,aparc,0.7,Participation Coefficient,lh_rostralmiddlefrontal,0.1951429049839897,0.19338035253118366,-0.0017625524528060432
MSN,aparc,0.7,Participation Coefficient,lh_superiorfrontal,0.560223568793153,0.5396955255250925,-0.02052804326806057
MSN,aparc,0.7,Participation Coefficient,lh_superiorparietal,0.1060366569714704,0.06403411470769041,-0.04200254226377999
MSN,aparc,0.7,Participation Coefficient,lh_superiortemporal,0.7921647661089471,0.656812393939977,-0.13535237216897011
MSN,aparc,0.7,Participation Coefficient,lh_supramarginal,0.48502362862043863,0.3860011761231999,-0.09902245249723873
MSN,aparc,0.7,Participation Coefficient,lh_frontalpole,0.3707754436554494,0.3287993969850102,-0.04197604667043919
MSN,aparc,0.7,Participation Coefficient,lh_temporalpole,0.5722441709628622,0.5822958837654975,0.010051712802635282
MSN,aparc,0.7,Participation Coefficient,lh_transversetemporal,0.10113751972371751,0.10280524265927707,0.0016677229355595569
MSN,aparc,0.7,Participation Coefficient,lh_insula,0.1279779650833919,0.09935772684618856,-0.028620238237203346
MSN,aparc,0.7,Participation Coefficient,rh_bankssts,0.10132353550195956,0.09623332757802741,-0.005090207923932152
MSN,aparc,0.7,Participation Coefficient,rh_caudalanteriorcingulate,0.1849326061396165,0.1547349482532012,-0.03019765788641532
MSN,aparc,0.7,Participation Coefficient,rh_caudalmiddlefrontal,0.15443858545989092,0.08749099536702466,-0.06694759009286626
MSN,aparc,0.7,Participation Coefficient,rh_cuneus,0.0,0.01635529572598155,0.01635529572598155
MSN,aparc,0.7,Participation Coefficient,rh_entorhinal,0.8135531674068796,0.7396455217615872,-0.0739076456452924
MSN,aparc,0.7,Participation Coefficient,rh_fusiform,0.3454367233132116,0.17519899363635766,-0.17023772967685397
MSN,aparc,0.7,Participation Coefficient,rh_inferiorparietal,0.25836073888336447,0.23573767663020123,-0.02262306225316324
MSN,aparc,0.7,Participation Coefficient,rh_inferiortemporal,0.8230179406553908,0.6722919148337695,-0.1507260258216213
MSN,aparc,0.7,Participation Coefficient,rh_isthmuscingulate,0.1337592468187258,0.11698708277345236,-0.016772164045273444
MSN,aparc,0.7,Participation Coefficient,rh_lateraloccipital,0.16765114832453823,0.08958256724728164,-0.07806858107725659
MSN,aparc,0.7,Participation Coefficient,rh_lateralorbitofrontal,0.2614800219767108,0.14195039810587431,-0.11952962387083646
MSN,aparc,0.7,Participation Coefficient,rh_lingual,0.0,0.013523513293681328,0.013523513293681328
MSN,aparc,0.7,Participation Coefficient,rh_medialorbitofrontal,0.42755950512693663,0.08282237962014433,-0.3447371255067923
MSN,aparc,0.7,Participation Coefficient,rh_middletemporal,0.6822164946547273,0.5742316948688712,-0.10798479978585618
MSN,aparc,0.7,Participation Coefficient,rh_parahippocampal,0.22703142417992614,0.1528203364332974,-0.07421108774662874
MSN,aparc,0.7,Participation Coefficient,rh_paracentral,0.13229421805912853,0.13871279988326252,0.00641858182413399
MSN,aparc,0.7,Participation Coefficient,rh_parsopercularis,0.2657468320819651,0.3305223535841128,0.06477552150214771
MSN,aparc,0.7,Participation Coefficient,rh_parsorbitalis,0.4975220524083205,0.3867665362512157,-0.11075551615710477
MSN,aparc,0.7,Participation Coefficient,rh_parstriangularis,0.14380612942919338,0.09497993374602957,-0.048826195683163806
MSN,aparc,0.7,Participation Coefficient,rh_pericalcarine,0.6806672706306722,0.7004037419264161,0.01973647129574385
MSN,aparc,0.7,Participation Coefficient,rh_postcentral,0.0770204368979551,0.0,-0.0770204368979551
MSN,aparc,0.7,Participation Coefficient,rh_posteriorcingulate,0.1852989822667614,0.14430853873390728,-0.04099044353285411
MSN,aparc,0.7,Participation Coefficient,rh_precentral,0.19483855066165404,0.17721794299527663,-0.017620607666377408
MSN,aparc,0.7,Participation Coefficient,rh_precuneus,0.034976341224652964,0.00960484121773756,-0.025371500006915404
MSN,aparc,0.7,Participation Coefficient,rh_rostralanteriorcingulate,0.2503126487767905,0.22780220835504697,-0.02251044042174352
MSN,aparc,0.7,Participation Coefficient,rh_rostralmiddlefrontal,0.1424867257612426,0.07683482018362064,-0.06565190557762196
MSN,aparc,0.7,Participation Coefficient,rh_superiorfrontal,0.5175131426294898,0.4958098661888436,-0.02170327644064618
MSN,aparc,0.7,Participation Coefficient,rh_superiorparietal,0.09812533560943909,0.10253558816449092,0.004410252555051827
MSN,aparc,0.7,Participation Coefficient,rh_superiortemporal,0.4924508919627471,0.44739613574576703,-0.045054756216980074
MSN,aparc,0.7,Participation Coefficient,rh_supramarginal,0.4370968421685847,0.4504327029276592,0.013335860759074503
MSN,aparc,0.7,Participation Coefficient,rh_frontalpole,0.37261458135975983,0.3506166611737158,-0.021997920186044018
MSN,aparc,0.7,Participation Coefficient,rh_temporalpole,0.6272685756213437,0.6264918214288949,-0.0007767541924488253
MSN,aparc,0.7,Participation Coefficient,rh_transversetemporal,0.1016321927817019,0.11682334009736509,0.015191147315663192
MSN,aparc,0.7,Participation Coefficient,rh_insula,0.10573067691185963,0.10043290042651447,-0.005297776485345157
MSN,aparc,0.7,Node Versatility,lh_bankssts,0.14238700989738956,0.06326749968272607,-0.07911951021466349
MSN,aparc,0.7,Node Versatility,lh_caudalanteriorcingulate,0.019047145328825243,0.1423974847268943,0.12335033939806907
MSN,aparc,0.7,Node Versatility,lh_caudalmiddlefrontal,0.16656807383820138,0.079091759320685,-0.08747631451751638
MSN,aparc,0.7,Node Versatility,lh_cuneus,0.9536492205035164,0.7559755887329005,-0.19767363177061592
MSN,aparc,0.7,Node Versatility,lh_entorhinal,0.22496248110444328,0.21473976591634544,-0.010222715188097836
MSN,aparc,0.7,Node Versatility,lh_fusiform,0.22496248110444328,0.9980943216645265,0.7731318405600832
MSN,aparc,0.7,Node Versatility,lh_inferiorparietal,0.2731592817867235,0.23690081728255397,-0.03625846450416953
MSN,aparc,0.7,Node Versatility,lh_inferiortemporal,0.22965039179407706,0.21473976591634544,-0.01491062587773162
MSN,aparc,0.7,Node Versatility,lh_isthmuscingulate,0.026401907100480838,0.06272697321455661,0.03632506611407578
MSN,aparc,0.7,Node Versatility,lh_lateraloccipital,0.2731592817867235,0.23690081728255397,-0.03625846450416953
MSN,aparc,0.7,Node Versatility,lh_lateralorbitofrontal,0.0,0.2754538379272372,0.2754538379272372
MSN,aparc,0.7,Node Versatility,lh_lingual,0.9536492205035164,0.7559755887329005,-0.19767363177061592
MSN,aparc,0.7,Node Versatility,lh_medialorbitofrontal,0.06453716842674241,0.22678293916632006,0.16224577073957763
MSN,aparc,0.7,Node Versatility,lh_middletemporal,0.22496248110444328,0.21473976591634544,-0.010222715188097836
MSN,aparc,0.7,Node Versatility,lh_parahippocampal,0.0,0.636424176454522,0.636424176454522
MSN,aparc,0.7,Node Versatility,lh_paracentral,0.0,0.04628444095584563,0.04628444095584563
MSN,aparc,0.7,Node Versatility,lh_parsopercularis,0.0,0.4550661435915021,0.4550661435915021
MSN,aparc,0.7,Node Versatility,lh_parsorbitalis,0.22496248110444328,0.21473976591634544,-0.010222715188097836
MSN,aparc,0.7,Node Versatility,lh_parstriangularis,0.07188635091322015,0.2754406257946375,0.20355427488141736
MSN,aparc,0.7,Node Versatility,lh_pericalcarine,0.5572972180959765,0.5182156606351381,-0.03908155746083841
MSN,aparc,0.7,Node Versatility,lh_postcentral,0.2731592817867235,0.23690081728255397,-0.03625846450416953
MSN,aparc,0.7,Node Versatility,lh_posteriorcingulate,0.05368489971175221,0.06326749968272607,0.009582599970973868
MSN,aparc,0.7,Node Versatility,lh_precentral,0.2731592817867235,0.23690081728255397,-0.03625846450416953
MSN,aparc,0.7,Node Versatility,lh_precuneus,0.9536492205035164,0.7559755887329005,-0.19767363177061592
MSN,aparc,0.7,Node Versatility,lh_rostralanteriorcingulate,0.0,0.5192537958830459,0.5192537958830459
MSN,aparc,0.7,Node Versatility,lh_rostralmiddlefrontal,0.2731592817867235,0.23690081728255397,-0.03625846450416953
MSN,aparc,0.7,Node Versatility,lh_superiorfrontal,0.29291112428732896,0.30024752378599806,0.0073363994986690995
MSN,aparc,0.7,Node Versatility,lh_superiorparietal,0.2731592817867235,0.23690081728255397,-0.03625846450416953
MSN,aparc,0.7,Node Versatility,lh_superiortemporal,0.22965039179407706,0.21473976591634544,-0.01491062587773162
MSN,aparc,0.7,Node Versatility,lh_supramarginal,0.29291112428732896,0.2534693873539936,-0.03944173693333536
MSN,aparc,0.7,Node Versatility,lh_frontalpole,0.22496248110444328,0.21473976591634544,-0.010222715188097836
MSN,aparc,0.7,Node Versatility,lh_temporalpole,0.22496248110444328,0.21473976591634544,-0.010222715188097836
MSN,aparc,0.7,Node Versatility,lh_transversetemporal,0.0,0.06272697321455661,0.06272697321455661
MSN,aparc,0.7,Node Versatility,lh_insula,0.026401907100480838,0.09484087984918517,0.06843897274870434
MSN,aparc,0.7,Node Versatility,rh_bankssts,0.0,0.07605960681194394,0.07605960681194394
MSN,aparc,0.7,Node Versatility,rh_caudalanteriorcingulate,0.05368489971175221,0.06326749968272607,0.009582599970973868
MSN,aparc,0.7,Node Versatility,rh_caudalmiddlefrontal,0.05368489971175221,0.079091759320685,0.025406859608932797
MSN,aparc,0.7,Node Versatility,rh_cuneus,0.7270187208052689,0.7559755887329005,0.028956867927631635
MSN,aparc,0.7,Node Versatility,rh_entorhinal,0.22496248110444328,0.21473976591634544,-0.010222715188097836
MSN,aparc,0.7,Node Versatility,rh_fusiform,0.0,1.0,1.0
MSN,aparc,0.7,Node Versatility,rh_inferiorparietal,0.2731592817867235,0.23690081728255397,-0.03625846450416953
MSN,aparc,0.7,Node Versatility,rh_inferiortemporal,0.22965039179407706,0.21473976591634544,-0.01491062587773162
MSN,aparc,0.7,Node Versatility,rh_isthmuscingulate,0.3061181123060042,0.06272697321455661,-0.2433911390914476
MSN,aparc,0.7,Node Versatility,rh_lateraloccipital,0.2731592817867235,0.23690081728255397,-0.03625846450416953
MSN,aparc,0.7,Node Versatility,rh_lateralorbitofrontal,0.0,0.4042885699414293,0.4042885699414293
MSN,aparc,0.7,Node Versatility,rh_lingual,0.9536492205035164,0.7559755887329005,-0.19767363177061592
MSN,aparc,0.7,Node Versatility,rh_medialorbitofrontal,0.3026376169310165,0.23690081728255397,-0.06573679964846252
MSN,aparc,0.7,Node Versatility,rh_middletemporal,0.22965039179407706,0.21473976591634544,-0.01491062587773162
MSN,aparc,0.7,Node Versatility,rh_parahippocampal,0.0,0.1598058895204499,0.1598058895204499
MSN,aparc,0.7,Node Versatility,rh_paracentral,0.0,0.03219791299985323,0.03219791299985323
MSN,aparc,0.7,Node Versatility,rh_parsopercularis,0.0,0.36904245795635376,0.36904245795635376
MSN,aparc,0.7,Node Versatility,rh_parsorbitalis,0.22496248110444328,0.21473976591634544,-0.010222715188097836
MSN,aparc,0.7,Node Versatility,rh_parstriangularis,0.0,0.21792167420770076,0.21792167420770076
MSN,aparc,0.7,Node Versatility,rh_pericalcarine,0.5572972180959765,0.5182156606351381,-0.03908155746083841
MSN,aparc,0.7,Node Versatility,rh_postcentral,0.2731592817867235,0.23690081728255397,-0.03625846450416953
MSN,aparc,0.7,Node Versatility,rh_posteriorcingulate,0.05368489971175221,0.06326749968272607,0.009582599970973868
MSN,aparc,0.7,Node Versatility,rh_precentral,0.2731592817867235,0.23690081728255397,-0.03625846450416953
MSN,aparc,0.7,Node Versatility,rh_precuneus,0.9536492205035164,0.7559755887329005,-0.19767363177061592
MSN,aparc,0.7,Node Versatility,rh_rostralanteriorcingulate,0.0,0.04628444095584563,0.04628444095584563
MSN,aparc,0.7,Node Versatility,rh_rostralmiddlefrontal,0.2731592817867235,0.23690081728255397,-0.03625846450416953
MSN,aparc,0.7,Node Versatility,rh_superiorfrontal,0.29291112428732896,0.30024752378599806,0.0073363994986690995
MSN,aparc,0.7,Node Versatility,rh_superiorparietal,0.2731592817867235,0.23690081728255397,-0.03625846450416953
MSN,aparc,0.7,Node Versatility,rh_superiortemporal,0.22496248110444328,0.21473976591634544,-0.010222715188097836
MSN,aparc,0.7,Node Versatility,rh_supramarginal,0.29291112428732896,0.30024752378599806,0.0073363994986690995
MSN,aparc,0.7,Node Versatility,rh_frontalpole,0.22496248110444328,0.21473976591634544,-0.010222715188097836
MSN,aparc,0.7,Node Versatility,rh_temporalpole,0.22496248110444328,0.21473976591634544,-0.010222715188097836
MSN,aparc,0.7,Node Versatility,rh_transversetemporal,0.019047145328825243,0.06326749968272607,0.04422035435390083
MSN,aparc,0.7,Node Versatility,rh_insula,0.04983519208003643,0.23481333903743445,0.18497814695739803
MSN,aparc,0.7,Node Strength,lh_bankssts,0.9363044762693927,0.9585071322444974,0.022202655975104624
MSN,aparc,0.7,Node Strength,lh_caudalanteriorcingulate,0.9346666495101569,0.966206591254646,0.03153994174448915
MSN,aparc,0.7,Node Strength,lh_caudalmiddlefrontal,0.8630607098671402,0.8892408620722343,0.026180152205094065
MSN,aparc,0.7,Node Strength,lh_cuneus,0.7100185104787374,0.7021655009594218,-0.007853009519315668
MSN,aparc,0.7,Node Strength,lh_entorhinal,0.6079147087530231,0.6153488012775051,0.007434092524482017
MSN,aparc,0.7,Node Strength,lh_fusiform,0.03926666213860906,0.20484330555124208,0.165576643412633
MSN,aparc,0.7,Node Strength,lh_inferiorparietal,0.8283828947901513,0.7913601943309941,-0.03702270045915712
MSN,aparc,0.7,Node Strength,lh_inferiortemporal,0.5996095220283633,0.5796338738397371,-0.019975648188626183
MSN,aparc,0.7,Node Strength,lh_isthmuscingulate,0.891190965096419,0.9228743475832788,0.03168338248685976
MSN,aparc,0.7,Node Strength,lh_lateraloccipital,0.8335461808024568,0.8255669031493033,-0.007979277653153538
MSN,aparc,0.7,Node Strength,lh_lateralorbitofrontal,0.23720363193709595,0.39682626313073616,0.1596226311936402
MSN,aparc,0.7,Node Strength,lh_lingual,0.6913969115295974,0.7178212291874004,0.026424317657803065
MSN,aparc,0.7,Node Strength,lh_medialorbitofrontal,0.020596939795426008,0.0,-0.020596939795426008
MSN,aparc,0.7,Node Strength,lh_middletemporal,0.5400133475215374,0.5352310600684994,-0.004782287453037992
MSN,aparc,0.7,Node Strength,lh_parahippocampal,0.9305787598903822,0.9492568002401213,0.018678040349739078
MSN,aparc,0.7,Node Strength,lh_paracentral,0.9246501249771575,0.9658931891744429,0.041243064197285406
MSN,aparc,0.7,Node Strength,lh_parsopercularis,0.9252662767552029,0.9416152073827206,0.016348930627517744
MSN,aparc,0.7,Node Strength,lh_parsorbitalis,0.5519912509883821,0.538675156526855,-0.01331609446152704
MSN,aparc,0.7,Node Strength,lh_parstriangularis,0.8843470798755131,0.9304361145933104,0.04608903471779735
MSN,aparc,0.7,Node Strength,lh_pericalcarine,0.580885146164522,0.6090197385010427,0.028134592336520714
MSN,aparc,0.7,Node Strength,lh_postcentral,0.8409127864447713,0.8419472192224199,0.0010344327776485862
MSN,aparc,0.7,Node Strength,lh_posteriorcingulate,0.9197917063032514,0.943156661832524,0.023364955529272646
MSN,aparc,0.7,Node Strength,lh_precentral,0.8330910264973447,0.8266899566918359,-0.006401069805508808
MSN,aparc,0.7,Node Strength,lh_precuneus,0.5876254771673444,0.647902608068209,0.06027713090086462
MSN,aparc,0.7,Node Strength,lh_rostralanteriorcingulate,0.9657164693560116,1.0,0.03428353064398837
MSN,aparc,0.7,Node Strength,lh_rostralmiddlefrontal,0.8416814827263491,0.8441032035312485,0.00242172080489933
MSN,aparc,0.7,Node Strength,lh_superiorfrontal,0.818458787970476,0.8132503487729525,-0.005208439197523451
MSN,aparc,0.7,Node Strength,lh_superiorparietal,0.8497943166891508,0.8478442847938042,-0.0019500318953465934
MSN,aparc,0.7,Node Strength,lh_superiortemporal,0.5683792819388156,0.4828967532211727,-0.08548252871764289
MSN,aparc,0.7,Node Strength,lh_supramarginal,0.803438723447619,0.799118009141178,-0.004320714306440987
MSN,aparc,0.7,Node Strength,lh_frontalpole,0.5174397153626824,0.5079995949931408,-0.00944012036954156
MSN,aparc,0.7,Node Strength,lh_temporalpole,0.5662565127944282,0.5631981116667654,-0.0030584011276628686
MSN,aparc,0.7,Node Strength,lh_transversetemporal,0.9393238967870658,0.9555385789087186,0.01621468212165278
MSN,aparc,0.7,Node Strength,lh_insula,0.9143845407231205,0.9594447772791519,0.04506023655603142
MSN,aparc,0.7,Node Strength,rh_bankssts,0.9574289991829962,0.9797658595046578,0.0223368603216616
MSN,aparc,0.7,Node Strength,rh_caudalanteriorcingulate,0.8963121401804633,0.9095617852175706,0.013249645037107238
MSN,aparc,0.7,Node Strength,rh_caudalmiddlefrontal,0.7277386679988999,0.8795211740624189,0.15178250606351906
MSN,aparc,0.7,Node Strength,rh_cuneus,0.7805004134016251,0.7844065751713262,0.0039061617697010442
MSN,aparc,0.7,Node Strength,rh_entorhinal,0.6507261693114785,0.6134214957568712,-0.037304673554607315
MSN,aparc,0.7,Node Strength,rh_fusiform,0.3763519641178402,0.16381771983597193,-0.2125342442818683
MSN,aparc,0.7,Node Strength,rh_inferiorparietal,0.83417681321146,0.8395314854896482,0.0053546722781881995
MSN,aparc,0.7,Node Strength,rh_inferiortemporal,0.6436013477966078,0.5244549021780601,-0.1191464456185477
MSN,aparc,0.7,Node Strength,rh_isthmuscingulate,0.879958620074835,0.9210898082166903,0.041131188141855235
MSN,aparc,0.7,Node Strength,rh_lateraloccipital,0.8368651720160382,0.819789492268495,-0.017075679747543204
MSN,aparc,0.7,Node Strength,rh_lateralorbitofrontal,0.49516911122227525,0.5236764652922753,0.028507354070000046
MSN,aparc,0.7,Node Strength,rh_lingual,0.7244698493388392,0.7521794980159977,0.027709648677158527
MSN,aparc,0.7,Node Strength,rh_medialorbitofrontal,0.4156614662468611,0.4958940302650972,0.08023256401823609
MSN,aparc,0.7,Node Strength,rh_middletemporal,0.5872823600957517,0.5368729154997122,-0.050409444596039577
MSN,aparc,0.7,Node Strength,rh_parahippocampal,0.9398059813735263,0.9712137366381208,0.031407755264594495
MSN,aparc,0.7,Node Strength,rh_paracentral,0.9305197988711889,0.9718118589210447,0.04129206004985586
MSN,aparc,0.7,Node Strength,rh_parsopercularis,0.9505488326229926,0.9502077081905026,-0.00034112443249001423
MSN,aparc,0.7,Node Strength,rh_parsorbitalis,0.5472387357353858,0.5137671541113747,-0.03347158162401109
MSN,aparc,0.7,Node Strength,rh_parstriangularis,0.8547662714282531,0.8324284746406823,-0.022337796787570863
MSN,aparc,0.7,Node Strength,rh_pericalcarine,0.5824826272618803,0.6028078310686878,0.02032520380680758
MSN,aparc,0.7,Node Strength,rh_postcentral,0.8259701042768078,0.8349722563100898,0.009002152033281918
MSN,aparc,0.7,Node Strength,rh_posteriorcingulate,0.8926582742767845,0.9417132498013853,0.04905497552460081
MSN,aparc,0.7,Node Strength,rh_precentral,0.8362002054477617,0.8414342272405669,0.005234021792805188
MSN,aparc,0.7,Node Strength,rh_precuneus,0.6370568102778452,0.6809054056719794,0.043848595394134215
MSN,aparc,0.7,Node Strength,rh_rostralanteriorcingulate,0.9687755413897864,0.9940186677965878,0.025243126406801375
MSN,aparc,0.7,Node Strength,rh_rostralmiddlefrontal,0.8431530542690437,0.8372242267659952,-0.005928827503048573
MSN,aparc,0.7,Node Strength,rh_superiorfrontal,0.8220164807666079,0.8173080070869408,-0.004708473679667091
MSN,aparc,0.7,Node Strength,rh_superiorparietal,0.8424551737605335,0.8493827186293049,0.006927544868771451
MSN,aparc,0.7,Node Strength,rh_superiortemporal,0.491532029398907,0.4682753935563131,-0.02325663584259391
MSN,aparc,0.7,Node Strength,rh_supramarginal,0.4397174104440253,0.47773175738975454,0.03801434694572925
MSN,aparc,0.7,Node Strength,rh_frontalpole,0.5145834472212305,0.4819562895614961,-0.032627157659734396
MSN,aparc,0.7,Node Strength,rh_temporalpole,0.5741400658506791,0.5733071330668584,-0.0008329327838206835
MSN,aparc,0.7,Node Strength,rh_transversetemporal,0.9374695586658823,0.953088693303543,0.015619134637660625
MSN,aparc,0.7,Node Strength,rh_insula,0.9483128374001596,0.9735534863883135,0.025240648988153924
MSN,aparc,0.7,Local Efficiency,lh_bankssts,0.8729671711897657,0.8408439140574254,-0.03212325713234032
MSN,aparc,0.7,Local Efficiency,lh_caudalanteriorcingulate,0.8732560571972571,0.7568974603879447,-0.11635859680931238
MSN,aparc,0.7,Local Efficiency,lh_caudalmiddlefrontal,0.7142455812468956,0.7641054999167782,0.0498599186698826
MSN,aparc,0.7,Local Efficiency,lh_cuneus,0.8118671857817558,0.7436418734901019,-0.06822531229165385
MSN,aparc,0.7,Local Efficiency,lh_entorhinal,0.40606782311814194,0.4229525427714504,0.016884719653308455
MSN,aparc,0.7,Local Efficiency,lh_fusiform,0.06554446092594131,0.17716958822625223,0.11162512730031092
MSN,aparc,0.7,Local Efficiency,lh_inferiorparietal,0.6866882023107612,0.7328287027343875,0.046140500423626274
MSN,aparc,0.7,Local Efficiency,lh_inferiortemporal,0.42351673000487605,0.43356746897578147,0.010050738970905415
MSN,aparc,0.7,Local Efficiency,lh_isthmuscingulate,0.8466389256519147,0.8291915067619623,-0.017447418889952382
MSN,aparc,0.7,Local Efficiency,lh_lateraloccipital,0.7399425057840846,0.665066759961014,-0.07487574582307055
MSN,aparc,0.7,Local Efficiency,lh_lateralorbitofrontal,0.19860616444675652,0.32588590790692556,0.12727974346016904
MSN,aparc,0.7,Local Efficiency,lh_lingual,0.795273320675752,0.8258000029992709,0.03052668232351896
MSN,aparc,0.7,Local Efficiency,lh_medialorbitofrontal,0.024258253378599843,0.0,-0.024258253378599843
MSN,aparc,0.7,Local Efficiency,lh_middletemporal,0.41712879915399104,0.4218335300637351,0.004704730909744048
MSN,aparc,0.7,Local Efficiency,lh_parahippocampal,0.6231997496645099,0.6720469372070477,0.04884718754253781
MSN,aparc,0.7,Local Efficiency,lh_paracentral,0.6697295628781407,0.6998762431647945,0.030146680286653793
MSN,aparc,0.7,Local Efficiency,lh_parsopercularis,0.5986444284844289,0.6380377007066245,0.039393272222195574
MSN,aparc,0.7,Local Efficiency,lh_parsorbitalis,0.38606269636382357,0.48575019351391324,0.09968749715008968
MSN,aparc,0.7,Local Efficiency,lh_parstriangularis,0.7247435254460376,0.6854966482179626,-0.03924687722807496
MSN,aparc,0.7,Local Efficiency,lh_pericalcarine,0.32039628585821084,0.31033035552735194,-0.010065930330858897
MSN,aparc,0.7,Local Efficiency,lh_postcentral,0.72636409340707,0.9361578609005122,0.20979376749344225
MSN,aparc,0.7,Local Efficiency,lh_posteriorcingulate,0.8562243866716448,0.7842473874270834,-0.07197699924456136
MSN,aparc,0.7,Local Efficiency,lh_precentral,0.6591134656489598,0.6495772148963421,-0.009536250752617659
MSN,aparc,0.7,Local Efficiency,lh_precuneus,0.5032129612951712,0.6153752386453686,0.11216227735019735
MSN,aparc,0.7,Local Efficiency,lh_rostralanteriorcingulate,0.6179017361372487,0.6257713653310188,0.0078696291937701
MSN,aparc,0.7,Local Efficiency,lh_rostralmiddlefrontal,0.7043005699899885,0.6584062250300449,-0.0458943449599436
MSN,aparc,0.7,Local Efficiency,lh_superiorfrontal,0.5445938612237272,0.6111816957291809,0.06658783450545369
MSN,aparc,0.7,Local Efficiency,lh_superiorparietal,0.7394814917251742,0.7287632973972171,-0.010718194327957065
MSN,aparc,0.7,Local Efficiency,lh_superiortemporal,0.4409607357285272,0.3947889767602624,-0.04617175896826475
MSN,aparc,0.7,Local Efficiency,lh_supramarginal,0.6387826030523096,0.6406798250970365,0.001897222044726865
MSN,aparc,0.7,Local Efficiency,lh_frontalpole,0.41092870174975477,0.5521573486913592,0.14122864694160447
MSN,aparc,0.7,Local Efficiency,lh_temporalpole,0.3977732302753223,0.5208762440915274,0.12310301381620514
MSN,aparc,0.7,Local Efficiency,lh_transversetemporal,0.8228891807464871,0.8466974510393702,0.023808270292883127
MSN,aparc,0.7,Local Efficiency,lh_insula,0.7931634462084216,0.8482617377035527,0.055098291495131124
MSN,aparc,0.7,Local Efficiency,rh_bankssts,0.7874308034340681,0.7696272447971155,-0.0178035586369526
MSN,aparc,0.7,Local Efficiency,rh_caudalanteriorcingulate,0.7911393837577694,0.7176195761405976,-0.0735198076171718
MSN,aparc,0.7,Local Efficiency,rh_caudalmiddlefrontal,0.7299332998319994,0.7073266270672597,-0.02260667276473971
MSN,aparc,0.7,Local Efficiency,rh_cuneus,0.8739572938556229,0.885120101170353,0.011162807314730072
MSN,aparc,0.7,Local Efficiency,rh_entorhinal,0.37119622031076527,0.3913795532302586,0.020183332919493313
MSN,aparc,0.7,Local Efficiency,rh_fusiform,0.3370390764266484,0.22244638881341514,-0.11459268761323324
MSN,aparc,0.7,Local Efficiency,rh_inferiorparietal,0.7084013869556919,0.6556193313379588,-0.05278205561773308
MSN,aparc,0.7,Local Efficiency,rh_inferiortemporal,0.48927641173280717,0.34488287970967124,-0.14439353202313593
MSN,aparc,0.7,Local Efficiency,rh_isthmuscingulate,0.8337528519552977,0.8277608243202236,-0.005992027635074115
MSN,aparc,0.7,Local Efficiency,rh_lateraloccipital,0.6942268790525788,0.6702187509193089,-0.024008128133269913
MSN,aparc,0.7,Local Efficiency,rh_lateralorbitofrontal,0.44101116353090997,0.4562358608694937,0.015224697338583726
MSN,aparc,0.7,Local Efficiency,rh_lingual,0.8261406604455288,0.857223504950989,0.031082844505460172
MSN,aparc,0.7,Local Efficiency,rh_medialorbitofrontal,0.34046678746283027,0.5371086132892876,0.19664182582645734
MSN,aparc,0.7,Local Efficiency,rh_middletemporal,0.3862805258737916,0.40422788342967714,0.017947357555885557
MSN,aparc,0.7,Local Efficiency,rh_parahippocampal,0.7172438981395575,0.7432958793650372,0.026051981225479692
MSN,aparc,0.7,Local Efficiency,rh_paracentral,0.6567584873365415,0.655571824680534,-0.001186662656007531
MSN,aparc,0.7,Local Efficiency,rh_parsopercularis,0.7286306550808318,0.6672806894205607,-0.061349965660271066
MSN,aparc,0.7,Local Efficiency,rh_parsorbitalis,0.380597445585296,0.40249517048346556,0.021897724898169546
MSN,aparc,0.7,Local Efficiency,rh_parstriangularis,0.6647336052241862,0.696976791788773,0.0322431865645868
MSN,aparc,0.7,Local Efficiency,rh_pericalcarine,0.36381693397502934,0.3162784359851438,-0.04753849798988552
MSN,aparc,0.7,Local Efficiency,rh_postcentral,0.7177615520312562,1.0,0.28223844796874376
MSN,aparc,0.7,Local Efficiency,rh_posteriorcingulate,0.7903240764774295,0.7836370641912273,-0.006687012286202276
MSN,aparc,0.7,Local Efficiency,rh_precentral,0.6556701786366211,0.7459654115204389,0.0902952328838178
MSN,aparc,0.7,Local Efficiency,rh_precuneus,0.6995087674137652,0.7356122325507686,0.036103465137003354
MSN,aparc,0.7,Local Efficiency,rh_rostralanteriorcingulate,0.7372275020540586,0.6732685949966962,-0.0639589070573624
MSN,aparc,0.7,Local Efficiency,rh_rostralmiddlefrontal,0.745048549591102,0.6777713829838081,-0.06727716660729388
MSN,aparc,0.7,Local Efficiency,rh_superiorfrontal,0.542932515706966,0.6501538358274755,0.10722132012050956
MSN,aparc,0.7,Local Efficiency,rh_superiorparietal,0.7299652868945055,0.7424203358869516,0.012455048992446094
MSN,aparc,0.7,Local Efficiency,rh_superiortemporal,0.3915888001038253,0.38956925823207866,-0.002019541871746633
MSN,aparc,0.7,Local Efficiency,rh_supramarginal,0.4518816200506312,0.44588110255570657,-0.00600051749492464
MSN,aparc,0.7,Local Efficiency,rh_frontalpole,0.43302635250380483,0.4886893908501224,0.055663038346317584
MSN,aparc,0.7,Local Efficiency,rh_temporalpole,0.4810356459982416,0.5017166990702274,0.02068105307198581
MSN,aparc,0.7,Local Efficiency,rh_transversetemporal,0.8748759227022583,0.8419520358745867,-0.03292388682767167
MSN,aparc,0.7,Local Efficiency,rh_insula,0.830320351084316,0.7624152981831996,-0.06790505290111637
MSN,aparc,0.7,Clustering Coefficient,lh_bankssts,0.8626120406240771,0.8360469579571352,-0.026565082666941908
MSN,aparc,0.7,Clustering Coefficient,lh_caudalanteriorcingulate,0.8628367506491903,0.7469019592904301,-0.11593479135876017
MSN,aparc,0.7,Clustering Coefficient,lh_caudalmiddlefrontal,0.7040927986918273,0.7550579661782464,0.050965167486419105
MSN,aparc,0.7,Clustering Coefficient,lh_cuneus,0.8085485013656976,0.7419597260679885,-0.06658877529770901
MSN,aparc,0.7,Clustering Coefficient,lh_entorhinal,0.34800851493794766,0.3558537477210443,0.007845232783096623
MSN,aparc,0.7,Clustering Coefficient,lh_fusiform,0.059987616158127,0.16406017802388553,0.10407256186575853
MSN,aparc,0.7,Clustering Coefficient,lh_inferiorparietal,0.667306012802913,0.7221461493424177,0.0548401365395047
MSN,aparc,0.7,Clustering Coefficient,lh_inferiortemporal,0.34932634704981314,0.36218827181419505,0.012861924764381916
MSN,aparc,0.7,Clustering Coefficient,lh_isthmuscingulate,0.8370038981820928,0.8221020594573144,-0.014901838724778349
MSN,aparc,0.7,Clustering Coefficient,lh_lateraloccipital,0.7188099002475479,0.6481023223646366,-0.07070757788291127
MSN,aparc,0.7,Clustering Coefficient,lh_lateralorbitofrontal,0.18078716425223418,0.2966687136705086,0.11588154941827444
MSN,aparc,0.7,Clustering Coefficient,lh_lingual,0.7924764570272477,0.8235381279954113,0.03106167096816359
MSN,aparc,0.7,Clustering Coefficient,lh_medialorbitofrontal,0.019098779331822125,0.0,-0.019098779331822125
MSN,aparc,0.7,Clustering Coefficient,lh_middletemporal,0.3659835466014033,0.36842099317159477,0.0024374465701914594
MSN,aparc,0.7,Clustering Coefficient,lh_parahippocampal,0.566705606847232,0.6178197034489704,0.05111409660173838
MSN,aparc,0.7,Clustering Coefficient,lh_paracentral,0.6307011770198754,0.6640107976068239,0.03330962058694853
MSN,aparc,0.7,Clustering Coefficient,lh_parsopercularis,0.5273529964611298,0.5753392736178621,0.047986277156732315
MSN,aparc,0.7,Clustering Coefficient,lh_parsorbitalis,0.342562790789548,0.43125587349695876,0.08869308270741078
MSN,aparc,0.7,Clustering Coefficient,lh_parstriangularis,0.6924238880979425,0.6437594061555445,-0.04866448194239803
MSN,aparc,0.7,Clustering Coefficient,lh_pericalcarine,0.23745524004692647,0.22860419506449883,-0.008851044982427642
MSN,aparc,0.7,Clustering Coefficient,lh_postcentral,0.7121824611361107,0.9328861899959136,0.22070372885980283
MSN,aparc,0.7,Clustering Coefficient,lh_posteriorcingulate,0.8386140783211748,0.77327045513872,-0.0653436231824549
MSN,aparc,0.7,Clustering Coefficient,lh_precentral,0.6284266630593116,0.6148811738027907,-0.013545489256520882
MSN,aparc,0.7,Clustering Coefficient,lh_precuneus,0.4638273580524754,0.5997944096283052,0.13596705157582983
MSN,aparc,0.7,Clustering Coefficient,lh_rostralanteriorcingulate,0.5476864585780244,0.5677765944360834,0.020090135858058966
MSN,aparc,0.7,Clustering Coefficient,lh_rostralmiddlefrontal,0.6785527959425107,0.6246008628149837,-0.053951933127526996
MSN,aparc,0.7,Clustering Coefficient,lh_superiorfrontal,0.4900626839931336,0.5452292485064829,0.055166564513349337
MSN,aparc,0.7,Clustering Coefficient,lh_superiorparietal,0.7228129725550699,0.7106695421500254,-0.012143430405044509
MSN,aparc,0.7,Clustering Coefficient,lh_superiortemporal,0.3682763331352831,0.3394809751877995,-0.028795357947483557
MSN,aparc,0.7,Clustering Coefficient,lh_supramarginal,0.5902119105765723,0.5900098632359441,-0.00020204734062823082
MSN,aparc,0.7,Clustering Coefficient,lh_frontalpole,0.3748955256937632,0.5006745594133262,0.12577903371956295
MSN,aparc,0.7,Clustering Coefficient,lh_temporalpole,0.35060232476328645,0.4583454059406538,0.10774308117736736
MSN,aparc,0.7,Clustering Coefficient,lh_transversetemporal,0.8107881194357531,0.8399550558680684,0.02916693643231527
MSN,aparc,0.7,Clustering Coefficient,lh_insula,0.7793990418546688,0.8414982507542915,0.062099208899622726
MSN,aparc,0.7,Clustering Coefficient,rh_bankssts,0.769658840876785,0.7569905579933651,-0.012668282883419923
MSN,aparc,0.7,Clustering Coefficient,rh_caudalanteriorcingulate,0.7617929940060192,0.6998516714531132,-0.061941322552905964
MSN,aparc,0.7,Clustering Coefficient,rh_caudalmiddlefrontal,0.7147925405605733,0.699713483756722,-0.015079056803851243
MSN,aparc,0.7,Clustering Coefficient,rh_cuneus,0.8689378275521167,0.8805357835697578,0.011597956017641131
MSN,aparc,0.7,Clustering Coefficient,rh_entorhinal,0.30963886694630927,0.32868129328050594,0.01904242633419667
MSN,aparc,0.7,Clustering Coefficient,rh_fusiform,0.31996732610335327,0.2357228337129227,-0.08424449239043055
MSN,aparc,0.7,Clustering Coefficient,rh_inferiorparietal,0.6767940317405359,0.6206616204139698,-0.0561324113265661
MSN,aparc,0.7,Clustering Coefficient,rh_inferiortemporal,0.4078024687916862,0.2898523777508628,-0.11795009104082338
MSN,aparc,0.7,Clustering Coefficient,rh_isthmuscingulate,0.8169121809016539,0.819956813940967,0.003044633039313127
MSN,aparc,0.7,Clustering Coefficient,rh_lateraloccipital,0.6725525985781461,0.6494894297294918,-0.023063168848654336
MSN,aparc,0.7,Clustering Coefficient,rh_lateralorbitofrontal,0.41976098075236545,0.44568551689826047,0.025924536145895016
MSN,aparc,0.7,Clustering Coefficient,rh_lingual,0.822226016693441,0.8540590217967812,0.031833005103340195
MSN,aparc,0.7,Clustering Coefficient,rh_medialorbitofrontal,0.31463356334734993,0.5326566233636184,0.21802306001626848
MSN,aparc,0.7,Clustering Coefficient,rh_middletemporal,0.32453666909743517,0.34995565069262274,0.025418981595187573
MSN,aparc,0.7,Clustering Coefficient,rh_parahippocampal,0.6802031157643005,0.7130162019864781,0.0328130862221776
MSN,aparc,0.7,Clustering Coefficient,rh_paracentral,0.6313910852256107,0.6296102535146012,-0.0017808317110095118
MSN,aparc,0.7,Clustering Coefficient,rh_parsopercularis,0.6849294998870693,0.6141748907335409,-0.07075460915352838
MSN,aparc,0.7,Clustering Coefficient,rh_parsorbitalis,0.33803685343094425,0.36202250627509314,0.023985652844148886
MSN,aparc,0.7,Clustering Coefficient,rh_parstriangularis,0.6398641852692105,0.6850515185110333,0.04518733324182278
MSN,aparc,0.7,Clustering Coefficient,rh_pericalcarine,0.2747987984238893,0.23579170680614076,-0.03900709161774857
MSN,aparc,0.7,Clustering Coefficient,rh_postcentral,0.7042531224845773,1.0,0.2957468775154227
MSN,aparc,0.7,Clustering Coefficient,rh_posteriorcingulate,0.7612595043072959,0.7713373382181954,0.010077833910899447
MSN,aparc,0.7,Clustering Coefficient,rh_precentral,0.6310516838867799,0.7157073370222481,0.08465565313546819
MSN,aparc,0.7,Clustering Coefficient,rh_precuneus,0.6817074278223977,0.7301248311658529,0.048417403343455234
MSN,aparc,0.7,Clustering Coefficient,rh_rostralanteriorcingulate,0.6945749653529163,0.6336154199953191,-0.06095954535759718
MSN,aparc,0.7,Clustering Coefficient,rh_rostralmiddlefrontal,0.724128680395045,0.6578141722577132,-0.06631450813733175
MSN,aparc,0.7,Clustering Coefficient,rh_superiorfrontal,0.4929560241163344,0.5859086355671742,0.09295261145083983
MSN,aparc,0.7,Clustering Coefficient,rh_superiorparietal,0.7155924567760378,0.7179919270748026,0.002399470298764861
MSN,aparc,0.7,Clustering Coefficient,rh_superiortemporal,0.34475189354181013,0.34536601558373825,0.0006141220419281224
MSN,aparc,0.7,Clustering Coefficient,rh_supramarginal,0.4339173991903162,0.41339203127748636,-0.02052536791282983
MSN,aparc,0.7,Clustering Coefficient,rh_frontalpole,0.394054427441703,0.4410228718157395,0.04696844437403652
MSN,aparc,0.7,Clustering Coefficient,rh_temporalpole,0.42435982820629914,0.4373069365162762,0.012947108309977085
MSN,aparc,0.7,Clustering Coefficient,rh_transversetemporal,0.8643157430983542,0.8357066310547743,-0.028609112043579965
MSN,aparc,0.7,Clustering Coefficient,rh_insula,0.8171557763550311,0.7517001364519673,-0.0654556399030638
MSN,aparc,0.7,Betweenness Centrality,lh_bankssts,0.0,0.0,0.0
MSN,aparc,0.7,Betweenness Centrality,lh_caudalanteriorcingulate,0.0,0.0,0.0
MSN,aparc,0.7,Betweenness Centrality,lh_caudalmiddlefrontal,0.0,0.0,0.0
MSN,aparc,0.7,Betweenness Centrality,lh_cuneus,0.2959866220735786,0.18729096989966554,-0.10869565217391308
MSN,aparc,0.7,Betweenness Centrality,lh_entorhinal,0.14381270903010032,0.44481605351170567,0.3010033444816054
MSN,aparc,0.7,Betweenness Centrality,lh_fusiform,0.0033444816053511705,0.0,-0.0033444816053511705
MSN,aparc,0.7,Betweenness Centrality,lh_inferiorparietal,0.0033444816053511705,0.010033444816053512,0.006688963210702342
MSN,aparc,0.7,Betweenness Centrality,lh_inferiortemporal,0.011705685618729096,0.3177257525083612,0.3060200668896321
MSN,aparc,0.7,Betweenness Centrality,lh_isthmuscingulate,0.0,0.0,0.0
MSN,aparc,0.7,Betweenness Centrality,lh_lateraloccipital,0.0,0.0,0.0
MSN,aparc,0.7,Betweenness Centrality,lh_lateralorbitofrontal,0.046822742474916385,0.0,-0.046822742474916385
MSN,aparc,0.7,Betweenness Centrality,lh_lingual,0.1705685618729097,0.3762541806020067,0.20568561872909702
MSN,aparc,0.7,Betweenness Centrality,lh_medialorbitofrontal,0.010033444816053512,0.0,-0.010033444816053512
MSN,aparc,0.7,Betweenness Centrality,lh_middletemporal,0.016722408026755852,0.12876254180602006,0.11204013377926421
MSN,aparc,0.7,Betweenness Centrality,lh_parahippocampal,0.0,0.020066889632107024,0.020066889632107024
MSN,aparc,0.7,Betweenness Centrality,lh_paracentral,0.0,0.0,0.0
MSN,aparc,0.7,Betweenness Centrality,lh_parsopercularis,0.19732441471571907,0.13712374581939799,-0.060200668896321086
MSN,aparc,0.7,Betweenness Centrality,lh_parsorbitalis,0.0,0.0,0.0
MSN,aparc,0.7,Betweenness Centrality,lh_parstriangularis,0.0,0.0,0.0
MSN,aparc,0.7,Betweenness Centrality,lh_pericalcarine,0.9080267558528428,1.0,0.09197324414715724
MSN,aparc,0.7,Betweenness Centrality,lh_postcentral,0.0,0.051839464882943144,0.051839464882943144
MSN,aparc,0.7,Betweenness Centrality,lh_posteriorcingulate,0.0,0.09364548494983277,0.09364548494983277
MSN,aparc,0.7,Betweenness Centrality,lh_precentral,0.04013377926421405,0.0,-0.04013377926421405
MSN,aparc,0.7,Betweenness Centrality,lh_precuneus,0.0,0.0,0.0
MSN,aparc,0.7,Betweenness Centrality,lh_rostralanteriorcingulate,0.3695652173913043,0.40468227424749165,0.03511705685618732
MSN,aparc,0.7,Betweenness Centrality,lh_rostralmiddlefrontal,0.0,0.0,0.0
MSN,aparc,0.7,Betweenness Centrality,lh_superiorfrontal,0.342809364548495,0.4698996655518395,0.1270903010033445
MSN,aparc,0.7,Betweenness Centrality,lh_superiorparietal,0.026755852842809364,0.0,-0.026755852842809364
MSN,aparc,0.7,Betweenness Centrality,lh_superiortemporal,0.0,0.0016722408026755853,0.0016722408026755853
MSN,aparc,0.7,Betweenness Centrality,lh_supramarginal,0.008361204013377926,0.0033444816053511705,-0.005016722408026756
MSN,aparc,0.7,Betweenness Centrality,lh_frontalpole,0.005016722408026756,0.0,-0.005016722408026756
MSN,aparc,0.7,Betweenness Centrality,lh_temporalpole,0.07692307692307693,0.0,-0.07692307692307693
MSN,aparc,0.7,Betweenness Centrality,lh_transversetemporal,0.0,0.048494983277591976,0.048494983277591976
MSN,aparc,0.7,Betweenness Centrality,lh_insula,0.11705685618729098,0.020066889632107024,-0.09698996655518395
MSN,aparc,0.7,Betweenness Centrality,rh_bankssts,0.006688963210702341,0.0,-0.006688963210702341
MSN,aparc,0.7,Betweenness Centrality,rh_caudalanteriorcingulate,0.21906354515050167,0.04013377926421405,-0.17892976588628762
MSN,aparc,0.7,Betweenness Centrality,rh_caudalmiddlefrontal,0.0,0.043478260869565216,0.043478260869565216
MSN,aparc,0.7,Betweenness Centrality,rh_cuneus,0.1588628762541806,0.11204013377926421,-0.0468227424749164
MSN,aparc,0.7,Betweenness Centrality,rh_entorhinal,0.23076923076923078,0.08862876254180602,-0.14214046822742477
MSN,aparc,0.7,Betweenness Centrality,rh_fusiform,0.05852842809364549,0.0,-0.05852842809364549
MSN,aparc,0.7,Betweenness Centrality,rh_inferiorparietal,0.0,0.0,0.0
MSN,aparc,0.7,Betweenness Centrality,rh_inferiortemporal,0.3093645484949833,0.0,-0.3093645484949833
MSN,aparc,0.7,Betweenness Centrality,rh_isthmuscingulate,0.0,0.0,0.0
MSN,aparc,0.7,Betweenness Centrality,rh_lateraloccipital,0.0,0.0,0.0
MSN,aparc,0.7,Betweenness Centrality,rh_lateralorbitofrontal,0.05016722408026756,0.08193979933110368,0.03177257525083612
MSN,aparc,0.7,Betweenness Centrality,rh_lingual,0.005016722408026756,0.005016722408026756,0.0
MSN,aparc,0.7,Betweenness Centrality,rh_medialorbitofrontal,0.08862876254180602,0.028428093645484948,-0.06020066889632107
MSN,aparc,0.7,Betweenness Centrality,rh_middletemporal,0.1705685618729097,0.0,-0.1705685618729097
MSN,aparc,0.7,Betweenness Centrality,rh_parahippocampal,0.0,0.0,0.0
MSN,aparc,0.7,Betweenness Centrality,rh_paracentral,0.0,0.0,0.0
MSN,aparc,0.7,Betweenness Centrality,rh_parsopercularis,0.0,0.0,0.0
MSN,aparc,0.7,Betweenness Centrality,rh_parsorbitalis,0.0,0.0,0.0
MSN,aparc,0.7,Betweenness Centrality,rh_parstriangularis,0.0,0.0,0.0
MSN,aparc,0.7,Betweenness Centrality,rh_pericalcarine,0.015050167224080268,0.0,-0.015050167224080268
MSN,aparc,0.7,Betweenness Centrality,rh_postcentral,0.0016722408026755853,0.05518394648829431,0.05351170568561873
MSN,aparc,0.7,Betweenness Centrality,rh_posteriorcingulate,0.25752508361204013,0.5083612040133779,0.2508361204013378
MSN,aparc,0.7,Betweenness Centrality,rh_precentral,0.0,0.0,0.0
MSN,aparc,0.7,Betweenness Centrality,rh_precuneus,0.08528428093645485,0.0,-0.08528428093645485
MSN,aparc,0.7,Betweenness Centrality,rh_rostralanteriorcingulate,0.0,0.016722408026755852,0.016722408026755852
MSN,aparc,0.7,Betweenness Centrality,rh_rostralmiddlefrontal,0.011705685618729096,0.05016722408026756,0.038461538461538464
MSN,aparc,0.7,Betweenness Centrality,rh_superiorfrontal,0.09197324414715718,0.030100334448160536,-0.06187290969899665
MSN,aparc,0.7,Betweenness Centrality,rh_superiorparietal,0.026755852842809364,0.0,-0.026755852842809364
MSN,aparc,0.7,Betweenness Centrality,rh_superiortemporal,0.0,0.0,0.0
MSN,aparc,0.7,Betweenness Centrality,rh_supramarginal,0.0,0.0,0.0
MSN,aparc,0.7,Betweenness Centrality,rh_frontalpole,0.0,0.0,0.0
MSN,aparc,0.7,Betweenness Centrality,rh_temporalpole,0.02508361204013378,0.0,-0.02508361204013378
MSN,aparc,0.7,Betweenness Centrality,rh_transversetemporal,0.0,0.0,0.0
MSN,aparc,0.7,Betweenness Centrality,rh_insula,0.0,0.0,0.0
MSN,aparc,0.7,Eigenvector Centrality,lh_bankssts,0.9819881772488734,0.9773021364230845,-0.00468604082578894
MSN,aparc,0.7,Eigenvector Centrality,lh_caudalanteriorcingulate,0.9799089432258199,0.9840641914803404,0.004155248254520516
MSN,aparc,0.7,Eigenvector Centrality,lh_caudalmiddlefrontal,0.9189908707442098,0.921101925444817,0.002111054700607129
MSN,aparc,0.7,Eigenvector Centrality,lh_cuneus,0.08847204816257592,0.0658638452847909,-0.02260820287778502
MSN,aparc,0.7,Eigenvector Centrality,lh_entorhinal,0.27989992419365706,0.2600070184996391,-0.01989290569401797
MSN,aparc,0.7,Eigenvector Centrality,lh_fusiform,0.01192766685290099,0.23577951779446651,0.2238518509415655
MSN,aparc,0.7,Eigenvector Centrality,lh_inferiorparietal,0.09205765311932317,0.06329034246247087,-0.0287673106568523
MSN,aparc,0.7,Eigenvector Centrality,lh_inferiortemporal,0.08801400539946411,0.06305319483380864,-0.024960810565655467
MSN,aparc,0.7,Eigenvector Centrality,lh_isthmuscingulate,0.9408350915818016,0.9332506604821611,-0.007584431099640465
MSN,aparc,0.7,Eigenvector Centrality,lh_lateraloccipital,0.09206166679400782,0.06490051369310985,-0.027161153100897964
MSN,aparc,0.7,Eigenvector Centrality,lh_lateralorbitofrontal,0.23804248622294075,0.36666928208228683,0.12862679585934608
MSN,aparc,0.7,Eigenvector Centrality,lh_lingual,0.08658471087553099,0.06665692044761191,-0.019927790427919076
MSN,aparc,0.7,Eigenvector Centrality,lh_medialorbitofrontal,0.0,0.028003488168720947,0.028003488168720947
MSN,aparc,0.7,Eigenvector Centrality,lh_middletemporal,0.09849868994655436,0.06406283758763358,-0.034435852358920785
MSN,aparc,0.7,Eigenvector Centrality,lh_parahippocampal,0.8957661665803364,0.8942081251056817,-0.001558041474654659
MSN,aparc,0.7,Eigenvector Centrality,lh_paracentral,0.9391257604587551,0.9546126698517013,0.01548690939294628
MSN,aparc,0.7,Eigenvector Centrality,lh_parsopercularis,0.8312936496156279,0.8617433594144532,0.03044970979882533
MSN,aparc,0.7,Eigenvector Centrality,lh_parsorbitalis,0.19052119525908826,0.15809064340771356,-0.032430551851374695
MSN,aparc,0.7,Eigenvector Centrality,lh_parstriangularis,0.9130597963881248,0.916352923016757,0.003293126628632126
MSN,aparc,0.7,Eigenvector Centrality,lh_pericalcarine,0.3084586590051452,0.3244985534954104,0.016039894490265216
MSN,aparc,0.7,Eigenvector Centrality,lh_postcentral,0.09592854669356184,0.06932324854180637,-0.02660529815175547
MSN,aparc,0.7,Eigenvector Centrality,lh_posteriorcingulate,0.9609553286688938,0.9489833851494789,-0.011971943519414885
MSN,aparc,0.7,Eigenvector Centrality,lh_precentral,0.08973241262359213,0.06111462082340186,-0.028617791800190272
MSN,aparc,0.7,Eigenvector Centrality,lh_precuneus,0.09979542088667927,0.06392678845799006,-0.03586863242868921
MSN,aparc,0.7,Eigenvector Centrality,lh_rostralanteriorcingulate,0.883940429391444,0.9253769315052671,0.041436502113823104
MSN,aparc,0.7,Eigenvector Centrality,lh_rostralmiddlefrontal,0.09237972517653557,0.06365503839341205,-0.028724686783123524
MSN,aparc,0.7,Eigenvector Centrality,lh_superiorfrontal,0.0865829520213302,0.058362844964404935,-0.02822010705692527
MSN,aparc,0.7,Eigenvector Centrality,lh_superiorparietal,0.0961222326690179,0.0673581154964845,-0.028764117172533396
MSN,aparc,0.7,Eigenvector Centrality,lh_superiortemporal,0.08077075953000717,0.053277550719794994,-0.02749320881021218
MSN,aparc,0.7,Eigenvector Centrality,lh_supramarginal,0.08428507983201917,0.05681390022389212,-0.027471179608127054
MSN,aparc,0.7,Eigenvector Centrality,lh_frontalpole,0.13449462522117497,0.08872438301044618,-0.0457702422107288
MSN,aparc,0.7,Eigenvector Centrality,lh_temporalpole,0.21032483854997208,0.18723539541536147,-0.023089443134610615
MSN,aparc,0.7,Eigenvector Centrality,lh_transversetemporal,0.9839397953134617,0.9663208285819851,-0.01761896673147656
MSN,aparc,0.7,Eigenvector Centrality,lh_insula,0.9496419412452098,0.9707313493600961,0.021089408114886243
MSN,aparc,0.7,Eigenvector Centrality,rh_bankssts,1.0,0.9953834647355914,-0.004616535264408639
MSN,aparc,0.7,Eigenvector Centrality,rh_caudalanteriorcingulate,0.9293564536059107,0.9237263763288472,-0.005630077277063439
MSN,aparc,0.7,Eigenvector Centrality,rh_caudalmiddlefrontal,0.7815180903829662,0.9105288202330105,0.12901072985004436
MSN,aparc,0.7,Eigenvector Centrality,rh_cuneus,0.09306854823619892,0.06884371475053777,-0.02422483348566115
MSN,aparc,0.7,Eigenvector Centrality,rh_entorhinal,0.34288531288792756,0.25694564712426404,-0.08593966576366352
MSN,aparc,0.7,Eigenvector Centrality,rh_fusiform,0.402378913009104,0.2112606324026499,-0.1911182806064541
MSN,aparc,0.7,Eigenvector Centrality,rh_inferiorparietal,0.0907117182148592,0.06213008284132764,-0.028581635373531554
MSN,aparc,0.7,Eigenvector Centrality,rh_inferiortemporal,0.09037849962671082,0.05952210766361107,-0.030856391963099757
MSN,aparc,0.7,Eigenvector Centrality,rh_isthmuscingulate,0.9216668594145201,0.9310728470928314,0.009405987678311356
MSN,aparc,0.7,Eigenvector Centrality,rh_lateraloccipital,0.0921301944910034,0.06378933476676492,-0.028340859724238485
MSN,aparc,0.7,Eigenvector Centrality,rh_lateralorbitofrontal,0.5168505888442386,0.537768600739025,0.02091801189478637
MSN,aparc,0.7,Eigenvector Centrality,rh_lingual,0.08898132416237442,0.06752976466955667,-0.021451559492817754
MSN,aparc,0.7,Eigenvector Centrality,rh_medialorbitofrontal,0.038542683820280615,0.03450155130215397,-0.004041132518126649
MSN,aparc,0.7,Eigenvector Centrality,rh_middletemporal,0.08985724574700898,0.06345343656542443,-0.026403809181584553
MSN,aparc,0.7,Eigenvector Centrality,rh_parahippocampal,0.951435309330926,0.9671034246927303,0.015668115361804236
MSN,aparc,0.7,Eigenvector Centrality,rh_paracentral,0.9680969598146238,0.9770780653647512,0.008981105550127322
MSN,aparc,0.7,Eigenvector Centrality,rh_parsopercularis,0.9553689522674588,0.9066694888365886,-0.04869946343087017
MSN,aparc,0.7,Eigenvector Centrality,rh_parsorbitalis,0.184748440519031,0.11733696357827098,-0.06741147694076002
MSN,aparc,0.7,Eigenvector Centrality,rh_parstriangularis,0.8964289547111242,0.8568416244743599,-0.039587330236764307
MSN,aparc,0.7,Eigenvector Centrality,rh_pericalcarine,0.2392577775344372,0.22949758370625403,-0.009760193828183161
MSN,aparc,0.7,Eigenvector Centrality,rh_postcentral,0.09425417953957993,0.06975348108455383,-0.0245006984550261
MSN,aparc,0.7,Eigenvector Centrality,rh_posteriorcingulate,0.9243095882366047,0.9497527417555841,0.02544315351897941
MSN,aparc,0.7,Eigenvector Centrality,rh_precentral,0.0921138124072891,0.06368304796908143,-0.028430764438207662
MSN,aparc,0.7,Eigenvector Centrality,rh_precuneus,0.08733858153381881,0.06443601706959867,-0.022902564464220135
MSN,aparc,0.7,Eigenvector Centrality,rh_rostralanteriorcingulate,0.9736271313335645,0.9681363030326104,-0.005490828300954043
MSN,aparc,0.7,Eigenvector Centrality,rh_rostralmiddlefrontal,0.09395852134199584,0.06614500912905173,-0.027813512212944105
MSN,aparc,0.7,Eigenvector Centrality,rh_superiorfrontal,0.08627399285316789,0.05835312370337281,-0.02792086914979508
MSN,aparc,0.7,Eigenvector Centrality,rh_superiorparietal,0.09553044761926743,0.06636265920837914,-0.029167788410888296
MSN,aparc,0.7,Eigenvector Centrality,rh_superiortemporal,0.09594288671621147,0.0914361475107961,-0.004506739205415375
MSN,aparc,0.7,Eigenvector Centrality,rh_supramarginal,0.04276741919393989,0.029078141777483246,-0.013689277416456647
MSN,aparc,0.7,Eigenvector Centrality,rh_frontalpole,0.11369760053177196,0.07113063219276629,-0.04256696833900567
MSN,aparc,0.7,Eigenvector Centrality,rh_temporalpole,0.22826110380105646,0.20298295201435143,-0.025278151786705033
MSN,aparc,0.7,Eigenvector Centrality,rh_transversetemporal,0.9830248397376702,0.9662847921384825,-0.01674004759918768
MSN,aparc,0.7,Eigenvector Centrality,rh_insula,0.9887629647584273,0.9838843595150205,-0.004878605243406775
MSN,aparc,0.7,Node Degree,lh_bankssts,0.3684210526315789,0.42105263157894735,0.05263157894736842
MSN,aparc,0.7,Node Degree,lh_caudalanteriorcingulate,0.3684210526315789,0.5263157894736842,0.15789473684210525
MSN,aparc,0.7,Node Degree,lh_caudalmiddlefrontal,0.47368421052631576,0.47368421052631576,0.0
MSN,aparc,0.7,Node Degree,lh_cuneus,0.15789473684210525,0.21052631578947367,0.05263157894736842
MSN,aparc,0.7,Node Degree,lh_entorhinal,0.47368421052631576,0.47368421052631576,0.0
MSN,aparc,0.7,Node Degree,lh_fusiform,0.2631578947368421,0.8947368421052632,0.631578947368421
MSN,aparc,0.7,Node Degree,lh_inferiorparietal,0.42105263157894735,0.3157894736842105,-0.10526315789473684
MSN,aparc,0.7,Node Degree,lh_inferiortemporal,0.5263157894736842,0.42105263157894735,-0.10526315789473684
MSN,aparc,0.7,Node Degree,lh_isthmuscingulate,0.3684210526315789,0.42105263157894735,0.05263157894736842
MSN,aparc,0.7,Node Degree,lh_lateraloccipital,0.3684210526315789,0.42105263157894735,0.05263157894736842
MSN,aparc,0.7,Node Degree,lh_lateralorbitofrontal,0.8421052631578947,0.7368421052631579,-0.10526315789473684
MSN,aparc,0.7,Node Degree,lh_lingual,0.15789473684210525,0.15789473684210525,0.0
MSN,aparc,0.7,Node Degree,lh_medialorbitofrontal,0.3157894736842105,0.7368421052631579,0.42105263157894735
MSN,aparc,0.7,Node Degree,lh_middletemporal,0.2631578947368421,0.2631578947368421,0.0
MSN,aparc,0.7,Node Degree,lh_parahippocampal,0.7368421052631579,0.6842105263157895,-0.05263157894736836
MSN,aparc,0.7,Node Degree,lh_paracentral,0.631578947368421,0.631578947368421,0.0
MSN,aparc,0.7,Node Degree,lh_parsopercularis,0.7894736842105263,0.7368421052631579,-0.052631578947368474
MSN,aparc,0.7,Node Degree,lh_parsorbitalis,0.3684210526315789,0.15789473684210525,-0.21052631578947367
MSN,aparc,0.7,Node Degree,lh_parstriangularis,0.5263157894736842,0.631578947368421,0.10526315789473684
MSN,aparc,0.7,Node Degree,lh_pericalcarine,0.8421052631578947,1.0,0.1578947368421053
MSN,aparc,0.7,Node Degree,lh_postcentral,0.3684210526315789,0.15789473684210525,-0.21052631578947367
MSN,aparc,0.7,Node Degree,lh_posteriorcingulate,0.3684210526315789,0.47368421052631576,0.10526315789473684
MSN,aparc,0.7,Node Degree,lh_precentral,0.47368421052631576,0.47368421052631576,0.0
MSN,aparc,0.7,Node Degree,lh_precuneus,0.42105263157894735,0.3157894736842105,-0.10526315789473684
MSN,aparc,0.7,Node Degree,lh_rostralanteriorcingulate,0.7894736842105263,0.7894736842105263,0.0
MSN,aparc,0.7,Node Degree,lh_rostralmiddlefrontal,0.42105263157894735,0.47368421052631576,0.05263157894736842
MSN,aparc,0.7,Node Degree,lh_superiorfrontal,0.631578947368421,0.5263157894736842,-0.10526315789473684
MSN,aparc,0.7,Node Degree,lh_superiorparietal,0.3684210526315789,0.3684210526315789,0.0
MSN,aparc,0.7,Node Degree,lh_superiortemporal,0.47368421052631576,0.3157894736842105,-0.15789473684210525
MSN,aparc,0.7,Node Degree,lh_supramarginal,0.47368421052631576,0.47368421052631576,0.0
MSN,aparc,0.7,Node Degree,lh_frontalpole,0.21052631578947367,0.0,-0.21052631578947367
MSN,aparc,0.7,Node Degree,lh_temporalpole,0.3684210526315789,0.15789473684210525,-0.21052631578947367
MSN,aparc,0.7,Node Degree,lh_transversetemporal,0.42105263157894735,0.42105263157894735,0.0
MSN,aparc,0.7,Node Degree,lh_insula,0.42105263157894735,0.42105263157894735,0.0
MSN,aparc,0.7,Node Degree,rh_bankssts,0.47368421052631576,0.5263157894736842,0.05263157894736842
MSN,aparc,0.7,Node Degree,rh_caudalanteriorcingulate,0.42105263157894735,0.5263157894736842,0.10526315789473684
MSN,aparc,0.7,Node Degree,rh_caudalmiddlefrontal,0.3684210526315789,0.5263157894736842,0.15789473684210525
MSN,aparc,0.7,Node Degree,rh_cuneus,0.15789473684210525,0.15789473684210525,0.0
MSN,aparc,0.7,Node Degree,rh_entorhinal,0.7368421052631579,0.5263157894736842,-0.21052631578947367
MSN,aparc,0.7,Node Degree,rh_fusiform,0.6842105263157895,0.5263157894736842,-0.1578947368421053
MSN,aparc,0.7,Node Degree,rh_inferiorparietal,0.42105263157894735,0.47368421052631576,0.05263157894736842
MSN,aparc,0.7,Node Degree,rh_inferiortemporal,0.47368421052631576,0.47368421052631576,0.0
MSN,aparc,0.7,Node Degree,rh_isthmuscingulate,0.3684210526315789,0.42105263157894735,0.05263157894736842
MSN,aparc,0.7,Node Degree,rh_lateraloccipital,0.42105263157894735,0.42105263157894735,0.0
MSN,aparc,0.7,Node Degree,rh_lateralorbitofrontal,0.631578947368421,0.631578947368421,0.0
MSN,aparc,0.7,Node Degree,rh_lingual,0.15789473684210525,0.15789473684210525,0.0
MSN,aparc,0.7,Node Degree,rh_medialorbitofrontal,0.631578947368421,0.3157894736842105,-0.3157894736842105
MSN,aparc,0.7,Node Degree,rh_middletemporal,0.5263157894736842,0.3157894736842105,-0.21052631578947367
MSN,aparc,0.7,Node Degree,rh_parahippocampal,0.5789473684210527,0.5789473684210527,0.0
MSN,aparc,0.7,Node Degree,rh_paracentral,0.631578947368421,0.6842105263157895,0.052631578947368474
MSN,aparc,0.7,Node Degree,rh_parsopercularis,0.5789473684210527,0.6842105263157895,0.10526315789473684
MSN,aparc,0.7,Node Degree,rh_parsorbitalis,0.3684210526315789,0.21052631578947367,-0.15789473684210525
MSN,aparc,0.7,Node Degree,rh_parstriangularis,0.5789473684210527,0.5263157894736842,-0.052631578947368474
MSN,aparc,0.7,Node Degree,rh_pericalcarine,0.7368421052631579,0.9473684210526315,0.21052631578947367
MSN,aparc,0.7,Node Degree,rh_postcentral,0.3684210526315789,0.10526315789473684,-0.2631578947368421
MSN,aparc,0.7,Node Degree,rh_posteriorcingulate,0.42105263157894735,0.47368421052631576,0.05263157894736842
MSN,aparc,0.7,Node Degree,rh_precentral,0.47368421052631576,0.3684210526315789,-0.10526315789473684
MSN,aparc,0.7,Node Degree,rh_precuneus,0.21052631578947367,0.21052631578947367,0.0
MSN,aparc,0.7,Node Degree,rh_rostralanteriorcingulate,0.5789473684210527,0.6842105263157895,0.10526315789473684
MSN,aparc,0.7,Node Degree,rh_rostralmiddlefrontal,0.3684210526315789,0.42105263157894735,0.05263157894736842
MSN,aparc,0.7,Node Degree,rh_superiorfrontal,0.631578947368421,0.47368421052631576,-0.15789473684210525
MSN,aparc,0.7,Node Degree,rh_superiorparietal,0.3684210526315789,0.3684210526315789,0.0
MSN,aparc,0.7,Node Degree,rh_superiortemporal,0.2631578947368421,0.21052631578947367,-0.05263157894736842
MSN,aparc,0.7,Node Degree,rh_supramarginal,0.42105263157894735,0.47368421052631576,0.05263157894736842
MSN,aparc,0.7,Node Degree,rh_frontalpole,0.15789473684210525,0.05263157894736842,-0.10526315789473684
MSN,aparc,0.7,Node Degree,rh_temporalpole,0.2631578947368421,0.21052631578947367,-0.05263157894736842
MSN,aparc,0.7,Node Degree,rh_transversetemporal,0.3684210526315789,0.42105263157894735,0.05263157894736842
MSN,aparc,0.7,Node Degree,rh_insula,0.42105263157894735,0.5263157894736842,0.10526315789473684
MSN,aparc,0.8,Participation Coefficient,lh_bankssts,0.10169575715182182,0.10603093083843909,0.004335173686617275
MSN,aparc,0.8,Participation Coefficient,lh_caudalanteriorcingulate,0.10038859905991855,0.09489191753177365,-0.005496681528144906
MSN,aparc,0.8,Participation Coefficient,lh_caudalmiddlefrontal,0.09611608270987637,0.08554422153606131,-0.010571861173815061
MSN,aparc,0.8,Participation Coefficient,lh_cuneus,0.0,0.02057396783776386,0.02057396783776386
MSN,aparc,0.8,Participation Coefficient,lh_entorhinal,0.7399604232235509,0.7422891934438814,0.0023287702203305116
MSN,aparc,0.8,Participation Coefficient,lh_fusiform,1.0,0.351461209459945,-0.648538790540055
MSN,aparc,0.8,Participation Coefficient,lh_inferiorparietal,0.15529255953558002,0.03886428840027178,-0.11642827113530824
MSN,aparc,0.8,Participation Coefficient,lh_inferiortemporal,0.7671049091697841,0.7598306378484659,-0.007274271321318193
MSN,aparc,0.8,Participation Coefficient,lh_isthmuscingulate,0.10336784730390323,0.10628675450822973,0.0029189072043264985
MSN,aparc,0.8,Participation Coefficient,lh_lateraloccipital,0.15617047460428393,0.06785666218711504,-0.08831381241716889
MSN,aparc,0.8,Participation Coefficient,lh_lateralorbitofrontal,0.6338085147016121,0.5951117078205774,-0.03869680688103472
MSN,aparc,0.8,Participation Coefficient,lh_lingual,0.0,0.014130884229946522,0.014130884229946522
MSN,aparc,0.8,Participation Coefficient,lh_medialorbitofrontal,0.9544389084813539,0.8397247394702847,-0.11471416901106923
MSN,aparc,0.8,Participation Coefficient,lh_middletemporal,0.47916568004758897,0.5378587257672567,0.058693045719667714
MSN,aparc,0.8,Participation Coefficient,lh_parahippocampal,0.3843399067354484,0.3375814562066806,-0.04675845052876776
MSN,aparc,0.8,Participation Coefficient,lh_paracentral,0.2336712818039866,0.20489278721602325,-0.02877849458796336
MSN,aparc,0.8,Participation Coefficient,lh_parsopercularis,0.5689725137050888,0.4370966074162283,-0.13187590628886053
MSN,aparc,0.8,Participation Coefficient,lh_parsorbitalis,0.518313440008286,0.49298944493611674,-0.025323995072169314
MSN,aparc,0.8,Participation Coefficient,lh_parstriangularis,0.19979565283013503,0.23523142990289697,0.03543577707276194
MSN,aparc,0.8,Participation Coefficient,lh_pericalcarine,0.8141917439184209,0.8392903181231357,0.02509857420471484
MSN,aparc,0.8,Participation Coefficient,lh_postcentral,0.07842915675827505,0.007531452601815591,-0.07089770415645946
MSN,aparc,0.8,Participation Coefficient,lh_posteriorcingulate,0.1361221242297697,0.14060871845363707,0.0044865942238673795
MSN,aparc,0.8,Participation Coefficient,lh_precentral,0.2902538323563335,0.22886920464694413,-0.06138462770938938
MSN,aparc,0.8,Participation Coefficient,lh_precuneus,0.14417627597194532,0.02366494939687701,-0.12051132657506831
MSN,aparc,0.8,Participation Coefficient,lh_rostralanteriorcingulate,0.5032898900285684,0.3796782163979234,-0.12361167363064501
MSN,aparc,0.8,Participation Coefficient,lh_rostralmiddlefrontal,0.1951429049839897,0.19338035253118366,-0.0017625524528060432
MSN,aparc,0.8,Participation Coefficient,lh_superiorfrontal,0.560223568793153,0.5396955255250925,-0.02052804326806057
MSN,aparc,0.8,Participation Coefficient,lh_superiorparietal,0.1060366569714704,0.06403411470769041,-0.04200254226377999
MSN,aparc,0.8,Participation Coefficient,lh_superiortemporal,0.7921647661089471,0.656812393939977,-0.13535237216897011
MSN,aparc,0.8,Participation Coefficient,lh_supramarginal,0.48502362862043863,0.3860011761231999,-0.09902245249723873
MSN,aparc,0.8,Participation Coefficient,lh_frontalpole,0.3707754436554494,0.3287993969850102,-0.04197604667043919
MSN,aparc,0.8,Participation Coefficient,lh_temporalpole,0.5722441709628622,0.5822958837654975,0.010051712802635282
MSN,aparc,0.8,Participation Coefficient,lh_transversetemporal,0.10113751972371751,0.10280524265927707,0.0016677229355595569
MSN,aparc,0.8,Participation Coefficient,lh_insula,0.1279779650833919,0.09935772684618856,-0.028620238237203346
MSN,aparc,0.8,Participation Coefficient,rh_bankssts,0.10132353550195956,0.09623332757802741,-0.005090207923932152
MSN,aparc,0.8,Participation Coefficient,rh_caudalanteriorcingulate,0.1849326061396165,0.1547349482532012,-0.03019765788641532
MSN,aparc,0.8,Participation Coefficient,rh_caudalmiddlefrontal,0.15443858545989092,0.08749099536702466,-0.06694759009286626
MSN,aparc,0.8,Participation Coefficient,rh_cuneus,0.0,0.01635529572598155,0.01635529572598155
MSN,aparc,0.8,Participation Coefficient,rh_entorhinal,0.8135531674068796,0.7396455217615872,-0.0739076456452924
MSN,aparc,0.8,Participation Coefficient,rh_fusiform,0.3454367233132116,0.17519899363635766,-0.17023772967685397
MSN,aparc,0.8,Participation Coefficient,rh_inferiorparietal,0.25836073888336447,0.23573767663020123,-0.02262306225316324
MSN,aparc,0.8,Participation Coefficient,rh_inferiortemporal,0.8230179406553908,0.6722919148337695,-0.1507260258216213
MSN,aparc,0.8,Participation Coefficient,rh_isthmuscingulate,0.1337592468187258,0.11698708277345236,-0.016772164045273444
MSN,aparc,0.8,Participation Coefficient,rh_lateraloccipital,0.16765114832453823,0.08958256724728164,-0.07806858107725659
MSN,aparc,0.8,Participation Coefficient,rh_lateralorbitofrontal,0.2614800219767108,0.14195039810587431,-0.11952962387083646
MSN,aparc,0.8,Participation Coefficient,rh_lingual,0.0,0.013523513293681328,0.013523513293681328
MSN,aparc,0.8,Participation Coefficient,rh_medialorbitofrontal,0.42755950512693663,0.08282237962014433,-0.3447371255067923
MSN,aparc,0.8,Participation Coefficient,rh_middletemporal,0.6822164946547273,0.5742316948688712,-0.10798479978585618
MSN,aparc,0.8,Participation Coefficient,rh_parahippocampal,0.22703142417992614,0.1528203364332974,-0.07421108774662874
MSN,aparc,0.8,Participation Coefficient,rh_paracentral,0.13229421805912853,0.13871279988326252,0.00641858182413399
MSN,aparc,0.8,Participation Coefficient,rh_parsopercularis,0.2657468320819651,0.3305223535841128,0.06477552150214771
MSN,aparc,0.8,Participation Coefficient,rh_parsorbitalis,0.4975220524083205,0.3867665362512157,-0.11075551615710477
MSN,aparc,0.8,Participation Coefficient,rh_parstriangularis,0.14380612942919338,0.09497993374602957,-0.048826195683163806
MSN,aparc,0.8,Participation Coefficient,rh_pericalcarine,0.6806672706306722,0.7004037419264161,0.01973647129574385
MSN,aparc,0.8,Participation Coefficient,rh_postcentral,0.0770204368979551,0.0,-0.0770204368979551
MSN,aparc,0.8,Participation Coefficient,rh_posteriorcingulate,0.1852989822667614,0.14430853873390728,-0.04099044353285411
MSN,aparc,0.8,Participation Coefficient,rh_precentral,0.19483855066165404,0.17721794299527663,-0.017620607666377408
MSN,aparc,0.8,Participation Coefficient,rh_precuneus,0.034976341224652964,0.00960484121773756,-0.025371500006915404
MSN,aparc,0.8,Participation Coefficient,rh_rostralanteriorcingulate,0.2503126487767905,0.22780220835504697,-0.02251044042174352
MSN,aparc,0.8,Participation Coefficient,rh_rostralmiddlefrontal,0.1424867257612426,0.07683482018362064,-0.06565190557762196
MSN,aparc,0.8,Participation Coefficient,rh_superiorfrontal,0.5175131426294898,0.4958098661888436,-0.02170327644064618
MSN,aparc,0.8,Participation Coefficient,rh_superiorparietal,0.09812533560943909,0.10253558816449092,0.004410252555051827
MSN,aparc,0.8,Participation Coefficient,rh_superiortemporal,0.4924508919627471,0.44739613574576703,-0.045054756216980074
MSN,aparc,0.8,Participation Coefficient,rh_supramarginal,0.4370968421685847,0.4504327029276592,0.013335860759074503
MSN,aparc,0.8,Participation Coefficient,rh_frontalpole,0.37261458135975983,0.3506166611737158,-0.021997920186044018
MSN,aparc,0.8,Participation Coefficient,rh_temporalpole,0.6272685756213437,0.6264918214288949,-0.0007767541924488253
MSN,aparc,0.8,Participation Coefficient,rh_transversetemporal,0.1016321927817019,0.11682334009736509,0.015191147315663192
MSN,aparc,0.8,Participation Coefficient,rh_insula,0.10573067691185963,0.10043290042651447,-0.005297776485345157
MSN,aparc,0.8,Node Versatility,lh_bankssts,0.14238700989738956,0.06326749968272607,-0.07911951021466349
MSN,aparc,0.8,Node Versatility,lh_caudalanteriorcingulate,0.019047145328825243,0.1423974847268943,0.12335033939806907
MSN,aparc,0.8,Node Versatility,lh_caudalmiddlefrontal,0.16656807383820138,0.079091759320685,-0.08747631451751638
MSN,aparc,0.8,Node Versatility,lh_cuneus,0.9536492205035164,0.7559755887329005,-0.19767363177061592
MSN,aparc,0.8,Node Versatility,lh_entorhinal,0.22496248110444328,0.21473976591634544,-0.010222715188097836
MSN,aparc,0.8,Node Versatility,lh_fusiform,0.22496248110444328,0.9980943216645265,0.7731318405600832
MSN,aparc,0.8,Node Versatility,lh_inferiorparietal,0.2731592817867235,0.23690081728255397,-0.03625846450416953
MSN,aparc,0.8,Node Versatility,lh_inferiortemporal,0.22965039179407706,0.21473976591634544,-0.01491062587773162
MSN,aparc,0.8,Node Versatility,lh_isthmuscingulate,0.026401907100480838,0.06272697321455661,0.03632506611407578
MSN,aparc,0.8,Node Versatility,lh_lateraloccipital,0.2731592817867235,0.23690081728255397,-0.03625846450416953
MSN,aparc,0.8,Node Versatility,lh_lateralorbitofrontal,0.0,0.2754538379272372,0.2754538379272372
MSN,aparc,0.8,Node Versatility,lh_lingual,0.9536492205035164,0.7559755887329005,-0.19767363177061592
MSN,aparc,0.8,Node Versatility,lh_medialorbitofrontal,0.06453716842674241,0.22678293916632006,0.16224577073957763
MSN,aparc,0.8,Node Versatility,lh_middletemporal,0.22496248110444328,0.21473976591634544,-0.010222715188097836
MSN,aparc,0.8,Node Versatility,lh_parahippocampal,0.0,0.636424176454522,0.636424176454522
MSN,aparc,0.8,Node Versatility,lh_paracentral,0.0,0.04628444095584563,0.04628444095584563
MSN,aparc,0.8,Node Versatility,lh_parsopercularis,0.0,0.4550661435915021,0.4550661435915021
MSN,aparc,0.8,Node Versatility,lh_parsorbitalis,0.22496248110444328,0.21473976591634544,-0.010222715188097836
MSN,aparc,0.8,Node Versatility,lh_parstriangularis,0.07188635091322015,0.2754406257946375,0.20355427488141736
MSN,aparc,0.8,Node Versatility,lh_pericalcarine,0.5572972180959765,0.5182156606351381,-0.03908155746083841
MSN,aparc,0.8,Node Versatility,lh_postcentral,0.2731592817867235,0.23690081728255397,-0.03625846450416953
MSN,aparc,0.8,Node Versatility,lh_posteriorcingulate,0.05368489971175221,0.06326749968272607,0.009582599970973868
MSN,aparc,0.8,Node Versatility,lh_precentral,0.2731592817867235,0.23690081728255397,-0.03625846450416953
MSN,aparc,0.8,Node Versatility,lh_precuneus,0.9536492205035164,0.7559755887329005,-0.19767363177061592
MSN,aparc,0.8,Node Versatility,lh_rostralanteriorcingulate,0.0,0.5192537958830459,0.5192537958830459
MSN,aparc,0.8,Node Versatility,lh_rostralmiddlefrontal,0.2731592817867235,0.23690081728255397,-0.03625846450416953
MSN,aparc,0.8,Node Versatility,lh_superiorfrontal,0.29291112428732896,0.30024752378599806,0.0073363994986690995
MSN,aparc,0.8,Node Versatility,lh_superiorparietal,0.2731592817867235,0.23690081728255397,-0.03625846450416953
MSN,aparc,0.8,Node Versatility,lh_superiortemporal,0.22965039179407706,0.21473976591634544,-0.01491062587773162
MSN,aparc,0.8,Node Versatility,lh_supramarginal,0.29291112428732896,0.2534693873539936,-0.03944173693333536
MSN,aparc,0.8,Node Versatility,lh_frontalpole,0.22496248110444328,0.21473976591634544,-0.010222715188097836
MSN,aparc,0.8,Node Versatility,lh_temporalpole,0.22496248110444328,0.21473976591634544,-0.010222715188097836
MSN,aparc,0.8,Node Versatility,lh_transversetemporal,0.0,0.06272697321455661,0.06272697321455661
MSN,aparc,0.8,Node Versatility,lh_insula,0.026401907100480838,0.09484087984918517,0.06843897274870434
MSN,aparc,0.8,Node Versatility,rh_bankssts,0.0,0.07605960681194394,0.07605960681194394
MSN,aparc,0.8,Node Versatility,rh_caudalanteriorcingulate,0.05368489971175221,0.06326749968272607,0.009582599970973868
MSN,aparc,0.8,Node Versatility,rh_caudalmiddlefrontal,0.05368489971175221,0.079091759320685,0.025406859608932797
MSN,aparc,0.8,Node Versatility,rh_cuneus,0.7270187208052689,0.7559755887329005,0.028956867927631635
MSN,aparc,0.8,Node Versatility,rh_entorhinal,0.22496248110444328,0.21473976591634544,-0.010222715188097836
MSN,aparc,0.8,Node Versatility,rh_fusiform,0.0,1.0,1.0
MSN,aparc,0.8,Node Versatility,rh_inferiorparietal,0.2731592817867235,0.23690081728255397,-0.03625846450416953
MSN,aparc,0.8,Node Versatility,rh_inferiortemporal,0.22965039179407706,0.21473976591634544,-0.01491062587773162
MSN,aparc,0.8,Node Versatility,rh_isthmuscingulate,0.3061181123060042,0.06272697321455661,-0.2433911390914476
MSN,aparc,0.8,Node Versatility,rh_lateraloccipital,0.2731592817867235,0.23690081728255397,-0.03625846450416953
MSN,aparc,0.8,Node Versatility,rh_lateralorbitofrontal,0.0,0.4042885699414293,0.4042885699414293
MSN,aparc,0.8,Node Versatility,rh_lingual,0.9536492205035164,0.7559755887329005,-0.19767363177061592
MSN,aparc,0.8,Node Versatility,rh_medialorbitofrontal,0.3026376169310165,0.23690081728255397,-0.06573679964846252
MSN,aparc,0.8,Node Versatility,rh_middletemporal,0.22965039179407706,0.21473976591634544,-0.01491062587773162
MSN,aparc,0.8,Node Versatility,rh_parahippocampal,0.0,0.1598058895204499,0.1598058895204499
MSN,aparc,0.8,Node Versatility,rh_paracentral,0.0,0.03219791299985323,0.03219791299985323
MSN,aparc,0.8,Node Versatility,rh_parsopercularis,0.0,0.36904245795635376,0.36904245795635376
MSN,aparc,0.8,Node Versatility,rh_parsorbitalis,0.22496248110444328,0.21473976591634544,-0.010222715188097836
MSN,aparc,0.8,Node Versatility,rh_parstriangularis,0.0,0.21792167420770076,0.21792167420770076
MSN,aparc,0.8,Node Versatility,rh_pericalcarine,0.5572972180959765,0.5182156606351381,-0.03908155746083841
MSN,aparc,0.8,Node Versatility,rh_postcentral,0.2731592817867235,0.23690081728255397,-0.03625846450416953
MSN,aparc,0.8,Node Versatility,rh_posteriorcingulate,0.05368489971175221,0.06326749968272607,0.009582599970973868
MSN,aparc,0.8,Node Versatility,rh_precentral,0.2731592817867235,0.23690081728255397,-0.03625846450416953
MSN,aparc,0.8,Node Versatility,rh_precuneus,0.9536492205035164,0.7559755887329005,-0.19767363177061592
MSN,aparc,0.8,Node Versatility,rh_rostralanteriorcingulate,0.0,0.04628444095584563,0.04628444095584563
MSN,aparc,0.8,Node Versatility,rh_rostralmiddlefrontal,0.2731592817867235,0.23690081728255397,-0.03625846450416953
MSN,aparc,0.8,Node Versatility,rh_superiorfrontal,0.29291112428732896,0.30024752378599806,0.0073363994986690995
MSN,aparc,0.8,Node Versatility,rh_superiorparietal,0.2731592817867235,0.23690081728255397,-0.03625846450416953
MSN,aparc,0.8,Node Versatility,rh_superiortemporal,0.22496248110444328,0.21473976591634544,-0.010222715188097836
MSN,aparc,0.8,Node Versatility,rh_supramarginal,0.29291112428732896,0.30024752378599806,0.0073363994986690995
MSN,aparc,0.8,Node Versatility,rh_frontalpole,0.22496248110444328,0.21473976591634544,-0.010222715188097836
MSN,aparc,0.8,Node Versatility,rh_temporalpole,0.22496248110444328,0.21473976591634544,-0.010222715188097836
MSN,aparc,0.8,Node Versatility,rh_transversetemporal,0.019047145328825243,0.06326749968272607,0.04422035435390083
MSN,aparc,0.8,Node Versatility,rh_insula,0.04983519208003643,0.23481333903743445,0.18497814695739803
MSN,aparc,0.8,Node Strength,lh_bankssts,0.9363044762693927,0.9585071322444974,0.022202655975104624
MSN,aparc,0.8,Node Strength,lh_caudalanteriorcingulate,0.9346666495101569,0.966206591254646,0.03153994174448915
MSN,aparc,0.8,Node Strength,lh_caudalmiddlefrontal,0.8630607098671402,0.8892408620722343,0.026180152205094065
MSN,aparc,0.8,Node Strength,lh_cuneus,0.7100185104787374,0.7021655009594218,-0.007853009519315668
MSN,aparc,0.8,Node Strength,lh_entorhinal,0.6079147087530231,0.6153488012775051,0.007434092524482017
MSN,aparc,0.8,Node Strength,lh_fusiform,0.03926666213860906,0.20484330555124208,0.165576643412633
MSN,aparc,0.8,Node Strength,lh_inferiorparietal,0.8283828947901513,0.7913601943309941,-0.03702270045915712
MSN,aparc,0.8,Node Strength,lh_inferiortemporal,0.5996095220283633,0.5796338738397371,-0.019975648188626183
MSN,aparc,0.8,Node Strength,lh_isthmuscingulate,0.891190965096419,0.9228743475832788,0.03168338248685976
MSN,aparc,0.8,Node Strength,lh_lateraloccipital,0.8335461808024568,0.8255669031493033,-0.007979277653153538
MSN,aparc,0.8,Node Strength,lh_lateralorbitofrontal,0.23720363193709595,0.39682626313073616,0.1596226311936402
MSN,aparc,0.8,Node Strength,lh_lingual,0.6913969115295974,0.7178212291874004,0.026424317657803065
MSN,aparc,0.8,Node Strength,lh_medialorbitofrontal,0.020596939795426008,0.0,-0.020596939795426008
MSN,aparc,0.8,Node Strength,lh_middletemporal,0.5400133475215374,0.5352310600684994,-0.004782287453037992
MSN,aparc,0.8,Node Strength,lh_parahippocampal,0.9305787598903822,0.9492568002401213,0.018678040349739078
MSN,aparc,0.8,Node Strength,lh_paracentral,0.9246501249771575,0.9658931891744429,0.041243064197285406
MSN,aparc,0.8,Node Strength,lh_parsopercularis,0.9252662767552029,0.9416152073827206,0.016348930627517744
MSN,aparc,0.8,Node Strength,lh_parsorbitalis,0.5519912509883821,0.538675156526855,-0.01331609446152704
MSN,aparc,0.8,Node Strength,lh_parstriangularis,0.8843470798755131,0.9304361145933104,0.04608903471779735
MSN,aparc,0.8,Node Strength,lh_pericalcarine,0.580885146164522,0.6090197385010427,0.028134592336520714
MSN,aparc,0.8,Node Strength,lh_postcentral,0.8409127864447713,0.8419472192224199,0.0010344327776485862
MSN,aparc,0.8,Node Strength,lh_posteriorcingulate,0.9197917063032514,0.943156661832524,0.023364955529272646
MSN,aparc,0.8,Node Strength,lh_precentral,0.8330910264973447,0.8266899566918359,-0.006401069805508808
MSN,aparc,0.8,Node Strength,lh_precuneus,0.5876254771673444,0.647902608068209,0.06027713090086462
MSN,aparc,0.8,Node Strength,lh_rostralanteriorcingulate,0.9657164693560116,1.0,0.03428353064398837
MSN,aparc,0.8,Node Strength,lh_rostralmiddlefrontal,0.8416814827263491,0.8441032035312485,0.00242172080489933
MSN,aparc,0.8,Node Strength,lh_superiorfrontal,0.818458787970476,0.8132503487729525,-0.005208439197523451
MSN,aparc,0.8,Node Strength,lh_superiorparietal,0.8497943166891508,0.8478442847938042,-0.0019500318953465934
MSN,aparc,0.8,Node Strength,lh_superiortemporal,0.5683792819388156,0.4828967532211727,-0.08548252871764289
MSN,aparc,0.8,Node Strength,lh_supramarginal,0.803438723447619,0.799118009141178,-0.004320714306440987
MSN,aparc,0.8,Node Strength,lh_frontalpole,0.5174397153626824,0.5079995949931408,-0.00944012036954156
MSN,aparc,0.8,Node Strength,lh_temporalpole,0.5662565127944282,0.5631981116667654,-0.0030584011276628686
MSN,aparc,0.8,Node Strength,lh_transversetemporal,0.9393238967870658,0.9555385789087186,0.01621468212165278
MSN,aparc,0.8,Node Strength,lh_insula,0.9143845407231205,0.9594447772791519,0.04506023655603142
MSN,aparc,0.8,Node Strength,rh_bankssts,0.9574289991829962,0.9797658595046578,0.0223368603216616
MSN,aparc,0.8,Node Strength,rh_caudalanteriorcingulate,0.8963121401804633,0.9095617852175706,0.013249645037107238
MSN,aparc,0.8,Node Strength,rh_caudalmiddlefrontal,0.7277386679988999,0.8795211740624189,0.15178250606351906
MSN,aparc,0.8,Node Strength,rh_cuneus,0.7805004134016251,0.7844065751713262,0.0039061617697010442
MSN,aparc,0.8,Node Strength,rh_entorhinal,0.6507261693114785,0.6134214957568712,-0.037304673554607315
MSN,aparc,0.8,Node Strength,rh_fusiform,0.3763519641178402,0.16381771983597193,-0.2125342442818683
MSN,aparc,0.8,Node Strength,rh_inferiorparietal,0.83417681321146,0.8395314854896482,0.0053546722781881995
MSN,aparc,0.8,Node Strength,rh_inferiortemporal,0.6436013477966078,0.5244549021780601,-0.1191464456185477
MSN,aparc,0.8,Node Strength,rh_isthmuscingulate,0.879958620074835,0.9210898082166903,0.041131188141855235
MSN,aparc,0.8,Node Strength,rh_lateraloccipital,0.8368651720160382,0.819789492268495,-0.017075679747543204
MSN,aparc,0.8,Node Strength,rh_lateralorbitofrontal,0.49516911122227525,0.5236764652922753,0.028507354070000046
MSN,aparc,0.8,Node Strength,rh_lingual,0.7244698493388392,0.7521794980159977,0.027709648677158527
MSN,aparc,0.8,Node Strength,rh_medialorbitofrontal,0.4156614662468611,0.4958940302650972,0.08023256401823609
MSN,aparc,0.8,Node Strength,rh_middletemporal,0.5872823600957517,0.5368729154997122,-0.050409444596039577
MSN,aparc,0.8,Node Strength,rh_parahippocampal,0.9398059813735263,0.9712137366381208,0.031407755264594495
MSN,aparc,0.8,Node Strength,rh_paracentral,0.9305197988711889,0.9718118589210447,0.04129206004985586
MSN,aparc,0.8,Node Strength,rh_parsopercularis,0.9505488326229926,0.9502077081905026,-0.00034112443249001423
MSN,aparc,0.8,Node Strength,rh_parsorbitalis,0.5472387357353858,0.5137671541113747,-0.03347158162401109
MSN,aparc,0.8,Node Strength,rh_parstriangularis,0.8547662714282531,0.8324284746406823,-0.022337796787570863
MSN,aparc,0.8,Node Strength,rh_pericalcarine,0.5824826272618803,0.6028078310686878,0.02032520380680758
MSN,aparc,0.8,Node Strength,rh_postcentral,0.8259701042768078,0.8349722563100898,0.009002152033281918
MSN,aparc,0.8,Node Strength,rh_posteriorcingulate,0.8926582742767845,0.9417132498013853,0.04905497552460081
MSN,aparc,0.8,Node Strength,rh_precentral,0.8362002054477617,0.8414342272405669,0.005234021792805188
MSN,aparc,0.8,Node Strength,rh_precuneus,0.6370568102778452,0.6809054056719794,0.043848595394134215
MSN,aparc,0.8,Node Strength,rh_rostralanteriorcingulate,0.9687755413897864,0.9940186677965878,0.025243126406801375
MSN,aparc,0.8,Node Strength,rh_rostralmiddlefrontal,0.8431530542690437,0.8372242267659952,-0.005928827503048573
MSN,aparc,0.8,Node Strength,rh_superiorfrontal,0.8220164807666079,0.8173080070869408,-0.004708473679667091
MSN,aparc,0.8,Node Strength,rh_superiorparietal,0.8424551737605335,0.8493827186293049,0.006927544868771451
MSN,aparc,0.8,Node Strength,rh_superiortemporal,0.491532029398907,0.4682753935563131,-0.02325663584259391
MSN,aparc,0.8,Node Strength,rh_supramarginal,0.4397174104440253,0.47773175738975454,0.03801434694572925
MSN,aparc,0.8,Node Strength,rh_frontalpole,0.5145834472212305,0.4819562895614961,-0.032627157659734396
MSN,aparc,0.8,Node Strength,rh_temporalpole,0.5741400658506791,0.5733071330668584,-0.0008329327838206835
MSN,aparc,0.8,Node Strength,rh_transversetemporal,0.9374695586658823,0.953088693303543,0.015619134637660625
MSN,aparc,0.8,Node Strength,rh_insula,0.9483128374001596,0.9735534863883135,0.025240648988153924
MSN,aparc,0.8,Local Efficiency,lh_bankssts,0.8729671711897657,0.8408439140574254,-0.03212325713234032
MSN,aparc,0.8,Local Efficiency,lh_caudalanteriorcingulate,0.8732560571972571,0.7568974603879447,-0.11635859680931238
MSN,aparc,0.8,Local Efficiency,lh_caudalmiddlefrontal,0.7142455812468956,0.7641054999167782,0.0498599186698826
MSN,aparc,0.8,Local Efficiency,lh_cuneus,0.8118671857817558,0.7436418734901019,-0.06822531229165385
MSN,aparc,0.8,Local Efficiency,lh_entorhinal,0.40606782311814194,0.4229525427714504,0.016884719653308455
MSN,aparc,0.8,Local Efficiency,lh_fusiform,0.06554446092594131,0.17716958822625223,0.11162512730031092
MSN,aparc,0.8,Local Efficiency,lh_inferiorparietal,0.6866882023107612,0.7328287027343875,0.046140500423626274
MSN,aparc,0.8,Local Efficiency,lh_inferiortemporal,0.42351673000487605,0.43356746897578147,0.010050738970905415
MSN,aparc,0.8,Local Efficiency,lh_isthmuscingulate,0.8466389256519147,0.8291915067619623,-0.017447418889952382
MSN,aparc,0.8,Local Efficiency,lh_lateraloccipital,0.7399425057840846,0.665066759961014,-0.07487574582307055
MSN,aparc,0.8,Local Efficiency,lh_lateralorbitofrontal,0.19860616444675652,0.32588590790692556,0.12727974346016904
MSN,aparc,0.8,Local Efficiency,lh_lingual,0.795273320675752,0.8258000029992709,0.03052668232351896
MSN,aparc,0.8,Local Efficiency,lh_medialorbitofrontal,0.024258253378599843,0.0,-0.024258253378599843
MSN,aparc,0.8,Local Efficiency,lh_middletemporal,0.41712879915399104,0.4218335300637351,0.004704730909744048
MSN,aparc,0.8,Local Efficiency,lh_parahippocampal,0.6231997496645099,0.6720469372070477,0.04884718754253781
MSN,aparc,0.8,Local Efficiency,lh_paracentral,0.6697295628781407,0.6998762431647945,0.030146680286653793
MSN,aparc,0.8,Local Efficiency,lh_parsopercularis,0.5986444284844289,0.6380377007066245,0.039393272222195574
MSN,aparc,0.8,Local Efficiency,lh_parsorbitalis,0.38606269636382357,0.48575019351391324,0.09968749715008968
MSN,aparc,0.8,Local Efficiency,lh_parstriangularis,0.7247435254460376,0.6854966482179626,-0.03924687722807496
MSN,aparc,0.8,Local Efficiency,lh_pericalcarine,0.32039628585821084,0.31033035552735194,-0.010065930330858897
MSN,aparc,0.8,Local Efficiency,lh_postcentral,0.72636409340707,0.9361578609005122,0.20979376749344225
MSN,aparc,0.8,Local Efficiency,lh_posteriorcingulate,0.8562243866716448,0.7842473874270834,-0.07197699924456136
MSN,aparc,0.8,Local Efficiency,lh_precentral,0.6591134656489598,0.6495772148963421,-0.009536250752617659
MSN,aparc,0.8,Local Efficiency,lh_precuneus,0.5032129612951712,0.6153752386453686,0.11216227735019735
MSN,aparc,0.8,Local Efficiency,lh_rostralanteriorcingulate,0.6179017361372487,0.6257713653310188,0.0078696291937701
MSN,aparc,0.8,Local Efficiency,lh_rostralmiddlefrontal,0.7043005699899885,0.6584062250300449,-0.0458943449599436
MSN,aparc,0.8,Local Efficiency,lh_superiorfrontal,0.5445938612237272,0.6111816957291809,0.06658783450545369
MSN,aparc,0.8,Local Efficiency,lh_superiorparietal,0.7394814917251742,0.7287632973972171,-0.010718194327957065
MSN,aparc,0.8,Local Efficiency,lh_superiortemporal,0.4409607357285272,0.3947889767602624,-0.04617175896826475
MSN,aparc,0.8,Local Efficiency,lh_supramarginal,0.6387826030523096,0.6406798250970365,0.001897222044726865
MSN,aparc,0.8,Local Efficiency,lh_frontalpole,0.41092870174975477,0.5521573486913592,0.14122864694160447
MSN,aparc,0.8,Local Efficiency,lh_temporalpole,0.3977732302753223,0.5208762440915274,0.12310301381620514
MSN,aparc,0.8,Local Efficiency,lh_transversetemporal,0.8228891807464871,0.8466974510393702,0.023808270292883127
MSN,aparc,0.8,Local Efficiency,lh_insula,0.7931634462084216,0.8482617377035527,0.055098291495131124
MSN,aparc,0.8,Local Efficiency,rh_bankssts,0.7874308034340681,0.7696272447971155,-0.0178035586369526
MSN,aparc,0.8,Local Efficiency,rh_caudalanteriorcingulate,0.7911393837577694,0.7176195761405976,-0.0735198076171718
MSN,aparc,0.8,Local Efficiency,rh_caudalmiddlefrontal,0.7299332998319994,0.7073266270672597,-0.02260667276473971
MSN,aparc,0.8,Local Efficiency,rh_cuneus,0.8739572938556229,0.885120101170353,0.011162807314730072
MSN,aparc,0.8,Local Efficiency,rh_entorhinal,0.37119622031076527,0.3913795532302586,0.020183332919493313
MSN,aparc,0.8,Local Efficiency,rh_fusiform,0.3370390764266484,0.22244638881341514,-0.11459268761323324
MSN,aparc,0.8,Local Efficiency,rh_inferiorparietal,0.7084013869556919,0.6556193313379588,-0.05278205561773308
MSN,aparc,0.8,Local Efficiency,rh_inferiortemporal,0.48927641173280717,0.34488287970967124,-0.14439353202313593
MSN,aparc,0.8,Local Efficiency,rh_isthmuscingulate,0.8337528519552977,0.8277608243202236,-0.005992027635074115
MSN,aparc,0.8,Local Efficiency,rh_lateraloccipital,0.6942268790525788,0.6702187509193089,-0.024008128133269913
MSN,aparc,0.8,Local Efficiency,rh_lateralorbitofrontal,0.44101116353090997,0.4562358608694937,0.015224697338583726
MSN,aparc,0.8,Local Efficiency,rh_lingual,0.8261406604455288,0.857223504950989,0.031082844505460172
MSN,aparc,0.8,Local Efficiency,rh_medialorbitofrontal,0.34046678746283027,0.5371086132892876,0.19664182582645734
MSN,aparc,0.8,Local Efficiency,rh_middletemporal,0.3862805258737916,0.40422788342967714,0.017947357555885557
MSN,aparc,0.8,Local Efficiency,rh_parahippocampal,0.7172438981395575,0.7432958793650372,0.026051981225479692
MSN,aparc,0.8,Local Efficiency,rh_paracentral,0.6567584873365415,0.655571824680534,-0.001186662656007531
MSN,aparc,0.8,Local Efficiency,rh_parsopercularis,0.7286306550808318,0.6672806894205607,-0.061349965660271066
MSN,aparc,0.8,Local Efficiency,rh_parsorbitalis,0.380597445585296,0.40249517048346556,0.021897724898169546
MSN,aparc,0.8,Local Efficiency,rh_parstriangularis,0.6647336052241862,0.696976791788773,0.0322431865645868
MSN,aparc,0.8,Local Efficiency,rh_pericalcarine,0.36381693397502934,0.3162784359851438,-0.04753849798988552
MSN,aparc,0.8,Local Efficiency,rh_postcentral,0.7177615520312562,1.0,0.28223844796874376
MSN,aparc,0.8,Local Efficiency,rh_posteriorcingulate,0.7903240764774295,0.7836370641912273,-0.006687012286202276
MSN,aparc,0.8,Local Efficiency,rh_precentral,0.6556701786366211,0.7459654115204389,0.0902952328838178
MSN,aparc,0.8,Local Efficiency,rh_precuneus,0.6995087674137652,0.7356122325507686,0.036103465137003354
MSN,aparc,0.8,Local Efficiency,rh_rostralanteriorcingulate,0.7372275020540586,0.6732685949966962,-0.0639589070573624
MSN,aparc,0.8,Local Efficiency,rh_rostralmiddlefrontal,0.745048549591102,0.6777713829838081,-0.06727716660729388
MSN,aparc,0.8,Local Efficiency,rh_superiorfrontal,0.542932515706966,0.6501538358274755,0.10722132012050956
MSN,aparc,0.8,Local Efficiency,rh_superiorparietal,0.7299652868945055,0.7424203358869516,0.012455048992446094
MSN,aparc,0.8,Local Efficiency,rh_superiortemporal,0.3915888001038253,0.38956925823207866,-0.002019541871746633
MSN,aparc,0.8,Local Efficiency,rh_supramarginal,0.4518816200506312,0.44588110255570657,-0.00600051749492464
MSN,aparc,0.8,Local Efficiency,rh_frontalpole,0.43302635250380483,0.4886893908501224,0.055663038346317584
MSN,aparc,0.8,Local Efficiency,rh_temporalpole,0.4810356459982416,0.5017166990702274,0.02068105307198581
MSN,aparc,0.8,Local Efficiency,rh_transversetemporal,0.8748759227022583,0.8419520358745867,-0.03292388682767167
MSN,aparc,0.8,Local Efficiency,rh_insula,0.830320351084316,0.7624152981831996,-0.06790505290111637
MSN,aparc,0.8,Clustering Coefficient,lh_bankssts,0.8626120406240771,0.8360469579571352,-0.026565082666941908
MSN,aparc,0.8,Clustering Coefficient,lh_caudalanteriorcingulate,0.8628367506491903,0.7469019592904301,-0.11593479135876017
MSN,aparc,0.8,Clustering Coefficient,lh_caudalmiddlefrontal,0.7040927986918273,0.7550579661782464,0.050965167486419105
MSN,aparc,0.8,Clustering Coefficient,lh_cuneus,0.8085485013656976,0.7419597260679885,-0.06658877529770901
MSN,aparc,0.8,Clustering Coefficient,lh_entorhinal,0.34800851493794766,0.3558537477210443,0.007845232783096623
MSN,aparc,0.8,Clustering Coefficient,lh_fusiform,0.059987616158127,0.16406017802388553,0.10407256186575853
MSN,aparc,0.8,Clustering Coefficient,lh_inferiorparietal,0.667306012802913,0.7221461493424177,0.0548401365395047
MSN,aparc,0.8,Clustering Coefficient,lh_inferiortemporal,0.34932634704981314,0.36218827181419505,0.012861924764381916
MSN,aparc,0.8,Clustering Coefficient,lh_isthmuscingulate,0.8370038981820928,0.8221020594573144,-0.014901838724778349
MSN,aparc,0.8,Clustering Coefficient,lh_lateraloccipital,0.7188099002475479,0.6481023223646366,-0.07070757788291127
MSN,aparc,0.8,Clustering Coefficient,lh_lateralorbitofrontal,0.18078716425223418,0.2966687136705086,0.11588154941827444
MSN,aparc,0.8,Clustering Coefficient,lh_lingual,0.7924764570272477,0.8235381279954113,0.03106167096816359
MSN,aparc,0.8,Clustering Coefficient,lh_medialorbitofrontal,0.019098779331822125,0.0,-0.019098779331822125
MSN,aparc,0.8,Clustering Coefficient,lh_middletemporal,0.3659835466014033,0.36842099317159477,0.0024374465701914594
MSN,aparc,0.8,Clustering Coefficient,lh_parahippocampal,0.566705606847232,0.6178197034489704,0.05111409660173838
MSN,aparc,0.8,Clustering Coefficient,lh_paracentral,0.6307011770198754,0.6640107976068239,0.03330962058694853
MSN,aparc,0.8,Clustering Coefficient,lh_parsopercularis,0.5273529964611298,0.5753392736178621,0.047986277156732315
MSN,aparc,0.8,Clustering Coefficient,lh_parsorbitalis,0.342562790789548,0.43125587349695876,0.08869308270741078
MSN,aparc,0.8,Clustering Coefficient,lh_parstriangularis,0.6924238880979425,0.6437594061555445,-0.04866448194239803
MSN,aparc,0.8,Clustering Coefficient,lh_pericalcarine,0.23745524004692647,0.22860419506449883,-0.008851044982427642
MSN,aparc,0.8,Clustering Coefficient,lh_postcentral,0.7121824611361107,0.9328861899959136,0.22070372885980283
MSN,aparc,0.8,Clustering Coefficient,lh_posteriorcingulate,0.8386140783211748,0.77327045513872,-0.0653436231824549
MSN,aparc,0.8,Clustering Coefficient,lh_precentral,0.6284266630593116,0.6148811738027907,-0.013545489256520882
MSN,aparc,0.8,Clustering Coefficient,lh_precuneus,0.4638273580524754,0.5997944096283052,0.13596705157582983
MSN,aparc,0.8,Clustering Coefficient,lh_rostralanteriorcingulate,0.5476864585780244,0.5677765944360834,0.020090135858058966
MSN,aparc,0.8,Clustering Coefficient,lh_rostralmiddlefrontal,0.6785527959425107,0.6246008628149837,-0.053951933127526996
MSN,aparc,0.8,Clustering Coefficient,lh_superiorfrontal,0.4900626839931336,0.5452292485064829,0.055166564513349337
MSN,aparc,0.8,Clustering Coefficient,lh_superiorparietal,0.7228129725550699,0.7106695421500254,-0.012143430405044509
MSN,aparc,0.8,Clustering Coefficient,lh_superiortemporal,0.3682763331352831,0.3394809751877995,-0.028795357947483557
MSN,aparc,0.8,Clustering Coefficient,lh_supramarginal,0.5902119105765723,0.5900098632359441,-0.00020204734062823082
MSN,aparc,0.8,Clustering Coefficient,lh_frontalpole,0.3748955256937632,0.5006745594133262,0.12577903371956295
MSN,aparc,0.8,Clustering Coefficient,lh_temporalpole,0.35060232476328645,0.4583454059406538,0.10774308117736736
MSN,aparc,0.8,Clustering Coefficient,lh_transversetemporal,0.8107881194357531,0.8399550558680684,0.02916693643231527
MSN,aparc,0.8,Clustering Coefficient,lh_insula,0.7793990418546688,0.8414982507542915,0.062099208899622726
MSN,aparc,0.8,Clustering Coefficient,rh_bankssts,0.769658840876785,0.7569905579933651,-0.012668282883419923
MSN,aparc,0.8,Clustering Coefficient,rh_caudalanteriorcingulate,0.7617929940060192,0.6998516714531132,-0.061941322552905964
MSN,aparc,0.8,Clustering Coefficient,rh_caudalmiddlefrontal,0.7147925405605733,0.699713483756722,-0.015079056803851243
MSN,aparc,0.8,Clustering Coefficient,rh_cuneus,0.8689378275521167,0.8805357835697578,0.011597956017641131
MSN,aparc,0.8,Clustering Coefficient,rh_entorhinal,0.30963886694630927,0.32868129328050594,0.01904242633419667
MSN,aparc,0.8,Clustering Coefficient,rh_fusiform,0.31996732610335327,0.2357228337129227,-0.08424449239043055
MSN,aparc,0.8,Clustering Coefficient,rh_inferiorparietal,0.6767940317405359,0.6206616204139698,-0.0561324113265661
MSN,aparc,0.8,Clustering Coefficient,rh_inferiortemporal,0.4078024687916862,0.2898523777508628,-0.11795009104082338
MSN,aparc,0.8,Clustering Coefficient,rh_isthmuscingulate,0.8169121809016539,0.819956813940967,0.003044633039313127
MSN,aparc,0.8,Clustering Coefficient,rh_lateraloccipital,0.6725525985781461,0.6494894297294918,-0.023063168848654336
MSN,aparc,0.8,Clustering Coefficient,rh_lateralorbitofrontal,0.41976098075236545,0.44568551689826047,0.025924536145895016
MSN,aparc,0.8,Clustering Coefficient,rh_lingual,0.822226016693441,0.8540590217967812,0.031833005103340195
MSN,aparc,0.8,Clustering Coefficient,rh_medialorbitofrontal,0.31463356334734993,0.5326566233636184,0.21802306001626848
MSN,aparc,0.8,Clustering Coefficient,rh_middletemporal,0.32453666909743517,0.34995565069262274,0.025418981595187573
MSN,aparc,0.8,Clustering Coefficient,rh_parahippocampal,0.6802031157643005,0.7130162019864781,0.0328130862221776
MSN,aparc,0.8,Clustering Coefficient,rh_paracentral,0.6313910852256107,0.6296102535146012,-0.0017808317110095118
MSN,aparc,0.8,Clustering Coefficient,rh_parsopercularis,0.6849294998870693,0.6141748907335409,-0.07075460915352838
MSN,aparc,0.8,Clustering Coefficient,rh_parsorbitalis,0.33803685343094425,0.36202250627509314,0.023985652844148886
MSN,aparc,0.8,Clustering Coefficient,rh_parstriangularis,0.6398641852692105,0.6850515185110333,0.04518733324182278
MSN,aparc,0.8,Clustering Coefficient,rh_pericalcarine,0.2747987984238893,0.23579170680614076,-0.03900709161774857
MSN,aparc,0.8,Clustering Coefficient,rh_postcentral,0.7042531224845773,1.0,0.2957468775154227
MSN,aparc,0.8,Clustering Coefficient,rh_posteriorcingulate,0.7612595043072959,0.7713373382181954,0.010077833910899447
MSN,aparc,0.8,Clustering Coefficient,rh_precentral,0.6310516838867799,0.7157073370222481,0.08465565313546819
MSN,aparc,0.8,Clustering Coefficient,rh_precuneus,0.6817074278223977,0.7301248311658529,0.048417403343455234
MSN,aparc,0.8,Clustering Coefficient,rh_rostralanteriorcingulate,0.6945749653529163,0.6336154199953191,-0.06095954535759718
MSN,aparc,0.8,Clustering Coefficient,rh_rostralmiddlefrontal,0.724128680395045,0.6578141722577132,-0.06631450813733175
MSN,aparc,0.8,Clustering Coefficient,rh_superiorfrontal,0.4929560241163344,0.5859086355671742,0.09295261145083983
MSN,aparc,0.8,Clustering Coefficient,rh_superiorparietal,0.7155924567760378,0.7179919270748026,0.002399470298764861
MSN,aparc,0.8,Clustering Coefficient,rh_superiortemporal,0.34475189354181013,0.34536601558373825,0.0006141220419281224
MSN,aparc,0.8,Clustering Coefficient,rh_supramarginal,0.4339173991903162,0.41339203127748636,-0.02052536791282983
MSN,aparc,0.8,Clustering Coefficient,rh_frontalpole,0.394054427441703,0.4410228718157395,0.04696844437403652
MSN,aparc,0.8,Clustering Coefficient,rh_temporalpole,0.42435982820629914,0.4373069365162762,0.012947108309977085
MSN,aparc,0.8,Clustering Coefficient,rh_transversetemporal,0.8643157430983542,0.8357066310547743,-0.028609112043579965
MSN,aparc,0.8,Clustering Coefficient,rh_insula,0.8171557763550311,0.7517001364519673,-0.0654556399030638
MSN,aparc,0.8,Betweenness Centrality,lh_bankssts,0.0,0.0,0.0
MSN,aparc,0.8,Betweenness Centrality,lh_caudalanteriorcingulate,0.0,0.0,0.0
MSN,aparc,0.8,Betweenness Centrality,lh_caudalmiddlefrontal,0.0,0.0,0.0
MSN,aparc,0.8,Betweenness Centrality,lh_cuneus,0.2959866220735786,0.18729096989966554,-0.10869565217391308
MSN,aparc,0.8,Betweenness Centrality,lh_entorhinal,0.14381270903010032,0.44481605351170567,0.3010033444816054
MSN,aparc,0.8,Betweenness Centrality,lh_fusiform,0.0033444816053511705,0.0,-0.0033444816053511705
MSN,aparc,0.8,Betweenness Centrality,lh_inferiorparietal,0.0033444816053511705,0.010033444816053512,0.006688963210702342
MSN,aparc,0.8,Betweenness Centrality,lh_inferiortemporal,0.011705685618729096,0.3177257525083612,0.3060200668896321
MSN,aparc,0.8,Betweenness Centrality,lh_isthmuscingulate,0.0,0.0,0.0
MSN,aparc,0.8,Betweenness Centrality,lh_lateraloccipital,0.0,0.0,0.0
MSN,aparc,0.8,Betweenness Centrality,lh_lateralorbitofrontal,0.046822742474916385,0.0,-0.046822742474916385
MSN,aparc,0.8,Betweenness Centrality,lh_lingual,0.1705685618729097,0.3762541806020067,0.20568561872909702
MSN,aparc,0.8,Betweenness Centrality,lh_medialorbitofrontal,0.010033444816053512,0.0,-0.010033444816053512
MSN,aparc,0.8,Betweenness Centrality,lh_middletemporal,0.016722408026755852,0.12876254180602006,0.11204013377926421
MSN,aparc,0.8,Betweenness Centrality,lh_parahippocampal,0.0,0.020066889632107024,0.020066889632107024
MSN,aparc,0.8,Betweenness Centrality,lh_paracentral,0.0,0.0,0.0
MSN,aparc,0.8,Betweenness Centrality,lh_parsopercularis,0.19732441471571907,0.13712374581939799,-0.060200668896321086
MSN,aparc,0.8,Betweenness Centrality,lh_parsorbitalis,0.0,0.0,0.0
MSN,aparc,0.8,Betweenness Centrality,lh_parstriangularis,0.0,0.0,0.0
MSN,aparc,0.8,Betweenness Centrality,lh_pericalcarine,0.9080267558528428,1.0,0.09197324414715724
MSN,aparc,0.8,Betweenness Centrality,lh_postcentral,0.0,0.051839464882943144,0.051839464882943144
MSN,aparc,0.8,Betweenness Centrality,lh_posteriorcingulate,0.0,0.09364548494983277,0.09364548494983277
MSN,aparc,0.8,Betweenness Centrality,lh_precentral,0.04013377926421405,0.0,-0.04013377926421405
MSN,aparc,0.8,Betweenness Centrality,lh_precuneus,0.0,0.0,0.0
MSN,aparc,0.8,Betweenness Centrality,lh_rostralanteriorcingulate,0.3695652173913043,0.40468227424749165,0.03511705685618732
MSN,aparc,0.8,Betweenness Centrality,lh_rostralmiddlefrontal,0.0,0.0,0.0
MSN,aparc,0.8,Betweenness Centrality,lh_superiorfrontal,0.342809364548495,0.4698996655518395,0.1270903010033445
MSN,aparc,0.8,Betweenness Centrality,lh_superiorparietal,0.026755852842809364,0.0,-0.026755852842809364
MSN,aparc,0.8,Betweenness Centrality,lh_superiortemporal,0.0,0.0016722408026755853,0.0016722408026755853
MSN,aparc,0.8,Betweenness Centrality,lh_supramarginal,0.008361204013377926,0.0033444816053511705,-0.005016722408026756
MSN,aparc,0.8,Betweenness Centrality,lh_frontalpole,0.005016722408026756,0.0,-0.005016722408026756
MSN,aparc,0.8,Betweenness Centrality,lh_temporalpole,0.07692307692307693,0.0,-0.07692307692307693
MSN,aparc,0.8,Betweenness Centrality,lh_transversetemporal,0.0,0.048494983277591976,0.048494983277591976
MSN,aparc,0.8,Betweenness Centrality,lh_insula,0.11705685618729098,0.020066889632107024,-0.09698996655518395
MSN,aparc,0.8,Betweenness Centrality,rh_bankssts,0.006688963210702341,0.0,-0.006688963210702341
MSN,aparc,0.8,Betweenness Centrality,rh_caudalanteriorcingulate,0.21906354515050167,0.04013377926421405,-0.17892976588628762
MSN,aparc,0.8,Betweenness Centrality,rh_caudalmiddlefrontal,0.0,0.043478260869565216,0.043478260869565216
MSN,aparc,0.8,Betweenness Centrality,rh_cuneus,0.1588628762541806,0.11204013377926421,-0.0468227424749164
MSN,aparc,0.8,Betweenness Centrality,rh_entorhinal,0.23076923076923078,0.08862876254180602,-0.14214046822742477
MSN,aparc,0.8,Betweenness Centrality,rh_fusiform,0.05852842809364549,0.0,-0.05852842809364549
MSN,aparc,0.8,Betweenness Centrality,rh_inferiorparietal,0.0,0.0,0.0
MSN,aparc,0.8,Betweenness Centrality,rh_inferiortemporal,0.3093645484949833,0.0,-0.3093645484949833
MSN,aparc,0.8,Betweenness Centrality,rh_isthmuscingulate,0.0,0.0,0.0
MSN,aparc,0.8,Betweenness Centrality,rh_lateraloccipital,0.0,0.0,0.0
MSN,aparc,0.8,Betweenness Centrality,rh_lateralorbitofrontal,0.05016722408026756,0.08193979933110368,0.03177257525083612
MSN,aparc,0.8,Betweenness Centrality,rh_lingual,0.005016722408026756,0.005016722408026756,0.0
MSN,aparc,0.8,Betweenness Centrality,rh_medialorbitofrontal,0.08862876254180602,0.028428093645484948,-0.06020066889632107
MSN,aparc,0.8,Betweenness Centrality,rh_middletemporal,0.1705685618729097,0.0,-0.1705685618729097
MSN,aparc,0.8,Betweenness Centrality,rh_parahippocampal,0.0,0.0,0.0
MSN,aparc,0.8,Betweenness Centrality,rh_paracentral,0.0,0.0,0.0
MSN,aparc,0.8,Betweenness Centrality,rh_parsopercularis,0.0,0.0,0.0
MSN,aparc,0.8,Betweenness Centrality,rh_parsorbitalis,0.0,0.0,0.0
MSN,aparc,0.8,Betweenness Centrality,rh_parstriangularis,0.0,0.0,0.0
MSN,aparc,0.8,Betweenness Centrality,rh_pericalcarine,0.015050167224080268,0.0,-0.015050167224080268
MSN,aparc,0.8,Betweenness Centrality,rh_postcentral,0.0016722408026755853,0.05518394648829431,0.05351170568561873
MSN,aparc,0.8,Betweenness Centrality,rh_posteriorcingulate,0.25752508361204013,0.5083612040133779,0.2508361204013378
MSN,aparc,0.8,Betweenness Centrality,rh_precentral,0.0,0.0,0.0
MSN,aparc,0.8,Betweenness Centrality,rh_precuneus,0.08528428093645485,0.0,-0.08528428093645485
MSN,aparc,0.8,Betweenness Centrality,rh_rostralanteriorcingulate,0.0,0.016722408026755852,0.016722408026755852
MSN,aparc,0.8,Betweenness Centrality,rh_rostralmiddlefrontal,0.011705685618729096,0.05016722408026756,0.038461538461538464
MSN,aparc,0.8,Betweenness Centrality,rh_superiorfrontal,0.09197324414715718,0.030100334448160536,-0.06187290969899665
MSN,aparc,0.8,Betweenness Centrality,rh_superiorparietal,0.026755852842809364,0.0,-0.026755852842809364
MSN,aparc,0.8,Betweenness Centrality,rh_superiortemporal,0.0,0.0,0.0
MSN,aparc,0.8,Betweenness Centrality,rh_supramarginal,0.0,0.0,0.0
MSN,aparc,0.8,Betweenness Centrality,rh_frontalpole,0.0,0.0,0.0
MSN,aparc,0.8,Betweenness Centrality,rh_temporalpole,0.02508361204013378,0.0,-0.02508361204013378
MSN,aparc,0.8,Betweenness Centrality,rh_transversetemporal,0.0,0.0,0.0
MSN,aparc,0.8,Betweenness Centrality,rh_insula,0.0,0.0,0.0
MSN,aparc,0.8,Eigenvector Centrality,lh_bankssts,0.9819881772488734,0.9773021364230845,-0.00468604082578894
MSN,aparc,0.8,Eigenvector Centrality,lh_caudalanteriorcingulate,0.9799089432258199,0.9840641914803404,0.004155248254520516
MSN,aparc,0.8,Eigenvector Centrality,lh_caudalmiddlefrontal,0.9189908707442098,0.921101925444817,0.002111054700607129
MSN,aparc,0.8,Eigenvector Centrality,lh_cuneus,0.08847204816257592,0.0658638452847909,-0.02260820287778502
MSN,aparc,0.8,Eigenvector Centrality,lh_entorhinal,0.27989992419365706,0.2600070184996391,-0.01989290569401797
MSN,aparc,0.8,Eigenvector Centrality,lh_fusiform,0.01192766685290099,0.23577951779446651,0.2238518509415655
MSN,aparc,0.8,Eigenvector Centrality,lh_inferiorparietal,0.09205765311932317,0.06329034246247087,-0.0287673106568523
MSN,aparc,0.8,Eigenvector Centrality,lh_inferiortemporal,0.08801400539946411,0.06305319483380864,-0.024960810565655467
MSN,aparc,0.8,Eigenvector Centrality,lh_isthmuscingulate,0.9408350915818016,0.9332506604821611,-0.007584431099640465
MSN,aparc,0.8,Eigenvector Centrality,lh_lateraloccipital,0.09206166679400782,0.06490051369310985,-0.027161153100897964
MSN,aparc,0.8,Eigenvector Centrality,lh_lateralorbitofrontal,0.23804248622294075,0.36666928208228683,0.12862679585934608
MSN,aparc,0.8,Eigenvector Centrality,lh_lingual,0.08658471087553099,0.06665692044761191,-0.019927790427919076
MSN,aparc,0.8,Eigenvector Centrality,lh_medialorbitofrontal,0.0,0.028003488168720947,0.028003488168720947
MSN,aparc,0.8,Eigenvector Centrality,lh_middletemporal,0.09849868994655436,0.06406283758763358,-0.034435852358920785
MSN,aparc,0.8,Eigenvector Centrality,lh_parahippocampal,0.8957661665803364,0.8942081251056817,-0.001558041474654659
MSN,aparc,0.8,Eigenvector Centrality,lh_paracentral,0.9391257604587551,0.9546126698517013,0.01548690939294628
MSN,aparc,0.8,Eigenvector Centrality,lh_parsopercularis,0.8312936496156279,0.8617433594144532,0.03044970979882533
MSN,aparc,0.8,Eigenvector Centrality,lh_parsorbitalis,0.19052119525908826,0.15809064340771356,-0.032430551851374695
MSN,aparc,0.8,Eigenvector Centrality,lh_parstriangularis,0.9130597963881248,0.916352923016757,0.003293126628632126
MSN,aparc,0.8,Eigenvector Centrality,lh_pericalcarine,0.3084586590051452,0.3244985534954104,0.016039894490265216
MSN,aparc,0.8,Eigenvector Centrality,lh_postcentral,0.09592854669356184,0.06932324854180637,-0.02660529815175547
MSN,aparc,0.8,Eigenvector Centrality,lh_posteriorcingulate,0.9609553286688938,0.9489833851494789,-0.011971943519414885
MSN,aparc,0.8,Eigenvector Centrality,lh_precentral,0.08973241262359213,0.06111462082340186,-0.028617791800190272
MSN,aparc,0.8,Eigenvector Centrality,lh_precuneus,0.09979542088667927,0.06392678845799006,-0.03586863242868921
MSN,aparc,0.8,Eigenvector Centrality,lh_rostralanteriorcingulate,0.883940429391444,0.9253769315052671,0.041436502113823104
MSN,aparc,0.8,Eigenvector Centrality,lh_rostralmiddlefrontal,0.09237972517653557,0.06365503839341205,-0.028724686783123524
MSN,aparc,0.8,Eigenvector Centrality,lh_superiorfrontal,0.0865829520213302,0.058362844964404935,-0.02822010705692527
MSN,aparc,0.8,Eigenvector Centrality,lh_superiorparietal,0.0961222326690179,0.0673581154964845,-0.028764117172533396
MSN,aparc,0.8,Eigenvector Centrality,lh_superiortemporal,0.08077075953000717,0.053277550719794994,-0.02749320881021218
MSN,aparc,0.8,Eigenvector Centrality,lh_supramarginal,0.08428507983201917,0.05681390022389212,-0.027471179608127054
MSN,aparc,0.8,Eigenvector Centrality,lh_frontalpole,0.13449462522117497,0.08872438301044618,-0.0457702422107288
MSN,aparc,0.8,Eigenvector Centrality,lh_temporalpole,0.21032483854997208,0.18723539541536147,-0.023089443134610615
MSN,aparc,0.8,Eigenvector Centrality,lh_transversetemporal,0.9839397953134617,0.9663208285819851,-0.01761896673147656
MSN,aparc,0.8,Eigenvector Centrality,lh_insula,0.9496419412452098,0.9707313493600961,0.021089408114886243
MSN,aparc,0.8,Eigenvector Centrality,rh_bankssts,1.0,0.9953834647355914,-0.004616535264408639
MSN,aparc,0.8,Eigenvector Centrality,rh_caudalanteriorcingulate,0.9293564536059107,0.9237263763288472,-0.005630077277063439
MSN,aparc,0.8,Eigenvector Centrality,rh_caudalmiddlefrontal,0.7815180903829662,0.9105288202330105,0.12901072985004436
MSN,aparc,0.8,Eigenvector Centrality,rh_cuneus,0.09306854823619892,0.06884371475053777,-0.02422483348566115
MSN,aparc,0.8,Eigenvector Centrality,rh_entorhinal,0.34288531288792756,0.25694564712426404,-0.08593966576366352
MSN,aparc,0.8,Eigenvector Centrality,rh_fusiform,0.402378913009104,0.2112606324026499,-0.1911182806064541
MSN,aparc,0.8,Eigenvector Centrality,rh_inferiorparietal,0.0907117182148592,0.06213008284132764,-0.028581635373531554
MSN,aparc,0.8,Eigenvector Centrality,rh_inferiortemporal,0.09037849962671082,0.05952210766361107,-0.030856391963099757
MSN,aparc,0.8,Eigenvector Centrality,rh_isthmuscingulate,0.9216668594145201,0.9310728470928314,0.009405987678311356
MSN,aparc,0.8,Eigenvector Centrality,rh_lateraloccipital,0.0921301944910034,0.06378933476676492,-0.028340859724238485
MSN,aparc,0.8,Eigenvector Centrality,rh_lateralorbitofrontal,0.5168505888442386,0.537768600739025,0.02091801189478637
MSN,aparc,0.8,Eigenvector Centrality,rh_lingual,0.08898132416237442,0.06752976466955667,-0.021451559492817754
MSN,aparc,0.8,Eigenvector Centrality,rh_medialorbitofrontal,0.038542683820280615,0.03450155130215397,-0.004041132518126649
MSN,aparc,0.8,Eigenvector Centrality,rh_middletemporal,0.08985724574700898,0.06345343656542443,-0.026403809181584553
MSN,aparc,0.8,Eigenvector Centrality,rh_parahippocampal,0.951435309330926,0.9671034246927303,0.015668115361804236
MSN,aparc,0.8,Eigenvector Centrality,rh_paracentral,0.9680969598146238,0.9770780653647512,0.008981105550127322
MSN,aparc,0.8,Eigenvector Centrality,rh_parsopercularis,0.9553689522674588,0.9066694888365886,-0.04869946343087017
MSN,aparc,0.8,Eigenvector Centrality,rh_parsorbitalis,0.184748440519031,0.11733696357827098,-0.06741147694076002
MSN,aparc,0.8,Eigenvector Centrality,rh_parstriangularis,0.8964289547111242,0.8568416244743599,-0.039587330236764307
MSN,aparc,0.8,Eigenvector Centrality,rh_pericalcarine,0.2392577775344372,0.22949758370625403,-0.009760193828183161
MSN,aparc,0.8,Eigenvector Centrality,rh_postcentral,0.09425417953957993,0.06975348108455383,-0.0245006984550261
MSN,aparc,0.8,Eigenvector Centrality,rh_posteriorcingulate,0.9243095882366047,0.9497527417555841,0.02544315351897941
MSN,aparc,0.8,Eigenvector Centrality,rh_precentral,0.0921138124072891,0.06368304796908143,-0.028430764438207662
MSN,aparc,0.8,Eigenvector Centrality,rh_precuneus,0.08733858153381881,0.06443601706959867,-0.022902564464220135
MSN,aparc,0.8,Eigenvector Centrality,rh_rostralanteriorcingulate,0.9736271313335645,0.9681363030326104,-0.005490828300954043
MSN,aparc,0.8,Eigenvector Centrality,rh_rostralmiddlefrontal,0.09395852134199584,0.06614500912905173,-0.027813512212944105
MSN,aparc,0.8,Eigenvector Centrality,rh_superiorfrontal,0.08627399285316789,0.05835312370337281,-0.02792086914979508
MSN,aparc,0.8,Eigenvector Centrality,rh_superiorparietal,0.09553044761926743,0.06636265920837914,-0.029167788410888296
MSN,aparc,0.8,Eigenvector Centrality,rh_superiortemporal,0.09594288671621147,0.0914361475107961,-0.004506739205415375
MSN,aparc,0.8,Eigenvector Centrality,rh_supramarginal,0.04276741919393989,0.029078141777483246,-0.013689277416456647
MSN,aparc,0.8,Eigenvector Centrality,rh_frontalpole,0.11369760053177196,0.07113063219276629,-0.04256696833900567
MSN,aparc,0.8,Eigenvector Centrality,rh_temporalpole,0.22826110380105646,0.20298295201435143,-0.025278151786705033
MSN,aparc,0.8,Eigenvector Centrality,rh_transversetemporal,0.9830248397376702,0.9662847921384825,-0.01674004759918768
MSN,aparc,0.8,Eigenvector Centrality,rh_insula,0.9887629647584273,0.9838843595150205,-0.004878605243406775
MSN,aparc,0.8,Node Degree,lh_bankssts,0.3684210526315789,0.42105263157894735,0.05263157894736842
MSN,aparc,0.8,Node Degree,lh_caudalanteriorcingulate,0.3684210526315789,0.5263157894736842,0.15789473684210525
MSN,aparc,0.8,Node Degree,lh_caudalmiddlefrontal,0.47368421052631576,0.47368421052631576,0.0
MSN,aparc,0.8,Node Degree,lh_cuneus,0.15789473684210525,0.21052631578947367,0.05263157894736842
MSN,aparc,0.8,Node Degree,lh_entorhinal,0.47368421052631576,0.47368421052631576,0.0
MSN,aparc,0.8,Node Degree,lh_fusiform,0.2631578947368421,0.8947368421052632,0.631578947368421
MSN,aparc,0.8,Node Degree,lh_inferiorparietal,0.42105263157894735,0.3157894736842105,-0.10526315789473684
MSN,aparc,0.8,Node Degree,lh_inferiortemporal,0.5263157894736842,0.42105263157894735,-0.10526315789473684
MSN,aparc,0.8,Node Degree,lh_isthmuscingulate,0.3684210526315789,0.42105263157894735,0.05263157894736842
MSN,aparc,0.8,Node Degree,lh_lateraloccipital,0.3684210526315789,0.42105263157894735,0.05263157894736842
MSN,aparc,0.8,Node Degree,lh_lateralorbitofrontal,0.8421052631578947,0.7368421052631579,-0.10526315789473684
MSN,aparc,0.8,Node Degree,lh_lingual,0.15789473684210525,0.15789473684210525,0.0
MSN,aparc,0.8,Node Degree,lh_medialorbitofrontal,0.3157894736842105,0.7368421052631579,0.42105263157894735
MSN,aparc,0.8,Node Degree,lh_middletemporal,0.2631578947368421,0.2631578947368421,0.0
MSN,aparc,0.8,Node Degree,lh_parahippocampal,0.7368421052631579,0.6842105263157895,-0.05263157894736836
MSN,aparc,0.8,Node Degree,lh_paracentral,0.631578947368421,0.631578947368421,0.0
MSN,aparc,0.8,Node Degree,lh_parsopercularis,0.7894736842105263,0.7368421052631579,-0.052631578947368474
MSN,aparc,0.8,Node Degree,lh_parsorbitalis,0.3684210526315789,0.15789473684210525,-0.21052631578947367
MSN,aparc,0.8,Node Degree,lh_parstriangularis,0.5263157894736842,0.631578947368421,0.10526315789473684
MSN,aparc,0.8,Node Degree,lh_pericalcarine,0.8421052631578947,1.0,0.1578947368421053
MSN,aparc,0.8,Node Degree,lh_postcentral,0.3684210526315789,0.15789473684210525,-0.21052631578947367
MSN,aparc,0.8,Node Degree,lh_posteriorcingulate,0.3684210526315789,0.47368421052631576,0.10526315789473684
MSN,aparc,0.8,Node Degree,lh_precentral,0.47368421052631576,0.47368421052631576,0.0
MSN,aparc,0.8,Node Degree,lh_precuneus,0.42105263157894735,0.3157894736842105,-0.10526315789473684
MSN,aparc,0.8,Node Degree,lh_rostralanteriorcingulate,0.7894736842105263,0.7894736842105263,0.0
MSN,aparc,0.8,Node Degree,lh_rostralmiddlefrontal,0.42105263157894735,0.47368421052631576,0.05263157894736842
MSN,aparc,0.8,Node Degree,lh_superiorfrontal,0.631578947368421,0.5263157894736842,-0.10526315789473684
MSN,aparc,0.8,Node Degree,lh_superiorparietal,0.3684210526315789,0.3684210526315789,0.0
MSN,aparc,0.8,Node Degree,lh_superiortemporal,0.47368421052631576,0.3157894736842105,-0.15789473684210525
MSN,aparc,0.8,Node Degree,lh_supramarginal,0.47368421052631576,0.47368421052631576,0.0
MSN,aparc,0.8,Node Degree,lh_frontalpole,0.21052631578947367,0.0,-0.21052631578947367
MSN,aparc,0.8,Node Degree,lh_temporalpole,0.3684210526315789,0.15789473684210525,-0.21052631578947367
MSN,aparc,0.8,Node Degree,lh_transversetemporal,0.42105263157894735,0.42105263157894735,0.0
MSN,aparc,0.8,Node Degree,lh_insula,0.42105263157894735,0.42105263157894735,0.0
MSN,aparc,0.8,Node Degree,rh_bankssts,0.47368421052631576,0.5263157894736842,0.05263157894736842
MSN,aparc,0.8,Node Degree,rh_caudalanteriorcingulate,0.42105263157894735,0.5263157894736842,0.10526315789473684
MSN,aparc,0.8,Node Degree,rh_caudalmiddlefrontal,0.3684210526315789,0.5263157894736842,0.15789473684210525
MSN,aparc,0.8,Node Degree,rh_cuneus,0.15789473684210525,0.15789473684210525,0.0
MSN,aparc,0.8,Node Degree,rh_entorhinal,0.7368421052631579,0.5263157894736842,-0.21052631578947367
MSN,aparc,0.8,Node Degree,rh_fusiform,0.6842105263157895,0.5263157894736842,-0.1578947368421053
MSN,aparc,0.8,Node Degree,rh_inferiorparietal,0.42105263157894735,0.47368421052631576,0.05263157894736842
MSN,aparc,0.8,Node Degree,rh_inferiortemporal,0.47368421052631576,0.47368421052631576,0.0
MSN,aparc,0.8,Node Degree,rh_isthmuscingulate,0.3684210526315789,0.42105263157894735,0.05263157894736842
MSN,aparc,0.8,Node Degree,rh_lateraloccipital,0.42105263157894735,0.42105263157894735,0.0
MSN,aparc,0.8,Node Degree,rh_lateralorbitofrontal,0.631578947368421,0.631578947368421,0.0
MSN,aparc,0.8,Node Degree,rh_lingual,0.15789473684210525,0.15789473684210525,0.0
MSN,aparc,0.8,Node Degree,rh_medialorbitofrontal,0.631578947368421,0.3157894736842105,-0.3157894736842105
MSN,aparc,0.8,Node Degree,rh_middletemporal,0.5263157894736842,0.3157894736842105,-0.21052631578947367
MSN,aparc,0.8,Node Degree,rh_parahippocampal,0.5789473684210527,0.5789473684210527,0.0
MSN,aparc,0.8,Node Degree,rh_paracentral,0.631578947368421,0.6842105263157895,0.052631578947368474
MSN,aparc,0.8,Node Degree,rh_parsopercularis,0.5789473684210527,0.6842105263157895,0.10526315789473684
MSN,aparc,0.8,Node Degree,rh_parsorbitalis,0.3684210526315789,0.21052631578947367,-0.15789473684210525
MSN,aparc,0.8,Node Degree,rh_parstriangularis,0.5789473684210527,0.5263157894736842,-0.052631578947368474
MSN,aparc,0.8,Node Degree,rh_pericalcarine,0.7368421052631579,0.9473684210526315,0.21052631578947367
MSN,aparc,0.8,Node Degree,rh_postcentral,0.3684210526315789,0.10526315789473684,-0.2631578947368421
MSN,aparc,0.8,Node Degree,rh_posteriorcingulate,0.42105263157894735,0.47368421052631576,0.05263157894736842
MSN,aparc,0.8,Node Degree,rh_precentral,0.47368421052631576,0.3684210526315789,-0.10526315789473684
MSN,aparc,0.8,Node Degree,rh_precuneus,0.21052631578947367,0.21052631578947367,0.0
MSN,aparc,0.8,Node Degree,rh_rostralanteriorcingulate,0.5789473684210527,0.6842105263157895,0.10526315789473684
MSN,aparc,0.8,Node Degree,rh_rostralmiddlefrontal,0.3684210526315789,0.42105263157894735,0.05263157894736842
MSN,aparc,0.8,Node Degree,rh_superiorfrontal,0.631578947368421,0.47368421052631576,-0.15789473684210525
MSN,aparc,0.8,Node Degree,rh_superiorparietal,0.3684210526315789,0.3684210526315789,0.0
MSN,aparc,0.8,Node Degree,rh_superiortemporal,0.2631578947368421,0.21052631578947367,-0.05263157894736842
MSN,aparc,0.8,Node Degree,rh_supramarginal,0.42105263157894735,0.47368421052631576,0.05263157894736842
MSN,aparc,0.8,Node Degree,rh_frontalpole,0.15789473684210525,0.05263157894736842,-0.10526315789473684
MSN,aparc,0.8,Node Degree,rh_temporalpole,0.2631578947368421,0.21052631578947367,-0.05263157894736842
MSN,aparc,0.8,Node Degree,rh_transversetemporal,0.3684210526315789,0.42105263157894735,0.05263157894736842
MSN,aparc,0.8,Node Degree,rh_insula,0.42105263157894735,0.5263157894736842,0.10526315789473684
MSN,aparc,0.9,Participation Coefficient,lh_bankssts,0.10169575715182182,0.10603093083843909,0.004335173686617275
MSN,aparc,0.9,Participation Coefficient,lh_caudalanteriorcingulate,0.10038859905991855,0.09489191753177365,-0.005496681528144906
MSN,aparc,0.9,Participation Coefficient,lh_caudalmiddlefrontal,0.09611608270987637,0.08554422153606131,-0.010571861173815061
MSN,aparc,0.9,Participation Coefficient,lh_cuneus,0.0,0.02057396783776386,0.02057396783776386
MSN,aparc,0.9,Participation Coefficient,lh_entorhinal,0.7399604232235509,0.7422891934438814,0.0023287702203305116
MSN,aparc,0.9,Participation Coefficient,lh_fusiform,1.0,0.351461209459945,-0.648538790540055
MSN,aparc,0.9,Participation Coefficient,lh_inferiorparietal,0.15529255953558002,0.03886428840027178,-0.11642827113530824
MSN,aparc,0.9,Participation Coefficient,lh_inferiortemporal,0.7671049091697841,0.7598306378484659,-0.007274271321318193
MSN,aparc,0.9,Participation Coefficient,lh_isthmuscingulate,0.10336784730390323,0.10628675450822973,0.0029189072043264985
MSN,aparc,0.9,Participation Coefficient,lh_lateraloccipital,0.15617047460428393,0.06785666218711504,-0.08831381241716889
MSN,aparc,0.9,Participation Coefficient,lh_lateralorbitofrontal,0.6338085147016121,0.5951117078205774,-0.03869680688103472
MSN,aparc,0.9,Participation Coefficient,lh_lingual,0.0,0.014130884229946522,0.014130884229946522
MSN,aparc,0.9,Participation Coefficient,lh_medialorbitofrontal,0.9544389084813539,0.8397247394702847,-0.11471416901106923
MSN,aparc,0.9,Participation Coefficient,lh_middletemporal,0.47916568004758897,0.5378587257672567,0.058693045719667714
MSN,aparc,0.9,Participation Coefficient,lh_parahippocampal,0.3843399067354484,0.3375814562066806,-0.04675845052876776
MSN,aparc,0.9,Participation Coefficient,lh_paracentral,0.2336712818039866,0.20489278721602325,-0.02877849458796336
MSN,aparc,0.9,Participation Coefficient,lh_parsopercularis,0.5689725137050888,0.4370966074162283,-0.13187590628886053
MSN,aparc,0.9,Participation Coefficient,lh_parsorbitalis,0.518313440008286,0.49298944493611674,-0.025323995072169314
MSN,aparc,0.9,Participation Coefficient,lh_parstriangularis,0.19979565283013503,0.23523142990289697,0.03543577707276194
MSN,aparc,0.9,Participation Coefficient,lh_pericalcarine,0.8141917439184209,0.8392903181231357,0.02509857420471484
MSN,aparc,0.9,Participation Coefficient,lh_postcentral,0.07842915675827505,0.007531452601815591,-0.07089770415645946
MSN,aparc,0.9,Participation Coefficient,lh_posteriorcingulate,0.1361221242297697,0.14060871845363707,0.0044865942238673795
MSN,aparc,0.9,Participation Coefficient,lh_precentral,0.2902538323563335,0.22886920464694413,-0.06138462770938938
MSN,aparc,0.9,Participation Coefficient,lh_precuneus,0.14417627597194532,0.02366494939687701,-0.12051132657506831
MSN,aparc,0.9,Participation Coefficient,lh_rostralanteriorcingulate,0.5032898900285684,0.3796782163979234,-0.12361167363064501
MSN,aparc,0.9,Participation Coefficient,lh_rostralmiddlefrontal,0.1951429049839897,0.19338035253118366,-0.0017625524528060432
MSN,aparc,0.9,Participation Coefficient,lh_superiorfrontal,0.560223568793153,0.5396955255250925,-0.02052804326806057
MSN,aparc,0.9,Participation Coefficient,lh_superiorparietal,0.1060366569714704,0.06403411470769041,-0.04200254226377999
MSN,aparc,0.9,Participation Coefficient,lh_superiortemporal,0.7921647661089471,0.656812393939977,-0.13535237216897011
MSN,aparc,0.9,Participation Coefficient,lh_supramarginal,0.48502362862043863,0.3860011761231999,-0.09902245249723873
MSN,aparc,0.9,Participation Coefficient,lh_frontalpole,0.3707754436554494,0.3287993969850102,-0.04197604667043919
MSN,aparc,0.9,Participation Coefficient,lh_temporalpole,0.5722441709628622,0.5822958837654975,0.010051712802635282
MSN,aparc,0.9,Participation Coefficient,lh_transversetemporal,0.10113751972371751,0.10280524265927707,0.0016677229355595569
MSN,aparc,0.9,Participation Coefficient,lh_insula,0.1279779650833919,0.09935772684618856,-0.028620238237203346
MSN,aparc,0.9,Participation Coefficient,rh_bankssts,0.10132353550195956,0.09623332757802741,-0.005090207923932152
MSN,aparc,0.9,Participation Coefficient,rh_caudalanteriorcingulate,0.1849326061396165,0.1547349482532012,-0.03019765788641532
MSN,aparc,0.9,Participation Coefficient,rh_caudalmiddlefrontal,0.15443858545989092,0.08749099536702466,-0.06694759009286626
MSN,aparc,0.9,Participation Coefficient,rh_cuneus,0.0,0.01635529572598155,0.01635529572598155
MSN,aparc,0.9,Participation Coefficient,rh_entorhinal,0.8135531674068796,0.7396455217615872,-0.0739076456452924
MSN,aparc,0.9,Participation Coefficient,rh_fusiform,0.3454367233132116,0.17519899363635766,-0.17023772967685397
MSN,aparc,0.9,Participation Coefficient,rh_inferiorparietal,0.25836073888336447,0.23573767663020123,-0.02262306225316324
MSN,aparc,0.9,Participation Coefficient,rh_inferiortemporal,0.8230179406553908,0.6722919148337695,-0.1507260258216213
MSN,aparc,0.9,Participation Coefficient,rh_isthmuscingulate,0.1337592468187258,0.11698708277345236,-0.016772164045273444
MSN,aparc,0.9,Participation Coefficient,rh_lateraloccipital,0.16765114832453823,0.08958256724728164,-0.07806858107725659
MSN,aparc,0.9,Participation Coefficient,rh_lateralorbitofrontal,0.2614800219767108,0.14195039810587431,-0.11952962387083646
MSN,aparc,0.9,Participation Coefficient,rh_lingual,0.0,0.013523513293681328,0.013523513293681328
MSN,aparc,0.9,Participation Coefficient,rh_medialorbitofrontal,0.42755950512693663,0.08282237962014433,-0.3447371255067923
MSN,aparc,0.9,Participation Coefficient,rh_middletemporal,0.6822164946547273,0.5742316948688712,-0.10798479978585618
MSN,aparc,0.9,Participation Coefficient,rh_parahippocampal,0.22703142417992614,0.1528203364332974,-0.07421108774662874
MSN,aparc,0.9,Participation Coefficient,rh_paracentral,0.13229421805912853,0.13871279988326252,0.00641858182413399
MSN,aparc,0.9,Participation Coefficient,rh_parsopercularis,0.2657468320819651,0.3305223535841128,0.06477552150214771
MSN,aparc,0.9,Participation Coefficient,rh_parsorbitalis,0.4975220524083205,0.3867665362512157,-0.11075551615710477
MSN,aparc,0.9,Participation Coefficient,rh_parstriangularis,0.14380612942919338,0.09497993374602957,-0.048826195683163806
MSN,aparc,0.9,Participation Coefficient,rh_pericalcarine,0.6806672706306722,0.7004037419264161,0.01973647129574385
MSN,aparc,0.9,Participation Coefficient,rh_postcentral,0.0770204368979551,0.0,-0.0770204368979551
MSN,aparc,0.9,Participation Coefficient,rh_posteriorcingulate,0.1852989822667614,0.14430853873390728,-0.04099044353285411
MSN,aparc,0.9,Participation Coefficient,rh_precentral,0.19483855066165404,0.17721794299527663,-0.017620607666377408
MSN,aparc,0.9,Participation Coefficient,rh_precuneus,0.034976341224652964,0.00960484121773756,-0.025371500006915404
MSN,aparc,0.9,Participation Coefficient,rh_rostralanteriorcingulate,0.2503126487767905,0.22780220835504697,-0.02251044042174352
MSN,aparc,0.9,Participation Coefficient,rh_rostralmiddlefrontal,0.1424867257612426,0.07683482018362064,-0.06565190557762196
MSN,aparc,0.9,Participation Coefficient,rh_superiorfrontal,0.5175131426294898,0.4958098661888436,-0.02170327644064618
MSN,aparc,0.9,Participation Coefficient,rh_superiorparietal,0.09812533560943909,0.10253558816449092,0.004410252555051827
MSN,aparc,0.9,Participation Coefficient,rh_superiortemporal,0.4924508919627471,0.44739613574576703,-0.045054756216980074
MSN,aparc,0.9,Participation Coefficient,rh_supramarginal,0.4370968421685847,0.4504327029276592,0.013335860759074503
MSN,aparc,0.9,Participation Coefficient,rh_frontalpole,0.37261458135975983,0.3506166611737158,-0.021997920186044018
MSN,aparc,0.9,Participation Coefficient,rh_temporalpole,0.6272685756213437,0.6264918214288949,-0.0007767541924488253
MSN,aparc,0.9,Participation Coefficient,rh_transversetemporal,0.1016321927817019,0.11682334009736509,0.015191147315663192
MSN,aparc,0.9,Participation Coefficient,rh_insula,0.10573067691185963,0.10043290042651447,-0.005297776485345157
MSN,aparc,0.9,Node Versatility,lh_bankssts,0.14238700989738956,0.06326749968272607,-0.07911951021466349
MSN,aparc,0.9,Node Versatility,lh_caudalanteriorcingulate,0.019047145328825243,0.1423974847268943,0.12335033939806907
MSN,aparc,0.9,Node Versatility,lh_caudalmiddlefrontal,0.16656807383820138,0.079091759320685,-0.08747631451751638
MSN,aparc,0.9,Node Versatility,lh_cuneus,0.9536492205035164,0.7559755887329005,-0.19767363177061592
MSN,aparc,0.9,Node Versatility,lh_entorhinal,0.22496248110444328,0.21473976591634544,-0.010222715188097836
MSN,aparc,0.9,Node Versatility,lh_fusiform,0.22496248110444328,0.9980943216645265,0.7731318405600832
MSN,aparc,0.9,Node Versatility,lh_inferiorparietal,0.2731592817867235,0.23690081728255397,-0.03625846450416953
MSN,aparc,0.9,Node Versatility,lh_inferiortemporal,0.22965039179407706,0.21473976591634544,-0.01491062587773162
MSN,aparc,0.9,Node Versatility,lh_isthmuscingulate,0.026401907100480838,0.06272697321455661,0.03632506611407578
MSN,aparc,0.9,Node Versatility,lh_lateraloccipital,0.2731592817867235,0.23690081728255397,-0.03625846450416953
MSN,aparc,0.9,Node Versatility,lh_lateralorbitofrontal,0.0,0.2754538379272372,0.2754538379272372
MSN,aparc,0.9,Node Versatility,lh_lingual,0.9536492205035164,0.7559755887329005,-0.19767363177061592
MSN,aparc,0.9,Node Versatility,lh_medialorbitofrontal,0.06453716842674241,0.22678293916632006,0.16224577073957763
MSN,aparc,0.9,Node Versatility,lh_middletemporal,0.22496248110444328,0.21473976591634544,-0.010222715188097836
MSN,aparc,0.9,Node Versatility,lh_parahippocampal,0.0,0.636424176454522,0.636424176454522
MSN,aparc,0.9,Node Versatility,lh_paracentral,0.0,0.04628444095584563,0.04628444095584563
MSN,aparc,0.9,Node Versatility,lh_parsopercularis,0.0,0.4550661435915021,0.4550661435915021
MSN,aparc,0.9,Node Versatility,lh_parsorbitalis,0.22496248110444328,0.21473976591634544,-0.010222715188097836
MSN,aparc,0.9,Node Versatility,lh_parstriangularis,0.07188635091322015,0.2754406257946375,0.20355427488141736
MSN,aparc,0.9,Node Versatility,lh_pericalcarine,0.5572972180959765,0.5182156606351381,-0.03908155746083841
MSN,aparc,0.9,Node Versatility,lh_postcentral,0.2731592817867235,0.23690081728255397,-0.03625846450416953
MSN,aparc,0.9,Node Versatility,lh_posteriorcingulate,0.05368489971175221,0.06326749968272607,0.009582599970973868
MSN,aparc,0.9,Node Versatility,lh_precentral,0.2731592817867235,0.23690081728255397,-0.03625846450416953
MSN,aparc,0.9,Node Versatility,lh_precuneus,0.9536492205035164,0.7559755887329005,-0.19767363177061592
MSN,aparc,0.9,Node Versatility,lh_rostralanteriorcingulate,0.0,0.5192537958830459,0.5192537958830459
MSN,aparc,0.9,Node Versatility,lh_rostralmiddlefrontal,0.2731592817867235,0.23690081728255397,-0.03625846450416953
MSN,aparc,0.9,Node Versatility,lh_superiorfrontal,0.29291112428732896,0.30024752378599806,0.0073363994986690995
MSN,aparc,0.9,Node Versatility,lh_superiorparietal,0.2731592817867235,0.23690081728255397,-0.03625846450416953
MSN,aparc,0.9,Node Versatility,lh_superiortemporal,0.22965039179407706,0.21473976591634544,-0.01491062587773162
MSN,aparc,0.9,Node Versatility,lh_supramarginal,0.29291112428732896,0.2534693873539936,-0.03944173693333536
MSN,aparc,0.9,Node Versatility,lh_frontalpole,0.22496248110444328,0.21473976591634544,-0.010222715188097836
MSN,aparc,0.9,Node Versatility,lh_temporalpole,0.22496248110444328,0.21473976591634544,-0.010222715188097836
MSN,aparc,0.9,Node Versatility,lh_transversetemporal,0.0,0.06272697321455661,0.06272697321455661
MSN,aparc,0.9,Node Versatility,lh_insula,0.026401907100480838,0.09484087984918517,0.06843897274870434
MSN,aparc,0.9,Node Versatility,rh_bankssts,0.0,0.07605960681194394,0.07605960681194394
MSN,aparc,0.9,Node Versatility,rh_caudalanteriorcingulate,0.05368489971175221,0.06326749968272607,0.009582599970973868
MSN,aparc,0.9,Node Versatility,rh_caudalmiddlefrontal,0.05368489971175221,0.079091759320685,0.025406859608932797
MSN,aparc,0.9,Node Versatility,rh_cuneus,0.7270187208052689,0.7559755887329005,0.028956867927631635
MSN,aparc,0.9,Node Versatility,rh_entorhinal,0.22496248110444328,0.21473976591634544,-0.010222715188097836
MSN,aparc,0.9,Node Versatility,rh_fusiform,0.0,1.0,1.0
MSN,aparc,0.9,Node Versatility,rh_inferiorparietal,0.2731592817867235,0.23690081728255397,-0.03625846450416953
MSN,aparc,0.9,Node Versatility,rh_inferiortemporal,0.22965039179407706,0.21473976591634544,-0.01491062587773162
MSN,aparc,0.9,Node Versatility,rh_isthmuscingulate,0.3061181123060042,0.06272697321455661,-0.2433911390914476
MSN,aparc,0.9,Node Versatility,rh_lateraloccipital,0.2731592817867235,0.23690081728255397,-0.03625846450416953
MSN,aparc,0.9,Node Versatility,rh_lateralorbitofrontal,0.0,0.4042885699414293,0.4042885699414293
MSN,aparc,0.9,Node Versatility,rh_lingual,0.9536492205035164,0.7559755887329005,-0.19767363177061592
MSN,aparc,0.9,Node Versatility,rh_medialorbitofrontal,0.3026376169310165,0.23690081728255397,-0.06573679964846252
MSN,aparc,0.9,Node Versatility,rh_middletemporal,0.22965039179407706,0.21473976591634544,-0.01491062587773162
MSN,aparc,0.9,Node Versatility,rh_parahippocampal,0.0,0.1598058895204499,0.1598058895204499
MSN,aparc,0.9,Node Versatility,rh_paracentral,0.0,0.03219791299985323,0.03219791299985323
MSN,aparc,0.9,Node Versatility,rh_parsopercularis,0.0,0.36904245795635376,0.36904245795635376
MSN,aparc,0.9,Node Versatility,rh_parsorbitalis,0.22496248110444328,0.21473976591634544,-0.010222715188097836
MSN,aparc,0.9,Node Versatility,rh_parstriangularis,0.0,0.21792167420770076,0.21792167420770076
MSN,aparc,0.9,Node Versatility,rh_pericalcarine,0.5572972180959765,0.5182156606351381,-0.03908155746083841
MSN,aparc,0.9,Node Versatility,rh_postcentral,0.2731592817867235,0.23690081728255397,-0.03625846450416953
MSN,aparc,0.9,Node Versatility,rh_posteriorcingulate,0.05368489971175221,0.06326749968272607,0.009582599970973868
MSN,aparc,0.9,Node Versatility,rh_precentral,0.2731592817867235,0.23690081728255397,-0.03625846450416953
MSN,aparc,0.9,Node Versatility,rh_precuneus,0.9536492205035164,0.7559755887329005,-0.19767363177061592
MSN,aparc,0.9,Node Versatility,rh_rostralanteriorcingulate,0.0,0.04628444095584563,0.04628444095584563
MSN,aparc,0.9,Node Versatility,rh_rostralmiddlefrontal,0.2731592817867235,0.23690081728255397,-0.03625846450416953
MSN,aparc,0.9,Node Versatility,rh_superiorfrontal,0.29291112428732896,0.30024752378599806,0.0073363994986690995
MSN,aparc,0.9,Node Versatility,rh_superiorparietal,0.2731592817867235,0.23690081728255397,-0.03625846450416953
MSN,aparc,0.9,Node Versatility,rh_superiortemporal,0.22496248110444328,0.21473976591634544,-0.010222715188097836
MSN,aparc,0.9,Node Versatility,rh_supramarginal,0.29291112428732896,0.30024752378599806,0.0073363994986690995
MSN,aparc,0.9,Node Versatility,rh_frontalpole,0.22496248110444328,0.21473976591634544,-0.010222715188097836
MSN,aparc,0.9,Node Versatility,rh_temporalpole,0.22496248110444328,0.21473976591634544,-0.010222715188097836
MSN,aparc,0.9,Node Versatility,rh_transversetemporal,0.019047145328825243,0.06326749968272607,0.04422035435390083
MSN,aparc,0.9,Node Versatility,rh_insula,0.04983519208003643,0.23481333903743445,0.18497814695739803
MSN,aparc,0.9,Node Strength,lh_bankssts,0.9363044762693927,0.9585071322444974,0.022202655975104624
MSN,aparc,0.9,Node Strength,lh_caudalanteriorcingulate,0.9346666495101569,0.966206591254646,0.03153994174448915
MSN,aparc,0.9,Node Strength,lh_caudalmiddlefrontal,0.8630607098671402,0.8892408620722343,0.026180152205094065
MSN,aparc,0.9,Node Strength,lh_cuneus,0.7100185104787374,0.7021655009594218,-0.007853009519315668
MSN,aparc,0.9,Node Strength,lh_entorhinal,0.6079147087530231,0.6153488012775051,0.007434092524482017
MSN,aparc,0.9,Node Strength,lh_fusiform,0.03926666213860906,0.20484330555124208,0.165576643412633
MSN,aparc,0.9,Node Strength,lh_inferiorparietal,0.8283828947901513,0.7913601943309941,-0.03702270045915712
MSN,aparc,0.9,Node Strength,lh_inferiortemporal,0.5996095220283633,0.5796338738397371,-0.019975648188626183
MSN,aparc,0.9,Node Strength,lh_isthmuscingulate,0.891190965096419,0.9228743475832788,0.03168338248685976
MSN,aparc,0.9,Node Strength,lh_lateraloccipital,0.8335461808024568,0.8255669031493033,-0.007979277653153538
MSN,aparc,0.9,Node Strength,lh_lateralorbitofrontal,0.23720363193709595,0.39682626313073616,0.1596226311936402
MSN,aparc,0.9,Node Strength,lh_lingual,0.6913969115295974,0.7178212291874004,0.026424317657803065
MSN,aparc,0.9,Node Strength,lh_medialorbitofrontal,0.020596939795426008,0.0,-0.020596939795426008
MSN,aparc,0.9,Node Strength,lh_middletemporal,0.5400133475215374,0.5352310600684994,-0.004782287453037992
MSN,aparc,0.9,Node Strength,lh_parahippocampal,0.9305787598903822,0.9492568002401213,0.018678040349739078
MSN,aparc,0.9,Node Strength,lh_paracentral,0.9246501249771575,0.9658931891744429,0.041243064197285406
MSN,aparc,0.9,Node Strength,lh_parsopercularis,0.9252662767552029,0.9416152073827206,0.016348930627517744
MSN,aparc,0.9,Node Strength,lh_parsorbitalis,0.5519912509883821,0.538675156526855,-0.01331609446152704
MSN,aparc,0.9,Node Strength,lh_parstriangularis,0.8843470798755131,0.9304361145933104,0.04608903471779735
MSN,aparc,0.9,Node Strength,lh_pericalcarine,0.580885146164522,0.6090197385010427,0.028134592336520714
MSN,aparc,0.9,Node Strength,lh_postcentral,0.8409127864447713,0.8419472192224199,0.0010344327776485862
MSN,aparc,0.9,Node Strength,lh_posteriorcingulate,0.9197917063032514,0.943156661832524,0.023364955529272646
MSN,aparc,0.9,Node Strength,lh_precentral,0.8330910264973447,0.8266899566918359,-0.006401069805508808
MSN,aparc,0.9,Node Strength,lh_precuneus,0.5876254771673444,0.647902608068209,0.06027713090086462
MSN,aparc,0.9,Node Strength,lh_rostralanteriorcingulate,0.9657164693560116,1.0,0.03428353064398837
MSN,aparc,0.9,Node Strength,lh_rostralmiddlefrontal,0.8416814827263491,0.8441032035312485,0.00242172080489933
MSN,aparc,0.9,Node Strength,lh_superiorfrontal,0.818458787970476,0.8132503487729525,-0.005208439197523451
MSN,aparc,0.9,Node Strength,lh_superiorparietal,0.8497943166891508,0.8478442847938042,-0.0019500318953465934
MSN,aparc,0.9,Node Strength,lh_superiortemporal,0.5683792819388156,0.4828967532211727,-0.08548252871764289
MSN,aparc,0.9,Node Strength,lh_supramarginal,0.803438723447619,0.799118009141178,-0.004320714306440987
MSN,aparc,0.9,Node Strength,lh_frontalpole,0.5174397153626824,0.5079995949931408,-0.00944012036954156
MSN,aparc,0.9,Node Strength,lh_temporalpole,0.5662565127944282,0.5631981116667654,-0.0030584011276628686
MSN,aparc,0.9,Node Strength,lh_transversetemporal,0.9393238967870658,0.9555385789087186,0.01621468212165278
MSN,aparc,0.9,Node Strength,lh_insula,0.9143845407231205,0.9594447772791519,0.04506023655603142
MSN,aparc,0.9,Node Strength,rh_bankssts,0.9574289991829962,0.9797658595046578,0.0223368603216616
MSN,aparc,0.9,Node Strength,rh_caudalanteriorcingulate,0.8963121401804633,0.9095617852175706,0.013249645037107238
MSN,aparc,0.9,Node Strength,rh_caudalmiddlefrontal,0.7277386679988999,0.8795211740624189,0.15178250606351906
MSN,aparc,0.9,Node Strength,rh_cuneus,0.7805004134016251,0.7844065751713262,0.0039061617697010442
MSN,aparc,0.9,Node Strength,rh_entorhinal,0.6507261693114785,0.6134214957568712,-0.037304673554607315
MSN,aparc,0.9,Node Strength,rh_fusiform,0.3763519641178402,0.16381771983597193,-0.2125342442818683
MSN,aparc,0.9,Node Strength,rh_inferiorparietal,0.83417681321146,0.8395314854896482,0.0053546722781881995
MSN,aparc,0.9,Node Strength,rh_inferiortemporal,0.6436013477966078,0.5244549021780601,-0.1191464456185477
MSN,aparc,0.9,Node Strength,rh_isthmuscingulate,0.879958620074835,0.9210898082166903,0.041131188141855235
MSN,aparc,0.9,Node Strength,rh_lateraloccipital,0.8368651720160382,0.819789492268495,-0.017075679747543204
MSN,aparc,0.9,Node Strength,rh_lateralorbitofrontal,0.49516911122227525,0.5236764652922753,0.028507354070000046
MSN,aparc,0.9,Node Strength,rh_lingual,0.7244698493388392,0.7521794980159977,0.027709648677158527
MSN,aparc,0.9,Node Strength,rh_medialorbitofrontal,0.4156614662468611,0.4958940302650972,0.08023256401823609
MSN,aparc,0.9,Node Strength,rh_middletemporal,0.5872823600957517,0.5368729154997122,-0.050409444596039577
MSN,aparc,0.9,Node Strength,rh_parahippocampal,0.9398059813735263,0.9712137366381208,0.031407755264594495
MSN,aparc,0.9,Node Strength,rh_paracentral,0.9305197988711889,0.9718118589210447,0.04129206004985586
MSN,aparc,0.9,Node Strength,rh_parsopercularis,0.9505488326229926,0.9502077081905026,-0.00034112443249001423
MSN,aparc,0.9,Node Strength,rh_parsorbitalis,0.5472387357353858,0.5137671541113747,-0.03347158162401109
MSN,aparc,0.9,Node Strength,rh_parstriangularis,0.8547662714282531,0.8324284746406823,-0.022337796787570863
MSN,aparc,0.9,Node Strength,rh_pericalcarine,0.5824826272618803,0.6028078310686878,0.02032520380680758
MSN,aparc,0.9,Node Strength,rh_postcentral,0.8259701042768078,0.8349722563100898,0.009002152033281918
MSN,aparc,0.9,Node Strength,rh_posteriorcingulate,0.8926582742767845,0.9417132498013853,0.04905497552460081
MSN,aparc,0.9,Node Strength,rh_precentral,0.8362002054477617,0.8414342272405669,0.005234021792805188
MSN,aparc,0.9,Node Strength,rh_precuneus,0.6370568102778452,0.6809054056719794,0.043848595394134215
MSN,aparc,0.9,Node Strength,rh_rostralanteriorcingulate,0.9687755413897864,0.9940186677965878,0.025243126406801375
MSN,aparc,0.9,Node Strength,rh_rostralmiddlefrontal,0.8431530542690437,0.8372242267659952,-0.005928827503048573
MSN,aparc,0.9,Node Strength,rh_superiorfrontal,0.8220164807666079,0.8173080070869408,-0.004708473679667091
MSN,aparc,0.9,Node Strength,rh_superiorparietal,0.8424551737605335,0.8493827186293049,0.006927544868771451
MSN,aparc,0.9,Node Strength,rh_superiortemporal,0.491532029398907,0.4682753935563131,-0.02325663584259391
MSN,aparc,0.9,Node Strength,rh_supramarginal,0.4397174104440253,0.47773175738975454,0.03801434694572925
MSN,aparc,0.9,Node Strength,rh_frontalpole,0.5145834472212305,0.4819562895614961,-0.032627157659734396
MSN,aparc,0.9,Node Strength,rh_temporalpole,0.5741400658506791,0.5733071330668584,-0.0008329327838206835
MSN,aparc,0.9,Node Strength,rh_transversetemporal,0.9374695586658823,0.953088693303543,0.015619134637660625
MSN,aparc,0.9,Node Strength,rh_insula,0.9483128374001596,0.9735534863883135,0.025240648988153924
MSN,aparc,0.9,Local Efficiency,lh_bankssts,0.8729671711897657,0.8408439140574254,-0.03212325713234032
MSN,aparc,0.9,Local Efficiency,lh_caudalanteriorcingulate,0.8732560571972571,0.7568974603879447,-0.11635859680931238
MSN,aparc,0.9,Local Efficiency,lh_caudalmiddlefrontal,0.7142455812468956,0.7641054999167782,0.0498599186698826
MSN,aparc,0.9,Local Efficiency,lh_cuneus,0.8118671857817558,0.7436418734901019,-0.06822531229165385
MSN,aparc,0.9,Local Efficiency,lh_entorhinal,0.40606782311814194,0.4229525427714504,0.016884719653308455
MSN,aparc,0.9,Local Efficiency,lh_fusiform,0.06554446092594131,0.17716958822625223,0.11162512730031092
MSN,aparc,0.9,Local Efficiency,lh_inferiorparietal,0.6866882023107612,0.7328287027343875,0.046140500423626274
MSN,aparc,0.9,Local Efficiency,lh_inferiortemporal,0.42351673000487605,0.43356746897578147,0.010050738970905415
MSN,aparc,0.9,Local Efficiency,lh_isthmuscingulate,0.8466389256519147,0.8291915067619623,-0.017447418889952382
MSN,aparc,0.9,Local Efficiency,lh_lateraloccipital,0.7399425057840846,0.665066759961014,-0.07487574582307055
MSN,aparc,0.9,Local Efficiency,lh_lateralorbitofrontal,0.19860616444675652,0.32588590790692556,0.12727974346016904
MSN,aparc,0.9,Local Efficiency,lh_lingual,0.795273320675752,0.8258000029992709,0.03052668232351896
MSN,aparc,0.9,Local Efficiency,lh_medialorbitofrontal,0.024258253378599843,0.0,-0.024258253378599843
MSN,aparc,0.9,Local Efficiency,lh_middletemporal,0.41712879915399104,0.4218335300637351,0.004704730909744048
MSN,aparc,0.9,Local Efficiency,lh_parahippocampal,0.6231997496645099,0.6720469372070477,0.04884718754253781
MSN,aparc,0.9,Local Efficiency,lh_paracentral,0.6697295628781407,0.6998762431647945,0.030146680286653793
MSN,aparc,0.9,Local Efficiency,lh_parsopercularis,0.5986444284844289,0.6380377007066245,0.039393272222195574
MSN,aparc,0.9,Local Efficiency,lh_parsorbitalis,0.38606269636382357,0.48575019351391324,0.09968749715008968
MSN,aparc,0.9,Local Efficiency,lh_parstriangularis,0.7247435254460376,0.6854966482179626,-0.03924687722807496
MSN,aparc,0.9,Local Efficiency,lh_pericalcarine,0.32039628585821084,0.31033035552735194,-0.010065930330858897
MSN,aparc,0.9,Local Efficiency,lh_postcentral,0.72636409340707,0.9361578609005122,0.20979376749344225
MSN,aparc,0.9,Local Efficiency,lh_posteriorcingulate,0.8562243866716448,0.7842473874270834,-0.07197699924456136
MSN,aparc,0.9,Local Efficiency,lh_precentral,0.6591134656489598,0.6495772148963421,-0.009536250752617659
MSN,aparc,0.9,Local Efficiency,lh_precuneus,0.5032129612951712,0.6153752386453686,0.11216227735019735
MSN,aparc,0.9,Local Efficiency,lh_rostralanteriorcingulate,0.6179017361372487,0.6257713653310188,0.0078696291937701
MSN,aparc,0.9,Local Efficiency,lh_rostralmiddlefrontal,0.7043005699899885,0.6584062250300449,-0.0458943449599436
MSN,aparc,0.9,Local Efficiency,lh_superiorfrontal,0.5445938612237272,0.6111816957291809,0.06658783450545369
MSN,aparc,0.9,Local Efficiency,lh_superiorparietal,0.7394814917251742,0.7287632973972171,-0.010718194327957065
MSN,aparc,0.9,Local Efficiency,lh_superiortemporal,0.4409607357285272,0.3947889767602624,-0.04617175896826475
MSN,aparc,0.9,Local Efficiency,lh_supramarginal,0.6387826030523096,0.6406798250970365,0.001897222044726865
MSN,aparc,0.9,Local Efficiency,lh_frontalpole,0.41092870174975477,0.5521573486913592,0.14122864694160447
MSN,aparc,0.9,Local Efficiency,lh_temporalpole,0.3977732302753223,0.5208762440915274,0.12310301381620514
MSN,aparc,0.9,Local Efficiency,lh_transversetemporal,0.8228891807464871,0.8466974510393702,0.023808270292883127
MSN,aparc,0.9,Local Efficiency,lh_insula,0.7931634462084216,0.8482617377035527,0.055098291495131124
MSN,aparc,0.9,Local Efficiency,rh_bankssts,0.7874308034340681,0.7696272447971155,-0.0178035586369526
MSN,aparc,0.9,Local Efficiency,rh_caudalanteriorcingulate,0.7911393837577694,0.7176195761405976,-0.0735198076171718
MSN,aparc,0.9,Local Efficiency,rh_caudalmiddlefrontal,0.7299332998319994,0.7073266270672597,-0.02260667276473971
MSN,aparc,0.9,Local Efficiency,rh_cuneus,0.8739572938556229,0.885120101170353,0.011162807314730072
MSN,aparc,0.9,Local Efficiency,rh_entorhinal,0.37119622031076527,0.3913795532302586,0.020183332919493313
MSN,aparc,0.9,Local Efficiency,rh_fusiform,0.3370390764266484,0.22244638881341514,-0.11459268761323324
MSN,aparc,0.9,Local Efficiency,rh_inferiorparietal,0.7084013869556919,0.6556193313379588,-0.05278205561773308
MSN,aparc,0.9,Local Efficiency,rh_inferiortemporal,0.48927641173280717,0.34488287970967124,-0.14439353202313593
MSN,aparc,0.9,Local Efficiency,rh_isthmuscingulate,0.8337528519552977,0.8277608243202236,-0.005992027635074115
MSN,aparc,0.9,Local Efficiency,rh_lateraloccipital,0.6942268790525788,0.6702187509193089,-0.024008128133269913
MSN,aparc,0.9,Local Efficiency,rh_lateralorbitofrontal,0.44101116353090997,0.4562358608694937,0.015224697338583726
MSN,aparc,0.9,Local Efficiency,rh_lingual,0.8261406604455288,0.857223504950989,0.031082844505460172
MSN,aparc,0.9,Local Efficiency,rh_medialorbitofrontal,0.34046678746283027,0.5371086132892876,0.19664182582645734
MSN,aparc,0.9,Local Efficiency,rh_middletemporal,0.3862805258737916,0.40422788342967714,0.017947357555885557
MSN,aparc,0.9,Local Efficiency,rh_parahippocampal,0.7172438981395575,0.7432958793650372,0.026051981225479692
MSN,aparc,0.9,Local Efficiency,rh_paracentral,0.6567584873365415,0.655571824680534,-0.001186662656007531
MSN,aparc,0.9,Local Efficiency,rh_parsopercularis,0.7286306550808318,0.6672806894205607,-0.061349965660271066
MSN,aparc,0.9,Local Efficiency,rh_parsorbitalis,0.380597445585296,0.40249517048346556,0.021897724898169546
MSN,aparc,0.9,Local Efficiency,rh_parstriangularis,0.6647336052241862,0.696976791788773,0.0322431865645868
MSN,aparc,0.9,Local Efficiency,rh_pericalcarine,0.36381693397502934,0.3162784359851438,-0.04753849798988552
MSN,aparc,0.9,Local Efficiency,rh_postcentral,0.7177615520312562,1.0,0.28223844796874376
MSN,aparc,0.9,Local Efficiency,rh_posteriorcingulate,0.7903240764774295,0.7836370641912273,-0.006687012286202276
MSN,aparc,0.9,Local Efficiency,rh_precentral,0.6556701786366211,0.7459654115204389,0.0902952328838178
MSN,aparc,0.9,Local Efficiency,rh_precuneus,0.6995087674137652,0.7356122325507686,0.036103465137003354
MSN,aparc,0.9,Local Efficiency,rh_rostralanteriorcingulate,0.7372275020540586,0.6732685949966962,-0.0639589070573624
MSN,aparc,0.9,Local Efficiency,rh_rostralmiddlefrontal,0.745048549591102,0.6777713829838081,-0.06727716660729388
MSN,aparc,0.9,Local Efficiency,rh_superiorfrontal,0.542932515706966,0.6501538358274755,0.10722132012050956
MSN,aparc,0.9,Local Efficiency,rh_superiorparietal,0.7299652868945055,0.7424203358869516,0.012455048992446094
MSN,aparc,0.9,Local Efficiency,rh_superiortemporal,0.3915888001038253,0.38956925823207866,-0.002019541871746633
MSN,aparc,0.9,Local Efficiency,rh_supramarginal,0.4518816200506312,0.44588110255570657,-0.00600051749492464
MSN,aparc,0.9,Local Efficiency,rh_frontalpole,0.43302635250380483,0.4886893908501224,0.055663038346317584
MSN,aparc,0.9,Local Efficiency,rh_temporalpole,0.4810356459982416,0.5017166990702274,0.02068105307198581
MSN,aparc,0.9,Local Efficiency,rh_transversetemporal,0.8748759227022583,0.8419520358745867,-0.03292388682767167
MSN,aparc,0.9,Local Efficiency,rh_insula,0.830320351084316,0.7624152981831996,-0.06790505290111637
MSN,aparc,0.9,Clustering Coefficient,lh_bankssts,0.8626120406240771,0.8360469579571352,-0.026565082666941908
MSN,aparc,0.9,Clustering Coefficient,lh_caudalanteriorcingulate,0.8628367506491903,0.7469019592904301,-0.11593479135876017
MSN,aparc,0.9,Clustering Coefficient,lh_caudalmiddlefrontal,0.7040927986918273,0.7550579661782464,0.050965167486419105
MSN,aparc,0.9,Clustering Coefficient,lh_cuneus,0.8085485013656976,0.7419597260679885,-0.06658877529770901
MSN,aparc,0.9,Clustering Coefficient,lh_entorhinal,0.34800851493794766,0.3558537477210443,0.007845232783096623
MSN,aparc,0.9,Clustering Coefficient,lh_fusiform,0.059987616158127,0.16406017802388553,0.10407256186575853
MSN,aparc,0.9,Clustering Coefficient,lh_inferiorparietal,0.667306012802913,0.7221461493424177,0.0548401365395047
MSN,aparc,0.9,Clustering Coefficient,lh_inferiortemporal,0.34932634704981314,0.36218827181419505,0.012861924764381916
MSN,aparc,0.9,Clustering Coefficient,lh_isthmuscingulate,0.8370038981820928,0.8221020594573144,-0.014901838724778349
MSN,aparc,0.9,Clustering Coefficient,lh_lateraloccipital,0.7188099002475479,0.6481023223646366,-0.07070757788291127
MSN,aparc,0.9,Clustering Coefficient,lh_lateralorbitofrontal,0.18078716425223418,0.2966687136705086,0.11588154941827444
MSN,aparc,0.9,Clustering Coefficient,lh_lingual,0.7924764570272477,0.8235381279954113,0.03106167096816359
MSN,aparc,0.9,Clustering Coefficient,lh_medialorbitofrontal,0.019098779331822125,0.0,-0.019098779331822125
MSN,aparc,0.9,Clustering Coefficient,lh_middletemporal,0.3659835466014033,0.36842099317159477,0.0024374465701914594
MSN,aparc,0.9,Clustering Coefficient,lh_parahippocampal,0.566705606847232,0.6178197034489704,0.05111409660173838
MSN,aparc,0.9,Clustering Coefficient,lh_paracentral,0.6307011770198754,0.6640107976068239,0.03330962058694853
MSN,aparc,0.9,Clustering Coefficient,lh_parsopercularis,0.5273529964611298,0.5753392736178621,0.047986277156732315
MSN,aparc,0.9,Clustering Coefficient,lh_parsorbitalis,0.342562790789548,0.43125587349695876,0.08869308270741078
MSN,aparc,0.9,Clustering Coefficient,lh_parstriangularis,0.6924238880979425,0.6437594061555445,-0.04866448194239803
MSN,aparc,0.9,Clustering Coefficient,lh_pericalcarine,0.23745524004692647,0.22860419506449883,-0.008851044982427642
MSN,aparc,0.9,Clustering Coefficient,lh_postcentral,0.7121824611361107,0.9328861899959136,0.22070372885980283
MSN,aparc,0.9,Clustering Coefficient,lh_posteriorcingulate,0.8386140783211748,0.77327045513872,-0.0653436231824549
MSN,aparc,0.9,Clustering Coefficient,lh_precentral,0.6284266630593116,0.6148811738027907,-0.013545489256520882
MSN,aparc,0.9,Clustering Coefficient,lh_precuneus,0.4638273580524754,0.5997944096283052,0.13596705157582983
MSN,aparc,0.9,Clustering Coefficient,lh_rostralanteriorcingulate,0.5476864585780244,0.5677765944360834,0.020090135858058966
MSN,aparc,0.9,Clustering Coefficient,lh_rostralmiddlefrontal,0.6785527959425107,0.6246008628149837,-0.053951933127526996
MSN,aparc,0.9,Clustering Coefficient,lh_superiorfrontal,0.4900626839931336,0.5452292485064829,0.055166564513349337
MSN,aparc,0.9,Clustering Coefficient,lh_superiorparietal,0.7228129725550699,0.7106695421500254,-0.012143430405044509
MSN,aparc,0.9,Clustering Coefficient,lh_superiortemporal,0.3682763331352831,0.3394809751877995,-0.028795357947483557
MSN,aparc,0.9,Clustering Coefficient,lh_supramarginal,0.5902119105765723,0.5900098632359441,-0.00020204734062823082
MSN,aparc,0.9,Clustering Coefficient,lh_frontalpole,0.3748955256937632,0.5006745594133262,0.12577903371956295
MSN,aparc,0.9,Clustering Coefficient,lh_temporalpole,0.35060232476328645,0.4583454059406538,0.10774308117736736
MSN,aparc,0.9,Clustering Coefficient,lh_transversetemporal,0.8107881194357531,0.8399550558680684,0.02916693643231527
MSN,aparc,0.9,Clustering Coefficient,lh_insula,0.7793990418546688,0.8414982507542915,0.062099208899622726
MSN,aparc,0.9,Clustering Coefficient,rh_bankssts,0.769658840876785,0.7569905579933651,-0.012668282883419923
MSN,aparc,0.9,Clustering Coefficient,rh_caudalanteriorcingulate,0.7617929940060192,0.6998516714531132,-0.061941322552905964
MSN,aparc,0.9,Clustering Coefficient,rh_caudalmiddlefrontal,0.7147925405605733,0.699713483756722,-0.015079056803851243
MSN,aparc,0.9,Clustering Coefficient,rh_cuneus,0.8689378275521167,0.8805357835697578,0.011597956017641131
MSN,aparc,0.9,Clustering Coefficient,rh_entorhinal,0.30963886694630927,0.32868129328050594,0.01904242633419667
MSN,aparc,0.9,Clustering Coefficient,rh_fusiform,0.31996732610335327,0.2357228337129227,-0.08424449239043055
MSN,aparc,0.9,Clustering Coefficient,rh_inferiorparietal,0.6767940317405359,0.6206616204139698,-0.0561324113265661
MSN,aparc,0.9,Clustering Coefficient,rh_inferiortemporal,0.4078024687916862,0.2898523777508628,-0.11795009104082338
MSN,aparc,0.9,Clustering Coefficient,rh_isthmuscingulate,0.8169121809016539,0.819956813940967,0.003044633039313127
MSN,aparc,0.9,Clustering Coefficient,rh_lateraloccipital,0.6725525985781461,0.6494894297294918,-0.023063168848654336
MSN,aparc,0.9,Clustering Coefficient,rh_lateralorbitofrontal,0.41976098075236545,0.44568551689826047,0.025924536145895016
MSN,aparc,0.9,Clustering Coefficient,rh_lingual,0.822226016693441,0.8540590217967812,0.031833005103340195
MSN,aparc,0.9,Clustering Coefficient,rh_medialorbitofrontal,0.31463356334734993,0.5326566233636184,0.21802306001626848
MSN,aparc,0.9,Clustering Coefficient,rh_middletemporal,0.32453666909743517,0.34995565069262274,0.025418981595187573
MSN,aparc,0.9,Clustering Coefficient,rh_parahippocampal,0.6802031157643005,0.7130162019864781,0.0328130862221776
MSN,aparc,0.9,Clustering Coefficient,rh_paracentral,0.6313910852256107,0.6296102535146012,-0.0017808317110095118
MSN,aparc,0.9,Clustering Coefficient,rh_parsopercularis,0.6849294998870693,0.6141748907335409,-0.07075460915352838
MSN,aparc,0.9,Clustering Coefficient,rh_parsorbitalis,0.33803685343094425,0.36202250627509314,0.023985652844148886
MSN,aparc,0.9,Clustering Coefficient,rh_parstriangularis,0.6398641852692105,0.6850515185110333,0.04518733324182278
MSN,aparc,0.9,Clustering Coefficient,rh_pericalcarine,0.2747987984238893,0.23579170680614076,-0.03900709161774857
MSN,aparc,0.9,Clustering Coefficient,rh_postcentral,0.7042531224845773,1.0,0.2957468775154227
MSN,aparc,0.9,Clustering Coefficient,rh_posteriorcingulate,0.7612595043072959,0.7713373382181954,0.010077833910899447
MSN,aparc,0.9,Clustering Coefficient,rh_precentral,0.6310516838867799,0.7157073370222481,0.08465565313546819
MSN,aparc,0.9,Clustering Coefficient,rh_precuneus,0.6817074278223977,0.7301248311658529,0.048417403343455234
MSN,aparc,0.9,Clustering Coefficient,rh_rostralanteriorcingulate,0.6945749653529163,0.6336154199953191,-0.06095954535759718
MSN,aparc,0.9,Clustering Coefficient,rh_rostralmiddlefrontal,0.724128680395045,0.6578141722577132,-0.06631450813733175
MSN,aparc,0.9,Clustering Coefficient,rh_superiorfrontal,0.4929560241163344,0.5859086355671742,0.09295261145083983
MSN,aparc,0.9,Clustering Coefficient,rh_superiorparietal,0.7155924567760378,0.7179919270748026,0.002399470298764861
MSN,aparc,0.9,Clustering Coefficient,rh_superiortemporal,0.34475189354181013,0.34536601558373825,0.0006141220419281224
MSN,aparc,0.9,Clustering Coefficient,rh_supramarginal,0.4339173991903162,0.41339203127748636,-0.02052536791282983
MSN,aparc,0.9,Clustering Coefficient,rh_frontalpole,0.394054427441703,0.4410228718157395,0.04696844437403652
MSN,aparc,0.9,Clustering Coefficient,rh_temporalpole,0.42435982820629914,0.4373069365162762,0.012947108309977085
MSN,aparc,0.9,Clustering Coefficient,rh_transversetemporal,0.8643157430983542,0.8357066310547743,-0.028609112043579965
MSN,aparc,0.9,Clustering Coefficient,rh_insula,0.8171557763550311,0.7517001364519673,-0.0654556399030638
MSN,aparc,0.9,Betweenness Centrality,lh_bankssts,0.0,0.0,0.0
MSN,aparc,0.9,Betweenness Centrality,lh_caudalanteriorcingulate,0.0,0.0,0.0
MSN,aparc,0.9,Betweenness Centrality,lh_caudalmiddlefrontal,0.0,0.0,0.0
MSN,aparc,0.9,Betweenness Centrality,lh_cuneus,0.2959866220735786,0.18729096989966554,-0.10869565217391308
MSN,aparc,0.9,Betweenness Centrality,lh_entorhinal,0.14381270903010032,0.44481605351170567,0.3010033444816054
MSN,aparc,0.9,Betweenness Centrality,lh_fusiform,0.0033444816053511705,0.0,-0.0033444816053511705
MSN,aparc,0.9,Betweenness Centrality,lh_inferiorparietal,0.0033444816053511705,0.010033444816053512,0.006688963210702342
MSN,aparc,0.9,Betweenness Centrality,lh_inferiortemporal,0.011705685618729096,0.3177257525083612,0.3060200668896321
MSN,aparc,0.9,Betweenness Centrality,lh_isthmuscingulate,0.0,0.0,0.0
MSN,aparc,0.9,Betweenness Centrality,lh_lateraloccipital,0.0,0.0,0.0
MSN,aparc,0.9,Betweenness Centrality,lh_lateralorbitofrontal,0.046822742474916385,0.0,-0.046822742474916385
MSN,aparc,0.9,Betweenness Centrality,lh_lingual,0.1705685618729097,0.3762541806020067,0.20568561872909702
MSN,aparc,0.9,Betweenness Centrality,lh_medialorbitofrontal,0.010033444816053512,0.0,-0.010033444816053512
MSN,aparc,0.9,Betweenness Centrality,lh_middletemporal,0.016722408026755852,0.12876254180602006,0.11204013377926421
MSN,aparc,0.9,Betweenness Centrality,lh_parahippocampal,0.0,0.020066889632107024,0.020066889632107024
MSN,aparc,0.9,Betweenness Centrality,lh_paracentral,0.0,0.0,0.0
MSN,aparc,0.9,Betweenness Centrality,lh_parsopercularis,0.19732441471571907,0.13712374581939799,-0.060200668896321086
MSN,aparc,0.9,Betweenness Centrality,lh_parsorbitalis,0.0,0.0,0.0
MSN,aparc,0.9,Betweenness Centrality,lh_parstriangularis,0.0,0.0,0.0
MSN,aparc,0.9,Betweenness Centrality,lh_pericalcarine,0.9080267558528428,1.0,0.09197324414715724
MSN,aparc,0.9,Betweenness Centrality,lh_postcentral,0.0,0.051839464882943144,0.051839464882943144
MSN,aparc,0.9,Betweenness Centrality,lh_posteriorcingulate,0.0,0.09364548494983277,0.09364548494983277
MSN,aparc,0.9,Betweenness Centrality,lh_precentral,0.04013377926421405,0.0,-0.04013377926421405
MSN,aparc,0.9,Betweenness Centrality,lh_precuneus,0.0,0.0,0.0
MSN,aparc,0.9,Betweenness Centrality,lh_rostralanteriorcingulate,0.3695652173913043,0.40468227424749165,0.03511705685618732
MSN,aparc,0.9,Betweenness Centrality,lh_rostralmiddlefrontal,0.0,0.0,0.0
MSN,aparc,0.9,Betweenness Centrality,lh_superiorfrontal,0.342809364548495,0.4698996655518395,0.1270903010033445
MSN,aparc,0.9,Betweenness Centrality,lh_superiorparietal,0.026755852842809364,0.0,-0.026755852842809364
MSN,aparc,0.9,Betweenness Centrality,lh_superiortemporal,0.0,0.0016722408026755853,0.0016722408026755853
MSN,aparc,0.9,Betweenness Centrality,lh_supramarginal,0.008361204013377926,0.0033444816053511705,-0.005016722408026756
MSN,aparc,0.9,Betweenness Centrality,lh_frontalpole,0.005016722408026756,0.0,-0.005016722408026756
MSN,aparc,0.9,Betweenness Centrality,lh_temporalpole,0.07692307692307693,0.0,-0.07692307692307693
MSN,aparc,0.9,Betweenness Centrality,lh_transversetemporal,0.0,0.048494983277591976,0.048494983277591976
MSN,aparc,0.9,Betweenness Centrality,lh_insula,0.11705685618729098,0.020066889632107024,-0.09698996655518395
MSN,aparc,0.9,Betweenness Centrality,rh_bankssts,0.006688963210702341,0.0,-0.006688963210702341
MSN,aparc,0.9,Betweenness Centrality,rh_caudalanteriorcingulate,0.21906354515050167,0.04013377926421405,-0.17892976588628762
MSN,aparc,0.9,Betweenness Centrality,rh_caudalmiddlefrontal,0.0,0.043478260869565216,0.043478260869565216
MSN,aparc,0.9,Betweenness Centrality,rh_cuneus,0.1588628762541806,0.11204013377926421,-0.0468227424749164
MSN,aparc,0.9,Betweenness Centrality,rh_entorhinal,0.23076923076923078,0.08862876254180602,-0.14214046822742477
MSN,aparc,0.9,Betweenness Centrality,rh_fusiform,0.05852842809364549,0.0,-0.05852842809364549
MSN,aparc,0.9,Betweenness Centrality,rh_inferiorparietal,0.0,0.0,0.0
MSN,aparc,0.9,Betweenness Centrality,rh_inferiortemporal,0.3093645484949833,0.0,-0.3093645484949833
MSN,aparc,0.9,Betweenness Centrality,rh_isthmuscingulate,0.0,0.0,0.0
MSN,aparc,0.9,Betweenness Centrality,rh_lateraloccipital,0.0,0.0,0.0
MSN,aparc,0.9,Betweenness Centrality,rh_lateralorbitofrontal,0.05016722408026756,0.08193979933110368,0.03177257525083612
MSN,aparc,0.9,Betweenness Centrality,rh_lingual,0.005016722408026756,0.005016722408026756,0.0
MSN,aparc,0.9,Betweenness Centrality,rh_medialorbitofrontal,0.08862876254180602,0.028428093645484948,-0.06020066889632107
MSN,aparc,0.9,Betweenness Centrality,rh_middletemporal,0.1705685618729097,0.0,-0.1705685618729097
MSN,aparc,0.9,Betweenness Centrality,rh_parahippocampal,0.0,0.0,0.0
MSN,aparc,0.9,Betweenness Centrality,rh_paracentral,0.0,0.0,0.0
MSN,aparc,0.9,Betweenness Centrality,rh_parsopercularis,0.0,0.0,0.0
MSN,aparc,0.9,Betweenness Centrality,rh_parsorbitalis,0.0,0.0,0.0
MSN,aparc,0.9,Betweenness Centrality,rh_parstriangularis,0.0,0.0,0.0
MSN,aparc,0.9,Betweenness Centrality,rh_pericalcarine,0.015050167224080268,0.0,-0.015050167224080268
MSN,aparc,0.9,Betweenness Centrality,rh_postcentral,0.0016722408026755853,0.05518394648829431,0.05351170568561873
MSN,aparc,0.9,Betweenness Centrality,rh_posteriorcingulate,0.25752508361204013,0.5083612040133779,0.2508361204013378
MSN,aparc,0.9,Betweenness Centrality,rh_precentral,0.0,0.0,0.0
MSN,aparc,0.9,Betweenness Centrality,rh_precuneus,0.08528428093645485,0.0,-0.08528428093645485
MSN,aparc,0.9,Betweenness Centrality,rh_rostralanteriorcingulate,0.0,0.016722408026755852,0.016722408026755852
MSN,aparc,0.9,Betweenness Centrality,rh_rostralmiddlefrontal,0.011705685618729096,0.05016722408026756,0.038461538461538464
MSN,aparc,0.9,Betweenness Centrality,rh_superiorfrontal,0.09197324414715718,0.030100334448160536,-0.06187290969899665
MSN,aparc,0.9,Betweenness Centrality,rh_superiorparietal,0.026755852842809364,0.0,-0.026755852842809364
MSN,aparc,0.9,Betweenness Centrality,rh_superiortemporal,0.0,0.0,0.0
MSN,aparc,0.9,Betweenness Centrality,rh_supramarginal,0.0,0.0,0.0
MSN,aparc,0.9,Betweenness Centrality,rh_frontalpole,0.0,0.0,0.0
MSN,aparc,0.9,Betweenness Centrality,rh_temporalpole,0.02508361204013378,0.0,-0.02508361204013378
MSN,aparc,0.9,Betweenness Centrality,rh_transversetemporal,0.0,0.0,0.0
MSN,aparc,0.9,Betweenness Centrality,rh_insula,0.0,0.0,0.0
MSN,aparc,0.9,Eigenvector Centrality,lh_bankssts,0.9819881772488734,0.9773021364230845,-0.00468604082578894
MSN,aparc,0.9,Eigenvector Centrality,lh_caudalanteriorcingulate,0.9799089432258199,0.9840641914803404,0.004155248254520516
MSN,aparc,0.9,Eigenvector Centrality,lh_caudalmiddlefrontal,0.9189908707442098,0.921101925444817,0.002111054700607129
MSN,aparc,0.9,Eigenvector Centrality,lh_cuneus,0.08847204816257592,0.0658638452847909,-0.02260820287778502
MSN,aparc,0.9,Eigenvector Centrality,lh_entorhinal,0.27989992419365706,0.2600070184996391,-0.01989290569401797
MSN,aparc,0.9,Eigenvector Centrality,lh_fusiform,0.01192766685290099,0.23577951779446651,0.2238518509415655
MSN,aparc,0.9,Eigenvector Centrality,lh_inferiorparietal,0.09205765311932317,0.06329034246247087,-0.0287673106568523
MSN,aparc,0.9,Eigenvector Centrality,lh_inferiortemporal,0.08801400539946411,0.06305319483380864,-0.024960810565655467
MSN,aparc,0.9,Eigenvector Centrality,lh_isthmuscingulate,0.9408350915818016,0.9332506604821611,-0.007584431099640465
MSN,aparc,0.9,Eigenvector Centrality,lh_lateraloccipital,0.09206166679400782,0.06490051369310985,-0.027161153100897964
MSN,aparc,0.9,Eigenvector Centrality,lh_lateralorbitofrontal,0.23804248622294075,0.36666928208228683,0.12862679585934608
MSN,aparc,0.9,Eigenvector Centrality,lh_lingual,0.08658471087553099,0.06665692044761191,-0.019927790427919076
MSN,aparc,0.9,Eigenvector Centrality,lh_medialorbitofrontal,0.0,0.028003488168720947,0.028003488168720947
MSN,aparc,0.9,Eigenvector Centrality,lh_middletemporal,0.09849868994655436,0.06406283758763358,-0.034435852358920785
MSN,aparc,0.9,Eigenvector Centrality,lh_parahippocampal,0.8957661665803364,0.8942081251056817,-0.001558041474654659
MSN,aparc,0.9,Eigenvector Centrality,lh_paracentral,0.9391257604587551,0.9546126698517013,0.01548690939294628
MSN,aparc,0.9,Eigenvector Centrality,lh_parsopercularis,0.8312936496156279,0.8617433594144532,0.03044970979882533
MSN,aparc,0.9,Eigenvector Centrality,lh_parsorbitalis,0.19052119525908826,0.15809064340771356,-0.032430551851374695
MSN,aparc,0.9,Eigenvector Centrality,lh_parstriangularis,0.9130597963881248,0.916352923016757,0.003293126628632126
MSN,aparc,0.9,Eigenvector Centrality,lh_pericalcarine,0.3084586590051452,0.3244985534954104,0.016039894490265216
MSN,aparc,0.9,Eigenvector Centrality,lh_postcentral,0.09592854669356184,0.06932324854180637,-0.02660529815175547
MSN,aparc,0.9,Eigenvector Centrality,lh_posteriorcingulate,0.9609553286688938,0.9489833851494789,-0.011971943519414885
MSN,aparc,0.9,Eigenvector Centrality,lh_precentral,0.08973241262359213,0.06111462082340186,-0.028617791800190272
MSN,aparc,0.9,Eigenvector Centrality,lh_precuneus,0.09979542088667927,0.06392678845799006,-0.03586863242868921
MSN,aparc,0.9,Eigenvector Centrality,lh_rostralanteriorcingulate,0.883940429391444,0.9253769315052671,0.041436502113823104
MSN,aparc,0.9,Eigenvector Centrality,lh_rostralmiddlefrontal,0.09237972517653557,0.06365503839341205,-0.028724686783123524
MSN,aparc,0.9,Eigenvector Centrality,lh_superiorfrontal,0.0865829520213302,0.058362844964404935,-0.02822010705692527
MSN,aparc,0.9,Eigenvector Centrality,lh_superiorparietal,0.0961222326690179,0.0673581154964845,-0.028764117172533396
MSN,aparc,0.9,Eigenvector Centrality,lh_superiortemporal,0.08077075953000717,0.053277550719794994,-0.02749320881021218
MSN,aparc,0.9,Eigenvector Centrality,lh_supramarginal,0.08428507983201917,0.05681390022389212,-0.027471179608127054
MSN,aparc,0.9,Eigenvector Centrality,lh_frontalpole,0.13449462522117497,0.08872438301044618,-0.0457702422107288
MSN,aparc,0.9,Eigenvector Centrality,lh_temporalpole,0.21032483854997208,0.18723539541536147,-0.023089443134610615
MSN,aparc,0.9,Eigenvector Centrality,lh_transversetemporal,0.9839397953134617,0.9663208285819851,-0.01761896673147656
MSN,aparc,0.9,Eigenvector Centrality,lh_insula,0.9496419412452098,0.9707313493600961,0.021089408114886243
MSN,aparc,0.9,Eigenvector Centrality,rh_bankssts,1.0,0.9953834647355914,-0.004616535264408639
MSN,aparc,0.9,Eigenvector Centrality,rh_caudalanteriorcingulate,0.9293564536059107,0.9237263763288472,-0.005630077277063439
MSN,aparc,0.9,Eigenvector Centrality,rh_caudalmiddlefrontal,0.7815180903829662,0.9105288202330105,0.12901072985004436
MSN,aparc,0.9,Eigenvector Centrality,rh_cuneus,0.09306854823619892,0.06884371475053777,-0.02422483348566115
MSN,aparc,0.9,Eigenvector Centrality,rh_entorhinal,0.34288531288792756,0.25694564712426404,-0.08593966576366352
MSN,aparc,0.9,Eigenvector Centrality,rh_fusiform,0.402378913009104,0.2112606324026499,-0.1911182806064541
MSN,aparc,0.9,Eigenvector Centrality,rh_inferiorparietal,0.0907117182148592,0.06213008284132764,-0.028581635373531554
MSN,aparc,0.9,Eigenvector Centrality,rh_inferiortemporal,0.09037849962671082,0.05952210766361107,-0.030856391963099757
MSN,aparc,0.9,Eigenvector Centrality,rh_isthmuscingulate,0.9216668594145201,0.9310728470928314,0.009405987678311356
MSN,aparc,0.9,Eigenvector Centrality,rh_lateraloccipital,0.0921301944910034,0.06378933476676492,-0.028340859724238485
MSN,aparc,0.9,Eigenvector Centrality,rh_lateralorbitofrontal,0.5168505888442386,0.537768600739025,0.02091801189478637
MSN,aparc,0.9,Eigenvector Centrality,rh_lingual,0.08898132416237442,0.06752976466955667,-0.021451559492817754
MSN,aparc,0.9,Eigenvector Centrality,rh_medialorbitofrontal,0.038542683820280615,0.03450155130215397,-0.004041132518126649
MSN,aparc,0.9,Eigenvector Centrality,rh_middletemporal,0.08985724574700898,0.06345343656542443,-0.026403809181584553
MSN,aparc,0.9,Eigenvector Centrality,rh_parahippocampal,0.951435309330926,0.9671034246927303,0.015668115361804236
MSN,aparc,0.9,Eigenvector Centrality,rh_paracentral,0.9680969598146238,0.9770780653647512,0.008981105550127322
MSN,aparc,0.9,Eigenvector Centrality,rh_parsopercularis,0.9553689522674588,0.9066694888365886,-0.04869946343087017
MSN,aparc,0.9,Eigenvector Centrality,rh_parsorbitalis,0.184748440519031,0.11733696357827098,-0.06741147694076002
MSN,aparc,0.9,Eigenvector Centrality,rh_parstriangularis,0.8964289547111242,0.8568416244743599,-0.039587330236764307
MSN,aparc,0.9,Eigenvector Centrality,rh_pericalcarine,0.2392577775344372,0.22949758370625403,-0.009760193828183161
MSN,aparc,0.9,Eigenvector Centrality,rh_postcentral,0.09425417953957993,0.06975348108455383,-0.0245006984550261
MSN,aparc,0.9,Eigenvector Centrality,rh_posteriorcingulate,0.9243095882366047,0.9497527417555841,0.02544315351897941
MSN,aparc,0.9,Eigenvector Centrality,rh_precentral,0.0921138124072891,0.06368304796908143,-0.028430764438207662
MSN,aparc,0.9,Eigenvector Centrality,rh_precuneus,0.08733858153381881,0.06443601706959867,-0.022902564464220135
MSN,aparc,0.9,Eigenvector Centrality,rh_rostralanteriorcingulate,0.9736271313335645,0.9681363030326104,-0.005490828300954043
MSN,aparc,0.9,Eigenvector Centrality,rh_rostralmiddlefrontal,0.09395852134199584,0.06614500912905173,-0.027813512212944105
MSN,aparc,0.9,Eigenvector Centrality,rh_superiorfrontal,0.08627399285316789,0.05835312370337281,-0.02792086914979508
MSN,aparc,0.9,Eigenvector Centrality,rh_superiorparietal,0.09553044761926743,0.06636265920837914,-0.029167788410888296
MSN,aparc,0.9,Eigenvector Centrality,rh_superiortemporal,0.09594288671621147,0.0914361475107961,-0.004506739205415375
MSN,aparc,0.9,Eigenvector Centrality,rh_supramarginal,0.04276741919393989,0.029078141777483246,-0.013689277416456647
MSN,aparc,0.9,Eigenvector Centrality,rh_frontalpole,0.11369760053177196,0.07113063219276629,-0.04256696833900567
MSN,aparc,0.9,Eigenvector Centrality,rh_temporalpole,0.22826110380105646,0.20298295201435143,-0.025278151786705033
MSN,aparc,0.9,Eigenvector Centrality,rh_transversetemporal,0.9830248397376702,0.9662847921384825,-0.01674004759918768
MSN,aparc,0.9,Eigenvector Centrality,rh_insula,0.9887629647584273,0.9838843595150205,-0.004878605243406775
MSN,aparc,0.9,Node Degree,lh_bankssts,0.3684210526315789,0.42105263157894735,0.05263157894736842
MSN,aparc,0.9,Node Degree,lh_caudalanteriorcingulate,0.3684210526315789,0.5263157894736842,0.15789473684210525
MSN,aparc,0.9,Node Degree,lh_caudalmiddlefrontal,0.47368421052631576,0.47368421052631576,0.0
MSN,aparc,0.9,Node Degree,lh_cuneus,0.15789473684210525,0.21052631578947367,0.05263157894736842
MSN,aparc,0.9,Node Degree,lh_entorhinal,0.47368421052631576,0.47368421052631576,0.0
MSN,aparc,0.9,Node Degree,lh_fusiform,0.2631578947368421,0.8947368421052632,0.631578947368421
MSN,aparc,0.9,Node Degree,lh_inferiorparietal,0.42105263157894735,0.3157894736842105,-0.10526315789473684
MSN,aparc,0.9,Node Degree,lh_inferiortemporal,0.5263157894736842,0.42105263157894735,-0.10526315789473684
MSN,aparc,0.9,Node Degree,lh_isthmuscingulate,0.3684210526315789,0.42105263157894735,0.05263157894736842
MSN,aparc,0.9,Node Degree,lh_lateraloccipital,0.3684210526315789,0.42105263157894735,0.05263157894736842
MSN,aparc,0.9,Node Degree,lh_lateralorbitofrontal,0.8421052631578947,0.7368421052631579,-0.10526315789473684
MSN,aparc,0.9,Node Degree,lh_lingual,0.15789473684210525,0.15789473684210525,0.0
MSN,aparc,0.9,Node Degree,lh_medialorbitofrontal,0.3157894736842105,0.7368421052631579,0.42105263157894735
MSN,aparc,0.9,Node Degree,lh_middletemporal,0.2631578947368421,0.2631578947368421,0.0
MSN,aparc,0.9,Node Degree,lh_parahippocampal,0.7368421052631579,0.6842105263157895,-0.05263157894736836
MSN,aparc,0.9,Node Degree,lh_paracentral,0.631578947368421,0.631578947368421,0.0
MSN,aparc,0.9,Node Degree,lh_parsopercularis,0.7894736842105263,0.7368421052631579,-0.052631578947368474
MSN,aparc,0.9,Node Degree,lh_parsorbitalis,0.3684210526315789,0.15789473684210525,-0.21052631578947367
MSN,aparc,0.9,Node Degree,lh_parstriangularis,0.5263157894736842,0.631578947368421,0.10526315789473684
MSN,aparc,0.9,Node Degree,lh_pericalcarine,0.8421052631578947,1.0,0.1578947368421053
MSN,aparc,0.9,Node Degree,lh_postcentral,0.3684210526315789,0.15789473684210525,-0.21052631578947367
MSN,aparc,0.9,Node Degree,lh_posteriorcingulate,0.3684210526315789,0.47368421052631576,0.10526315789473684
MSN,aparc,0.9,Node Degree,lh_precentral,0.47368421052631576,0.47368421052631576,0.0
MSN,aparc,0.9,Node Degree,lh_precuneus,0.42105263157894735,0.3157894736842105,-0.10526315789473684
MSN,aparc,0.9,Node Degree,lh_rostralanteriorcingulate,0.7894736842105263,0.7894736842105263,0.0
MSN,aparc,0.9,Node Degree,lh_rostralmiddlefrontal,0.42105263157894735,0.47368421052631576,0.05263157894736842
MSN,aparc,0.9,Node Degree,lh_superiorfrontal,0.631578947368421,0.5263157894736842,-0.10526315789473684
MSN,aparc,0.9,Node Degree,lh_superiorparietal,0.3684210526315789,0.3684210526315789,0.0
MSN,aparc,0.9,Node Degree,lh_superiortemporal,0.47368421052631576,0.3157894736842105,-0.15789473684210525
MSN,aparc,0.9,Node Degree,lh_supramarginal,0.47368421052631576,0.47368421052631576,0.0
MSN,aparc,0.9,Node Degree,lh_frontalpole,0.21052631578947367,0.0,-0.21052631578947367
MSN,aparc,0.9,Node Degree,lh_temporalpole,0.3684210526315789,0.15789473684210525,-0.21052631578947367
MSN,aparc,0.9,Node Degree,lh_transversetemporal,0.42105263157894735,0.42105263157894735,0.0
MSN,aparc,0.9,Node Degree,lh_insula,0.42105263157894735,0.42105263157894735,0.0
MSN,aparc,0.9,Node Degree,rh_bankssts,0.47368421052631576,0.5263157894736842,0.05263157894736842
MSN,aparc,0.9,Node Degree,rh_caudalanteriorcingulate,0.42105263157894735,0.5263157894736842,0.10526315789473684
MSN,aparc,0.9,Node Degree,rh_caudalmiddlefrontal,0.3684210526315789,0.5263157894736842,0.15789473684210525
MSN,aparc,0.9,Node Degree,rh_cuneus,0.15789473684210525,0.15789473684210525,0.0
MSN,aparc,0.9,Node Degree,rh_entorhinal,0.7368421052631579,0.5263157894736842,-0.21052631578947367
MSN,aparc,0.9,Node Degree,rh_fusiform,0.6842105263157895,0.5263157894736842,-0.1578947368421053
MSN,aparc,0.9,Node Degree,rh_inferiorparietal,0.42105263157894735,0.47368421052631576,0.05263157894736842
MSN,aparc,0.9,Node Degree,rh_inferiortemporal,0.47368421052631576,0.47368421052631576,0.0
MSN,aparc,0.9,Node Degree,rh_isthmuscingulate,0.3684210526315789,0.42105263157894735,0.05263157894736842
MSN,aparc,0.9,Node Degree,rh_lateraloccipital,0.42105263157894735,0.42105263157894735,0.0
MSN,aparc,0.9,Node Degree,rh_lateralorbitofrontal,0.631578947368421,0.631578947368421,0.0
MSN,aparc,0.9,Node Degree,rh_lingual,0.15789473684210525,0.15789473684210525,0.0
MSN,aparc,0.9,Node Degree,rh_medialorbitofrontal,0.631578947368421,0.3157894736842105,-0.3157894736842105
MSN,aparc,0.9,Node Degree,rh_middletemporal,0.5263157894736842,0.3157894736842105,-0.21052631578947367
MSN,aparc,0.9,Node Degree,rh_parahippocampal,0.5789473684210527,0.5789473684210527,0.0
MSN,aparc,0.9,Node Degree,rh_paracentral,0.631578947368421,0.6842105263157895,0.052631578947368474
MSN,aparc,0.9,Node Degree,rh_parsopercularis,0.5789473684210527,0.6842105263157895,0.10526315789473684
MSN,aparc,0.9,Node Degree,rh_parsorbitalis,0.3684210526315789,0.21052631578947367,-0.15789473684210525
MSN,aparc,0.9,Node Degree,rh_parstriangularis,0.5789473684210527,0.5263157894736842,-0.052631578947368474
MSN,aparc,0.9,Node Degree,rh_pericalcarine,0.7368421052631579,0.9473684210526315,0.21052631578947367
MSN,aparc,0.9,Node Degree,rh_postcentral,0.3684210526315789,0.10526315789473684,-0.2631578947368421
MSN,aparc,0.9,Node Degree,rh_posteriorcingulate,0.42105263157894735,0.47368421052631576,0.05263157894736842
MSN,aparc,0.9,Node Degree,rh_precentral,0.47368421052631576,0.3684210526315789,-0.10526315789473684
MSN,aparc,0.9,Node Degree,rh_precuneus,0.21052631578947367,0.21052631578947367,0.0
MSN,aparc,0.9,Node Degree,rh_rostralanteriorcingulate,0.5789473684210527,0.6842105263157895,0.10526315789473684
MSN,aparc,0.9,Node Degree,rh_rostralmiddlefrontal,0.3684210526315789,0.42105263157894735,0.05263157894736842
MSN,aparc,0.9,Node Degree,rh_superiorfrontal,0.631578947368421,0.47368421052631576,-0.15789473684210525
MSN,aparc,0.9,Node Degree,rh_superiorparietal,0.3684210526315789,0.3684210526315789,0.0
MSN,aparc,0.9,Node Degree,rh_superiortemporal,0.2631578947368421,0.21052631578947367,-0.05263157894736842
MSN,aparc,0.9,Node Degree,rh_supramarginal,0.42105263157894735,0.47368421052631576,0.05263157894736842
MSN,aparc,0.9,Node Degree,rh_frontalpole,0.15789473684210525,0.05263157894736842,-0.10526315789473684
MSN,aparc,0.9,Node Degree,rh_temporalpole,0.2631578947368421,0.21052631578947367,-0.05263157894736842
MSN,aparc,0.9,Node Degree,rh_transversetemporal,0.3684210526315789,0.42105263157894735,0.05263157894736842
MSN,aparc,0.9,Node Degree,rh_insula,0.42105263157894735,0.5263157894736842,0.10526315789473684
MSN,aparc,1.0,Participation Coefficient,lh_bankssts,0.10169575715182182,0.10603093083843909,0.004335173686617275
MSN,aparc,1.0,Participation Coefficient,lh_caudalanteriorcingulate,0.10038859905991855,0.09489191753177365,-0.005496681528144906
MSN,aparc,1.0,Participation Coefficient,lh_caudalmiddlefrontal,0.09611608270987637,0.08554422153606131,-0.010571861173815061
MSN,aparc,1.0,Participation Coefficient,lh_cuneus,0.0,0.02057396783776386,0.02057396783776386
MSN,aparc,1.0,Participation Coefficient,lh_entorhinal,0.7399604232235509,0.7422891934438814,0.0023287702203305116
MSN,aparc,1.0,Participation Coefficient,lh_fusiform,1.0,0.351461209459945,-0.648538790540055
MSN,aparc,1.0,Participation Coefficient,lh_inferiorparietal,0.15529255953558002,0.03886428840027178,-0.11642827113530824
MSN,aparc,1.0,Participation Coefficient,lh_inferiortemporal,0.7671049091697841,0.7598306378484659,-0.007274271321318193
MSN,aparc,1.0,Participation Coefficient,lh_isthmuscingulate,0.10336784730390323,0.10628675450822973,0.0029189072043264985
MSN,aparc,1.0,Participation Coefficient,lh_lateraloccipital,0.15617047460428393,0.06785666218711504,-0.08831381241716889
MSN,aparc,1.0,Participation Coefficient,lh_lateralorbitofrontal,0.6338085147016121,0.5951117078205774,-0.03869680688103472
MSN,aparc,1.0,Participation Coefficient,lh_lingual,0.0,0.014130884229946522,0.014130884229946522
MSN,aparc,1.0,Participation Coefficient,lh_medialorbitofrontal,0.9544389084813539,0.8397247394702847,-0.11471416901106923
MSN,aparc,1.0,Participation Coefficient,lh_middletemporal,0.47916568004758897,0.5378587257672567,0.058693045719667714
MSN,aparc,1.0,Participation Coefficient,lh_parahippocampal,0.3843399067354484,0.3375814562066806,-0.04675845052876776
MSN,aparc,1.0,Participation Coefficient,lh_paracentral,0.2336712818039866,0.20489278721602325,-0.02877849458796336
MSN,aparc,1.0,Participation Coefficient,lh_parsopercularis,0.5689725137050888,0.4370966074162283,-0.13187590628886053
MSN,aparc,1.0,Participation Coefficient,lh_parsorbitalis,0.518313440008286,0.49298944493611674,-0.025323995072169314
MSN,aparc,1.0,Participation Coefficient,lh_parstriangularis,0.19979565283013503,0.23523142990289697,0.03543577707276194
MSN,aparc,1.0,Participation Coefficient,lh_pericalcarine,0.8141917439184209,0.8392903181231357,0.02509857420471484
MSN,aparc,1.0,Participation Coefficient,lh_postcentral,0.07842915675827505,0.007531452601815591,-0.07089770415645946
MSN,aparc,1.0,Participation Coefficient,lh_posteriorcingulate,0.1361221242297697,0.14060871845363707,0.0044865942238673795
MSN,aparc,1.0,Participation Coefficient,lh_precentral,0.2902538323563335,0.22886920464694413,-0.06138462770938938
MSN,aparc,1.0,Participation Coefficient,lh_precuneus,0.14417627597194532,0.02366494939687701,-0.12051132657506831
MSN,aparc,1.0,Participation Coefficient,lh_rostralanteriorcingulate,0.5032898900285684,0.3796782163979234,-0.12361167363064501
MSN,aparc,1.0,Participation Coefficient,lh_rostralmiddlefrontal,0.1951429049839897,0.19338035253118366,-0.0017625524528060432
MSN,aparc,1.0,Participation Coefficient,lh_superiorfrontal,0.560223568793153,0.5396955255250925,-0.02052804326806057
MSN,aparc,1.0,Participation Coefficient,lh_superiorparietal,0.1060366569714704,0.06403411470769041,-0.04200254226377999
MSN,aparc,1.0,Participation Coefficient,lh_superiortemporal,0.7921647661089471,0.656812393939977,-0.13535237216897011
MSN,aparc,1.0,Participation Coefficient,lh_supramarginal,0.48502362862043863,0.3860011761231999,-0.09902245249723873
MSN,aparc,1.0,Participation Coefficient,lh_frontalpole,0.3707754436554494,0.3287993969850102,-0.04197604667043919
MSN,aparc,1.0,Participation Coefficient,lh_temporalpole,0.5722441709628622,0.5822958837654975,0.010051712802635282
MSN,aparc,1.0,Participation Coefficient,lh_transversetemporal,0.10113751972371751,0.10280524265927707,0.0016677229355595569
MSN,aparc,1.0,Participation Coefficient,lh_insula,0.1279779650833919,0.09935772684618856,-0.028620238237203346
MSN,aparc,1.0,Participation Coefficient,rh_bankssts,0.10132353550195956,0.09623332757802741,-0.005090207923932152
MSN,aparc,1.0,Participation Coefficient,rh_caudalanteriorcingulate,0.1849326061396165,0.1547349482532012,-0.03019765788641532
MSN,aparc,1.0,Participation Coefficient,rh_caudalmiddlefrontal,0.15443858545989092,0.08749099536702466,-0.06694759009286626
MSN,aparc,1.0,Participation Coefficient,rh_cuneus,0.0,0.01635529572598155,0.01635529572598155
MSN,aparc,1.0,Participation Coefficient,rh_entorhinal,0.8135531674068796,0.7396455217615872,-0.0739076456452924
MSN,aparc,1.0,Participation Coefficient,rh_fusiform,0.3454367233132116,0.17519899363635766,-0.17023772967685397
MSN,aparc,1.0,Participation Coefficient,rh_inferiorparietal,0.25836073888336447,0.23573767663020123,-0.02262306225316324
MSN,aparc,1.0,Participation Coefficient,rh_inferiortemporal,0.8230179406553908,0.6722919148337695,-0.1507260258216213
MSN,aparc,1.0,Participation Coefficient,rh_isthmuscingulate,0.1337592468187258,0.11698708277345236,-0.016772164045273444
MSN,aparc,1.0,Participation Coefficient,rh_lateraloccipital,0.16765114832453823,0.08958256724728164,-0.07806858107725659
MSN,aparc,1.0,Participation Coefficient,rh_lateralorbitofrontal,0.2614800219767108,0.14195039810587431,-0.11952962387083646
MSN,aparc,1.0,Participation Coefficient,rh_lingual,0.0,0.013523513293681328,0.013523513293681328
MSN,aparc,1.0,Participation Coefficient,rh_medialorbitofrontal,0.42755950512693663,0.08282237962014433,-0.3447371255067923
MSN,aparc,1.0,Participation Coefficient,rh_middletemporal,0.6822164946547273,0.5742316948688712,-0.10798479978585618
MSN,aparc,1.0,Participation Coefficient,rh_parahippocampal,0.22703142417992614,0.1528203364332974,-0.07421108774662874
MSN,aparc,1.0,Participation Coefficient,rh_paracentral,0.13229421805912853,0.13871279988326252,0.00641858182413399
MSN,aparc,1.0,Participation Coefficient,rh_parsopercularis,0.2657468320819651,0.3305223535841128,0.06477552150214771
MSN,aparc,1.0,Participation Coefficient,rh_parsorbitalis,0.4975220524083205,0.3867665362512157,-0.11075551615710477
MSN,aparc,1.0,Participation Coefficient,rh_parstriangularis,0.14380612942919338,0.09497993374602957,-0.048826195683163806
MSN,aparc,1.0,Participation Coefficient,rh_pericalcarine,0.6806672706306722,0.7004037419264161,0.01973647129574385
MSN,aparc,1.0,Participation Coefficient,rh_postcentral,0.0770204368979551,0.0,-0.0770204368979551
MSN,aparc,1.0,Participation Coefficient,rh_posteriorcingulate,0.1852989822667614,0.14430853873390728,-0.04099044353285411
MSN,aparc,1.0,Participation Coefficient,rh_precentral,0.19483855066165404,0.17721794299527663,-0.017620607666377408
MSN,aparc,1.0,Participation Coefficient,rh_precuneus,0.034976341224652964,0.00960484121773756,-0.025371500006915404
MSN,aparc,1.0,Participation Coefficient,rh_rostralanteriorcingulate,0.2503126487767905,0.22780220835504697,-0.02251044042174352
MSN,aparc,1.0,Participation Coefficient,rh_rostralmiddlefrontal,0.1424867257612426,0.07683482018362064,-0.06565190557762196
MSN,aparc,1.0,Participation Coefficient,rh_superiorfrontal,0.5175131426294898,0.4958098661888436,-0.02170327644064618
MSN,aparc,1.0,Participation Coefficient,rh_superiorparietal,0.09812533560943909,0.10253558816449092,0.004410252555051827
MSN,aparc,1.0,Participation Coefficient,rh_superiortemporal,0.4924508919627471,0.44739613574576703,-0.045054756216980074
MSN,aparc,1.0,Participation Coefficient,rh_supramarginal,0.4370968421685847,0.4504327029276592,0.013335860759074503
MSN,aparc,1.0,Participation Coefficient,rh_frontalpole,0.37261458135975983,0.3506166611737158,-0.021997920186044018
MSN,aparc,1.0,Participation Coefficient,rh_temporalpole,0.6272685756213437,0.6264918214288949,-0.0007767541924488253
MSN,aparc,1.0,Participation Coefficient,rh_transversetemporal,0.1016321927817019,0.11682334009736509,0.015191147315663192
MSN,aparc,1.0,Participation Coefficient,rh_insula,0.10573067691185963,0.10043290042651447,-0.005297776485345157
MSN,aparc,1.0,Node Versatility,lh_bankssts,0.14238700989738956,0.06326749968272607,-0.07911951021466349
MSN,aparc,1.0,Node Versatility,lh_caudalanteriorcingulate,0.019047145328825243,0.1423974847268943,0.12335033939806907
MSN,aparc,1.0,Node Versatility,lh_caudalmiddlefrontal,0.16656807383820138,0.079091759320685,-0.08747631451751638
MSN,aparc,1.0,Node Versatility,lh_cuneus,0.9536492205035164,0.7559755887329005,-0.19767363177061592
MSN,aparc,1.0,Node Versatility,lh_entorhinal,0.22496248110444328,0.21473976591634544,-0.010222715188097836
MSN,aparc,1.0,Node Versatility,lh_fusiform,0.22496248110444328,0.9980943216645265,0.7731318405600832
MSN,aparc,1.0,Node Versatility,lh_inferiorparietal,0.2731592817867235,0.23690081728255397,-0.03625846450416953
MSN,aparc,1.0,Node Versatility,lh_inferiortemporal,0.22965039179407706,0.21473976591634544,-0.01491062587773162
MSN,aparc,1.0,Node Versatility,lh_isthmuscingulate,0.026401907100480838,0.06272697321455661,0.03632506611407578
MSN,aparc,1.0,Node Versatility,lh_lateraloccipital,0.2731592817867235,0.23690081728255397,-0.03625846450416953
MSN,aparc,1.0,Node Versatility,lh_lateralorbitofrontal,0.0,0.2754538379272372,0.2754538379272372
MSN,aparc,1.0,Node Versatility,lh_lingual,0.9536492205035164,0.7559755887329005,-0.19767363177061592
MSN,aparc,1.0,Node Versatility,lh_medialorbitofrontal,0.06453716842674241,0.22678293916632006,0.16224577073957763
MSN,aparc,1.0,Node Versatility,lh_middletemporal,0.22496248110444328,0.21473976591634544,-0.010222715188097836
MSN,aparc,1.0,Node Versatility,lh_parahippocampal,0.0,0.636424176454522,0.636424176454522
MSN,aparc,1.0,Node Versatility,lh_paracentral,0.0,0.04628444095584563,0.04628444095584563
MSN,aparc,1.0,Node Versatility,lh_parsopercularis,0.0,0.4550661435915021,0.4550661435915021
MSN,aparc,1.0,Node Versatility,lh_parsorbitalis,0.22496248110444328,0.21473976591634544,-0.010222715188097836
MSN,aparc,1.0,Node Versatility,lh_parstriangularis,0.07188635091322015,0.2754406257946375,0.20355427488141736
MSN,aparc,1.0,Node Versatility,lh_pericalcarine,0.5572972180959765,0.5182156606351381,-0.03908155746083841
MSN,aparc,1.0,Node Versatility,lh_postcentral,0.2731592817867235,0.23690081728255397,-0.03625846450416953
MSN,aparc,1.0,Node Versatility,lh_posteriorcingulate,0.05368489971175221,0.06326749968272607,0.009582599970973868
MSN,aparc,1.0,Node Versatility,lh_precentral,0.2731592817867235,0.23690081728255397,-0.03625846450416953
MSN,aparc,1.0,Node Versatility,lh_precuneus,0.9536492205035164,0.7559755887329005,-0.19767363177061592
MSN,aparc,1.0,Node Versatility,lh_rostralanteriorcingulate,0.0,0.5192537958830459,0.5192537958830459
MSN,aparc,1.0,Node Versatility,lh_rostralmiddlefrontal,0.2731592817867235,0.23690081728255397,-0.03625846450416953
MSN,aparc,1.0,Node Versatility,lh_superiorfrontal,0.29291112428732896,0.30024752378599806,0.0073363994986690995
MSN,aparc,1.0,Node Versatility,lh_superiorparietal,0.2731592817867235,0.23690081728255397,-0.03625846450416953
MSN,aparc,1.0,Node Versatility,lh_superiortemporal,0.22965039179407706,0.21473976591634544,-0.01491062587773162
MSN,aparc,1.0,Node Versatility,lh_supramarginal,0.29291112428732896,0.2534693873539936,-0.03944173693333536
MSN,aparc,1.0,Node Versatility,lh_frontalpole,0.22496248110444328,0.21473976591634544,-0.010222715188097836
MSN,aparc,1.0,Node Versatility,lh_temporalpole,0.22496248110444328,0.21473976591634544,-0.010222715188097836
MSN,aparc,1.0,Node Versatility,lh_transversetemporal,0.0,0.06272697321455661,0.06272697321455661
MSN,aparc,1.0,Node Versatility,lh_insula,0.026401907100480838,0.09484087984918517,0.06843897274870434
MSN,aparc,1.0,Node Versatility,rh_bankssts,0.0,0.07605960681194394,0.07605960681194394
MSN,aparc,1.0,Node Versatility,rh_caudalanteriorcingulate,0.05368489971175221,0.06326749968272607,0.009582599970973868
MSN,aparc,1.0,Node Versatility,rh_caudalmiddlefrontal,0.05368489971175221,0.079091759320685,0.025406859608932797
MSN,aparc,1.0,Node Versatility,rh_cuneus,0.7270187208052689,0.7559755887329005,0.028956867927631635
MSN,aparc,1.0,Node Versatility,rh_entorhinal,0.22496248110444328,0.21473976591634544,-0.010222715188097836
MSN,aparc,1.0,Node Versatility,rh_fusiform,0.0,1.0,1.0
MSN,aparc,1.0,Node Versatility,rh_inferiorparietal,0.2731592817867235,0.23690081728255397,-0.03625846450416953
MSN,aparc,1.0,Node Versatility,rh_inferiortemporal,0.22965039179407706,0.21473976591634544,-0.01491062587773162
MSN,aparc,1.0,Node Versatility,rh_isthmuscingulate,0.3061181123060042,0.06272697321455661,-0.2433911390914476
MSN,aparc,1.0,Node Versatility,rh_lateraloccipital,0.2731592817867235,0.23690081728255397,-0.03625846450416953
MSN,aparc,1.0,Node Versatility,rh_lateralorbitofrontal,0.0,0.4042885699414293,0.4042885699414293
MSN,aparc,1.0,Node Versatility,rh_lingual,0.9536492205035164,0.7559755887329005,-0.19767363177061592
MSN,aparc,1.0,Node Versatility,rh_medialorbitofrontal,0.3026376169310165,0.23690081728255397,-0.06573679964846252
MSN,aparc,1.0,Node Versatility,rh_middletemporal,0.22965039179407706,0.21473976591634544,-0.01491062587773162
MSN,aparc,1.0,Node Versatility,rh_parahippocampal,0.0,0.1598058895204499,0.1598058895204499
MSN,aparc,1.0,Node Versatility,rh_paracentral,0.0,0.03219791299985323,0.03219791299985323
MSN,aparc,1.0,Node Versatility,rh_parsopercularis,0.0,0.36904245795635376,0.36904245795635376
MSN,aparc,1.0,Node Versatility,rh_parsorbitalis,0.22496248110444328,0.21473976591634544,-0.010222715188097836
MSN,aparc,1.0,Node Versatility,rh_parstriangularis,0.0,0.21792167420770076,0.21792167420770076
MSN,aparc,1.0,Node Versatility,rh_pericalcarine,0.5572972180959765,0.5182156606351381,-0.03908155746083841
MSN,aparc,1.0,Node Versatility,rh_postcentral,0.2731592817867235,0.23690081728255397,-0.03625846450416953
MSN,aparc,1.0,Node Versatility,rh_posteriorcingulate,0.05368489971175221,0.06326749968272607,0.009582599970973868
MSN,aparc,1.0,Node Versatility,rh_precentral,0.2731592817867235,0.23690081728255397,-0.03625846450416953
MSN,aparc,1.0,Node Versatility,rh_precuneus,0.9536492205035164,0.7559755887329005,-0.19767363177061592
MSN,aparc,1.0,Node Versatility,rh_rostralanteriorcingulate,0.0,0.04628444095584563,0.04628444095584563
MSN,aparc,1.0,Node Versatility,rh_rostralmiddlefrontal,0.2731592817867235,0.23690081728255397,-0.03625846450416953
MSN,aparc,1.0,Node Versatility,rh_superiorfrontal,0.29291112428732896,0.30024752378599806,0.0073363994986690995
MSN,aparc,1.0,Node Versatility,rh_superiorparietal,0.2731592817867235,0.23690081728255397,-0.03625846450416953
MSN,aparc,1.0,Node Versatility,rh_superiortemporal,0.22496248110444328,0.21473976591634544,-0.010222715188097836
MSN,aparc,1.0,Node Versatility,rh_supramarginal,0.29291112428732896,0.30024752378599806,0.0073363994986690995
MSN,aparc,1.0,Node Versatility,rh_frontalpole,0.22496248110444328,0.21473976591634544,-0.010222715188097836
MSN,aparc,1.0,Node Versatility,rh_temporalpole,0.22496248110444328,0.21473976591634544,-0.010222715188097836
MSN,aparc,1.0,Node Versatility,rh_transversetemporal,0.019047145328825243,0.06326749968272607,0.04422035435390083
MSN,aparc,1.0,Node Versatility,rh_insula,0.04983519208003643,0.23481333903743445,0.18497814695739803
MSN,aparc,1.0,Node Strength,lh_bankssts,0.9363044762693927,0.9585071322444974,0.022202655975104624
MSN,aparc,1.0,Node Strength,lh_caudalanteriorcingulate,0.9346666495101569,0.966206591254646,0.03153994174448915
MSN,aparc,1.0,Node Strength,lh_caudalmiddlefrontal,0.8630607098671402,0.8892408620722343,0.026180152205094065
MSN,aparc,1.0,Node Strength,lh_cuneus,0.7100185104787374,0.7021655009594218,-0.007853009519315668
MSN,aparc,1.0,Node Strength,lh_entorhinal,0.6079147087530231,0.6153488012775051,0.007434092524482017
MSN,aparc,1.0,Node Strength,lh_fusiform,0.03926666213860906,0.20484330555124208,0.165576643412633
MSN,aparc,1.0,Node Strength,lh_inferiorparietal,0.8283828947901513,0.7913601943309941,-0.03702270045915712
MSN,aparc,1.0,Node Strength,lh_inferiortemporal,0.5996095220283633,0.5796338738397371,-0.019975648188626183
MSN,aparc,1.0,Node Strength,lh_isthmuscingulate,0.891190965096419,0.9228743475832788,0.03168338248685976
MSN,aparc,1.0,Node Strength,lh_lateraloccipital,0.8335461808024568,0.8255669031493033,-0.007979277653153538
MSN,aparc,1.0,Node Strength,lh_lateralorbitofrontal,0.23720363193709595,0.39682626313073616,0.1596226311936402
MSN,aparc,1.0,Node Strength,lh_lingual,0.6913969115295974,0.7178212291874004,0.026424317657803065
MSN,aparc,1.0,Node Strength,lh_medialorbitofrontal,0.020596939795426008,0.0,-0.020596939795426008
MSN,aparc,1.0,Node Strength,lh_middletemporal,0.5400133475215374,0.5352310600684994,-0.004782287453037992
MSN,aparc,1.0,Node Strength,lh_parahippocampal,0.9305787598903822,0.9492568002401213,0.018678040349739078
MSN,aparc,1.0,Node Strength,lh_paracentral,0.9246501249771575,0.9658931891744429,0.041243064197285406
MSN,aparc,1.0,Node Strength,lh_parsopercularis,0.9252662767552029,0.9416152073827206,0.016348930627517744
MSN,aparc,1.0,Node Strength,lh_parsorbitalis,0.5519912509883821,0.538675156526855,-0.01331609446152704
MSN,aparc,1.0,Node Strength,lh_parstriangularis,0.8843470798755131,0.9304361145933104,0.04608903471779735
MSN,aparc,1.0,Node Strength,lh_pericalcarine,0.580885146164522,0.6090197385010427,0.028134592336520714
MSN,aparc,1.0,Node Strength,lh_postcentral,0.8409127864447713,0.8419472192224199,0.0010344327776485862
MSN,aparc,1.0,Node Strength,lh_posteriorcingulate,0.9197917063032514,0.943156661832524,0.023364955529272646
MSN,aparc,1.0,Node Strength,lh_precentral,0.8330910264973447,0.8266899566918359,-0.006401069805508808
MSN,aparc,1.0,Node Strength,lh_precuneus,0.5876254771673444,0.647902608068209,0.06027713090086462
MSN,aparc,1.0,Node Strength,lh_rostralanteriorcingulate,0.9657164693560116,1.0,0.03428353064398837
MSN,aparc,1.0,Node Strength,lh_rostralmiddlefrontal,0.8416814827263491,0.8441032035312485,0.00242172080489933
MSN,aparc,1.0,Node Strength,lh_superiorfrontal,0.818458787970476,0.8132503487729525,-0.005208439197523451
MSN,aparc,1.0,Node Strength,lh_superiorparietal,0.8497943166891508,0.8478442847938042,-0.0019500318953465934
MSN,aparc,1.0,Node Strength,lh_superiortemporal,0.5683792819388156,0.4828967532211727,-0.08548252871764289
MSN,aparc,1.0,Node Strength,lh_supramarginal,0.803438723447619,0.799118009141178,-0.004320714306440987
MSN,aparc,1.0,Node Strength,lh_frontalpole,0.5174397153626824,0.5079995949931408,-0.00944012036954156
MSN,aparc,1.0,Node Strength,lh_temporalpole,0.5662565127944282,0.5631981116667654,-0.0030584011276628686
MSN,aparc,1.0,Node Strength,lh_transversetemporal,0.9393238967870658,0.9555385789087186,0.01621468212165278
MSN,aparc,1.0,Node Strength,lh_insula,0.9143845407231205,0.9594447772791519,0.04506023655603142
MSN,aparc,1.0,Node Strength,rh_bankssts,0.9574289991829962,0.9797658595046578,0.0223368603216616
MSN,aparc,1.0,Node Strength,rh_caudalanteriorcingulate,0.8963121401804633,0.9095617852175706,0.013249645037107238
MSN,aparc,1.0,Node Strength,rh_caudalmiddlefrontal,0.7277386679988999,0.8795211740624189,0.15178250606351906
MSN,aparc,1.0,Node Strength,rh_cuneus,0.7805004134016251,0.7844065751713262,0.0039061617697010442
MSN,aparc,1.0,Node Strength,rh_entorhinal,0.6507261693114785,0.6134214957568712,-0.037304673554607315
MSN,aparc,1.0,Node Strength,rh_fusiform,0.3763519641178402,0.16381771983597193,-0.2125342442818683
MSN,aparc,1.0,Node Strength,rh_inferiorparietal,0.83417681321146,0.8395314854896482,0.0053546722781881995
MSN,aparc,1.0,Node Strength,rh_inferiortemporal,0.6436013477966078,0.5244549021780601,-0.1191464456185477
MSN,aparc,1.0,Node Strength,rh_isthmuscingulate,0.879958620074835,0.9210898082166903,0.041131188141855235
MSN,aparc,1.0,Node Strength,rh_lateraloccipital,0.8368651720160382,0.819789492268495,-0.017075679747543204
MSN,aparc,1.0,Node Strength,rh_lateralorbitofrontal,0.49516911122227525,0.5236764652922753,0.028507354070000046
MSN,aparc,1.0,Node Strength,rh_lingual,0.7244698493388392,0.7521794980159977,0.027709648677158527
MSN,aparc,1.0,Node Strength,rh_medialorbitofrontal,0.4156614662468611,0.4958940302650972,0.08023256401823609
MSN,aparc,1.0,Node Strength,rh_middletemporal,0.5872823600957517,0.5368729154997122,-0.050409444596039577
MSN,aparc,1.0,Node Strength,rh_parahippocampal,0.9398059813735263,0.9712137366381208,0.031407755264594495
MSN,aparc,1.0,Node Strength,rh_paracentral,0.9305197988711889,0.9718118589210447,0.04129206004985586
MSN,aparc,1.0,Node Strength,rh_parsopercularis,0.9505488326229926,0.9502077081905026,-0.00034112443249001423
MSN,aparc,1.0,Node Strength,rh_parsorbitalis,0.5472387357353858,0.5137671541113747,-0.03347158162401109
MSN,aparc,1.0,Node Strength,rh_parstriangularis,0.8547662714282531,0.8324284746406823,-0.022337796787570863
MSN,aparc,1.0,Node Strength,rh_pericalcarine,0.5824826272618803,0.6028078310686878,0.02032520380680758
MSN,aparc,1.0,Node Strength,rh_postcentral,0.8259701042768078,0.8349722563100898,0.009002152033281918
MSN,aparc,1.0,Node Strength,rh_posteriorcingulate,0.8926582742767845,0.9417132498013853,0.04905497552460081
MSN,aparc,1.0,Node Strength,rh_precentral,0.8362002054477617,0.8414342272405669,0.005234021792805188
MSN,aparc,1.0,Node Strength,rh_precuneus,0.6370568102778452,0.6809054056719794,0.043848595394134215
MSN,aparc,1.0,Node Strength,rh_rostralanteriorcingulate,0.9687755413897864,0.9940186677965878,0.025243126406801375
MSN,aparc,1.0,Node Strength,rh_rostralmiddlefrontal,0.8431530542690437,0.8372242267659952,-0.005928827503048573
MSN,aparc,1.0,Node Strength,rh_superiorfrontal,0.8220164807666079,0.8173080070869408,-0.004708473679667091
MSN,aparc,1.0,Node Strength,rh_superiorparietal,0.8424551737605335,0.8493827186293049,0.006927544868771451
MSN,aparc,1.0,Node Strength,rh_superiortemporal,0.491532029398907,0.4682753935563131,-0.02325663584259391
MSN,aparc,1.0,Node Strength,rh_supramarginal,0.4397174104440253,0.47773175738975454,0.03801434694572925
MSN,aparc,1.0,Node Strength,rh_frontalpole,0.5145834472212305,0.4819562895614961,-0.032627157659734396
MSN,aparc,1.0,Node Strength,rh_temporalpole,0.5741400658506791,0.5733071330668584,-0.0008329327838206835
MSN,aparc,1.0,Node Strength,rh_transversetemporal,0.9374695586658823,0.953088693303543,0.015619134637660625
MSN,aparc,1.0,Node Strength,rh_insula,0.9483128374001596,0.9735534863883135,0.025240648988153924
MSN,aparc,1.0,Local Efficiency,lh_bankssts,0.8729671711897657,0.8408439140574254,-0.03212325713234032
MSN,aparc,1.0,Local Efficiency,lh_caudalanteriorcingulate,0.8732560571972571,0.7568974603879447,-0.11635859680931238
MSN,aparc,1.0,Local Efficiency,lh_caudalmiddlefrontal,0.7142455812468956,0.7641054999167782,0.0498599186698826
MSN,aparc,1.0,Local Efficiency,lh_cuneus,0.8118671857817558,0.7436418734901019,-0.06822531229165385
MSN,aparc,1.0,Local Efficiency,lh_entorhinal,0.40606782311814194,0.4229525427714504,0.016884719653308455
MSN,aparc,1.0,Local Efficiency,lh_fusiform,0.06554446092594131,0.17716958822625223,0.11162512730031092
MSN,aparc,1.0,Local Efficiency,lh_inferiorparietal,0.6866882023107612,0.7328287027343875,0.046140500423626274
MSN,aparc,1.0,Local Efficiency,lh_inferiortemporal,0.42351673000487605,0.43356746897578147,0.010050738970905415
MSN,aparc,1.0,Local Efficiency,lh_isthmuscingulate,0.8466389256519147,0.8291915067619623,-0.017447418889952382
MSN,aparc,1.0,Local Efficiency,lh_lateraloccipital,0.7399425057840846,0.665066759961014,-0.07487574582307055
MSN,aparc,1.0,Local Efficiency,lh_lateralorbitofrontal,0.19860616444675652,0.32588590790692556,0.12727974346016904
MSN,aparc,1.0,Local Efficiency,lh_lingual,0.795273320675752,0.8258000029992709,0.03052668232351896
MSN,aparc,1.0,Local Efficiency,lh_medialorbitofrontal,0.024258253378599843,0.0,-0.024258253378599843
MSN,aparc,1.0,Local Efficiency,lh_middletemporal,0.41712879915399104,0.4218335300637351,0.004704730909744048
MSN,aparc,1.0,Local Efficiency,lh_parahippocampal,0.6231997496645099,0.6720469372070477,0.04884718754253781
MSN,aparc,1.0,Local Efficiency,lh_paracentral,0.6697295628781407,0.6998762431647945,0.030146680286653793
MSN,aparc,1.0,Local Efficiency,lh_parsopercularis,0.5986444284844289,0.6380377007066245,0.039393272222195574
MSN,aparc,1.0,Local Efficiency,lh_parsorbitalis,0.38606269636382357,0.48575019351391324,0.09968749715008968
MSN,aparc,1.0,Local Efficiency,lh_parstriangularis,0.7247435254460376,0.6854966482179626,-0.03924687722807496
MSN,aparc,1.0,Local Efficiency,lh_pericalcarine,0.32039628585821084,0.31033035552735194,-0.010065930330858897
MSN,aparc,1.0,Local Efficiency,lh_postcentral,0.72636409340707,0.9361578609005122,0.20979376749344225
MSN,aparc,1.0,Local Efficiency,lh_posteriorcingulate,0.8562243866716448,0.7842473874270834,-0.07197699924456136
MSN,aparc,1.0,Local Efficiency,lh_precentral,0.6591134656489598,0.6495772148963421,-0.009536250752617659
MSN,aparc,1.0,Local Efficiency,lh_precuneus,0.5032129612951712,0.6153752386453686,0.11216227735019735
MSN,aparc,1.0,Local Efficiency,lh_rostralanteriorcingulate,0.6179017361372487,0.6257713653310188,0.0078696291937701
MSN,aparc,1.0,Local Efficiency,lh_rostralmiddlefrontal,0.7043005699899885,0.6584062250300449,-0.0458943449599436
MSN,aparc,1.0,Local Efficiency,lh_superiorfrontal,0.5445938612237272,0.6111816957291809,0.06658783450545369
MSN,aparc,1.0,Local Efficiency,lh_superiorparietal,0.7394814917251742,0.7287632973972171,-0.010718194327957065
MSN,aparc,1.0,Local Efficiency,lh_superiortemporal,0.4409607357285272,0.3947889767602624,-0.04617175896826475
MSN,aparc,1.0,Local Efficiency,lh_supramarginal,0.6387826030523096,0.6406798250970365,0.001897222044726865
MSN,aparc,1.0,Local Efficiency,lh_frontalpole,0.41092870174975477,0.5521573486913592,0.14122864694160447
MSN,aparc,1.0,Local Efficiency,lh_temporalpole,0.3977732302753223,0.5208762440915274,0.12310301381620514
MSN,aparc,1.0,Local Efficiency,lh_transversetemporal,0.8228891807464871,0.8466974510393702,0.023808270292883127
MSN,aparc,1.0,Local Efficiency,lh_insula,0.7931634462084216,0.8482617377035527,0.055098291495131124
MSN,aparc,1.0,Local Efficiency,rh_bankssts,0.7874308034340681,0.7696272447971155,-0.0178035586369526
MSN,aparc,1.0,Local Efficiency,rh_caudalanteriorcingulate,0.7911393837577694,0.7176195761405976,-0.0735198076171718
MSN,aparc,1.0,Local Efficiency,rh_caudalmiddlefrontal,0.7299332998319994,0.7073266270672597,-0.02260667276473971
MSN,aparc,1.0,Local Efficiency,rh_cuneus,0.8739572938556229,0.885120101170353,0.011162807314730072
MSN,aparc,1.0,Local Efficiency,rh_entorhinal,0.37119622031076527,0.3913795532302586,0.020183332919493313
MSN,aparc,1.0,Local Efficiency,rh_fusiform,0.3370390764266484,0.22244638881341514,-0.11459268761323324
MSN,aparc,1.0,Local Efficiency,rh_inferiorparietal,0.7084013869556919,0.6556193313379588,-0.05278205561773308
MSN,aparc,1.0,Local Efficiency,rh_inferiortemporal,0.48927641173280717,0.34488287970967124,-0.14439353202313593
MSN,aparc,1.0,Local Efficiency,rh_isthmuscingulate,0.8337528519552977,0.8277608243202236,-0.005992027635074115
MSN,aparc,1.0,Local Efficiency,rh_lateraloccipital,0.6942268790525788,0.6702187509193089,-0.024008128133269913
MSN,aparc,1.0,Local Efficiency,rh_lateralorbitofrontal,0.44101116353090997,0.4562358608694937,0.015224697338583726
MSN,aparc,1.0,Local Efficiency,rh_lingual,0.8261406604455288,0.857223504950989,0.031082844505460172
MSN,aparc,1.0,Local Efficiency,rh_medialorbitofrontal,0.34046678746283027,0.5371086132892876,0.19664182582645734
MSN,aparc,1.0,Local Efficiency,rh_middletemporal,0.3862805258737916,0.40422788342967714,0.017947357555885557
MSN,aparc,1.0,Local Efficiency,rh_parahippocampal,0.7172438981395575,0.7432958793650372,0.026051981225479692
MSN,aparc,1.0,Local Efficiency,rh_paracentral,0.6567584873365415,0.655571824680534,-0.001186662656007531
MSN,aparc,1.0,Local Efficiency,rh_parsopercularis,0.7286306550808318,0.6672806894205607,-0.061349965660271066
MSN,aparc,1.0,Local Efficiency,rh_parsorbitalis,0.380597445585296,0.40249517048346556,0.021897724898169546
MSN,aparc,1.0,Local Efficiency,rh_parstriangularis,0.6647336052241862,0.696976791788773,0.0322431865645868
MSN,aparc,1.0,Local Efficiency,rh_pericalcarine,0.36381693397502934,0.3162784359851438,-0.04753849798988552
MSN,aparc,1.0,Local Efficiency,rh_postcentral,0.7177615520312562,1.0,0.28223844796874376
MSN,aparc,1.0,Local Efficiency,rh_posteriorcingulate,0.7903240764774295,0.7836370641912273,-0.006687012286202276
MSN,aparc,1.0,Local Efficiency,rh_precentral,0.6556701786366211,0.7459654115204389,0.0902952328838178
MSN,aparc,1.0,Local Efficiency,rh_precuneus,0.6995087674137652,0.7356122325507686,0.036103465137003354
MSN,aparc,1.0,Local Efficiency,rh_rostralanteriorcingulate,0.7372275020540586,0.6732685949966962,-0.0639589070573624
MSN,aparc,1.0,Local Efficiency,rh_rostralmiddlefrontal,0.745048549591102,0.6777713829838081,-0.06727716660729388
MSN,aparc,1.0,Local Efficiency,rh_superiorfrontal,0.542932515706966,0.6501538358274755,0.10722132012050956
MSN,aparc,1.0,Local Efficiency,rh_superiorparietal,0.7299652868945055,0.7424203358869516,0.012455048992446094
MSN,aparc,1.0,Local Efficiency,rh_superiortemporal,0.3915888001038253,0.38956925823207866,-0.002019541871746633
MSN,aparc,1.0,Local Efficiency,rh_supramarginal,0.4518816200506312,0.44588110255570657,-0.00600051749492464
MSN,aparc,1.0,Local Efficiency,rh_frontalpole,0.43302635250380483,0.4886893908501224,0.055663038346317584
MSN,aparc,1.0,Local Efficiency,rh_temporalpole,0.4810356459982416,0.5017166990702274,0.02068105307198581
MSN,aparc,1.0,Local Efficiency,rh_transversetemporal,0.8748759227022583,0.8419520358745867,-0.03292388682767167
MSN,aparc,1.0,Local Efficiency,rh_insula,0.830320351084316,0.7624152981831996,-0.06790505290111637
MSN,aparc,1.0,Clustering Coefficient,lh_bankssts,0.8626120406240771,0.8360469579571352,-0.026565082666941908
MSN,aparc,1.0,Clustering Coefficient,lh_caudalanteriorcingulate,0.8628367506491903,0.7469019592904301,-0.11593479135876017
MSN,aparc,1.0,Clustering Coefficient,lh_caudalmiddlefrontal,0.7040927986918273,0.7550579661782464,0.050965167486419105
MSN,aparc,1.0,Clustering Coefficient,lh_cuneus,0.8085485013656976,0.7419597260679885,-0.06658877529770901
MSN,aparc,1.0,Clustering Coefficient,lh_entorhinal,0.34800851493794766,0.3558537477210443,0.007845232783096623
MSN,aparc,1.0,Clustering Coefficient,lh_fusiform,0.059987616158127,0.16406017802388553,0.10407256186575853
MSN,aparc,1.0,Clustering Coefficient,lh_inferiorparietal,0.667306012802913,0.7221461493424177,0.0548401365395047
MSN,aparc,1.0,Clustering Coefficient,lh_inferiortemporal,0.34932634704981314,0.36218827181419505,0.012861924764381916
MSN,aparc,1.0,Clustering Coefficient,lh_isthmuscingulate,0.8370038981820928,0.8221020594573144,-0.014901838724778349
MSN,aparc,1.0,Clustering Coefficient,lh_lateraloccipital,0.7188099002475479,0.6481023223646366,-0.07070757788291127
MSN,aparc,1.0,Clustering Coefficient,lh_lateralorbitofrontal,0.18078716425223418,0.2966687136705086,0.11588154941827444
MSN,aparc,1.0,Clustering Coefficient,lh_lingual,0.7924764570272477,0.8235381279954113,0.03106167096816359
MSN,aparc,1.0,Clustering Coefficient,lh_medialorbitofrontal,0.019098779331822125,0.0,-0.019098779331822125
MSN,aparc,1.0,Clustering Coefficient,lh_middletemporal,0.3659835466014033,0.36842099317159477,0.0024374465701914594
MSN,aparc,1.0,Clustering Coefficient,lh_parahippocampal,0.566705606847232,0.6178197034489704,0.05111409660173838
MSN,aparc,1.0,Clustering Coefficient,lh_paracentral,0.6307011770198754,0.6640107976068239,0.03330962058694853
MSN,aparc,1.0,Clustering Coefficient,lh_parsopercularis,0.5273529964611298,0.5753392736178621,0.047986277156732315
MSN,aparc,1.0,Clustering Coefficient,lh_parsorbitalis,0.342562790789548,0.43125587349695876,0.08869308270741078
MSN,aparc,1.0,Clustering Coefficient,lh_parstriangularis,0.6924238880979425,0.6437594061555445,-0.04866448194239803
MSN,aparc,1.0,Clustering Coefficient,lh_pericalcarine,0.23745524004692647,0.22860419506449883,-0.008851044982427642
MSN,aparc,1.0,Clustering Coefficient,lh_postcentral,0.7121824611361107,0.9328861899959136,0.22070372885980283
MSN,aparc,1.0,Clustering Coefficient,lh_posteriorcingulate,0.8386140783211748,0.77327045513872,-0.0653436231824549
MSN,aparc,1.0,Clustering Coefficient,lh_precentral,0.6284266630593116,0.6148811738027907,-0.013545489256520882
MSN,aparc,1.0,Clustering Coefficient,lh_precuneus,0.4638273580524754,0.5997944096283052,0.13596705157582983
MSN,aparc,1.0,Clustering Coefficient,lh_rostralanteriorcingulate,0.5476864585780244,0.5677765944360834,0.020090135858058966
MSN,aparc,1.0,Clustering Coefficient,lh_rostralmiddlefrontal,0.6785527959425107,0.6246008628149837,-0.053951933127526996
MSN,aparc,1.0,Clustering Coefficient,lh_superiorfrontal,0.4900626839931336,0.5452292485064829,0.055166564513349337
MSN,aparc,1.0,Clustering Coefficient,lh_superiorparietal,0.7228129725550699,0.7106695421500254,-0.012143430405044509
MSN,aparc,1.0,Clustering Coefficient,lh_superiortemporal,0.3682763331352831,0.3394809751877995,-0.028795357947483557
MSN,aparc,1.0,Clustering Coefficient,lh_supramarginal,0.5902119105765723,0.5900098632359441,-0.00020204734062823082
MSN,aparc,1.0,Clustering Coefficient,lh_frontalpole,0.3748955256937632,0.5006745594133262,0.12577903371956295
MSN,aparc,1.0,Clustering Coefficient,lh_temporalpole,0.35060232476328645,0.4583454059406538,0.10774308117736736
MSN,aparc,1.0,Clustering Coefficient,lh_transversetemporal,0.8107881194357531,0.8399550558680684,0.02916693643231527
MSN,aparc,1.0,Clustering Coefficient,lh_insula,0.7793990418546688,0.8414982507542915,0.062099208899622726
MSN,aparc,1.0,Clustering Coefficient,rh_bankssts,0.769658840876785,0.7569905579933651,-0.012668282883419923
MSN,aparc,1.0,Clustering Coefficient,rh_caudalanteriorcingulate,0.7617929940060192,0.6998516714531132,-0.061941322552905964
MSN,aparc,1.0,Clustering Coefficient,rh_caudalmiddlefrontal,0.7147925405605733,0.699713483756722,-0.015079056803851243
MSN,aparc,1.0,Clustering Coefficient,rh_cuneus,0.8689378275521167,0.8805357835697578,0.011597956017641131
MSN,aparc,1.0,Clustering Coefficient,rh_entorhinal,0.30963886694630927,0.32868129328050594,0.01904242633419667
MSN,aparc,1.0,Clustering Coefficient,rh_fusiform,0.31996732610335327,0.2357228337129227,-0.08424449239043055
MSN,aparc,1.0,Clustering Coefficient,rh_inferiorparietal,0.6767940317405359,0.6206616204139698,-0.0561324113265661
MSN,aparc,1.0,Clustering Coefficient,rh_inferiortemporal,0.4078024687916862,0.2898523777508628,-0.11795009104082338
MSN,aparc,1.0,Clustering Coefficient,rh_isthmuscingulate,0.8169121809016539,0.819956813940967,0.003044633039313127
MSN,aparc,1.0,Clustering Coefficient,rh_lateraloccipital,0.6725525985781461,0.6494894297294918,-0.023063168848654336
MSN,aparc,1.0,Clustering Coefficient,rh_lateralorbitofrontal,0.41976098075236545,0.44568551689826047,0.025924536145895016
MSN,aparc,1.0,Clustering Coefficient,rh_lingual,0.822226016693441,0.8540590217967812,0.031833005103340195
MSN,aparc,1.0,Clustering Coefficient,rh_medialorbitofrontal,0.31463356334734993,0.5326566233636184,0.21802306001626848
MSN,aparc,1.0,Clustering Coefficient,rh_middletemporal,0.32453666909743517,0.34995565069262274,0.025418981595187573
MSN,aparc,1.0,Clustering Coefficient,rh_parahippocampal,0.6802031157643005,0.7130162019864781,0.0328130862221776
MSN,aparc,1.0,Clustering Coefficient,rh_paracentral,0.6313910852256107,0.6296102535146012,-0.0017808317110095118
MSN,aparc,1.0,Clustering Coefficient,rh_parsopercularis,0.6849294998870693,0.6141748907335409,-0.07075460915352838
MSN,aparc,1.0,Clustering Coefficient,rh_parsorbitalis,0.33803685343094425,0.36202250627509314,0.023985652844148886
MSN,aparc,1.0,Clustering Coefficient,rh_parstriangularis,0.6398641852692105,0.6850515185110333,0.04518733324182278
MSN,aparc,1.0,Clustering Coefficient,rh_pericalcarine,0.2747987984238893,0.23579170680614076,-0.03900709161774857
MSN,aparc,1.0,Clustering Coefficient,rh_postcentral,0.7042531224845773,1.0,0.2957468775154227
MSN,aparc,1.0,Clustering Coefficient,rh_posteriorcingulate,0.7612595043072959,0.7713373382181954,0.010077833910899447
MSN,aparc,1.0,Clustering Coefficient,rh_precentral,0.6310516838867799,0.7157073370222481,0.08465565313546819
MSN,aparc,1.0,Clustering Coefficient,rh_precuneus,0.6817074278223977,0.7301248311658529,0.048417403343455234
MSN,aparc,1.0,Clustering Coefficient,rh_rostralanteriorcingulate,0.6945749653529163,0.6336154199953191,-0.06095954535759718
MSN,aparc,1.0,Clustering Coefficient,rh_rostralmiddlefrontal,0.724128680395045,0.6578141722577132,-0.06631450813733175
MSN,aparc,1.0,Clustering Coefficient,rh_superiorfrontal,0.4929560241163344,0.5859086355671742,0.09295261145083983
MSN,aparc,1.0,Clustering Coefficient,rh_superiorparietal,0.7155924567760378,0.7179919270748026,0.002399470298764861
MSN,aparc,1.0,Clustering Coefficient,rh_superiortemporal,0.34475189354181013,0.34536601558373825,0.0006141220419281224
MSN,aparc,1.0,Clustering Coefficient,rh_supramarginal,0.4339173991903162,0.41339203127748636,-0.02052536791282983
MSN,aparc,1.0,Clustering Coefficient,rh_frontalpole,0.394054427441703,0.4410228718157395,0.04696844437403652
MSN,aparc,1.0,Clustering Coefficient,rh_temporalpole,0.42435982820629914,0.4373069365162762,0.012947108309977085
MSN,aparc,1.0,Clustering Coefficient,rh_transversetemporal,0.8643157430983542,0.8357066310547743,-0.028609112043579965
MSN,aparc,1.0,Clustering Coefficient,rh_insula,0.8171557763550311,0.7517001364519673,-0.0654556399030638
MSN,aparc,1.0,Betweenness Centrality,lh_bankssts,0.0,0.0,0.0
MSN,aparc,1.0,Betweenness Centrality,lh_caudalanteriorcingulate,0.0,0.0,0.0
MSN,aparc,1.0,Betweenness Centrality,lh_caudalmiddlefrontal,0.0,0.0,0.0
MSN,aparc,1.0,Betweenness Centrality,lh_cuneus,0.2959866220735786,0.18729096989966554,-0.10869565217391308
MSN,aparc,1.0,Betweenness Centrality,lh_entorhinal,0.14381270903010032,0.44481605351170567,0.3010033444816054
MSN,aparc,1.0,Betweenness Centrality,lh_fusiform,0.0033444816053511705,0.0,-0.0033444816053511705
MSN,aparc,1.0,Betweenness Centrality,lh_inferiorparietal,0.0033444816053511705,0.010033444816053512,0.006688963210702342
MSN,aparc,1.0,Betweenness Centrality,lh_inferiortemporal,0.011705685618729096,0.3177257525083612,0.3060200668896321
MSN,aparc,1.0,Betweenness Centrality,lh_isthmuscingulate,0.0,0.0,0.0
MSN,aparc,1.0,Betweenness Centrality,lh_lateraloccipital,0.0,0.0,0.0
MSN,aparc,1.0,Betweenness Centrality,lh_lateralorbitofrontal,0.046822742474916385,0.0,-0.046822742474916385
MSN,aparc,1.0,Betweenness Centrality,lh_lingual,0.1705685618729097,0.3762541806020067,0.20568561872909702
MSN,aparc,1.0,Betweenness Centrality,lh_medialorbitofrontal,0.010033444816053512,0.0,-0.010033444816053512
MSN,aparc,1.0,Betweenness Centrality,lh_middletemporal,0.016722408026755852,0.12876254180602006,0.11204013377926421
MSN,aparc,1.0,Betweenness Centrality,lh_parahippocampal,0.0,0.020066889632107024,0.020066889632107024
MSN,aparc,1.0,Betweenness Centrality,lh_paracentral,0.0,0.0,0.0
MSN,aparc,1.0,Betweenness Centrality,lh_parsopercularis,0.19732441471571907,0.13712374581939799,-0.060200668896321086
MSN,aparc,1.0,Betweenness Centrality,lh_parsorbitalis,0.0,0.0,0.0
MSN,aparc,1.0,Betweenness Centrality,lh_parstriangularis,0.0,0.0,0.0
MSN,aparc,1.0,Betweenness Centrality,lh_pericalcarine,0.9080267558528428,1.0,0.09197324414715724
MSN,aparc,1.0,Betweenness Centrality,lh_postcentral,0.0,0.051839464882943144,0.051839464882943144
MSN,aparc,1.0,Betweenness Centrality,lh_posteriorcingulate,0.0,0.09364548494983277,0.09364548494983277
MSN,aparc,1.0,Betweenness Centrality,lh_precentral,0.04013377926421405,0.0,-0.04013377926421405
MSN,aparc,1.0,Betweenness Centrality,lh_precuneus,0.0,0.0,0.0
MSN,aparc,1.0,Betweenness Centrality,lh_rostralanteriorcingulate,0.3695652173913043,0.40468227424749165,0.03511705685618732
MSN,aparc,1.0,Betweenness Centrality,lh_rostralmiddlefrontal,0.0,0.0,0.0
MSN,aparc,1.0,Betweenness Centrality,lh_superiorfrontal,0.342809364548495,0.4698996655518395,0.1270903010033445
MSN,aparc,1.0,Betweenness Centrality,lh_superiorparietal,0.026755852842809364,0.0,-0.026755852842809364
MSN,aparc,1.0,Betweenness Centrality,lh_superiortemporal,0.0,0.0016722408026755853,0.0016722408026755853
MSN,aparc,1.0,Betweenness Centrality,lh_supramarginal,0.008361204013377926,0.0033444816053511705,-0.005016722408026756
MSN,aparc,1.0,Betweenness Centrality,lh_frontalpole,0.005016722408026756,0.0,-0.005016722408026756
MSN,aparc,1.0,Betweenness Centrality,lh_temporalpole,0.07692307692307693,0.0,-0.07692307692307693
MSN,aparc,1.0,Betweenness Centrality,lh_transversetemporal,0.0,0.048494983277591976,0.048494983277591976
MSN,aparc,1.0,Betweenness Centrality,lh_insula,0.11705685618729098,0.020066889632107024,-0.09698996655518395
MSN,aparc,1.0,Betweenness Centrality,rh_bankssts,0.006688963210702341,0.0,-0.006688963210702341
MSN,aparc,1.0,Betweenness Centrality,rh_caudalanteriorcingulate,0.21906354515050167,0.04013377926421405,-0.17892976588628762
MSN,aparc,1.0,Betweenness Centrality,rh_caudalmiddlefrontal,0.0,0.043478260869565216,0.043478260869565216
MSN,aparc,1.0,Betweenness Centrality,rh_cuneus,0.1588628762541806,0.11204013377926421,-0.0468227424749164
MSN,aparc,1.0,Betweenness Centrality,rh_entorhinal,0.23076923076923078,0.08862876254180602,-0.14214046822742477
MSN,aparc,1.0,Betweenness Centrality,rh_fusiform,0.05852842809364549,0.0,-0.05852842809364549
MSN,aparc,1.0,Betweenness Centrality,rh_inferiorparietal,0.0,0.0,0.0
MSN,aparc,1.0,Betweenness Centrality,rh_inferiortemporal,0.3093645484949833,0.0,-0.3093645484949833
MSN,aparc,1.0,Betweenness Centrality,rh_isthmuscingulate,0.0,0.0,0.0
MSN,aparc,1.0,Betweenness Centrality,rh_lateraloccipital,0.0,0.0,0.0
MSN,aparc,1.0,Betweenness Centrality,rh_lateralorbitofrontal,0.05016722408026756,0.08193979933110368,0.03177257525083612
MSN,aparc,1.0,Betweenness Centrality,rh_lingual,0.005016722408026756,0.005016722408026756,0.0
MSN,aparc,1.0,Betweenness Centrality,rh_medialorbitofrontal,0.08862876254180602,0.028428093645484948,-0.06020066889632107
MSN,aparc,1.0,Betweenness Centrality,rh_middletemporal,0.1705685618729097,0.0,-0.1705685618729097
MSN,aparc,1.0,Betweenness Centrality,rh_parahippocampal,0.0,0.0,0.0
MSN,aparc,1.0,Betweenness Centrality,rh_paracentral,0.0,0.0,0.0
MSN,aparc,1.0,Betweenness Centrality,rh_parsopercularis,0.0,0.0,0.0
MSN,aparc,1.0,Betweenness Centrality,rh_parsorbitalis,0.0,0.0,0.0
MSN,aparc,1.0,Betweenness Centrality,rh_parstriangularis,0.0,0.0,0.0
MSN,aparc,1.0,Betweenness Centrality,rh_pericalcarine,0.015050167224080268,0.0,-0.015050167224080268
MSN,aparc,1.0,Betweenness Centrality,rh_postcentral,0.0016722408026755853,0.05518394648829431,0.05351170568561873
MSN,aparc,1.0,Betweenness Centrality,rh_posteriorcingulate,0.25752508361204013,0.5083612040133779,0.2508361204013378
MSN,aparc,1.0,Betweenness Centrality,rh_precentral,0.0,0.0,0.0
MSN,aparc,1.0,Betweenness Centrality,rh_precuneus,0.08528428093645485,0.0,-0.08528428093645485
MSN,aparc,1.0,Betweenness Centrality,rh_rostralanteriorcingulate,0.0,0.016722408026755852,0.016722408026755852
MSN,aparc,1.0,Betweenness Centrality,rh_rostralmiddlefrontal,0.011705685618729096,0.05016722408026756,0.038461538461538464
MSN,aparc,1.0,Betweenness Centrality,rh_superiorfrontal,0.09197324414715718,0.030100334448160536,-0.06187290969899665
MSN,aparc,1.0,Betweenness Centrality,rh_superiorparietal,0.026755852842809364,0.0,-0.026755852842809364
MSN,aparc,1.0,Betweenness Centrality,rh_superiortemporal,0.0,0.0,0.0
MSN,aparc,1.0,Betweenness Centrality,rh_supramarginal,0.0,0.0,0.0
MSN,aparc,1.0,Betweenness Centrality,rh_frontalpole,0.0,0.0,0.0
MSN,aparc,1.0,Betweenness Centrality,rh_temporalpole,0.02508361204013378,0.0,-0.02508361204013378
MSN,aparc,1.0,Betweenness Centrality,rh_transversetemporal,0.0,0.0,0.0
MSN,aparc,1.0,Betweenness Centrality,rh_insula,0.0,0.0,0.0
MSN,aparc,1.0,Eigenvector Centrality,lh_bankssts,0.9819881772488734,0.9773021364230845,-0.00468604082578894
MSN,aparc,1.0,Eigenvector Centrality,lh_caudalanteriorcingulate,0.9799089432258199,0.9840641914803404,0.004155248254520516
MSN,aparc,1.0,Eigenvector Centrality,lh_caudalmiddlefrontal,0.9189908707442098,0.921101925444817,0.002111054700607129
MSN,aparc,1.0,Eigenvector Centrality,lh_cuneus,0.08847204816257592,0.0658638452847909,-0.02260820287778502
MSN,aparc,1.0,Eigenvector Centrality,lh_entorhinal,0.27989992419365706,0.2600070184996391,-0.01989290569401797
MSN,aparc,1.0,Eigenvector Centrality,lh_fusiform,0.01192766685290099,0.23577951779446651,0.2238518509415655
MSN,aparc,1.0,Eigenvector Centrality,lh_inferiorparietal,0.09205765311932317,0.06329034246247087,-0.0287673106568523
MSN,aparc,1.0,Eigenvector Centrality,lh_inferiortemporal,0.08801400539946411,0.06305319483380864,-0.024960810565655467
MSN,aparc,1.0,Eigenvector Centrality,lh_isthmuscingulate,0.9408350915818016,0.9332506604821611,-0.007584431099640465
MSN,aparc,1.0,Eigenvector Centrality,lh_lateraloccipital,0.09206166679400782,0.06490051369310985,-0.027161153100897964
MSN,aparc,1.0,Eigenvector Centrality,lh_lateralorbitofrontal,0.23804248622294075,0.36666928208228683,0.12862679585934608
MSN,aparc,1.0,Eigenvector Centrality,lh_lingual,0.08658471087553099,0.06665692044761191,-0.019927790427919076
MSN,aparc,1.0,Eigenvector Centrality,lh_medialorbitofrontal,0.0,0.028003488168720947,0.028003488168720947
MSN,aparc,1.0,Eigenvector Centrality,lh_middletemporal,0.09849868994655436,0.06406283758763358,-0.034435852358920785
MSN,aparc,1.0,Eigenvector Centrality,lh_parahippocampal,0.8957661665803364,0.8942081251056817,-0.001558041474654659
MSN,aparc,1.0,Eigenvector Centrality,lh_paracentral,0.9391257604587551,0.9546126698517013,0.01548690939294628
MSN,aparc,1.0,Eigenvector Centrality,lh_parsopercularis,0.8312936496156279,0.8617433594144532,0.03044970979882533
MSN,aparc,1.0,Eigenvector Centrality,lh_parsorbitalis,0.19052119525908826,0.15809064340771356,-0.032430551851374695
MSN,aparc,1.0,Eigenvector Centrality,lh_parstriangularis,0.9130597963881248,0.916352923016757,0.003293126628632126
MSN,aparc,1.0,Eigenvector Centrality,lh_pericalcarine,0.3084586590051452,0.3244985534954104,0.016039894490265216
MSN,aparc,1.0,Eigenvector Centrality,lh_postcentral,0.09592854669356184,0.06932324854180637,-0.02660529815175547
MSN,aparc,1.0,Eigenvector Centrality,lh_posteriorcingulate,0.9609553286688938,0.9489833851494789,-0.011971943519414885
MSN,aparc,1.0,Eigenvector Centrality,lh_precentral,0.08973241262359213,0.06111462082340186,-0.028617791800190272
MSN,aparc,1.0,Eigenvector Centrality,lh_precuneus,0.09979542088667927,0.06392678845799006,-0.03586863242868921
MSN,aparc,1.0,Eigenvector Centrality,lh_rostralanteriorcingulate,0.883940429391444,0.9253769315052671,0.041436502113823104
MSN,aparc,1.0,Eigenvector Centrality,lh_rostralmiddlefrontal,0.09237972517653557,0.06365503839341205,-0.028724686783123524
MSN,aparc,1.0,Eigenvector Centrality,lh_superiorfrontal,0.0865829520213302,0.058362844964404935,-0.02822010705692527
MSN,aparc,1.0,Eigenvector Centrality,lh_superiorparietal,0.0961222326690179,0.0673581154964845,-0.028764117172533396
MSN,aparc,1.0,Eigenvector Centrality,lh_superiortemporal,0.08077075953000717,0.053277550719794994,-0.02749320881021218
MSN,aparc,1.0,Eigenvector Centrality,lh_supramarginal,0.08428507983201917,0.05681390022389212,-0.027471179608127054
MSN,aparc,1.0,Eigenvector Centrality,lh_frontalpole,0.13449462522117497,0.08872438301044618,-0.0457702422107288
MSN,aparc,1.0,Eigenvector Centrality,lh_temporalpole,0.21032483854997208,0.18723539541536147,-0.023089443134610615
MSN,aparc,1.0,Eigenvector Centrality,lh_transversetemporal,0.9839397953134617,0.9663208285819851,-0.01761896673147656
MSN,aparc,1.0,Eigenvector Centrality,lh_insula,0.9496419412452098,0.9707313493600961,0.021089408114886243
MSN,aparc,1.0,Eigenvector Centrality,rh_bankssts,1.0,0.9953834647355914,-0.004616535264408639
MSN,aparc,1.0,Eigenvector Centrality,rh_caudalanteriorcingulate,0.9293564536059107,0.9237263763288472,-0.005630077277063439
MSN,aparc,1.0,Eigenvector Centrality,rh_caudalmiddlefrontal,0.7815180903829662,0.9105288202330105,0.12901072985004436
MSN,aparc,1.0,Eigenvector Centrality,rh_cuneus,0.09306854823619892,0.06884371475053777,-0.02422483348566115
MSN,aparc,1.0,Eigenvector Centrality,rh_entorhinal,0.34288531288792756,0.25694564712426404,-0.08593966576366352
MSN,aparc,1.0,Eigenvector Centrality,rh_fusiform,0.402378913009104,0.2112606324026499,-0.1911182806064541
MSN,aparc,1.0,Eigenvector Centrality,rh_inferiorparietal,0.0907117182148592,0.06213008284132764,-0.028581635373531554
MSN,aparc,1.0,Eigenvector Centrality,rh_inferiortemporal,0.09037849962671082,0.05952210766361107,-0.030856391963099757
MSN,aparc,1.0,Eigenvector Centrality,rh_isthmuscingulate,0.9216668594145201,0.9310728470928314,0.009405987678311356
MSN,aparc,1.0,Eigenvector Centrality,rh_lateraloccipital,0.0921301944910034,0.06378933476676492,-0.028340859724238485
MSN,aparc,1.0,Eigenvector Centrality,rh_lateralorbitofrontal,0.5168505888442386,0.537768600739025,0.02091801189478637
MSN,aparc,1.0,Eigenvector Centrality,rh_lingual,0.08898132416237442,0.06752976466955667,-0.021451559492817754
MSN,aparc,1.0,Eigenvector Centrality,rh_medialorbitofrontal,0.038542683820280615,0.03450155130215397,-0.004041132518126649
MSN,aparc,1.0,Eigenvector Centrality,rh_middletemporal,0.08985724574700898,0.06345343656542443,-0.026403809181584553
MSN,aparc,1.0,Eigenvector Centrality,rh_parahippocampal,0.951435309330926,0.9671034246927303,0.015668115361804236
MSN,aparc,1.0,Eigenvector Centrality,rh_paracentral,0.9680969598146238,0.9770780653647512,0.008981105550127322
MSN,aparc,1.0,Eigenvector Centrality,rh_parsopercularis,0.9553689522674588,0.9066694888365886,-0.04869946343087017
MSN,aparc,1.0,Eigenvector Centrality,rh_parsorbitalis,0.184748440519031,0.11733696357827098,-0.06741147694076002
MSN,aparc,1.0,Eigenvector Centrality,rh_parstriangularis,0.8964289547111242,0.8568416244743599,-0.039587330236764307
MSN,aparc,1.0,Eigenvector Centrality,rh_pericalcarine,0.2392577775344372,0.22949758370625403,-0.009760193828183161
MSN,aparc,1.0,Eigenvector Centrality,rh_postcentral,0.09425417953957993,0.06975348108455383,-0.0245006984550261
MSN,aparc,1.0,Eigenvector Centrality,rh_posteriorcingulate,0.9243095882366047,0.9497527417555841,0.02544315351897941
MSN,aparc,1.0,Eigenvector Centrality,rh_precentral,0.0921138124072891,0.06368304796908143,-0.028430764438207662
MSN,aparc,1.0,Eigenvector Centrality,rh_precuneus,0.08733858153381881,0.06443601706959867,-0.022902564464220135
MSN,aparc,1.0,Eigenvector Centrality,rh_rostralanteriorcingulate,0.9736271313335645,0.9681363030326104,-0.005490828300954043
MSN,aparc,1.0,Eigenvector Centrality,rh_rostralmiddlefrontal,0.09395852134199584,0.06614500912905173,-0.027813512212944105
MSN,aparc,1.0,Eigenvector Centrality,rh_superiorfrontal,0.08627399285316789,0.05835312370337281,-0.02792086914979508
MSN,aparc,1.0,Eigenvector Centrality,rh_superiorparietal,0.09553044761926743,0.06636265920837914,-0.029167788410888296
MSN,aparc,1.0,Eigenvector Centrality,rh_superiortemporal,0.09594288671621147,0.0914361475107961,-0.004506739205415375
MSN,aparc,1.0,Eigenvector Centrality,rh_supramarginal,0.04276741919393989,0.029078141777483246,-0.013689277416456647
MSN,aparc,1.0,Eigenvector Centrality,rh_frontalpole,0.11369760053177196,0.07113063219276629,-0.04256696833900567
MSN,aparc,1.0,Eigenvector Centrality,rh_temporalpole,0.22826110380105646,0.20298295201435143,-0.025278151786705033
MSN,aparc,1.0,Eigenvector Centrality,rh_transversetemporal,0.9830248397376702,0.9662847921384825,-0.01674004759918768
MSN,aparc,1.0,Eigenvector Centrality,rh_insula,0.9887629647584273,0.9838843595150205,-0.004878605243406775
MSN,aparc,1.0,Node Degree,lh_bankssts,0.3684210526315789,0.42105263157894735,0.05263157894736842
MSN,aparc,1.0,Node Degree,lh_caudalanteriorcingulate,0.3684210526315789,0.5263157894736842,0.15789473684210525
MSN,aparc,1.0,Node Degree,lh_caudalmiddlefrontal,0.47368421052631576,0.47368421052631576,0.0
MSN,aparc,1.0,Node Degree,lh_cuneus,0.15789473684210525,0.21052631578947367,0.05263157894736842
MSN,aparc,1.0,Node Degree,lh_entorhinal,0.47368421052631576,0.47368421052631576,0.0
MSN,aparc,1.0,Node Degree,lh_fusiform,0.2631578947368421,0.8947368421052632,0.631578947368421
MSN,aparc,1.0,Node Degree,lh_inferiorparietal,0.42105263157894735,0.3157894736842105,-0.10526315789473684
MSN,aparc,1.0,Node Degree,lh_inferiortemporal,0.5263157894736842,0.42105263157894735,-0.10526315789473684
MSN,aparc,1.0,Node Degree,lh_isthmuscingulate,0.3684210526315789,0.42105263157894735,0.05263157894736842
MSN,aparc,1.0,Node Degree,lh_lateraloccipital,0.3684210526315789,0.42105263157894735,0.05263157894736842
MSN,aparc,1.0,Node Degree,lh_lateralorbitofrontal,0.8421052631578947,0.7368421052631579,-0.10526315789473684
MSN,aparc,1.0,Node Degree,lh_lingual,0.15789473684210525,0.15789473684210525,0.0
MSN,aparc,1.0,Node Degree,lh_medialorbitofrontal,0.3157894736842105,0.7368421052631579,0.42105263157894735
MSN,aparc,1.0,Node Degree,lh_middletemporal,0.2631578947368421,0.2631578947368421,0.0
MSN,aparc,1.0,Node Degree,lh_parahippocampal,0.7368421052631579,0.6842105263157895,-0.05263157894736836
MSN,aparc,1.0,Node Degree,lh_paracentral,0.631578947368421,0.631578947368421,0.0
MSN,aparc,1.0,Node Degree,lh_parsopercularis,0.7894736842105263,0.7368421052631579,-0.052631578947368474
MSN,aparc,1.0,Node Degree,lh_parsorbitalis,0.3684210526315789,0.15789473684210525,-0.21052631578947367
MSN,aparc,1.0,Node Degree,lh_parstriangularis,0.5263157894736842,0.631578947368421,0.10526315789473684
MSN,aparc,1.0,Node Degree,lh_pericalcarine,0.8421052631578947,1.0,0.1578947368421053
MSN,aparc,1.0,Node Degree,lh_postcentral,0.3684210526315789,0.15789473684210525,-0.21052631578947367
MSN,aparc,1.0,Node Degree,lh_posteriorcingulate,0.3684210526315789,0.47368421052631576,0.10526315789473684
MSN,aparc,1.0,Node Degree,lh_precentral,0.47368421052631576,0.47368421052631576,0.0
MSN,aparc,1.0,Node Degree,lh_precuneus,0.42105263157894735,0.3157894736842105,-0.10526315789473684
MSN,aparc,1.0,Node Degree,lh_rostralanteriorcingulate,0.7894736842105263,0.7894736842105263,0.0
MSN,aparc,1.0,Node Degree,lh_rostralmiddlefrontal,0.42105263157894735,0.47368421052631576,0.05263157894736842
MSN,aparc,1.0,Node Degree,lh_superiorfrontal,0.631578947368421,0.5263157894736842,-0.10526315789473684
MSN,aparc,1.0,Node Degree,lh_superiorparietal,0.3684210526315789,0.3684210526315789,0.0
MSN,aparc,1.0,Node Degree,lh_superiortemporal,0.47368421052631576,0.3157894736842105,-0.15789473684210525
MSN,aparc,1.0,Node Degree,lh_supramarginal,0.47368421052631576,0.47368421052631576,0.0
MSN,aparc,1.0,Node Degree,lh_frontalpole,0.21052631578947367,0.0,-0.21052631578947367
MSN,aparc,1.0,Node Degree,lh_temporalpole,0.3684210526315789,0.15789473684210525,-0.21052631578947367
MSN,aparc,1.0,Node Degree,lh_transversetemporal,0.42105263157894735,0.42105263157894735,0.0
MSN,aparc,1.0,Node Degree,lh_insula,0.42105263157894735,0.42105263157894735,0.0
MSN,aparc,1.0,Node Degree,rh_bankssts,0.47368421052631576,0.5263157894736842,0.05263157894736842
MSN,aparc,1.0,Node Degree,rh_caudalanteriorcingulate,0.42105263157894735,0.5263157894736842,0.10526315789473684
MSN,aparc,1.0,Node Degree,rh_caudalmiddlefrontal,0.3684210526315789,0.5263157894736842,0.15789473684210525
MSN,aparc,1.0,Node Degree,rh_cuneus,0.15789473684210525,0.15789473684210525,0.0
MSN,aparc,1.0,Node Degree,rh_entorhinal,0.7368421052631579,0.5263157894736842,-0.21052631578947367
MSN,aparc,1.0,Node Degree,rh_fusiform,0.6842105263157895,0.5263157894736842,-0.1578947368421053
MSN,aparc,1.0,Node Degree,rh_inferiorparietal,0.42105263157894735,0.47368421052631576,0.05263157894736842
MSN,aparc,1.0,Node Degree,rh_inferiortemporal,0.47368421052631576,0.47368421052631576,0.0
MSN,aparc,1.0,Node Degree,rh_isthmuscingulate,0.3684210526315789,0.42105263157894735,0.05263157894736842
MSN,aparc,1.0,Node Degree,rh_lateraloccipital,0.42105263157894735,0.42105263157894735,0.0
MSN,aparc,1.0,Node Degree,rh_lateralorbitofrontal,0.631578947368421,0.631578947368421,0.0
MSN,aparc,1.0,Node Degree,rh_lingual,0.15789473684210525,0.15789473684210525,0.0
MSN,aparc,1.0,Node Degree,rh_medialorbitofrontal,0.631578947368421,0.3157894736842105,-0.3157894736842105
MSN,aparc,1.0,Node Degree,rh_middletemporal,0.5263157894736842,0.3157894736842105,-0.21052631578947367
MSN,aparc,1.0,Node Degree,rh_parahippocampal,0.5789473684210527,0.5789473684210527,0.0
MSN,aparc,1.0,Node Degree,rh_paracentral,0.631578947368421,0.6842105263157895,0.052631578947368474
MSN,aparc,1.0,Node Degree,rh_parsopercularis,0.5789473684210527,0.6842105263157895,0.10526315789473684
MSN,aparc,1.0,Node Degree,rh_parsorbitalis,0.3684210526315789,0.21052631578947367,-0.15789473684210525
MSN,aparc,1.0,Node Degree,rh_parstriangularis,0.5789473684210527,0.5263157894736842,-0.052631578947368474
MSN,aparc,1.0,Node Degree,rh_pericalcarine,0.7368421052631579,0.9473684210526315,0.21052631578947367
MSN,aparc,1.0,Node Degree,rh_postcentral,0.3684210526315789,0.10526315789473684,-0.2631578947368421
MSN,aparc,1.0,Node Degree,rh_posteriorcingulate,0.42105263157894735,0.47368421052631576,0.05263157894736842
MSN,aparc,1.0,Node Degree,rh_precentral,0.47368421052631576,0.3684210526315789,-0.10526315789473684
MSN,aparc,1.0,Node Degree,rh_precuneus,0.21052631578947367,0.21052631578947367,0.0
MSN,aparc,1.0,Node Degree,rh_rostralanteriorcingulate,0.5789473684210527,0.6842105263157895,0.10526315789473684
MSN,aparc,1.0,Node Degree,rh_rostralmiddlefrontal,0.3684210526315789,0.42105263157894735,0.05263157894736842
MSN,aparc,1.0,Node Degree,rh_superiorfrontal,0.631578947368421,0.47368421052631576,-0.15789473684210525
MSN,aparc,1.0,Node Degree,rh_superiorparietal,0.3684210526315789,0.3684210526315789,0.0
MSN,aparc,1.0,Node Degree,rh_superiortemporal,0.2631578947368421,0.21052631578947367,-0.05263157894736842
MSN,aparc,1.0,Node Degree,rh_supramarginal,0.42105263157894735,0.47368421052631576,0.05263157894736842
MSN,aparc,1.0,Node Degree,rh_frontalpole,0.15789473684210525,0.05263157894736842,-0.10526315789473684
MSN,aparc,1.0,Node Degree,rh_temporalpole,0.2631578947368421,0.21052631578947367,-0.05263157894736842
MSN,aparc,1.0,Node Degree,rh_transversetemporal,0.3684210526315789,0.42105263157894735,0.05263157894736842
MSN,aparc,1.0,Node Degree,rh_insula,0.42105263157894735,0.5263157894736842,0.10526315789473684
