Method,Parcellation,Density,Feature,Region,Control_normalized,Gifted_normalized,Diff_gifted_minus_controls
maxSW,aparc,0.03,Participation Coefficient,lh_bankssts,0.0,0.0,0.0
maxSW,aparc,0.03,Participation Coefficient,lh_caudalanteriorcingulate,0.0,0.0,0.0
maxSW,aparc,0.03,Participation Coefficient,lh_caudalmiddlefrontal,0.0,0.0,0.0
maxSW,aparc,0.03,Participation Coefficient,lh_cuneus,0.0,0.0,0.0
maxSW,aparc,0.03,Participation Coefficient,lh_entorhinal,0.0,0.0,0.0
maxSW,aparc,0.03,Participation Coefficient,lh_frontalpole,0.0,0.0,0.0
maxSW,aparc,0.03,Participation Coefficient,lh_fusiform,0.6579123543735202,0.6653603773813619,0.007448023007841642
maxSW,aparc,0.03,Participation Coefficient,lh_inferiorparietal,0.0,0.9977219338605833,0.9977219338605833
maxSW,aparc,0.03,Participation Coefficient,lh_inferiortemporal,0.0,0.0,0.0
maxSW,aparc,0.03,Participation Coefficient,lh_insula,0.0,0.0,0.0
maxSW,aparc,0.03,Participation Coefficient,lh_isthmuscingulate,0.0,0.0,0.0
maxSW,aparc,0.03,Participation Coefficient,lh_lateraloccipital,0.0,0.0,0.0
maxSW,aparc,0.03,Participation Coefficient,lh_lateralorbitofrontal,0.0,0.0,0.0
maxSW,aparc,0.03,Participation Coefficient,lh_lingual,0.0,0.0,0.0
maxSW,aparc,0.03,Participation Coefficient,lh_medialorbitofrontal,0.0,0.0,0.0
maxSW,aparc,0.03,Participation Coefficient,lh_middletemporal,0.0,0.729004868110054,0.729004868110054
maxSW,aparc,0.03,Participation Coefficient,lh_paracentral,0.0,0.0,0.0
maxSW,aparc,0.03,Participation Coefficient,lh_parahippocampal,0.0,0.0,0.0
maxSW,aparc,0.03,Participation Coefficient,lh_parsopercularis,0.0,0.0,0.0
maxSW,aparc,0.03,Participation Coefficient,lh_parsorbitalis,0.0,0.0,0.0
maxSW,aparc,0.03,Participation Coefficient,lh_parstriangularis,0.0,0.0,0.0
maxSW,aparc,0.03,Participation Coefficient,lh_pericalcarine,0.0,0.0,0.0
maxSW,aparc,0.03,Participation Coefficient,lh_postcentral,0.7481713337185235,0.0,-0.7481713337185235
maxSW,aparc,0.03,Participation Coefficient,lh_posteriorcingulate,0.0,0.0,0.0
maxSW,aparc,0.03,Participation Coefficient,lh_precentral,0.6635582868139489,0.0,-0.6635582868139489
maxSW,aparc,0.03,Participation Coefficient,lh_precuneus,0.0,0.7479465616712498,0.7479465616712498
maxSW,aparc,0.03,Participation Coefficient,lh_rostralanteriorcingulate,0.0,0.0,0.0
maxSW,aparc,0.03,Participation Coefficient,lh_rostralmiddlefrontal,0.0,0.0,0.0
maxSW,aparc,0.03,Participation Coefficient,lh_superiorfrontal,0.0,0.0,0.0
maxSW,aparc,0.03,Participation Coefficient,lh_superiorparietal,0.0,0.0,0.0
maxSW,aparc,0.03,Participation Coefficient,lh_superiortemporal,0.0,0.0,0.0
maxSW,aparc,0.03,Participation Coefficient,lh_supramarginal,0.6573097447710214,0.8443334948723263,0.1870237501013049
maxSW,aparc,0.03,Participation Coefficient,lh_temporalpole,0.0,0.0,0.0
maxSW,aparc,0.03,Participation Coefficient,lh_transversetemporal,0.0,0.0,0.0
maxSW,aparc,0.03,Participation Coefficient,rh_bankssts,0.0,0.0,0.0
maxSW,aparc,0.03,Participation Coefficient,rh_caudalanteriorcingulate,0.0,0.0,0.0
maxSW,aparc,0.03,Participation Coefficient,rh_caudalmiddlefrontal,0.936145064848913,0.0,-0.936145064848913
maxSW,aparc,0.03,Participation Coefficient,rh_cuneus,0.0,0.0,0.0
maxSW,aparc,0.03,Participation Coefficient,rh_entorhinal,0.0,0.0,0.0
maxSW,aparc,0.03,Participation Coefficient,rh_frontalpole,0.0,0.0,0.0
maxSW,aparc,0.03,Participation Coefficient,rh_fusiform,0.0,0.0,0.0
maxSW,aparc,0.03,Participation Coefficient,rh_inferiorparietal,0.5578376681501619,1.0,0.4421623318498381
maxSW,aparc,0.03,Participation Coefficient,rh_inferiortemporal,0.0,0.0,0.0
maxSW,aparc,0.03,Participation Coefficient,rh_insula,0.0,0.0,0.0
maxSW,aparc,0.03,Participation Coefficient,rh_isthmuscingulate,0.0,0.0,0.0
maxSW,aparc,0.03,Participation Coefficient,rh_lateraloccipital,0.0,0.0,0.0
maxSW,aparc,0.03,Participation Coefficient,rh_lateralorbitofrontal,0.0,0.0,0.0
maxSW,aparc,0.03,Participation Coefficient,rh_lingual,0.0,0.0,0.0
maxSW,aparc,0.03,Participation Coefficient,rh_medialorbitofrontal,0.0,0.0,0.0
maxSW,aparc,0.03,Participation Coefficient,rh_middletemporal,0.0,0.0,0.0
maxSW,aparc,0.03,Participation Coefficient,rh_paracentral,0.0,0.0,0.0
maxSW,aparc,0.03,Participation Coefficient,rh_parahippocampal,0.0,0.0,0.0
maxSW,aparc,0.03,Participation Coefficient,rh_parsopercularis,0.0,0.0,0.0
maxSW,aparc,0.03,Participation Coefficient,rh_parsorbitalis,0.0,0.6498482923129698,0.6498482923129698
maxSW,aparc,0.03,Participation Coefficient,rh_parstriangularis,0.0,0.0,0.0
maxSW,aparc,0.03,Participation Coefficient,rh_pericalcarine,0.0,0.0,0.0
maxSW,aparc,0.03,Participation Coefficient,rh_postcentral,0.0,0.0,0.0
maxSW,aparc,0.03,Participation Coefficient,rh_posteriorcingulate,0.0,0.0,0.0
maxSW,aparc,0.03,Participation Coefficient,rh_precentral,0.0,0.0,0.0
maxSW,aparc,0.03,Participation Coefficient,rh_precuneus,0.0,0.0,0.0
maxSW,aparc,0.03,Participation Coefficient,rh_rostralanteriorcingulate,0.0,0.0,0.0
maxSW,aparc,0.03,Participation Coefficient,rh_rostralmiddlefrontal,0.0,0.0,0.0
maxSW,aparc,0.03,Participation Coefficient,rh_superiorfrontal,0.7472485673153323,0.7471992426114334,-4.932470389884536e-05
maxSW,aparc,0.03,Participation Coefficient,rh_superiorparietal,0.7478259738581137,0.0,-0.7478259738581137
maxSW,aparc,0.03,Participation Coefficient,rh_superiortemporal,0.0,0.0,0.0
maxSW,aparc,0.03,Participation Coefficient,rh_supramarginal,0.0,0.0,0.0
maxSW,aparc,0.03,Participation Coefficient,rh_temporalpole,0.0,0.0,0.0
maxSW,aparc,0.03,Participation Coefficient,rh_transversetemporal,0.0,0.0,0.0
maxSW,aparc,0.03,Node Versatility,lh_bankssts,0.04340440348957075,0.2631602531124505,0.21975584962287975
maxSW,aparc,0.03,Node Versatility,lh_caudalanteriorcingulate,0.0,0.040167641881142024,0.040167641881142024
maxSW,aparc,0.03,Node Versatility,lh_caudalmiddlefrontal,0.11803843259030006,0.012728429631477614,-0.10531000295882244
maxSW,aparc,0.03,Node Versatility,lh_cuneus,0.11692725225909516,0.1462639534968148,0.029336701237719656
maxSW,aparc,0.03,Node Versatility,lh_entorhinal,0.21326004778083993,0.0,-0.21326004778083993
maxSW,aparc,0.03,Node Versatility,lh_frontalpole,0.11816566027298468,0.0,-0.11816566027298468
maxSW,aparc,0.03,Node Versatility,lh_fusiform,0.0,0.03313097469028502,0.03313097469028502
maxSW,aparc,0.03,Node Versatility,lh_inferiorparietal,0.0,0.3776866815260462,0.3776866815260462
maxSW,aparc,0.03,Node Versatility,lh_inferiortemporal,0.14575724728817127,0.0,-0.14575724728817127
maxSW,aparc,0.03,Node Versatility,lh_insula,0.04340440348957075,0.2631602531124505,0.21975584962287975
maxSW,aparc,0.03,Node Versatility,lh_isthmuscingulate,0.0,0.02440292221811316,0.02440292221811316
maxSW,aparc,0.03,Node Versatility,lh_lateraloccipital,0.11692725225909516,0.1462639534968148,0.029336701237719656
maxSW,aparc,0.03,Node Versatility,lh_lateralorbitofrontal,0.0,0.043504251110885454,0.043504251110885454
maxSW,aparc,0.03,Node Versatility,lh_lingual,0.19097102095429153,0.12421568354316438,-0.06675533741112714
maxSW,aparc,0.03,Node Versatility,lh_medialorbitofrontal,0.0,0.02440292221811316,0.02440292221811316
maxSW,aparc,0.03,Node Versatility,lh_middletemporal,0.5911620305088336,0.0,-0.5911620305088336
maxSW,aparc,0.03,Node Versatility,lh_paracentral,0.3697729894960452,0.0072209393116426535,-0.36255205018440256
maxSW,aparc,0.03,Node Versatility,lh_parahippocampal,0.21326004778083993,0.0072209393116426535,-0.20603910846919726
maxSW,aparc,0.03,Node Versatility,lh_parsopercularis,0.0,0.012728429631477614,0.012728429631477614
maxSW,aparc,0.03,Node Versatility,lh_parsorbitalis,0.11816566027298468,0.0,-0.11816566027298468
maxSW,aparc,0.03,Node Versatility,lh_parstriangularis,0.0,0.01644544758177191,0.01644544758177191
maxSW,aparc,0.03,Node Versatility,lh_pericalcarine,0.19097102095429153,0.12421568354316438,-0.06675533741112714
maxSW,aparc,0.03,Node Versatility,lh_postcentral,0.32274196395151444,0.6405156444336703,0.3177736804821558
maxSW,aparc,0.03,Node Versatility,lh_posteriorcingulate,0.0,0.040167641881142024,0.040167641881142024
maxSW,aparc,0.03,Node Versatility,lh_precentral,0.448605713378563,0.0072209393116426535,-0.44138477406692034
maxSW,aparc,0.03,Node Versatility,lh_precuneus,0.06853128536696841,0.3053916574608032,0.23686037209383481
maxSW,aparc,0.03,Node Versatility,lh_rostralanteriorcingulate,0.0,0.043504251110885454,0.043504251110885454
maxSW,aparc,0.03,Node Versatility,lh_rostralmiddlefrontal,0.0,0.01644544758177191,0.01644544758177191
maxSW,aparc,0.03,Node Versatility,lh_superiorfrontal,0.35685791719645404,0.0,-0.35685791719645404
maxSW,aparc,0.03,Node Versatility,lh_superiorparietal,1.0,0.4933728418923959,-0.5066271581076041
maxSW,aparc,0.03,Node Versatility,lh_superiortemporal,0.14575724728817127,0.0,-0.14575724728817127
maxSW,aparc,0.03,Node Versatility,lh_supramarginal,0.0,0.01644544758177191,0.01644544758177191
maxSW,aparc,0.03,Node Versatility,lh_temporalpole,0.11816566027298468,0.0,-0.11816566027298468
maxSW,aparc,0.03,Node Versatility,lh_transversetemporal,0.06853128536696841,0.3053916574608032,0.23686037209383481
maxSW,aparc,0.03,Node Versatility,rh_bankssts,0.04340440348957075,0.2631602531124505,0.21975584962287975
maxSW,aparc,0.03,Node Versatility,rh_caudalanteriorcingulate,0.0,0.040167641881142024,0.040167641881142024
maxSW,aparc,0.03,Node Versatility,rh_caudalmiddlefrontal,0.11803843259030006,0.012728429631477614,-0.10531000295882244
maxSW,aparc,0.03,Node Versatility,rh_cuneus,0.11692725225909516,0.1462639534968148,0.029336701237719656
maxSW,aparc,0.03,Node Versatility,rh_entorhinal,0.21326004778083993,0.0,-0.21326004778083993
maxSW,aparc,0.03,Node Versatility,rh_frontalpole,0.11816566027298468,0.0,-0.11816566027298468
maxSW,aparc,0.03,Node Versatility,rh_fusiform,0.0,0.03313097469028502,0.03313097469028502
maxSW,aparc,0.03,Node Versatility,rh_inferiorparietal,0.0,0.012728429631477614,0.012728429631477614
maxSW,aparc,0.03,Node Versatility,rh_inferiortemporal,0.14575724728817127,0.0,-0.14575724728817127
maxSW,aparc,0.03,Node Versatility,rh_insula,0.04340440348957075,0.2631602531124505,0.21975584962287975
maxSW,aparc,0.03,Node Versatility,rh_isthmuscingulate,0.0,0.02440292221811316,0.02440292221811316
maxSW,aparc,0.03,Node Versatility,rh_lateraloccipital,0.11692725225909516,0.1462639534968148,0.029336701237719656
maxSW,aparc,0.03,Node Versatility,rh_lateralorbitofrontal,0.0,0.043504251110885454,0.043504251110885454
maxSW,aparc,0.03,Node Versatility,rh_lingual,0.19097102095429153,0.12421568354316438,-0.06675533741112714
maxSW,aparc,0.03,Node Versatility,rh_medialorbitofrontal,0.0,0.02440292221811316,0.02440292221811316
maxSW,aparc,0.03,Node Versatility,rh_middletemporal,0.5911620305088336,0.0,-0.5911620305088336
maxSW,aparc,0.03,Node Versatility,rh_paracentral,0.3697729894960452,0.0072209393116426535,-0.36255205018440256
maxSW,aparc,0.03,Node Versatility,rh_parahippocampal,0.21326004778083993,0.0072209393116426535,-0.20603910846919726
maxSW,aparc,0.03,Node Versatility,rh_parsopercularis,0.0,0.012728429631477614,0.012728429631477614
maxSW,aparc,0.03,Node Versatility,rh_parsorbitalis,0.11816566027298468,0.0,-0.11816566027298468
maxSW,aparc,0.03,Node Versatility,rh_parstriangularis,0.0,0.01644544758177191,0.01644544758177191
maxSW,aparc,0.03,Node Versatility,rh_pericalcarine,0.19097102095429153,0.12421568354316438,-0.06675533741112714
maxSW,aparc,0.03,Node Versatility,rh_postcentral,0.32274196395151444,0.6405156444336703,0.3177736804821558
maxSW,aparc,0.03,Node Versatility,rh_posteriorcingulate,0.0,0.040167641881142024,0.040167641881142024
maxSW,aparc,0.03,Node Versatility,rh_precentral,0.448605713378563,0.0072209393116426535,-0.44138477406692034
maxSW,aparc,0.03,Node Versatility,rh_precuneus,0.06853128536696841,0.3053916574608032,0.23686037209383481
maxSW,aparc,0.03,Node Versatility,rh_rostralanteriorcingulate,0.0,0.043504251110885454,0.043504251110885454
maxSW,aparc,0.03,Node Versatility,rh_rostralmiddlefrontal,0.0,0.01644544758177191,0.01644544758177191
maxSW,aparc,0.03,Node Versatility,rh_superiorfrontal,0.35685791719645404,0.0,-0.35685791719645404
maxSW,aparc,0.03,Node Versatility,rh_superiorparietal,1.0,0.4933728418923959,-0.5066271581076041
maxSW,aparc,0.03,Node Versatility,rh_superiortemporal,0.14575724728817127,0.0,-0.14575724728817127
maxSW,aparc,0.03,Node Versatility,rh_supramarginal,0.0,0.012728429631477614,0.012728429631477614
maxSW,aparc,0.03,Node Versatility,rh_temporalpole,0.11816566027298468,0.0,-0.11816566027298468
maxSW,aparc,0.03,Node Versatility,rh_transversetemporal,0.06853128536696841,0.3053916574608032,0.23686037209383481
maxSW,aparc,0.03,Node Strength,lh_bankssts,0.1620089454836352,0.16901192511122795,0.007002979627592748
maxSW,aparc,0.03,Node Strength,lh_caudalanteriorcingulate,0.049063514729759394,0.04530140263243833,-0.003762112097321066
maxSW,aparc,0.03,Node Strength,lh_caudalmiddlefrontal,0.05924031363937876,0.05889808728885756,-0.00034222635052120337
maxSW,aparc,0.03,Node Strength,lh_cuneus,0.056916549776512754,0.05530500889488618,-0.001611540881626572
maxSW,aparc,0.03,Node Strength,lh_entorhinal,0.1364263198816049,0.03408041465894771,-0.10234590522265719
maxSW,aparc,0.03,Node Strength,lh_frontalpole,0.0,0.015421643568875775,0.015421643568875775
maxSW,aparc,0.03,Node Strength,lh_fusiform,0.36660466561863647,0.37004815064091756,0.0034434850222810898
maxSW,aparc,0.03,Node Strength,lh_inferiorparietal,0.06368584017666835,0.3714436628963256,0.30775782271965724
maxSW,aparc,0.03,Node Strength,lh_inferiortemporal,0.366457668538938,0.21727582598522513,-0.1491818425537129
maxSW,aparc,0.03,Node Strength,lh_insula,0.18445609770173022,0.1730414616917196,-0.01141463601001061
maxSW,aparc,0.03,Node Strength,lh_isthmuscingulate,0.051545985188856086,0.056356659873182946,0.00481067468432686
maxSW,aparc,0.03,Node Strength,lh_lateraloccipital,0.20344092377553008,0.36096102091770504,0.15752009714217496
maxSW,aparc,0.03,Node Strength,lh_lateralorbitofrontal,0.203226501319893,0.21378185235661007,0.010555351036717064
maxSW,aparc,0.03,Node Strength,lh_lingual,0.14588874272415742,0.15523110096817444,0.009342358244017024
maxSW,aparc,0.03,Node Strength,lh_medialorbitofrontal,0.19945958450851967,0.19982787256047183,0.0003682880519521592
maxSW,aparc,0.03,Node Strength,lh_middletemporal,0.17937135374421703,0.17565491930499222,-0.003716434439224814
maxSW,aparc,0.03,Node Strength,lh_paracentral,0.19344035800823361,0.060435167282976335,-0.1330051907252573
maxSW,aparc,0.03,Node Strength,lh_parahippocampal,0.15241322744032335,0.05091286669366387,-0.10150036074665947
maxSW,aparc,0.03,Node Strength,lh_parsopercularis,0.05747588616174859,0.05693591329980418,-0.0005399728619444114
maxSW,aparc,0.03,Node Strength,lh_parsorbitalis,0.2265471229733587,0.2262388656052541,-0.0003082573681045808
maxSW,aparc,0.03,Node Strength,lh_parstriangularis,0.05352380972939253,0.0564630989230251,0.002939289193632566
maxSW,aparc,0.03,Node Strength,lh_pericalcarine,0.03378493874514812,0.03058774404586678,-0.003197194699281338
maxSW,aparc,0.03,Node Strength,lh_postcentral,0.21706726588073208,0.21687854945671267,-0.00018871642401940836
maxSW,aparc,0.03,Node Strength,lh_posteriorcingulate,0.20237357535922268,0.35525358940297047,0.1528800140437478
maxSW,aparc,0.03,Node Strength,lh_precentral,0.37494776833142895,0.2244531040711905,-0.15049466426023844
maxSW,aparc,0.03,Node Strength,lh_precuneus,0.2212755790891176,0.22029670039216584,-0.0009788786969517627
maxSW,aparc,0.03,Node Strength,lh_rostralanteriorcingulate,0.034866226572152416,0.032930371421426005,-0.0019358551507264107
maxSW,aparc,0.03,Node Strength,lh_rostralmiddlefrontal,0.21079232305568033,0.21201197598004035,0.0012196529243600207
maxSW,aparc,0.03,Node Strength,lh_superiorfrontal,0.3769592370545384,0.532537444220228,0.1555782071656896
maxSW,aparc,0.03,Node Strength,lh_superiorparietal,0.21704892341640805,0.2167682887974134,-0.0002806346189946629
maxSW,aparc,0.03,Node Strength,lh_superiortemporal,0.2127309193081071,0.21605579762465332,0.0033248783165462092
maxSW,aparc,0.03,Node Strength,lh_supramarginal,1.0,0.6829669607637378,-0.31703303923626225
maxSW,aparc,0.03,Node Strength,lh_temporalpole,0.010979436907007856,0.0062685253318168445,-0.004710911575191012
maxSW,aparc,0.03,Node Strength,lh_transversetemporal,0.17595889039162294,0.16823719055988617,-0.007721699831736761
maxSW,aparc,0.03,Node Strength,rh_bankssts,0.16266347454656252,0.1649376554433142,0.0022741808967516874
maxSW,aparc,0.03,Node Strength,rh_caudalanteriorcingulate,0.1960879745033451,0.044004148316676914,-0.15208382618666821
maxSW,aparc,0.03,Node Strength,rh_caudalmiddlefrontal,0.53569900886547,0.5413141569232212,0.005615148057751207
maxSW,aparc,0.03,Node Strength,rh_cuneus,0.20145367007604661,0.20081399548087567,-0.000639674595170947
maxSW,aparc,0.03,Node Strength,rh_entorhinal,0.03059367170912135,0.13524315630897082,0.10464948459984948
maxSW,aparc,0.03,Node Strength,rh_frontalpole,0.09533412782890573,0.11067278781212658,0.015338659983220856
maxSW,aparc,0.03,Node Strength,rh_fusiform,0.058760202410069205,0.05811967250330673,-0.0006405299067624784
maxSW,aparc,0.03,Node Strength,rh_inferiorparietal,0.5486348631573887,0.8680387201737803,0.3194038570163915
maxSW,aparc,0.03,Node Strength,rh_inferiortemporal,0.05687480693279813,0.0591084452990427,0.0022336383662445725
maxSW,aparc,0.03,Node Strength,rh_insula,0.058235236361236314,0.05225033239181782,-0.005984903969418497
maxSW,aparc,0.03,Node Strength,rh_isthmuscingulate,0.19493417273404118,0.2000720873583936,0.005137914624352424
maxSW,aparc,0.03,Node Strength,rh_lateraloccipital,0.21566115878273154,0.2184565517585534,0.0027953929758218754
maxSW,aparc,0.03,Node Strength,rh_lateralorbitofrontal,0.4973435658431688,0.34163323815760843,-0.15571032768556037
maxSW,aparc,0.03,Node Strength,rh_lingual,0.2091218117778857,0.2159598804905984,0.006838068712712697
maxSW,aparc,0.03,Node Strength,rh_medialorbitofrontal,0.19915595670111375,0.2001967876243424,0.0010408309232286528
maxSW,aparc,0.03,Node Strength,rh_middletemporal,0.2148335697835902,0.21502069566194573,0.0001871258783555374
maxSW,aparc,0.03,Node Strength,rh_paracentral,0.2115906424173836,0.3586091151425684,0.14701847272518478
maxSW,aparc,0.03,Node Strength,rh_parahippocampal,0.183231146524434,0.19141829400514693,0.00818714748071292
maxSW,aparc,0.03,Node Strength,rh_parsopercularis,0.05526315966646301,0.05461733338068806,-0.0006458262857749475
maxSW,aparc,0.03,Node Strength,rh_parsorbitalis,0.15956493107025926,0.26338735865599994,0.10382242758574067
maxSW,aparc,0.03,Node Strength,rh_parstriangularis,0.20955264369730914,0.05312865037941846,-0.15642399331789067
maxSW,aparc,0.03,Node Strength,rh_pericalcarine,0.11836307437225511,0.12345296873730974,0.005089894365054623
maxSW,aparc,0.03,Node Strength,rh_postcentral,0.3662179294712609,0.2201931032220313,-0.1460248262492296
maxSW,aparc,0.03,Node Strength,rh_posteriorcingulate,0.20342160873845808,0.20518633298848762,0.001764724250029548
maxSW,aparc,0.03,Node Strength,rh_precentral,0.2149213252047759,0.22317914194660315,0.008257816741827267
maxSW,aparc,0.03,Node Strength,rh_precuneus,0.3171770602123295,0.31673559044453375,-0.00044146976779574354
maxSW,aparc,0.03,Node Strength,rh_rostralanteriorcingulate,0.17154219545722146,0.16668642104058112,-0.0048557744166403405
maxSW,aparc,0.03,Node Strength,rh_rostralmiddlefrontal,0.05635507880762576,0.20250884479340306,0.14615376598577728
maxSW,aparc,0.03,Node Strength,rh_superiorfrontal,0.217180809628712,0.21792316929804575,0.0007423596693337531
maxSW,aparc,0.03,Node Strength,rh_superiorparietal,0.21966157332020197,0.21730686081989878,-0.0023547125003031966
maxSW,aparc,0.03,Node Strength,rh_superiortemporal,0.06154547542832671,0.06240929709120435,0.0008638216628776424
maxSW,aparc,0.03,Node Strength,rh_supramarginal,0.3781357595308145,0.37860505099451247,0.0004692914636979517
maxSW,aparc,0.03,Node Strength,rh_temporalpole,0.10115878084755488,0.0913133207263122,-0.009845460121242683
maxSW,aparc,0.03,Node Strength,rh_transversetemporal,0.04824255357259369,0.04053346141045314,-0.007709092162140552
maxSW,aparc,0.03,Local Efficiency,lh_bankssts,0.0,0.0,0.0
maxSW,aparc,0.03,Local Efficiency,lh_caudalanteriorcingulate,0.0,0.0,0.0
maxSW,aparc,0.03,Local Efficiency,lh_caudalmiddlefrontal,0.0,0.0,0.0
maxSW,aparc,0.03,Local Efficiency,lh_cuneus,0.0,0.0,0.0
maxSW,aparc,0.03,Local Efficiency,lh_entorhinal,0.0,0.0,0.0
maxSW,aparc,0.03,Local Efficiency,lh_frontalpole,0.0,0.0,0.0
maxSW,aparc,0.03,Local Efficiency,lh_fusiform,0.0,0.0,0.0
maxSW,aparc,0.03,Local Efficiency,lh_inferiorparietal,0.0,0.0,0.0
maxSW,aparc,0.03,Local Efficiency,lh_inferiortemporal,0.0,0.0,0.0
maxSW,aparc,0.03,Local Efficiency,lh_insula,0.0,0.0,0.0
maxSW,aparc,0.03,Local Efficiency,lh_isthmuscingulate,0.0,0.0,0.0
maxSW,aparc,0.03,Local Efficiency,lh_lateraloccipital,0.0,0.0,0.0
maxSW,aparc,0.03,Local Efficiency,lh_lateralorbitofrontal,0.0,0.0,0.0
maxSW,aparc,0.03,Local Efficiency,lh_lingual,0.0,0.0,0.0
maxSW,aparc,0.03,Local Efficiency,lh_medialorbitofrontal,0.0,0.0,0.0
maxSW,aparc,0.03,Local Efficiency,lh_middletemporal,0.0,0.0,0.0
maxSW,aparc,0.03,Local Efficiency,lh_paracentral,0.0,0.0,0.0
maxSW,aparc,0.03,Local Efficiency,lh_parahippocampal,0.0,0.0,0.0
maxSW,aparc,0.03,Local Efficiency,lh_parsopercularis,0.0,0.0,0.0
maxSW,aparc,0.03,Local Efficiency,lh_parsorbitalis,0.0,0.0,0.0
maxSW,aparc,0.03,Local Efficiency,lh_parstriangularis,0.0,0.0,0.0
maxSW,aparc,0.03,Local Efficiency,lh_pericalcarine,0.0,0.0,0.0
maxSW,aparc,0.03,Local Efficiency,lh_postcentral,0.0,0.0,0.0
maxSW,aparc,0.03,Local Efficiency,lh_posteriorcingulate,0.0,0.0,0.0
maxSW,aparc,0.03,Local Efficiency,lh_precentral,0.0,0.0,0.0
maxSW,aparc,0.03,Local Efficiency,lh_precuneus,0.0,0.0,0.0
maxSW,aparc,0.03,Local Efficiency,lh_rostralanteriorcingulate,0.0,0.0,0.0
maxSW,aparc,0.03,Local Efficiency,lh_rostralmiddlefrontal,0.0,0.0,0.0
maxSW,aparc,0.03,Local Efficiency,lh_superiorfrontal,0.0,0.0,0.0
maxSW,aparc,0.03,Local Efficiency,lh_superiorparietal,0.0,0.0,0.0
maxSW,aparc,0.03,Local Efficiency,lh_superiortemporal,0.0,0.0,0.0
maxSW,aparc,0.03,Local Efficiency,lh_supramarginal,0.14282909944850528,0.0,-0.14282909944850528
maxSW,aparc,0.03,Local Efficiency,lh_temporalpole,0.0,0.0,0.0
maxSW,aparc,0.03,Local Efficiency,lh_transversetemporal,0.0,0.0,0.0
maxSW,aparc,0.03,Local Efficiency,rh_bankssts,0.0,0.0,0.0
maxSW,aparc,0.03,Local Efficiency,rh_caudalanteriorcingulate,0.0,0.0,0.0
maxSW,aparc,0.03,Local Efficiency,rh_caudalmiddlefrontal,0.0,0.5000000000000001,0.5000000000000001
maxSW,aparc,0.03,Local Efficiency,rh_cuneus,0.0,0.0,0.0
maxSW,aparc,0.03,Local Efficiency,rh_entorhinal,0.0,0.0,0.0
maxSW,aparc,0.03,Local Efficiency,rh_frontalpole,0.0,0.0,0.0
maxSW,aparc,0.03,Local Efficiency,rh_fusiform,0.0,0.0,0.0
maxSW,aparc,0.03,Local Efficiency,rh_inferiorparietal,0.49990184806976845,0.20000000000000004,-0.2999018480697684
maxSW,aparc,0.03,Local Efficiency,rh_inferiortemporal,0.0,0.0,0.0
maxSW,aparc,0.03,Local Efficiency,rh_insula,0.0,0.0,0.0
maxSW,aparc,0.03,Local Efficiency,rh_isthmuscingulate,0.0,0.0,0.0
maxSW,aparc,0.03,Local Efficiency,rh_lateraloccipital,0.0,0.0,0.0
maxSW,aparc,0.03,Local Efficiency,rh_lateralorbitofrontal,0.0,0.0,0.0
maxSW,aparc,0.03,Local Efficiency,rh_lingual,0.0,0.0,0.0
maxSW,aparc,0.03,Local Efficiency,rh_medialorbitofrontal,0.0,0.0,0.0
maxSW,aparc,0.03,Local Efficiency,rh_middletemporal,0.0,0.0,0.0
maxSW,aparc,0.03,Local Efficiency,rh_paracentral,0.0,0.0,0.0
maxSW,aparc,0.03,Local Efficiency,rh_parahippocampal,0.0,0.0,0.0
maxSW,aparc,0.03,Local Efficiency,rh_parsopercularis,0.0,0.0,0.0
maxSW,aparc,0.03,Local Efficiency,rh_parsorbitalis,0.0,0.0,0.0
maxSW,aparc,0.03,Local Efficiency,rh_parstriangularis,0.0,0.0,0.0
maxSW,aparc,0.03,Local Efficiency,rh_pericalcarine,0.0,0.0,0.0
maxSW,aparc,0.03,Local Efficiency,rh_postcentral,0.0,0.0,0.0
maxSW,aparc,0.03,Local Efficiency,rh_posteriorcingulate,0.0,0.0,0.0
maxSW,aparc,0.03,Local Efficiency,rh_precentral,0.0,0.0,0.0
maxSW,aparc,0.03,Local Efficiency,rh_precuneus,0.0,0.0,0.0
maxSW,aparc,0.03,Local Efficiency,rh_rostralanteriorcingulate,0.0,0.0,0.0
maxSW,aparc,0.03,Local Efficiency,rh_rostralmiddlefrontal,0.0,0.0,0.0
maxSW,aparc,0.03,Local Efficiency,rh_superiorfrontal,0.0,0.0,0.0
maxSW,aparc,0.03,Local Efficiency,rh_superiorparietal,0.0,0.0,0.0
maxSW,aparc,0.03,Local Efficiency,rh_superiortemporal,0.0,0.0,0.0
maxSW,aparc,0.03,Local Efficiency,rh_supramarginal,0.9998036961395369,1.0,0.00019630386046309845
maxSW,aparc,0.03,Local Efficiency,rh_temporalpole,0.0,0.0,0.0
maxSW,aparc,0.03,Local Efficiency,rh_transversetemporal,0.0,0.0,0.0
maxSW,aparc,0.03,Clustering Coefficient,lh_bankssts,0.0,0.0,0.0
maxSW,aparc,0.03,Clustering Coefficient,lh_caudalanteriorcingulate,0.0,0.0,0.0
maxSW,aparc,0.03,Clustering Coefficient,lh_caudalmiddlefrontal,0.0,0.0,0.0
maxSW,aparc,0.03,Clustering Coefficient,lh_cuneus,0.0,0.0,0.0
maxSW,aparc,0.03,Clustering Coefficient,lh_entorhinal,0.0,0.0,0.0
maxSW,aparc,0.03,Clustering Coefficient,lh_frontalpole,0.0,0.0,0.0
maxSW,aparc,0.03,Clustering Coefficient,lh_fusiform,0.0,0.0,0.0
maxSW,aparc,0.03,Clustering Coefficient,lh_inferiorparietal,0.0,0.0,0.0
maxSW,aparc,0.03,Clustering Coefficient,lh_inferiortemporal,0.0,0.0,0.0
maxSW,aparc,0.03,Clustering Coefficient,lh_insula,0.0,0.0,0.0
maxSW,aparc,0.03,Clustering Coefficient,lh_isthmuscingulate,0.0,0.0,0.0
maxSW,aparc,0.03,Clustering Coefficient,lh_lateraloccipital,0.0,0.0,0.0
maxSW,aparc,0.03,Clustering Coefficient,lh_lateralorbitofrontal,0.0,0.0,0.0
maxSW,aparc,0.03,Clustering Coefficient,lh_lingual,0.0,0.0,0.0
maxSW,aparc,0.03,Clustering Coefficient,lh_medialorbitofrontal,0.0,0.0,0.0
maxSW,aparc,0.03,Clustering Coefficient,lh_middletemporal,0.0,0.0,0.0
maxSW,aparc,0.03,Clustering Coefficient,lh_paracentral,0.0,0.0,0.0
maxSW,aparc,0.03,Clustering Coefficient,lh_parahippocampal,0.0,0.0,0.0
maxSW,aparc,0.03,Clustering Coefficient,lh_parsopercularis,0.0,0.0,0.0
maxSW,aparc,0.03,Clustering Coefficient,lh_parsorbitalis,0.0,0.0,0.0
maxSW,aparc,0.03,Clustering Coefficient,lh_parstriangularis,0.0,0.0,0.0
maxSW,aparc,0.03,Clustering Coefficient,lh_pericalcarine,0.0,0.0,0.0
maxSW,aparc,0.03,Clustering Coefficient,lh_postcentral,0.0,0.0,0.0
maxSW,aparc,0.03,Clustering Coefficient,lh_posteriorcingulate,0.0,0.0,0.0
maxSW,aparc,0.03,Clustering Coefficient,lh_precentral,0.0,0.0,0.0
maxSW,aparc,0.03,Clustering Coefficient,lh_precuneus,0.0,0.0,0.0
maxSW,aparc,0.03,Clustering Coefficient,lh_rostralanteriorcingulate,0.0,0.0,0.0
maxSW,aparc,0.03,Clustering Coefficient,lh_rostralmiddlefrontal,0.0,0.0,0.0
maxSW,aparc,0.03,Clustering Coefficient,lh_superiorfrontal,0.0,0.0,0.0
maxSW,aparc,0.03,Clustering Coefficient,lh_superiorparietal,0.0,0.0,0.0
maxSW,aparc,0.03,Clustering Coefficient,lh_superiortemporal,0.0,0.0,0.0
maxSW,aparc,0.03,Clustering Coefficient,lh_supramarginal,0.14282909944850525,0.0,-0.14282909944850525
maxSW,aparc,0.03,Clustering Coefficient,lh_temporalpole,0.0,0.0,0.0
maxSW,aparc,0.03,Clustering Coefficient,lh_transversetemporal,0.0,0.0,0.0
maxSW,aparc,0.03,Clustering Coefficient,rh_bankssts,0.0,0.0,0.0
maxSW,aparc,0.03,Clustering Coefficient,rh_caudalanteriorcingulate,0.0,0.0,0.0
maxSW,aparc,0.03,Clustering Coefficient,rh_caudalmiddlefrontal,0.0,0.5,0.5
maxSW,aparc,0.03,Clustering Coefficient,rh_cuneus,0.0,0.0,0.0
maxSW,aparc,0.03,Clustering Coefficient,rh_entorhinal,0.0,0.0,0.0
maxSW,aparc,0.03,Clustering Coefficient,rh_frontalpole,0.0,0.0,0.0
maxSW,aparc,0.03,Clustering Coefficient,rh_fusiform,0.0,0.0,0.0
maxSW,aparc,0.03,Clustering Coefficient,rh_inferiorparietal,0.4999018480697684,0.2,-0.2999018480697684
maxSW,aparc,0.03,Clustering Coefficient,rh_inferiortemporal,0.0,0.0,0.0
maxSW,aparc,0.03,Clustering Coefficient,rh_insula,0.0,0.0,0.0
maxSW,aparc,0.03,Clustering Coefficient,rh_isthmuscingulate,0.0,0.0,0.0
maxSW,aparc,0.03,Clustering Coefficient,rh_lateraloccipital,0.0,0.0,0.0
maxSW,aparc,0.03,Clustering Coefficient,rh_lateralorbitofrontal,0.0,0.0,0.0
maxSW,aparc,0.03,Clustering Coefficient,rh_lingual,0.0,0.0,0.0
maxSW,aparc,0.03,Clustering Coefficient,rh_medialorbitofrontal,0.0,0.0,0.0
maxSW,aparc,0.03,Clustering Coefficient,rh_middletemporal,0.0,0.0,0.0
maxSW,aparc,0.03,Clustering Coefficient,rh_paracentral,0.0,0.0,0.0
maxSW,aparc,0.03,Clustering Coefficient,rh_parahippocampal,0.0,0.0,0.0
maxSW,aparc,0.03,Clustering Coefficient,rh_parsopercularis,0.0,0.0,0.0
maxSW,aparc,0.03,Clustering Coefficient,rh_parsorbitalis,0.0,0.0,0.0
maxSW,aparc,0.03,Clustering Coefficient,rh_parstriangularis,0.0,0.0,0.0
maxSW,aparc,0.03,Clustering Coefficient,rh_pericalcarine,0.0,0.0,0.0
maxSW,aparc,0.03,Clustering Coefficient,rh_postcentral,0.0,0.0,0.0
maxSW,aparc,0.03,Clustering Coefficient,rh_posteriorcingulate,0.0,0.0,0.0
maxSW,aparc,0.03,Clustering Coefficient,rh_precentral,0.0,0.0,0.0
maxSW,aparc,0.03,Clustering Coefficient,rh_precuneus,0.0,0.0,0.0
maxSW,aparc,0.03,Clustering Coefficient,rh_rostralanteriorcingulate,0.0,0.0,0.0
maxSW,aparc,0.03,Clustering Coefficient,rh_rostralmiddlefrontal,0.0,0.0,0.0
maxSW,aparc,0.03,Clustering Coefficient,rh_superiorfrontal,0.0,0.0,0.0
maxSW,aparc,0.03,Clustering Coefficient,rh_superiorparietal,0.0,0.0,0.0
maxSW,aparc,0.03,Clustering Coefficient,rh_superiortemporal,0.0,0.0,0.0
maxSW,aparc,0.03,Clustering Coefficient,rh_supramarginal,0.9998036961395368,1.0,0.00019630386046320947
maxSW,aparc,0.03,Clustering Coefficient,rh_temporalpole,0.0,0.0,0.0
maxSW,aparc,0.03,Clustering Coefficient,rh_transversetemporal,0.0,0.0,0.0
maxSW,aparc,0.03,Betweenness Centrality,lh_bankssts,0.1191806331471136,0.1191806331471136,0.0
maxSW,aparc,0.03,Betweenness Centrality,lh_caudalanteriorcingulate,0.0,0.0,0.0
maxSW,aparc,0.03,Betweenness Centrality,lh_caudalmiddlefrontal,0.0,0.0,0.0
maxSW,aparc,0.03,Betweenness Centrality,lh_cuneus,0.0,0.0,0.0
maxSW,aparc,0.03,Betweenness Centrality,lh_entorhinal,0.040968342644320296,0.0,-0.040968342644320296
maxSW,aparc,0.03,Betweenness Centrality,lh_frontalpole,0.0,0.0,0.0
maxSW,aparc,0.03,Betweenness Centrality,lh_fusiform,0.44320297951582865,0.32898820608317814,-0.11421477343265052
maxSW,aparc,0.03,Betweenness Centrality,lh_inferiorparietal,0.0,0.6430788330229671,0.6430788330229671
maxSW,aparc,0.03,Betweenness Centrality,lh_inferiortemporal,0.12042209807572936,0.040968342644320296,-0.07945375543140906
maxSW,aparc,0.03,Betweenness Centrality,lh_insula,0.040968342644320296,0.040968342644320296,0.0
maxSW,aparc,0.03,Betweenness Centrality,lh_isthmuscingulate,0.0,0.0,0.0
maxSW,aparc,0.03,Betweenness Centrality,lh_lateraloccipital,0.08069522036002483,0.23215394165114836,0.15145872129112353
maxSW,aparc,0.03,Betweenness Centrality,lh_lateralorbitofrontal,0.1564245810055866,0.260707635009311,0.1042830540037244
maxSW,aparc,0.03,Betweenness Centrality,lh_lingual,0.08069522036002483,0.08069522036002483,0.0
maxSW,aparc,0.03,Betweenness Centrality,lh_medialorbitofrontal,0.1191806331471136,0.08069522036002483,-0.038485412787088766
maxSW,aparc,0.03,Betweenness Centrality,lh_middletemporal,0.2271880819366853,0.29298572315332094,0.06579764121663564
maxSW,aparc,0.03,Betweenness Centrality,lh_paracentral,0.1564245810055866,0.0,-0.1564245810055866
maxSW,aparc,0.03,Betweenness Centrality,lh_parahippocampal,0.08069522036002483,0.0,-0.08069522036002483
maxSW,aparc,0.03,Betweenness Centrality,lh_parsopercularis,0.0,0.0,0.0
maxSW,aparc,0.03,Betweenness Centrality,lh_parsorbitalis,0.15890751086281812,0.15890751086281812,0.0
maxSW,aparc,0.03,Betweenness Centrality,lh_parstriangularis,0.0,0.0,0.0
maxSW,aparc,0.03,Betweenness Centrality,lh_pericalcarine,0.0,0.0,0.0
maxSW,aparc,0.03,Betweenness Centrality,lh_postcentral,0.3240223463687151,0.3240223463687151,0.0
maxSW,aparc,0.03,Betweenness Centrality,lh_posteriorcingulate,0.1191806331471136,0.12042209807572936,0.0012414649286157653
maxSW,aparc,0.03,Betweenness Centrality,lh_precentral,0.6145251396648045,0.19242706393544382,-0.42209807572936064
maxSW,aparc,0.03,Betweenness Centrality,lh_precuneus,0.260707635009311,0.260707635009311,0.0
maxSW,aparc,0.03,Betweenness Centrality,lh_rostralanteriorcingulate,0.0,0.0,0.0
maxSW,aparc,0.03,Betweenness Centrality,lh_rostralmiddlefrontal,0.040968342644320296,0.19242706393544382,0.15145872129112353
maxSW,aparc,0.03,Betweenness Centrality,lh_superiorfrontal,0.42954686530105524,0.48789571694599626,0.058348851644941024
maxSW,aparc,0.03,Betweenness Centrality,lh_superiorparietal,0.3823711980136561,0.3823711980136561,0.0
maxSW,aparc,0.03,Betweenness Centrality,lh_superiortemporal,0.040968342644320296,0.040968342644320296,0.0
maxSW,aparc,0.03,Betweenness Centrality,lh_supramarginal,0.909373060211049,0.7281191806331471,-0.18125387957790196
maxSW,aparc,0.03,Betweenness Centrality,lh_temporalpole,0.0,0.0,0.0
maxSW,aparc,0.03,Betweenness Centrality,lh_transversetemporal,0.040968342644320296,0.040968342644320296,0.0
maxSW,aparc,0.03,Betweenness Centrality,rh_bankssts,0.08069522036002483,0.08069522036002483,0.0
maxSW,aparc,0.03,Betweenness Centrality,rh_caudalanteriorcingulate,0.040968342644320296,0.0,-0.040968342644320296
maxSW,aparc,0.03,Betweenness Centrality,rh_caudalmiddlefrontal,0.8007448789571695,0.2644320297951583,-0.5363128491620113
maxSW,aparc,0.03,Betweenness Centrality,rh_cuneus,0.040968342644320296,0.040968342644320296,0.0
maxSW,aparc,0.03,Betweenness Centrality,rh_entorhinal,0.0,0.040968342644320296,0.040968342644320296
maxSW,aparc,0.03,Betweenness Centrality,rh_frontalpole,0.040968342644320296,0.040968342644320296,0.0
maxSW,aparc,0.03,Betweenness Centrality,rh_fusiform,0.0,0.0,0.0
maxSW,aparc,0.03,Betweenness Centrality,rh_inferiorparietal,0.7113594040968343,1.0,0.2886405959031657
maxSW,aparc,0.03,Betweenness Centrality,rh_inferiortemporal,0.0,0.0,0.0
maxSW,aparc,0.03,Betweenness Centrality,rh_insula,0.0,0.0,0.0
maxSW,aparc,0.03,Betweenness Centrality,rh_isthmuscingulate,0.040968342644320296,0.040968342644320296,0.0
maxSW,aparc,0.03,Betweenness Centrality,rh_lateraloccipital,0.1191806331471136,0.260707635009311,0.1415270018621974
maxSW,aparc,0.03,Betweenness Centrality,rh_lateralorbitofrontal,0.4059590316573557,0.23215394165114836,-0.17380509000620734
maxSW,aparc,0.03,Betweenness Centrality,rh_lingual,0.1191806331471136,0.1191806331471136,0.0
maxSW,aparc,0.03,Betweenness Centrality,rh_medialorbitofrontal,0.08069522036002483,0.1191806331471136,0.038485412787088766
maxSW,aparc,0.03,Betweenness Centrality,rh_middletemporal,0.260707635009311,0.3240223463687151,0.06331471135940409
maxSW,aparc,0.03,Betweenness Centrality,rh_paracentral,0.19242706393544382,0.12042209807572936,-0.07200496585971446
maxSW,aparc,0.03,Betweenness Centrality,rh_parahippocampal,0.1191806331471136,0.040968342644320296,-0.0782122905027933
maxSW,aparc,0.03,Betweenness Centrality,rh_parsopercularis,0.0,0.0,0.0
maxSW,aparc,0.03,Betweenness Centrality,rh_parsorbitalis,0.19242706393544382,0.2669149596523898,0.074487895716946
maxSW,aparc,0.03,Betweenness Centrality,rh_parstriangularis,0.08069522036002483,0.0,-0.08069522036002483
maxSW,aparc,0.03,Betweenness Centrality,rh_pericalcarine,0.040968342644320296,0.040968342644320296,0.0
maxSW,aparc,0.03,Betweenness Centrality,rh_postcentral,0.30291744258224707,0.29298572315332094,-0.009931719428926122
maxSW,aparc,0.03,Betweenness Centrality,rh_posteriorcingulate,0.08069522036002483,0.040968342644320296,-0.03972687771570453
maxSW,aparc,0.03,Betweenness Centrality,rh_precentral,0.409683426443203,0.1564245810055866,-0.2532588454376164
maxSW,aparc,0.03,Betweenness Centrality,rh_precuneus,0.23215394165114836,0.23215394165114836,0.0
maxSW,aparc,0.03,Betweenness Centrality,rh_rostralanteriorcingulate,0.040968342644320296,0.040968342644320296,0.0
maxSW,aparc,0.03,Betweenness Centrality,rh_rostralmiddlefrontal,0.0,0.1564245810055866,0.1564245810055866
maxSW,aparc,0.03,Betweenness Centrality,rh_superiorfrontal,0.43575418994413406,0.48417132216014896,0.0484171322160149
maxSW,aparc,0.03,Betweenness Centrality,rh_superiorparietal,0.3538175046554935,0.3538175046554935,0.0
maxSW,aparc,0.03,Betweenness Centrality,rh_superiortemporal,0.0,0.0,0.0
maxSW,aparc,0.03,Betweenness Centrality,rh_supramarginal,0.040968342644320296,0.040968342644320296,0.0
maxSW,aparc,0.03,Betweenness Centrality,rh_temporalpole,0.040968342644320296,0.040968342644320296,0.0
maxSW,aparc,0.03,Betweenness Centrality,rh_transversetemporal,0.0,0.0,0.0
maxSW,aparc,0.03,Eigenvector Centrality,lh_bankssts,0.014662812259204634,0.016931084145842285,0.002268271886637651
maxSW,aparc,0.03,Eigenvector Centrality,lh_caudalanteriorcingulate,0.0021285658115633207,0.006637743442567455,0.004509177631004134
maxSW,aparc,0.03,Eigenvector Centrality,lh_caudalmiddlefrontal,0.12070633711208271,0.2191178634933952,0.0984115263813125
maxSW,aparc,0.03,Eigenvector Centrality,lh_cuneus,8.938126483492052e-06,0.00011698749567723475,0.0001080493691937427
maxSW,aparc,0.03,Eigenvector Centrality,lh_entorhinal,0.00041321721534902996,0.0002228899083780776,-0.00019032730697095236
maxSW,aparc,0.03,Eigenvector Centrality,lh_frontalpole,5.9753183601332294e-05,5.2138834929893155e-05,-7.6143486714391385e-06
maxSW,aparc,0.03,Eigenvector Centrality,lh_fusiform,0.4082459288763398,0.40077267634806335,-0.007473252528276464
maxSW,aparc,0.03,Eigenvector Centrality,lh_inferiorparietal,0.24618153517970437,0.4227755068820941,0.17659397170238972
maxSW,aparc,0.03,Eigenvector Centrality,lh_inferiortemporal,0.06436990900765396,0.039376326263210075,-0.02499358274444389
maxSW,aparc,0.03,Eigenvector Centrality,lh_insula,0.0012500870171843399,0.0014506189401331316,0.00020053192294879171
maxSW,aparc,0.03,Eigenvector Centrality,lh_isthmuscingulate,0.000737965348785639,0.0008770217433846508,0.0001390563945990118
maxSW,aparc,0.03,Eigenvector Centrality,lh_lateraloccipital,0.00014402613078544707,0.0011763901725380457,0.0010323640417525986
maxSW,aparc,0.03,Eigenvector Centrality,lh_lateralorbitofrontal,0.06554081195594232,0.14479677091431684,0.07925595895837452
maxSW,aparc,0.03,Eigenvector Centrality,lh_lingual,0.0001274424047962281,0.00013735850505706038,9.916100260832275e-06
maxSW,aparc,0.03,Eigenvector Centrality,lh_medialorbitofrontal,0.021398942296995144,0.008477365258477648,-0.012921577038517497
maxSW,aparc,0.03,Eigenvector Centrality,lh_middletemporal,0.019649949584577615,0.013657636406554857,-0.005992313178022759
maxSW,aparc,0.03,Eigenvector Centrality,lh_paracentral,0.01899640589951559,0.012719312350664492,-0.006277093548851099
maxSW,aparc,0.03,Eigenvector Centrality,lh_parahippocampal,0.0018182652294482253,0.003767512193124393,0.0019492469636761677
maxSW,aparc,0.03,Eigenvector Centrality,lh_parsopercularis,0.32170848097996974,0.31629780680637104,-0.005410674173598695
maxSW,aparc,0.03,Eigenvector Centrality,lh_parsorbitalis,0.0016029705036765124,0.0012040304712886143,-0.0003989400323878981
maxSW,aparc,0.03,Eigenvector Centrality,lh_parstriangularis,0.3137293116148742,0.18435700567950275,-0.12937230593537147
maxSW,aparc,0.03,Eigenvector Centrality,lh_pericalcarine,0.0,1.0664196602414372e-06,1.0664196602414372e-06
maxSW,aparc,0.03,Eigenvector Centrality,lh_postcentral,0.0027895700947681555,0.020192529510234383,0.017402959415466226
maxSW,aparc,0.03,Eigenvector Centrality,lh_posteriorcingulate,0.06050181549047445,0.022263991638808323,-0.03823782385166613
maxSW,aparc,0.03,Eigenvector Centrality,lh_precentral,0.15437523915628798,0.24956005919025268,0.0951848200339647
maxSW,aparc,0.03,Eigenvector Centrality,lh_precuneus,0.13565024174129928,0.1542187544622259,0.018568512720926633
maxSW,aparc,0.03,Eigenvector Centrality,lh_rostralanteriorcingulate,0.015008939037285618,0.004688357280747962,-0.010320581756537656
maxSW,aparc,0.03,Eigenvector Centrality,lh_rostralmiddlefrontal,0.1234131828175757,0.2024913904972136,0.0790782076796379
maxSW,aparc,0.03,Eigenvector Centrality,lh_superiorfrontal,0.15957222470075308,0.10973724629669226,-0.049834978404060815
maxSW,aparc,0.03,Eigenvector Centrality,lh_superiorparietal,0.020266087386547598,0.14998406468325104,0.12971797729670345
maxSW,aparc,0.03,Eigenvector Centrality,lh_superiortemporal,0.02204373803185292,0.03844050489106317,0.016396766859210248
maxSW,aparc,0.03,Eigenvector Centrality,lh_supramarginal,1.0,0.5743719457926953,-0.42562805420730465
maxSW,aparc,0.03,Eigenvector Centrality,lh_temporalpole,6.364591541534841e-05,4.128706658104811e-05,-2.2358848834300305e-05
maxSW,aparc,0.03,Eigenvector Centrality,lh_transversetemporal,0.015041748976960971,0.017117303400055826,0.0020755544230948546
maxSW,aparc,0.03,Eigenvector Centrality,rh_bankssts,0.004409959824897235,0.005363885095522578,0.0009539252706253429
maxSW,aparc,0.03,Eigenvector Centrality,rh_caudalanteriorcingulate,0.007000600522395719,0.0023514499395733955,-0.004649150582822323
maxSW,aparc,0.03,Eigenvector Centrality,rh_caudalmiddlefrontal,0.3711037287699905,0.6723283330448219,0.3012246042748314
maxSW,aparc,0.03,Eigenvector Centrality,rh_cuneus,4.2263976385713795e-05,0.00038166868952891513,0.00033940471314320136
maxSW,aparc,0.03,Eigenvector Centrality,rh_entorhinal,0.000105538597570828,0.0008265700655380255,0.0007210314679671976
maxSW,aparc,0.03,Eigenvector Centrality,rh_frontalpole,0.0003167391030057289,0.00024103061366365054,-7.570848934207837e-05
maxSW,aparc,0.03,Eigenvector Centrality,rh_fusiform,0.1323920501061276,0.12998113334282285,-0.002410916763304738
maxSW,aparc,0.03,Eigenvector Centrality,rh_inferiorparietal,0.7365309727641315,0.9824947863866679,0.2459638136225364
maxSW,aparc,0.03,Eigenvector Centrality,rh_inferiortemporal,0.020625913650452958,0.01284558758644859,-0.007780326064004368
maxSW,aparc,0.03,Eigenvector Centrality,rh_insula,0.0003994929120861094,0.0004485638715262755,4.907095944016611e-05
maxSW,aparc,0.03,Eigenvector Centrality,rh_isthmuscingulate,0.0023976497289868665,0.002748538913496344,0.00035088918450947764
maxSW,aparc,0.03,Eigenvector Centrality,rh_lateraloccipital,0.00041373321300017013,0.0028220362564852037,0.002408303043485034
maxSW,aparc,0.03,Eigenvector Centrality,rh_lateralorbitofrontal,0.1820831541039908,0.0586238839464645,-0.12345927015752631
maxSW,aparc,0.03,Eigenvector Centrality,rh_lingual,0.00038779712482145786,0.00040961553193465605,2.1818407113198188e-05
maxSW,aparc,0.03,Eigenvector Centrality,rh_medialorbitofrontal,0.007501970936236664,0.023977442672017384,0.01647547173578072
maxSW,aparc,0.03,Eigenvector Centrality,rh_middletemporal,0.056064932577168616,0.03908804041383686,-0.016976892163331758
maxSW,aparc,0.03,Eigenvector Centrality,rh_paracentral,0.054330706155422855,0.0386706198466603,-0.015660086308762554
maxSW,aparc,0.03,Eigenvector Centrality,rh_parahippocampal,0.005783059925724774,0.012179071607514589,0.006396011681789815
maxSW,aparc,0.03,Eigenvector Centrality,rh_parsopercularis,0.19973706277248116,0.19178480047616486,-0.007952262296316293
maxSW,aparc,0.03,Eigenvector Centrality,rh_parsorbitalis,0.005161725293667057,0.0037480853141400434,-0.0014136399795270133
maxSW,aparc,0.03,Eigenvector Centrality,rh_parstriangularis,0.355425520990975,0.18047434459278364,-0.17495117639819138
maxSW,aparc,0.03,Eigenvector Centrality,rh_pericalcarine,1.799306648035253e-05,2.2458940088810895e-05,4.465873608458366e-06
maxSW,aparc,0.03,Eigenvector Centrality,rh_postcentral,0.0011672439597103653,0.00766685694324195,0.006499612983531585
maxSW,aparc,0.03,Eigenvector Centrality,rh_posteriorcingulate,0.021407894875905765,0.007967716113924665,-0.0134401787619811
maxSW,aparc,0.03,Eigenvector Centrality,rh_precentral,0.05736060513129876,0.09703909232581899,0.03967848719452023
maxSW,aparc,0.03,Eigenvector Centrality,rh_precuneus,0.0529930977349109,0.06062568043186299,0.007632582696952092
maxSW,aparc,0.03,Eigenvector Centrality,rh_rostralanteriorcingulate,0.05438522505966474,0.01717437509243434,-0.0372108499672304
maxSW,aparc,0.03,Eigenvector Centrality,rh_rostralmiddlefrontal,0.03941974849594346,0.07280182875882887,0.033382080262885416
maxSW,aparc,0.03,Eigenvector Centrality,rh_superiorfrontal,0.36173873791785294,0.2151114746890848,-0.14662726322876815
maxSW,aparc,0.03,Eigenvector Centrality,rh_superiorparietal,0.007669720991218019,0.05671272995990001,0.049043008968681995
maxSW,aparc,0.03,Eigenvector Centrality,rh_superiortemporal,0.007268330863699361,0.012797465291109918,0.005529134427410557
maxSW,aparc,0.03,Eigenvector Centrality,rh_supramarginal,0.629612067830796,0.6045607331668355,-0.02505133466396059
maxSW,aparc,0.03,Eigenvector Centrality,rh_temporalpole,0.00030234771972058495,0.00021250546816932407,-8.984225155126088e-05
maxSW,aparc,0.03,Eigenvector Centrality,rh_transversetemporal,0.00455399228527453,0.004936700858116177,0.00038270857284164635
maxSW,aparc,0.03,Node Degree,lh_bankssts,0.16666666666666666,0.16666666666666666,0.0
maxSW,aparc,0.03,Node Degree,lh_caudalanteriorcingulate,0.0,0.0,0.0
maxSW,aparc,0.03,Node Degree,lh_caudalmiddlefrontal,0.0,0.0,0.0
maxSW,aparc,0.03,Node Degree,lh_cuneus,0.0,0.0,0.0
maxSW,aparc,0.03,Node Degree,lh_entorhinal,0.16666666666666666,0.0,-0.16666666666666666
maxSW,aparc,0.03,Node Degree,lh_frontalpole,0.0,0.0,0.0
maxSW,aparc,0.03,Node Degree,lh_fusiform,0.3333333333333333,0.3333333333333333,0.0
maxSW,aparc,0.03,Node Degree,lh_inferiorparietal,0.0,0.3333333333333333,0.3333333333333333
maxSW,aparc,0.03,Node Degree,lh_inferiortemporal,0.3333333333333333,0.16666666666666666,-0.16666666666666666
maxSW,aparc,0.03,Node Degree,lh_insula,0.16666666666666666,0.16666666666666666,0.0
maxSW,aparc,0.03,Node Degree,lh_isthmuscingulate,0.0,0.0,0.0
maxSW,aparc,0.03,Node Degree,lh_lateraloccipital,0.16666666666666666,0.3333333333333333,0.16666666666666666
maxSW,aparc,0.03,Node Degree,lh_lateralorbitofrontal,0.16666666666666666,0.16666666666666666,0.0
maxSW,aparc,0.03,Node Degree,lh_lingual,0.16666666666666666,0.16666666666666666,0.0
maxSW,aparc,0.03,Node Degree,lh_medialorbitofrontal,0.16666666666666666,0.16666666666666666,0.0
maxSW,aparc,0.03,Node Degree,lh_middletemporal,0.16666666666666666,0.16666666666666666,0.0
maxSW,aparc,0.03,Node Degree,lh_paracentral,0.16666666666666666,0.0,-0.16666666666666666
maxSW,aparc,0.03,Node Degree,lh_parahippocampal,0.16666666666666666,0.0,-0.16666666666666666
maxSW,aparc,0.03,Node Degree,lh_parsopercularis,0.0,0.0,0.0
maxSW,aparc,0.03,Node Degree,lh_parsorbitalis,0.3333333333333333,0.3333333333333333,0.0
maxSW,aparc,0.03,Node Degree,lh_parstriangularis,0.0,0.0,0.0
maxSW,aparc,0.03,Node Degree,lh_pericalcarine,0.0,0.0,0.0
maxSW,aparc,0.03,Node Degree,lh_postcentral,0.16666666666666666,0.16666666666666666,0.0
maxSW,aparc,0.03,Node Degree,lh_posteriorcingulate,0.16666666666666666,0.3333333333333333,0.16666666666666666
maxSW,aparc,0.03,Node Degree,lh_precentral,0.3333333333333333,0.16666666666666666,-0.16666666666666666
maxSW,aparc,0.03,Node Degree,lh_precuneus,0.16666666666666666,0.16666666666666666,0.0
maxSW,aparc,0.03,Node Degree,lh_rostralanteriorcingulate,0.0,0.0,0.0
maxSW,aparc,0.03,Node Degree,lh_rostralmiddlefrontal,0.16666666666666666,0.16666666666666666,0.0
maxSW,aparc,0.03,Node Degree,lh_superiorfrontal,0.3333333333333333,0.5,0.16666666666666669
maxSW,aparc,0.03,Node Degree,lh_superiorparietal,0.16666666666666666,0.16666666666666666,0.0
maxSW,aparc,0.03,Node Degree,lh_superiortemporal,0.16666666666666666,0.16666666666666666,0.0
maxSW,aparc,0.03,Node Degree,lh_supramarginal,1.0,0.6666666666666666,-0.33333333333333337
maxSW,aparc,0.03,Node Degree,lh_temporalpole,0.0,0.0,0.0
maxSW,aparc,0.03,Node Degree,lh_transversetemporal,0.16666666666666666,0.16666666666666666,0.0
maxSW,aparc,0.03,Node Degree,rh_bankssts,0.16666666666666666,0.16666666666666666,0.0
maxSW,aparc,0.03,Node Degree,rh_caudalanteriorcingulate,0.16666666666666666,0.0,-0.16666666666666666
maxSW,aparc,0.03,Node Degree,rh_caudalmiddlefrontal,0.5,0.5,0.0
maxSW,aparc,0.03,Node Degree,rh_cuneus,0.16666666666666666,0.16666666666666666,0.0
maxSW,aparc,0.03,Node Degree,rh_entorhinal,0.0,0.16666666666666666,0.16666666666666666
maxSW,aparc,0.03,Node Degree,rh_frontalpole,0.16666666666666666,0.16666666666666666,0.0
maxSW,aparc,0.03,Node Degree,rh_fusiform,0.0,0.0,0.0
maxSW,aparc,0.03,Node Degree,rh_inferiorparietal,0.5,0.8333333333333334,0.33333333333333337
maxSW,aparc,0.03,Node Degree,rh_inferiortemporal,0.0,0.0,0.0
maxSW,aparc,0.03,Node Degree,rh_insula,0.0,0.0,0.0
maxSW,aparc,0.03,Node Degree,rh_isthmuscingulate,0.16666666666666666,0.16666666666666666,0.0
maxSW,aparc,0.03,Node Degree,rh_lateraloccipital,0.16666666666666666,0.16666666666666666,0.0
maxSW,aparc,0.03,Node Degree,rh_lateralorbitofrontal,0.5,0.3333333333333333,-0.16666666666666669
maxSW,aparc,0.03,Node Degree,rh_lingual,0.16666666666666666,0.16666666666666666,0.0
maxSW,aparc,0.03,Node Degree,rh_medialorbitofrontal,0.16666666666666666,0.16666666666666666,0.0
maxSW,aparc,0.03,Node Degree,rh_middletemporal,0.16666666666666666,0.16666666666666666,0.0
maxSW,aparc,0.03,Node Degree,rh_paracentral,0.16666666666666666,0.3333333333333333,0.16666666666666666
maxSW,aparc,0.03,Node Degree,rh_parahippocampal,0.16666666666666666,0.16666666666666666,0.0
maxSW,aparc,0.03,Node Degree,rh_parsopercularis,0.0,0.0,0.0
maxSW,aparc,0.03,Node Degree,rh_parsorbitalis,0.16666666666666666,0.3333333333333333,0.16666666666666666
maxSW,aparc,0.03,Node Degree,rh_parstriangularis,0.16666666666666666,0.0,-0.16666666666666666
maxSW,aparc,0.03,Node Degree,rh_pericalcarine,0.16666666666666666,0.16666666666666666,0.0
maxSW,aparc,0.03,Node Degree,rh_postcentral,0.3333333333333333,0.16666666666666666,-0.16666666666666666
maxSW,aparc,0.03,Node Degree,rh_posteriorcingulate,0.16666666666666666,0.16666666666666666,0.0
maxSW,aparc,0.03,Node Degree,rh_precentral,0.16666666666666666,0.16666666666666666,0.0
maxSW,aparc,0.03,Node Degree,rh_precuneus,0.3333333333333333,0.3333333333333333,0.0
maxSW,aparc,0.03,Node Degree,rh_rostralanteriorcingulate,0.16666666666666666,0.16666666666666666,0.0
maxSW,aparc,0.03,Node Degree,rh_rostralmiddlefrontal,0.0,0.16666666666666666,0.16666666666666666
maxSW,aparc,0.03,Node Degree,rh_superiorfrontal,0.16666666666666666,0.16666666666666666,0.0
maxSW,aparc,0.03,Node Degree,rh_superiorparietal,0.16666666666666666,0.16666666666666666,0.0
maxSW,aparc,0.03,Node Degree,rh_superiortemporal,0.0,0.0,0.0
maxSW,aparc,0.03,Node Degree,rh_supramarginal,0.3333333333333333,0.3333333333333333,0.0
maxSW,aparc,0.03,Node Degree,rh_temporalpole,0.16666666666666666,0.16666666666666666,0.0
maxSW,aparc,0.03,Node Degree,rh_transversetemporal,0.0,0.0,0.0
maxSW,aparc,0.05,Participation Coefficient,lh_bankssts,0.9981226254488763,0.0,-0.9981226254488763
maxSW,aparc,0.05,Participation Coefficient,lh_caudalanteriorcingulate,0.0,0.0,0.0
maxSW,aparc,0.05,Participation Coefficient,lh_caudalmiddlefrontal,0.0,0.0,0.0
maxSW,aparc,0.05,Participation Coefficient,lh_cuneus,0.0,0.0,0.0
maxSW,aparc,0.05,Participation Coefficient,lh_entorhinal,0.0,0.0,0.0
maxSW,aparc,0.05,Participation Coefficient,lh_frontalpole,0.0,0.0,0.0
maxSW,aparc,0.05,Participation Coefficient,lh_fusiform,0.8791945982947754,0.7527302437379613,-0.12646435455681415
maxSW,aparc,0.05,Participation Coefficient,lh_inferiorparietal,0.0,0.42566111940557266,0.42566111940557266
maxSW,aparc,0.05,Participation Coefficient,lh_inferiortemporal,0.0,0.0,0.0
maxSW,aparc,0.05,Participation Coefficient,lh_insula,0.0,0.0,0.0
maxSW,aparc,0.05,Participation Coefficient,lh_isthmuscingulate,0.0,0.0,0.0
maxSW,aparc,0.05,Participation Coefficient,lh_lateraloccipital,0.0,0.0,0.0
maxSW,aparc,0.05,Participation Coefficient,lh_lateralorbitofrontal,0.0,0.0,0.0
maxSW,aparc,0.05,Participation Coefficient,lh_lingual,0.0,0.0,0.0
maxSW,aparc,0.05,Participation Coefficient,lh_medialorbitofrontal,0.0,0.0,0.0
maxSW,aparc,0.05,Participation Coefficient,lh_middletemporal,0.0,0.0,0.0
maxSW,aparc,0.05,Participation Coefficient,lh_paracentral,0.8474090258055057,0.0,-0.8474090258055057
maxSW,aparc,0.05,Participation Coefficient,lh_parahippocampal,0.0,0.0,0.0
maxSW,aparc,0.05,Participation Coefficient,lh_parsopercularis,0.0,0.0,0.0
maxSW,aparc,0.05,Participation Coefficient,lh_parsorbitalis,0.0,0.0,0.0
maxSW,aparc,0.05,Participation Coefficient,lh_parstriangularis,0.0,0.0,0.0
maxSW,aparc,0.05,Participation Coefficient,lh_pericalcarine,0.0,0.0,0.0
maxSW,aparc,0.05,Participation Coefficient,lh_postcentral,0.0,0.0,0.0
maxSW,aparc,0.05,Participation Coefficient,lh_posteriorcingulate,0.0,0.0,0.0
maxSW,aparc,0.05,Participation Coefficient,lh_precentral,0.0,0.0,0.0
maxSW,aparc,0.05,Participation Coefficient,lh_precuneus,0.0,0.583712327871372,0.583712327871372
maxSW,aparc,0.05,Participation Coefficient,lh_rostralanteriorcingulate,0.0,0.0,0.0
maxSW,aparc,0.05,Participation Coefficient,lh_rostralmiddlefrontal,0.0,1.0,1.0
maxSW,aparc,0.05,Participation Coefficient,lh_superiorfrontal,0.0,0.0,0.0
maxSW,aparc,0.05,Participation Coefficient,lh_superiorparietal,0.736712247255725,0.998753574636463,0.26204132738073793
maxSW,aparc,0.05,Participation Coefficient,lh_superiortemporal,0.0,0.0,0.0
maxSW,aparc,0.05,Participation Coefficient,lh_supramarginal,0.6140997760423716,0.664121020685446,0.050021244643074336
maxSW,aparc,0.05,Participation Coefficient,lh_temporalpole,0.0,0.0,0.0
maxSW,aparc,0.05,Participation Coefficient,lh_transversetemporal,0.0,0.0,0.0
maxSW,aparc,0.05,Participation Coefficient,rh_bankssts,0.0,0.0,0.0
maxSW,aparc,0.05,Participation Coefficient,rh_caudalanteriorcingulate,0.0,0.0,0.0
maxSW,aparc,0.05,Participation Coefficient,rh_caudalmiddlefrontal,0.0,0.0,0.0
maxSW,aparc,0.05,Participation Coefficient,rh_cuneus,0.0,0.0,0.0
maxSW,aparc,0.05,Participation Coefficient,rh_entorhinal,0.0,0.0,0.0
maxSW,aparc,0.05,Participation Coefficient,rh_frontalpole,0.0,0.0,0.0
maxSW,aparc,0.05,Participation Coefficient,rh_fusiform,0.0,0.0,0.0
maxSW,aparc,0.05,Participation Coefficient,rh_inferiorparietal,0.0,0.3285898242902117,0.3285898242902117
maxSW,aparc,0.05,Participation Coefficient,rh_inferiortemporal,0.0,0.0,0.0
maxSW,aparc,0.05,Participation Coefficient,rh_insula,0.0,0.0,0.0
maxSW,aparc,0.05,Participation Coefficient,rh_isthmuscingulate,0.0,0.0,0.0
maxSW,aparc,0.05,Participation Coefficient,rh_lateraloccipital,0.0,0.0,0.0
maxSW,aparc,0.05,Participation Coefficient,rh_lateralorbitofrontal,0.0,0.0,0.0
maxSW,aparc,0.05,Participation Coefficient,rh_lingual,0.0,0.0,0.0
maxSW,aparc,0.05,Participation Coefficient,rh_medialorbitofrontal,0.0,0.0,0.0
maxSW,aparc,0.05,Participation Coefficient,rh_middletemporal,0.0,0.0,0.0
maxSW,aparc,0.05,Participation Coefficient,rh_paracentral,0.0,0.0,0.0
maxSW,aparc,0.05,Participation Coefficient,rh_parahippocampal,0.9987430610662874,0.0,-0.9987430610662874
maxSW,aparc,0.05,Participation Coefficient,rh_parsopercularis,0.0,0.0,0.0
maxSW,aparc,0.05,Participation Coefficient,rh_parsorbitalis,0.0,0.0,0.0
maxSW,aparc,0.05,Participation Coefficient,rh_parstriangularis,0.0,0.0,0.0
maxSW,aparc,0.05,Participation Coefficient,rh_pericalcarine,0.0,0.0,0.0
maxSW,aparc,0.05,Participation Coefficient,rh_postcentral,0.0,0.0,0.0
maxSW,aparc,0.05,Participation Coefficient,rh_posteriorcingulate,0.0,0.0,0.0
maxSW,aparc,0.05,Participation Coefficient,rh_precentral,0.6301253084367504,0.0,-0.6301253084367504
maxSW,aparc,0.05,Participation Coefficient,rh_precuneus,0.6836555497053312,0.9577048430168407,0.2740492933115095
maxSW,aparc,0.05,Participation Coefficient,rh_rostralanteriorcingulate,0.0,0.0,0.0
maxSW,aparc,0.05,Participation Coefficient,rh_rostralmiddlefrontal,0.0,0.0,0.0
maxSW,aparc,0.05,Participation Coefficient,rh_superiorfrontal,0.7341854132125588,0.7337673057919196,-0.00041810742063919104
maxSW,aparc,0.05,Participation Coefficient,rh_superiorparietal,0.0,0.0,0.0
maxSW,aparc,0.05,Participation Coefficient,rh_superiortemporal,0.0,0.0,0.0
maxSW,aparc,0.05,Participation Coefficient,rh_supramarginal,0.0,0.0,0.0
maxSW,aparc,0.05,Participation Coefficient,rh_temporalpole,0.0,0.0,0.0
maxSW,aparc,0.05,Participation Coefficient,rh_transversetemporal,0.0,0.0,0.0
maxSW,aparc,0.05,Node Versatility,lh_bankssts,0.17672037742985805,0.0842325878377611,-0.09248778959209696
maxSW,aparc,0.05,Node Versatility,lh_caudalanteriorcingulate,0.0,0.0,0.0
maxSW,aparc,0.05,Node Versatility,lh_caudalmiddlefrontal,0.29578228482040025,0.6851688148468309,0.38938653002643064
maxSW,aparc,0.05,Node Versatility,lh_cuneus,0.0,0.03262927686497056,0.03262927686497056
maxSW,aparc,0.05,Node Versatility,lh_entorhinal,0.1181562006248562,0.0,-0.1181562006248562
maxSW,aparc,0.05,Node Versatility,lh_frontalpole,0.0,0.0,0.0
maxSW,aparc,0.05,Node Versatility,lh_fusiform,0.0,0.0,0.0
maxSW,aparc,0.05,Node Versatility,lh_inferiorparietal,0.2723740555978487,0.5410511484276801,0.2686770928298314
maxSW,aparc,0.05,Node Versatility,lh_inferiortemporal,0.0,0.0,0.0
maxSW,aparc,0.05,Node Versatility,lh_insula,0.17672037742985805,0.0842325878377611,-0.09248778959209696
maxSW,aparc,0.05,Node Versatility,lh_isthmuscingulate,0.0,0.0,0.0
maxSW,aparc,0.05,Node Versatility,lh_lateraloccipital,0.0,0.03262927686497056,0.03262927686497056
maxSW,aparc,0.05,Node Versatility,lh_lateralorbitofrontal,0.0,0.0,0.0
maxSW,aparc,0.05,Node Versatility,lh_lingual,0.0,0.0,0.0
maxSW,aparc,0.05,Node Versatility,lh_medialorbitofrontal,0.0,0.0,0.0
maxSW,aparc,0.05,Node Versatility,lh_middletemporal,0.0,0.0,0.0
maxSW,aparc,0.05,Node Versatility,lh_paracentral,0.28936371621658413,0.45918108061009727,0.16981736439351314
maxSW,aparc,0.05,Node Versatility,lh_parahippocampal,0.1181562006248562,0.5805515908404945,0.46239539021563825
maxSW,aparc,0.05,Node Versatility,lh_parsopercularis,0.14671329562483132,0.2545217073796797,0.1078084117548484
maxSW,aparc,0.05,Node Versatility,lh_parsorbitalis,0.0,0.0,0.0
maxSW,aparc,0.05,Node Versatility,lh_parstriangularis,0.17328627912793967,0.20460798209525147,0.03132170296731179
maxSW,aparc,0.05,Node Versatility,lh_pericalcarine,0.0,0.0,0.0
maxSW,aparc,0.05,Node Versatility,lh_postcentral,0.0,0.03262927686497056,0.03262927686497056
maxSW,aparc,0.05,Node Versatility,lh_posteriorcingulate,0.0,0.0,0.0
maxSW,aparc,0.05,Node Versatility,lh_precentral,0.3118587159237332,0.47261799837461826,0.16075928245088505
maxSW,aparc,0.05,Node Versatility,lh_precuneus,0.2705251573734244,1.0,0.7294748426265756
maxSW,aparc,0.05,Node Versatility,lh_rostralanteriorcingulate,0.0,0.0,0.0
maxSW,aparc,0.05,Node Versatility,lh_rostralmiddlefrontal,0.15898450337441017,0.0,-0.15898450337441017
maxSW,aparc,0.05,Node Versatility,lh_superiorfrontal,0.0,0.0,0.0
maxSW,aparc,0.05,Node Versatility,lh_superiorparietal,0.0,0.4559342133977619,0.4559342133977619
maxSW,aparc,0.05,Node Versatility,lh_superiortemporal,0.0,0.0,0.0
maxSW,aparc,0.05,Node Versatility,lh_supramarginal,0.17328627912793967,0.20460798209525147,0.03132170296731179
maxSW,aparc,0.05,Node Versatility,lh_temporalpole,0.0,0.0,0.0
maxSW,aparc,0.05,Node Versatility,lh_transversetemporal,0.4473615865520365,0.12651186312603105,-0.3208497234260055
maxSW,aparc,0.05,Node Versatility,rh_bankssts,0.17672037742985805,0.0842325878377611,-0.09248778959209696
maxSW,aparc,0.05,Node Versatility,rh_caudalanteriorcingulate,0.0,0.0,0.0
maxSW,aparc,0.05,Node Versatility,rh_caudalmiddlefrontal,0.28523858999949797,0.9435219026278415,0.6582833126283436
maxSW,aparc,0.05,Node Versatility,rh_cuneus,0.0,0.03262927686497056,0.03262927686497056
maxSW,aparc,0.05,Node Versatility,rh_entorhinal,0.1181562006248562,0.0,-0.1181562006248562
maxSW,aparc,0.05,Node Versatility,rh_frontalpole,0.0,0.0,0.0
maxSW,aparc,0.05,Node Versatility,rh_fusiform,0.0,0.0,0.0
maxSW,aparc,0.05,Node Versatility,rh_inferiorparietal,0.1654193805527442,0.20460798209525147,0.03918860154250728
maxSW,aparc,0.05,Node Versatility,rh_inferiortemporal,0.0,0.0,0.0
maxSW,aparc,0.05,Node Versatility,rh_insula,0.17672037742985805,0.0842325878377611,-0.09248778959209696
maxSW,aparc,0.05,Node Versatility,rh_isthmuscingulate,0.0,0.0,0.0
maxSW,aparc,0.05,Node Versatility,rh_lateraloccipital,0.0,0.03262927686497056,0.03262927686497056
maxSW,aparc,0.05,Node Versatility,rh_lateralorbitofrontal,0.0,0.0,0.0
maxSW,aparc,0.05,Node Versatility,rh_lingual,0.0,0.0,0.0
maxSW,aparc,0.05,Node Versatility,rh_medialorbitofrontal,0.0,0.0,0.0
maxSW,aparc,0.05,Node Versatility,rh_middletemporal,0.0,0.0,0.0
maxSW,aparc,0.05,Node Versatility,rh_paracentral,0.28936371621658413,0.45918108061009727,0.16981736439351314
maxSW,aparc,0.05,Node Versatility,rh_parahippocampal,0.1181562006248562,0.5805515908404945,0.46239539021563825
maxSW,aparc,0.05,Node Versatility,rh_parsopercularis,0.1552309410930503,0.2545217073796797,0.09929076628662942
maxSW,aparc,0.05,Node Versatility,rh_parsorbitalis,0.0,0.0,0.0
maxSW,aparc,0.05,Node Versatility,rh_parstriangularis,0.44052598283381367,0.20460798209525147,-0.2359180007385622
maxSW,aparc,0.05,Node Versatility,rh_pericalcarine,0.0,0.0,0.0
maxSW,aparc,0.05,Node Versatility,rh_postcentral,0.0,0.03262927686497056,0.03262927686497056
maxSW,aparc,0.05,Node Versatility,rh_posteriorcingulate,0.0,0.0,0.0
maxSW,aparc,0.05,Node Versatility,rh_precentral,0.1797999512922544,0.46461426047790394,0.28481430918564954
maxSW,aparc,0.05,Node Versatility,rh_precuneus,0.6052078657643252,0.12651186312603105,-0.47869600263829415
maxSW,aparc,0.05,Node Versatility,rh_rostralanteriorcingulate,0.0,0.0,0.0
maxSW,aparc,0.05,Node Versatility,rh_rostralmiddlefrontal,0.15898450337441017,0.0,-0.15898450337441017
maxSW,aparc,0.05,Node Versatility,rh_superiorfrontal,0.0,0.0,0.0
maxSW,aparc,0.05,Node Versatility,rh_superiorparietal,0.0,0.03262927686497056,0.03262927686497056
maxSW,aparc,0.05,Node Versatility,rh_superiortemporal,0.0,0.0,0.0
maxSW,aparc,0.05,Node Versatility,rh_supramarginal,0.14671329562483132,0.40349970638257815,0.25678641075774683
maxSW,aparc,0.05,Node Versatility,rh_temporalpole,0.0,0.0,0.0
maxSW,aparc,0.05,Node Versatility,rh_transversetemporal,0.4473615865520365,0.12651186312603105,-0.3208497234260055
maxSW,aparc,0.05,Node Strength,lh_bankssts,0.09047288133304153,0.09438365146325575,0.003910770130214222
maxSW,aparc,0.05,Node Strength,lh_caudalanteriorcingulate,0.027399212634069265,0.02529828468637819,-0.002100927947691074
maxSW,aparc,0.05,Node Strength,lh_caudalmiddlefrontal,0.46448427291964584,0.552292114506287,0.08780784158664118
maxSW,aparc,0.05,Node Strength,lh_cuneus,0.031784690891261555,0.03088473597512099,-0.0008999549161405641
maxSW,aparc,0.05,Node Strength,lh_entorhinal,0.07618642422802992,0.019031994202636668,-0.05715443002539325
maxSW,aparc,0.05,Node Strength,lh_frontalpole,0.0,0.008612120302383529,0.008612120302383529
maxSW,aparc,0.05,Node Strength,lh_fusiform,0.20472808035161613,0.2927085731825709,0.08798049283095474
maxSW,aparc,0.05,Node Strength,lh_inferiorparietal,0.732671486834781,0.6480087560370092,-0.08466273079777176
maxSW,aparc,0.05,Node Strength,lh_inferiortemporal,0.37774613695359743,0.2940848348698079,-0.08366130208378952
maxSW,aparc,0.05,Node Strength,lh_insula,0.10300835295672153,0.09663392093933723,-0.006374432017384302
maxSW,aparc,0.05,Node Strength,lh_isthmuscingulate,0.028785532720211195,0.03147202387999061,0.0026864911597794146
maxSW,aparc,0.05,Node Strength,lh_lateraloccipital,0.28468611185295706,0.37551391935631634,0.09082780750335928
maxSW,aparc,0.05,Node Strength,lh_lateralorbitofrontal,0.11349056734340103,0.11938513704708424,0.005894569703683211
maxSW,aparc,0.05,Node Strength,lh_lingual,0.08147065502406206,0.08668783649671778,0.005217181472655721
maxSW,aparc,0.05,Node Strength,lh_medialorbitofrontal,0.11138695623322784,0.11159262439013841,0.00020566815691057394
maxSW,aparc,0.05,Node Strength,lh_middletemporal,0.10016880952716777,0.09809338998167126,-0.002075419545496504
maxSW,aparc,0.05,Node Strength,lh_paracentral,0.1937755924156335,0.11984255844355621,-0.07393303397207729
maxSW,aparc,0.05,Node Strength,lh_parahippocampal,0.08511421266665253,0.0284319716602692,-0.05668224100638333
maxSW,aparc,0.05,Node Strength,lh_parsopercularis,0.29195813565591255,0.4639070950439015,0.17194895938798893
maxSW,aparc,0.05,Node Strength,lh_parsorbitalis,0.12651382250482593,0.12634167810748229,-0.00017214439734364317
maxSW,aparc,0.05,Node Strength,lh_parstriangularis,0.2869218365776221,0.46345926370004226,0.17653742712242015
maxSW,aparc,0.05,Node Strength,lh_pericalcarine,0.018866987528430135,0.017081534164955652,-0.0017854533634744825
maxSW,aparc,0.05,Node Strength,lh_postcentral,0.3793042040691288,0.294946548667952,-0.08435765540117679
maxSW,aparc,0.05,Node Strength,lh_posteriorcingulate,0.11301425618048817,0.1983891429034615,0.08537488672297332
maxSW,aparc,0.05,Node Strength,lh_precentral,0.8146473425428423,0.3870722507062628,-0.42757509183657955
maxSW,aparc,0.05,Node Strength,lh_precuneus,0.46888565086747164,0.4660915695224804,-0.0027940813449912616
maxSW,aparc,0.05,Node Strength,lh_rostralanteriorcingulate,0.019470825945916186,0.018389759756596905,-0.001081066189319281
maxSW,aparc,0.05,Node Strength,lh_rostralmiddlefrontal,0.11771565312521037,0.11839676066506698,0.0006811075398566041
maxSW,aparc,0.05,Node Strength,lh_superiorfrontal,0.29699230214553474,0.4706758341177612,0.17368353197222647
maxSW,aparc,0.05,Node Strength,lh_superiorparietal,0.2938750537965403,0.12105289378058363,-0.17282216001595663
maxSW,aparc,0.05,Node Strength,lh_superiortemporal,0.11879825006561329,0.2060084603694375,0.08721021030382423
maxSW,aparc,0.05,Node Strength,lh_supramarginal,0.906708345209682,0.8240439257213894,-0.08266441948829262
maxSW,aparc,0.05,Node Strength,lh_temporalpole,0.0061313978029174775,0.003500618726858617,-0.0026307790760588604
maxSW,aparc,0.05,Node Strength,lh_transversetemporal,0.0982631407319605,0.09395100580335772,-0.004312134928602787
maxSW,aparc,0.05,Node Strength,rh_bankssts,0.09083839899049231,0.09210840107455913,0.0012700020840668153
maxSW,aparc,0.05,Node Strength,rh_caudalanteriorcingulate,0.10950410173412076,0.024573841135324317,-0.08493026059879644
maxSW,aparc,0.05,Node Strength,rh_caudalmiddlefrontal,0.8211137695709105,0.8269223726572429,0.0058086030863323534
maxSW,aparc,0.05,Node Strength,rh_cuneus,0.11250054083425234,0.11214331856132231,-0.00035722227293003006
maxSW,aparc,0.05,Node Strength,rh_entorhinal,0.017084844431389475,0.07552569393819963,0.05844084950681016
maxSW,aparc,0.05,Node Strength,rh_frontalpole,0.05323874683774694,0.06180452547624805,0.00856577863850111
maxSW,aparc,0.05,Node Strength,rh_fusiform,0.11848482277298708,0.11772846244820198,-0.0007563603247850992
maxSW,aparc,0.05,Node Strength,rh_inferiorparietal,1.0,0.9160917097745869,-0.08390829022541313
maxSW,aparc,0.05,Node Strength,rh_inferiortemporal,0.2049330576307203,0.37881699022484777,0.17388393259412746
maxSW,aparc,0.05,Node Strength,rh_insula,0.0325211031587386,0.02917887100607303,-0.0033422321526655717
maxSW,aparc,0.05,Node Strength,rh_isthmuscingulate,0.10885976835953787,0.11172900461510803,0.0028692362555701595
maxSW,aparc,0.05,Node Strength,rh_lateraloccipital,0.20678165518909036,0.29465506647828904,0.08787341128919868
maxSW,aparc,0.05,Node Strength,rh_lateralorbitofrontal,0.3634089562896587,0.3621123384029341,-0.0012966178867245826
maxSW,aparc,0.05,Node Strength,rh_lingual,0.11678276656051949,0.1206014432227593,0.0038186766622398116
maxSW,aparc,0.05,Node Strength,rh_medialorbitofrontal,0.11121739718507254,0.11179864269792936,0.0005812455128568206
maxSW,aparc,0.05,Node Strength,rh_middletemporal,0.20583758878810612,0.2909993772272459,0.08516178843913977
maxSW,aparc,0.05,Node Strength,rh_paracentral,0.20460124177141384,0.28743690321883075,0.08283566144741691
maxSW,aparc,0.05,Node Strength,rh_parahippocampal,0.10232428664068292,0.10689634789487751,0.004572061254194584
maxSW,aparc,0.05,Node Strength,rh_parsopercularis,0.6350813563420576,0.3746548492053577,-0.26042650713669996
maxSW,aparc,0.05,Node Strength,rh_parsorbitalis,0.08910803678487465,0.14708702148002425,0.0579789846951496
maxSW,aparc,0.05,Node Strength,rh_parstriangularis,0.2887595920927808,0.20103915077165366,-0.08772044132112713
maxSW,aparc,0.05,Node Strength,rh_pericalcarine,0.06609911785998696,0.06894153750238763,0.002842419642400673
maxSW,aparc,0.05,Node Strength,rh_postcentral,0.4632699989866535,0.2102133004945081,-0.2530566984921454
maxSW,aparc,0.05,Node Strength,rh_posteriorcingulate,0.11359952385981029,0.11458502306901655,0.0009854992092062642
maxSW,aparc,0.05,Node Strength,rh_precentral,0.3789402784498554,0.5550700639876694,0.17612978553781405
maxSW,aparc,0.05,Node Strength,rh_precuneus,0.2638312085519747,0.17687900753069055,-0.08695220102128418
maxSW,aparc,0.05,Node Strength,rh_rostralanteriorcingulate,0.09579666509697951,0.09308498827404076,-0.002711676822938755
maxSW,aparc,0.05,Node Strength,rh_rostralmiddlefrontal,0.03147114094382861,0.11308979654913914,0.08161865560531054
maxSW,aparc,0.05,Node Strength,rh_superiorfrontal,0.2952081844966306,0.2960445835440502,0.0008363990474196115
maxSW,aparc,0.05,Node Strength,rh_superiorparietal,0.20942259359668536,0.20687060477436048,-0.00255198882232488
maxSW,aparc,0.05,Node Strength,rh_superiortemporal,0.03436968544169111,0.12020157720340582,0.08583189176171471
maxSW,aparc,0.05,Node Strength,rh_supramarginal,0.6470693585780097,0.8275115807202291,0.1804422221422194
maxSW,aparc,0.05,Node Strength,rh_temporalpole,0.05649148785022157,0.050993352283945956,-0.005498135566275611
maxSW,aparc,0.05,Node Strength,rh_transversetemporal,0.02694075201555489,0.02263565776110661,-0.004305094254448281
maxSW,aparc,0.05,Local Efficiency,lh_bankssts,0.0,0.0,0.0
maxSW,aparc,0.05,Local Efficiency,lh_caudalanteriorcingulate,0.0,0.0,0.0
maxSW,aparc,0.05,Local Efficiency,lh_caudalmiddlefrontal,0.9167245965413556,0.8459928126739545,-0.07073178386740109
maxSW,aparc,0.05,Local Efficiency,lh_cuneus,0.0,0.0,0.0
maxSW,aparc,0.05,Local Efficiency,lh_entorhinal,0.0,0.0,0.0
maxSW,aparc,0.05,Local Efficiency,lh_frontalpole,0.0,0.0,0.0
maxSW,aparc,0.05,Local Efficiency,lh_fusiform,0.32778954601139804,0.4094854502621814,0.08169590425078338
maxSW,aparc,0.05,Local Efficiency,lh_inferiorparietal,0.7830688756293634,0.64144723530506,-0.14162164032430347
maxSW,aparc,0.05,Local Efficiency,lh_inferiortemporal,0.4942017086530165,0.9083294878701141,0.41412777921709765
maxSW,aparc,0.05,Local Efficiency,lh_insula,0.0,0.0,0.0
maxSW,aparc,0.05,Local Efficiency,lh_isthmuscingulate,0.0,0.0,0.0
maxSW,aparc,0.05,Local Efficiency,lh_lateraloccipital,0.49217133339762603,0.29935753256050673,-0.1928138008371193
maxSW,aparc,0.05,Local Efficiency,lh_lateralorbitofrontal,0.0,0.9845343264150747,0.9845343264150747
maxSW,aparc,0.05,Local Efficiency,lh_lingual,0.0,0.0,0.0
maxSW,aparc,0.05,Local Efficiency,lh_medialorbitofrontal,0.0,0.0,0.0
maxSW,aparc,0.05,Local Efficiency,lh_middletemporal,0.0,0.0,0.0
maxSW,aparc,0.05,Local Efficiency,lh_paracentral,0.3262949576848786,0.9936994284262153,0.6674044707413367
maxSW,aparc,0.05,Local Efficiency,lh_parahippocampal,0.0,0.0,0.0
maxSW,aparc,0.05,Local Efficiency,lh_parsopercularis,0.9881023341130581,0.9188462432496016,-0.06925609086345652
maxSW,aparc,0.05,Local Efficiency,lh_parsorbitalis,0.0,0.0,0.0
maxSW,aparc,0.05,Local Efficiency,lh_parstriangularis,0.9839135048877259,0.8541204022942225,-0.1297931025935034
maxSW,aparc,0.05,Local Efficiency,lh_pericalcarine,0.0,0.0,0.0
maxSW,aparc,0.05,Local Efficiency,lh_postcentral,0.7887784682759886,0.8252443265635324,0.036465858287543784
maxSW,aparc,0.05,Local Efficiency,lh_posteriorcingulate,0.0,0.0,0.0
maxSW,aparc,0.05,Local Efficiency,lh_precentral,0.657940573219453,0.8483547868710976,0.19041421365164457
maxSW,aparc,0.05,Local Efficiency,lh_precuneus,0.8230204250912274,0.5867421331613564,-0.23627829192987104
maxSW,aparc,0.05,Local Efficiency,lh_rostralanteriorcingulate,0.0,0.0,0.0
maxSW,aparc,0.05,Local Efficiency,lh_rostralmiddlefrontal,0.0,0.0,0.0
maxSW,aparc,0.05,Local Efficiency,lh_superiorfrontal,0.8263836605577365,0.6919794104237446,-0.13440425013399193
maxSW,aparc,0.05,Local Efficiency,lh_superiorparietal,0.49758721718175064,0.0,-0.49758721718175064
maxSW,aparc,0.05,Local Efficiency,lh_superiortemporal,0.0,0.8178386973929505,0.8178386973929505
maxSW,aparc,0.05,Local Efficiency,lh_supramarginal,0.5224939019605341,0.5205647292388802,-0.0019291727216539378
maxSW,aparc,0.05,Local Efficiency,lh_temporalpole,0.0,0.0,0.0
maxSW,aparc,0.05,Local Efficiency,lh_transversetemporal,0.0,0.0,0.0
maxSW,aparc,0.05,Local Efficiency,rh_bankssts,0.0,0.0,0.0
maxSW,aparc,0.05,Local Efficiency,rh_caudalanteriorcingulate,0.0,0.0,0.0
maxSW,aparc,0.05,Local Efficiency,rh_caudalmiddlefrontal,0.7562924071564137,0.7736654031634348,0.017372996007021135
maxSW,aparc,0.05,Local Efficiency,rh_cuneus,0.0,0.0,0.0
maxSW,aparc,0.05,Local Efficiency,rh_entorhinal,0.0,0.0,0.0
maxSW,aparc,0.05,Local Efficiency,rh_frontalpole,0.0,0.0,0.0
maxSW,aparc,0.05,Local Efficiency,rh_fusiform,0.983368638034194,0.9783085129170951,-0.005060125117098968
maxSW,aparc,0.05,Local Efficiency,rh_inferiorparietal,0.7257487049347188,0.627447803598906,-0.09830090133581282
maxSW,aparc,0.05,Local Efficiency,rh_inferiortemporal,0.9911201702807808,0.7884401418444058,-0.202680028436375
maxSW,aparc,0.05,Local Efficiency,rh_insula,0.0,0.0,0.0
maxSW,aparc,0.05,Local Efficiency,rh_isthmuscingulate,0.0,0.0,0.0
maxSW,aparc,0.05,Local Efficiency,rh_lateraloccipital,0.9879242262570138,0.825088225883668,-0.16283600037334578
maxSW,aparc,0.05,Local Efficiency,rh_lateralorbitofrontal,0.09833686380341941,0.2456370599298422,0.14730019612642278
maxSW,aparc,0.05,Local Efficiency,rh_lingual,0.0,0.0,0.0
maxSW,aparc,0.05,Local Efficiency,rh_medialorbitofrontal,0.0,0.0,0.0
maxSW,aparc,0.05,Local Efficiency,rh_middletemporal,0.3256930280441212,0.48906995708130857,0.16337692903718737
maxSW,aparc,0.05,Local Efficiency,rh_paracentral,0.8220132981463228,0.41730338001284917,-0.4047099181334737
maxSW,aparc,0.05,Local Efficiency,rh_parahippocampal,0.0,0.0,0.0
maxSW,aparc,0.05,Local Efficiency,rh_parsopercularis,0.8589179395979676,0.982920547323967,0.12400260772599947
maxSW,aparc,0.05,Local Efficiency,rh_parsorbitalis,0.0,0.0,0.0
maxSW,aparc,0.05,Local Efficiency,rh_parstriangularis,0.495335991419167,0.9805589317854214,0.4852229403662544
maxSW,aparc,0.05,Local Efficiency,rh_pericalcarine,0.0,0.0,0.0
maxSW,aparc,0.05,Local Efficiency,rh_postcentral,0.5263885227421247,1.0,0.47361147725787534
maxSW,aparc,0.05,Local Efficiency,rh_posteriorcingulate,0.0,0.0,0.0
maxSW,aparc,0.05,Local Efficiency,rh_precentral,0.4948419554666003,0.6866851693605412,0.19184321389394093
maxSW,aparc,0.05,Local Efficiency,rh_precuneus,0.1670780470267095,0.0,-0.1670780470267095
maxSW,aparc,0.05,Local Efficiency,rh_rostralanteriorcingulate,0.0,0.0,0.0
maxSW,aparc,0.05,Local Efficiency,rh_rostralmiddlefrontal,0.0,0.0,0.0
maxSW,aparc,0.05,Local Efficiency,rh_superiorfrontal,0.4986670265478145,0.5011578965605824,0.0024908700127679317
maxSW,aparc,0.05,Local Efficiency,rh_superiorparietal,0.9962966073363025,0.3231362980925114,-0.6731603092437912
maxSW,aparc,0.05,Local Efficiency,rh_superiortemporal,0.0,0.9862998057596787,0.9862998057596787
maxSW,aparc,0.05,Local Efficiency,rh_supramarginal,0.8495211683413783,0.7671522690170756,-0.08236889932430269
maxSW,aparc,0.05,Local Efficiency,rh_temporalpole,0.0,0.0,0.0
maxSW,aparc,0.05,Local Efficiency,rh_transversetemporal,0.0,0.0,0.0
maxSW,aparc,0.05,Clustering Coefficient,lh_bankssts,0.0,0.0,0.0
maxSW,aparc,0.05,Clustering Coefficient,lh_caudalanteriorcingulate,0.0,0.0,0.0
maxSW,aparc,0.05,Clustering Coefficient,lh_caudalmiddlefrontal,0.8514079552635316,0.7056856088920647,-0.14572234637146697
maxSW,aparc,0.05,Clustering Coefficient,lh_cuneus,0.0,0.0,0.0
maxSW,aparc,0.05,Clustering Coefficient,lh_entorhinal,0.0,0.0,0.0
maxSW,aparc,0.05,Clustering Coefficient,lh_frontalpole,0.0,0.0,0.0
maxSW,aparc,0.05,Clustering Coefficient,lh_fusiform,0.3277895460113981,0.32714047322202827,-0.00064907278936982
maxSW,aparc,0.05,Clustering Coefficient,lh_inferiorparietal,0.5790505594149713,0.5354913521479516,-0.04355920726701967
maxSW,aparc,0.05,Clustering Coefficient,lh_inferiortemporal,0.39600838068297256,0.8261560636841928,0.43014768300122025
maxSW,aparc,0.05,Clustering Coefficient,lh_insula,0.0,0.0,0.0
maxSW,aparc,0.05,Clustering Coefficient,lh_isthmuscingulate,0.0,0.0,0.0
maxSW,aparc,0.05,Clustering Coefficient,lh_lateraloccipital,0.49217133339762603,0.29935753256050673,-0.1928138008371193
maxSW,aparc,0.05,Clustering Coefficient,lh_lateralorbitofrontal,0.0,0.9845343264150747,0.9845343264150747
maxSW,aparc,0.05,Clustering Coefficient,lh_lingual,0.0,0.0,0.0
maxSW,aparc,0.05,Clustering Coefficient,lh_medialorbitofrontal,0.0,0.0,0.0
maxSW,aparc,0.05,Clustering Coefficient,lh_middletemporal,0.0,0.0,0.0
maxSW,aparc,0.05,Clustering Coefficient,lh_paracentral,0.32629495768487854,0.9936994284262154,0.6674044707413369
maxSW,aparc,0.05,Clustering Coefficient,lh_parahippocampal,0.0,0.0,0.0
maxSW,aparc,0.05,Clustering Coefficient,lh_parsopercularis,0.9881023341130579,0.8540385640048852,-0.13406377010817272
maxSW,aparc,0.05,Clustering Coefficient,lh_parsorbitalis,0.0,0.0,0.0
maxSW,aparc,0.05,Clustering Coefficient,lh_parstriangularis,0.9839135048877259,0.7236227602621446,-0.2602907446255813
maxSW,aparc,0.05,Clustering Coefficient,lh_pericalcarine,0.0,0.0,0.0
maxSW,aparc,0.05,Clustering Coefficient,lh_postcentral,0.5943281249563662,0.6610165090034366,0.06668838404707034
maxSW,aparc,0.05,Clustering Coefficient,lh_posteriorcingulate,0.0,0.0,0.0
maxSW,aparc,0.05,Clustering Coefficient,lh_precentral,0.43762497924617644,0.7007443415554427,0.2631193623092663
maxSW,aparc,0.05,Clustering Coefficient,lh_precuneus,0.6566371304602757,0.5216466134655211,-0.13499051699475462
maxSW,aparc,0.05,Clustering Coefficient,lh_rostralanteriorcingulate,0.0,0.0,0.0
maxSW,aparc,0.05,Clustering Coefficient,lh_rostralmiddlefrontal,0.0,0.0,0.0
maxSW,aparc,0.05,Clustering Coefficient,lh_superiorfrontal,0.6621442299664085,0.46190816140814617,-0.20023606855826237
maxSW,aparc,0.05,Clustering Coefficient,lh_superiorparietal,0.49758721718175053,0.0,-0.49758721718175053
maxSW,aparc,0.05,Clustering Coefficient,lh_superiortemporal,0.0,0.6529270169162141,0.6529270169162141
maxSW,aparc,0.05,Clustering Coefficient,lh_supramarginal,0.39712634869065544,0.42159979714864976,0.024473448457994318
maxSW,aparc,0.05,Clustering Coefficient,lh_temporalpole,0.0,0.0,0.0
maxSW,aparc,0.05,Clustering Coefficient,lh_transversetemporal,0.0,0.0,0.0
maxSW,aparc,0.05,Clustering Coefficient,rh_bankssts,0.0,0.0,0.0
maxSW,aparc,0.05,Clustering Coefficient,rh_caudalanteriorcingulate,0.0,0.0,0.0
maxSW,aparc,0.05,Clustering Coefficient,rh_caudalmiddlefrontal,0.5509385067000615,0.5533781816602008,0.002439674960139304
maxSW,aparc,0.05,Clustering Coefficient,rh_cuneus,0.0,0.0,0.0
maxSW,aparc,0.05,Clustering Coefficient,rh_entorhinal,0.0,0.0,0.0
maxSW,aparc,0.05,Clustering Coefficient,rh_frontalpole,0.0,0.0,0.0
maxSW,aparc,0.05,Clustering Coefficient,rh_fusiform,0.9833686380341942,0.9783085129170952,-0.005060125117098968
maxSW,aparc,0.05,Clustering Coefficient,rh_inferiorparietal,0.4818909612411421,0.4539095512540554,-0.027981409987086703
maxSW,aparc,0.05,Clustering Coefficient,rh_inferiortemporal,0.9911201702807809,0.5925589632404858,-0.3985612070402951
maxSW,aparc,0.05,Clustering Coefficient,rh_insula,0.0,0.0,0.0
maxSW,aparc,0.05,Clustering Coefficient,rh_isthmuscingulate,0.0,0.0,0.0
maxSW,aparc,0.05,Clustering Coefficient,rh_lateraloccipital,0.9879242262570138,0.6609165399351875,-0.3270076863218263
maxSW,aparc,0.05,Clustering Coefficient,rh_lateralorbitofrontal,0.09833686380341941,0.19628428393321698,0.09794742012979757
maxSW,aparc,0.05,Clustering Coefficient,rh_lingual,0.0,0.0,0.0
maxSW,aparc,0.05,Clustering Coefficient,rh_medialorbitofrontal,0.0,0.0,0.0
maxSW,aparc,0.05,Clustering Coefficient,rh_middletemporal,0.32569302804412126,0.48906995708130846,0.1633769290371872
maxSW,aparc,0.05,Clustering Coefficient,rh_paracentral,0.6570832897062432,0.3336391883648357,-0.3234441013414075
maxSW,aparc,0.05,Clustering Coefficient,rh_parahippocampal,0.0,0.0,0.0
maxSW,aparc,0.05,Clustering Coefficient,rh_parsopercularis,0.7365586586302656,0.982920547323967,0.24636188869370146
maxSW,aparc,0.05,Clustering Coefficient,rh_parsorbitalis,0.0,0.0,0.0
maxSW,aparc,0.05,Clustering Coefficient,rh_parstriangularis,0.4953359914191669,0.9805589317854214,0.4852229403662545
maxSW,aparc,0.05,Clustering Coefficient,rh_pericalcarine,0.0,0.0,0.0
maxSW,aparc,0.05,Clustering Coefficient,rh_postcentral,0.3965769989649188,1.0,0.6034230010350812
maxSW,aparc,0.05,Clustering Coefficient,rh_posteriorcingulate,0.0,0.0,0.0
maxSW,aparc,0.05,Clustering Coefficient,rh_precentral,0.3972711905926244,0.47168746321162586,0.07441627261900147
maxSW,aparc,0.05,Clustering Coefficient,rh_precuneus,0.1670780470267095,0.0,-0.1670780470267095
maxSW,aparc,0.05,Clustering Coefficient,rh_rostralanteriorcingulate,0.0,0.0,0.0
maxSW,aparc,0.05,Clustering Coefficient,rh_rostralmiddlefrontal,0.0,0.0,0.0
maxSW,aparc,0.05,Clustering Coefficient,rh_superiorfrontal,0.4986670265478145,0.5011578965605824,0.0024908700127679317
maxSW,aparc,0.05,Clustering Coefficient,rh_superiorparietal,0.9962966073363024,0.3231362980925114,-0.673160309243791
maxSW,aparc,0.05,Clustering Coefficient,rh_superiortemporal,0.0,0.9862998057596788,0.9862998057596788
maxSW,aparc,0.05,Clustering Coefficient,rh_supramarginal,0.7088839906062834,0.5540749717210344,-0.154809018885249
maxSW,aparc,0.05,Clustering Coefficient,rh_temporalpole,0.0,0.0,0.0
maxSW,aparc,0.05,Clustering Coefficient,rh_transversetemporal,0.0,0.0,0.0
maxSW,aparc,0.05,Betweenness Centrality,lh_bankssts,0.14746543778801843,0.14746543778801843,0.0
maxSW,aparc,0.05,Betweenness Centrality,lh_caudalanteriorcingulate,0.0,0.0,0.0
maxSW,aparc,0.05,Betweenness Centrality,lh_caudalmiddlefrontal,0.0,0.0,0.0
maxSW,aparc,0.05,Betweenness Centrality,lh_cuneus,0.0,0.0,0.0
maxSW,aparc,0.05,Betweenness Centrality,lh_entorhinal,0.05069124423963134,0.0,-0.05069124423963134
maxSW,aparc,0.05,Betweenness Centrality,lh_frontalpole,0.0,0.0,0.0
maxSW,aparc,0.05,Betweenness Centrality,lh_fusiform,0.5391705069124424,0.40168970814132104,-0.13748079877112135
maxSW,aparc,0.05,Betweenness Centrality,lh_inferiorparietal,0.018433179723502304,0.5130568356374808,0.49462365591397855
maxSW,aparc,0.05,Betweenness Centrality,lh_inferiortemporal,0.10599078341013825,0.0,-0.10599078341013825
maxSW,aparc,0.05,Betweenness Centrality,lh_insula,0.05069124423963134,0.05069124423963134,0.0
maxSW,aparc,0.05,Betweenness Centrality,lh_isthmuscingulate,0.0,0.0,0.0
maxSW,aparc,0.05,Betweenness Centrality,lh_lateraloccipital,0.09984639016897082,0.2872503840245776,0.18740399385560677
maxSW,aparc,0.05,Betweenness Centrality,lh_lateralorbitofrontal,0.1935483870967742,0.0,-0.1935483870967742
maxSW,aparc,0.05,Betweenness Centrality,lh_lingual,0.09984639016897082,0.09984639016897082,0.0
maxSW,aparc,0.05,Betweenness Centrality,lh_medialorbitofrontal,0.14746543778801843,0.09984639016897082,-0.047619047619047616
maxSW,aparc,0.05,Betweenness Centrality,lh_middletemporal,0.28110599078341014,0.36251920122887865,0.08141321044546851
maxSW,aparc,0.05,Betweenness Centrality,lh_paracentral,0.1935483870967742,0.0,-0.1935483870967742
maxSW,aparc,0.05,Betweenness Centrality,lh_parahippocampal,0.09984639016897082,0.0,-0.09984639016897082
maxSW,aparc,0.05,Betweenness Centrality,lh_parsopercularis,0.0,0.0,0.0
maxSW,aparc,0.05,Betweenness Centrality,lh_parsorbitalis,0.1966205837173579,0.1966205837173579,0.0
maxSW,aparc,0.05,Betweenness Centrality,lh_parstriangularis,0.0,0.0,0.0
maxSW,aparc,0.05,Betweenness Centrality,lh_pericalcarine,0.0,0.0,0.0
maxSW,aparc,0.05,Betweenness Centrality,lh_postcentral,0.0,0.0445468509984639,0.0445468509984639
maxSW,aparc,0.05,Betweenness Centrality,lh_posteriorcingulate,0.14746543778801843,0.1490015360983103,0.0015360983102918613
maxSW,aparc,0.05,Betweenness Centrality,lh_precentral,0.31105990783410137,0.12442396313364056,-0.1866359447004608
maxSW,aparc,0.05,Betweenness Centrality,lh_precuneus,0.08064516129032258,0.3225806451612903,0.24193548387096775
maxSW,aparc,0.05,Betweenness Centrality,lh_rostralanteriorcingulate,0.0,0.0,0.0
maxSW,aparc,0.05,Betweenness Centrality,lh_rostralmiddlefrontal,0.05069124423963134,0.23809523809523808,0.18740399385560674
maxSW,aparc,0.05,Betweenness Centrality,lh_superiorfrontal,0.3379416282642089,0.5046082949308756,0.16666666666666663
maxSW,aparc,0.05,Betweenness Centrality,lh_superiorparietal,0.4731182795698925,0.4731182795698925,0.0
maxSW,aparc,0.05,Betweenness Centrality,lh_superiortemporal,0.05069124423963134,0.0007680491551459293,-0.04992319508448541
maxSW,aparc,0.05,Betweenness Centrality,lh_supramarginal,1.0,0.8417818740399385,-0.15821812596006146
maxSW,aparc,0.05,Betweenness Centrality,lh_temporalpole,0.0,0.0,0.0
maxSW,aparc,0.05,Betweenness Centrality,lh_transversetemporal,0.05069124423963134,0.05069124423963134,0.0
maxSW,aparc,0.05,Betweenness Centrality,rh_bankssts,0.09984639016897082,0.09984639016897082,0.0
maxSW,aparc,0.05,Betweenness Centrality,rh_caudalanteriorcingulate,0.05069124423963134,0.0,-0.05069124423963134
maxSW,aparc,0.05,Betweenness Centrality,rh_caudalmiddlefrontal,0.23809523809523808,0.1597542242703533,-0.07834101382488479
maxSW,aparc,0.05,Betweenness Centrality,rh_cuneus,0.05069124423963134,0.05069124423963134,0.0
maxSW,aparc,0.05,Betweenness Centrality,rh_entorhinal,0.0,0.05069124423963134,0.05069124423963134
maxSW,aparc,0.05,Betweenness Centrality,rh_frontalpole,0.05069124423963134,0.05069124423963134,0.0
maxSW,aparc,0.05,Betweenness Centrality,rh_fusiform,0.0,0.0,0.0
maxSW,aparc,0.05,Betweenness Centrality,rh_inferiorparietal,0.4477726574500768,0.6236559139784946,0.1758832565284178
maxSW,aparc,0.05,Betweenness Centrality,rh_inferiortemporal,0.0,0.0007680491551459293,0.0007680491551459293
maxSW,aparc,0.05,Betweenness Centrality,rh_insula,0.0,0.0,0.0
maxSW,aparc,0.05,Betweenness Centrality,rh_isthmuscingulate,0.05069124423963134,0.05069124423963134,0.0
maxSW,aparc,0.05,Betweenness Centrality,rh_lateraloccipital,0.0,0.3118279569892473,0.3118279569892473
maxSW,aparc,0.05,Betweenness Centrality,rh_lateralorbitofrontal,0.5023041474654378,0.2872503840245776,-0.21505376344086025
maxSW,aparc,0.05,Betweenness Centrality,rh_lingual,0.14746543778801843,0.14746543778801843,0.0
maxSW,aparc,0.05,Betweenness Centrality,rh_medialorbitofrontal,0.09984639016897082,0.14746543778801843,0.047619047619047616
maxSW,aparc,0.05,Betweenness Centrality,rh_middletemporal,0.3225806451612903,0.4009216589861751,0.07834101382488479
maxSW,aparc,0.05,Betweenness Centrality,rh_paracentral,0.0,0.09984639016897082,0.09984639016897082
maxSW,aparc,0.05,Betweenness Centrality,rh_parahippocampal,0.14746543778801843,0.05069124423963134,-0.0967741935483871
maxSW,aparc,0.05,Betweenness Centrality,rh_parsopercularis,0.0,0.0,0.0
maxSW,aparc,0.05,Betweenness Centrality,rh_parsorbitalis,0.23809523809523808,0.3302611367127496,0.09216589861751151
maxSW,aparc,0.05,Betweenness Centrality,rh_parstriangularis,0.09984639016897082,0.0,-0.09984639016897082
maxSW,aparc,0.05,Betweenness Centrality,rh_pericalcarine,0.05069124423963134,0.05069124423963134,0.0
maxSW,aparc,0.05,Betweenness Centrality,rh_postcentral,0.3717357910906298,0.0,-0.3717357910906298
maxSW,aparc,0.05,Betweenness Centrality,rh_posteriorcingulate,0.09984639016897082,0.05069124423963134,-0.04915514592933948
maxSW,aparc,0.05,Betweenness Centrality,rh_precentral,0.5069124423963134,0.07296466973886329,-0.4339477726574501
maxSW,aparc,0.05,Betweenness Centrality,rh_precuneus,0.2872503840245776,0.2872503840245776,0.0
maxSW,aparc,0.05,Betweenness Centrality,rh_rostralanteriorcingulate,0.05069124423963134,0.05069124423963134,0.0
maxSW,aparc,0.05,Betweenness Centrality,rh_rostralmiddlefrontal,0.0,0.1935483870967742,0.1935483870967742
maxSW,aparc,0.05,Betweenness Centrality,rh_superiorfrontal,0.5391705069124424,0.5990783410138248,0.05990783410138245
maxSW,aparc,0.05,Betweenness Centrality,rh_superiorparietal,0.0,0.4377880184331797,0.4377880184331797
maxSW,aparc,0.05,Betweenness Centrality,rh_superiortemporal,0.0,0.0,0.0
maxSW,aparc,0.05,Betweenness Centrality,rh_supramarginal,0.0,0.10752688172043011,0.10752688172043011
maxSW,aparc,0.05,Betweenness Centrality,rh_temporalpole,0.05069124423963134,0.05069124423963134,0.0
maxSW,aparc,0.05,Betweenness Centrality,rh_transversetemporal,0.0,0.0,0.0
maxSW,aparc,0.05,Eigenvector Centrality,lh_bankssts,0.02009925502013996,0.008361718735072778,-0.011737536285067181
maxSW,aparc,0.05,Eigenvector Centrality,lh_caudalanteriorcingulate,4.184042218755817e-06,0.0004244169081762049,0.0004202328659574491
maxSW,aparc,0.05,Eigenvector Centrality,lh_caudalmiddlefrontal,0.6180520016980189,0.6832224805787395,0.06517047888072058
maxSW,aparc,0.05,Eigenvector Centrality,lh_cuneus,4.610231579734472e-05,1.4817402785243752e-05,-3.128491301210097e-05
maxSW,aparc,0.05,Eigenvector Centrality,lh_entorhinal,0.0001528004185069163,1.487678020008911e-06,-0.00015131274048690738
maxSW,aparc,0.05,Eigenvector Centrality,lh_frontalpole,0.0,1.0219886724370419e-07,1.0219886724370419e-07
maxSW,aparc,0.05,Eigenvector Centrality,lh_fusiform,0.11073292449472248,0.13864763549517228,0.0279147110004498
maxSW,aparc,0.05,Eigenvector Centrality,lh_inferiorparietal,0.8129172137488069,0.7620117588471659,-0.050905454901641
maxSW,aparc,0.05,Eigenvector Centrality,lh_inferiortemporal,0.021296692296201528,0.024480528580330816,0.0031838362841292885
maxSW,aparc,0.05,Eigenvector Centrality,lh_insula,0.0002453989218106956,0.00011265873004987245,-0.00013274019176082316
maxSW,aparc,0.05,Eigenvector Centrality,lh_isthmuscingulate,4.972970806113061e-07,4.61312236172621e-06,4.115825281114904e-06
maxSW,aparc,0.05,Eigenvector Centrality,lh_lateraloccipital,0.0029081363416238425,0.0008599014575271988,-0.0020482348840966435
maxSW,aparc,0.05,Eigenvector Centrality,lh_lateralorbitofrontal,0.0023045778145055168,0.02197194121748886,0.01966736340298334
maxSW,aparc,0.05,Eigenvector Centrality,lh_lingual,0.0001657552404076738,1.6487220448775076e-05,-0.00014926801995889872
maxSW,aparc,0.05,Eigenvector Centrality,lh_medialorbitofrontal,0.00027773264765352016,0.00027151782095977193,-6.214826693748225e-06
maxSW,aparc,0.05,Eigenvector Centrality,lh_middletemporal,0.0007542514121808747,0.0014550065864092862,0.0007007551742284115
maxSW,aparc,0.05,Eigenvector Centrality,lh_paracentral,0.12267835089794672,0.08709653691562796,-0.03558181398231876
maxSW,aparc,0.05,Eigenvector Centrality,lh_parahippocampal,0.0017308858636487317,0.0023078198667198513,0.0005769340030711196
maxSW,aparc,0.05,Eigenvector Centrality,lh_parsopercularis,0.4394386043127612,0.648221228173582,0.20878262386082075
maxSW,aparc,0.05,Eigenvector Centrality,lh_parsorbitalis,8.854903058706014e-06,1.9205715321679572e-05,1.0350812262973558e-05
maxSW,aparc,0.05,Eigenvector Centrality,lh_parstriangularis,0.4363322258851303,0.5958048614927907,0.15947263560766034
maxSW,aparc,0.05,Eigenvector Centrality,lh_pericalcarine,1.250335011102057e-06,9.385843092246364e-08,-1.1564765801795935e-06
maxSW,aparc,0.05,Eigenvector Centrality,lh_postcentral,0.009763515391781353,0.002612019755713865,-0.007151495636067488
maxSW,aparc,0.05,Eigenvector Centrality,lh_posteriorcingulate,0.0020906641776001905,0.0033470823175162515,0.001256418139916061
maxSW,aparc,0.05,Eigenvector Centrality,lh_precentral,0.7870167093971318,0.44047825682210534,-0.3465384525750264
maxSW,aparc,0.05,Eigenvector Centrality,lh_precuneus,0.5499889380800232,0.5216201338631112,-0.028368804216912014
maxSW,aparc,0.05,Eigenvector Centrality,lh_rostralanteriorcingulate,0.00021959985240197432,0.00034163546485048153,0.00012203561244850721
maxSW,aparc,0.05,Eigenvector Centrality,lh_rostralmiddlefrontal,0.044668565007346714,0.1105878821225442,0.06591931711519748
maxSW,aparc,0.05,Eigenvector Centrality,lh_superiorfrontal,0.021796884936497313,0.026808609105669144,0.0050117241691718314
maxSW,aparc,0.05,Eigenvector Centrality,lh_superiorparietal,0.05075819145676953,0.10248969335507477,0.051731501898305235
maxSW,aparc,0.05,Eigenvector Centrality,lh_superiortemporal,0.0027036389805446515,0.007534560032309612,0.0048309210517649605
maxSW,aparc,0.05,Eigenvector Centrality,lh_supramarginal,0.8445699746855346,0.8193959057715793,-0.02517406891395535
maxSW,aparc,0.05,Eigenvector Centrality,lh_temporalpole,2.9381097569601415e-09,7.344198678482092e-08,7.050387702786078e-08
maxSW,aparc,0.05,Eigenvector Centrality,lh_transversetemporal,0.020488427478421112,0.008543540106786818,-0.011944887371634294
maxSW,aparc,0.05,Eigenvector Centrality,rh_bankssts,0.0023175135641878893,0.0010637716931354837,-0.0012537418710524056
maxSW,aparc,0.05,Eigenvector Centrality,rh_caudalanteriorcingulate,3.40397367030932e-05,5.931517444058735e-05,2.527543773749415e-05
maxSW,aparc,0.05,Eigenvector Centrality,rh_caudalmiddlefrontal,0.876402652283804,0.9381338564878037,0.06173120420399969
maxSW,aparc,0.05,Eigenvector Centrality,rh_cuneus,0.0003525467177809901,0.0001097821916573238,-0.0002427645261236663
maxSW,aparc,0.05,Eigenvector Centrality,rh_entorhinal,1.663497715878118e-05,1.3145733243086811e-05,-3.4892439156943694e-06
maxSW,aparc,0.05,Eigenvector Centrality,rh_frontalpole,6.463729752695197e-07,1.5382877176172028e-06,8.919147423476831e-07
maxSW,aparc,0.05,Eigenvector Centrality,rh_fusiform,0.01682412605309085,0.02242720947448299,0.005603083421392142
maxSW,aparc,0.05,Eigenvector Centrality,rh_inferiorparietal,1.0,0.9540821517774813,-0.045917848222518654
maxSW,aparc,0.05,Eigenvector Centrality,rh_inferiortemporal,0.020236741840496758,0.025317557062025486,0.005080815221528728
maxSW,aparc,0.05,Eigenvector Centrality,rh_insula,3.2341879499764095e-05,1.491029547287734e-05,-1.7431584026886754e-05
maxSW,aparc,0.05,Eigenvector Centrality,rh_isthmuscingulate,4.340874164183117e-06,3.420988518341233e-05,2.9869011019229215e-05
maxSW,aparc,0.05,Eigenvector Centrality,rh_lateraloccipital,0.002907077785542529,0.0026101652737474043,-0.0002969125117951248
maxSW,aparc,0.05,Eigenvector Centrality,rh_lateralorbitofrontal,0.017071086163066615,0.025177928448299393,0.008106842285232778
maxSW,aparc,0.05,Eigenvector Centrality,rh_lingual,0.001226342547813598,0.00011610026738542529,-0.0011102422804281727
maxSW,aparc,0.05,Eigenvector Centrality,rh_medialorbitofrontal,3.6565073033722394e-05,0.001963699515121834,0.0019271344420881114
maxSW,aparc,0.05,Eigenvector Centrality,rh_middletemporal,0.005568350386139825,0.010364573112437365,0.0047962227262975405
maxSW,aparc,0.05,Eigenvector Centrality,rh_paracentral,0.16406111705070503,0.14227820867903526,-0.021782908371669768
maxSW,aparc,0.05,Eigenvector Centrality,rh_parahippocampal,0.01403340028917531,0.017529965875193232,0.0034965655860179218
maxSW,aparc,0.05,Eigenvector Centrality,rh_parsopercularis,0.7873641903964633,0.5741932412356295,-0.2131709491608338
maxSW,aparc,0.05,Eigenvector Centrality,rh_parsorbitalis,7.470705536178958e-05,0.00014934359153821733,7.463653617642776e-05
maxSW,aparc,0.05,Eigenvector Centrality,rh_parstriangularis,0.3448396948999058,0.31405677457890624,-0.03078292032099955
maxSW,aparc,0.05,Eigenvector Centrality,rh_pericalcarine,1.1649910402207861e-05,1.2822979917344407e-06,-1.0367612410473422e-05
maxSW,aparc,0.05,Eigenvector Centrality,rh_postcentral,0.00988032864280894,0.0008403744025099449,-0.009039954240298995
maxSW,aparc,0.05,Eigenvector Centrality,rh_posteriorcingulate,0.0002768869038808909,0.00047229234922397165,0.00019540544534308078
maxSW,aparc,0.05,Eigenvector Centrality,rh_precentral,0.3727260701493944,0.5058357475372791,0.1331096773878847
maxSW,aparc,0.05,Eigenvector Centrality,rh_precuneus,0.19159345856679474,0.07646987422732689,-0.11512358433946786
maxSW,aparc,0.05,Eigenvector Centrality,rh_rostralanteriorcingulate,0.0019483877556450233,0.0029415943943294763,0.000993206638684453
maxSW,aparc,0.05,Eigenvector Centrality,rh_rostralmiddlefrontal,0.005827077130729798,0.015518796368696033,0.009691719237966235
maxSW,aparc,0.05,Eigenvector Centrality,rh_superiorfrontal,0.11459243204595235,0.11847657126893074,0.0038841392229783944
maxSW,aparc,0.05,Eigenvector Centrality,rh_superiorparietal,0.009468206844330121,0.015340290526074635,0.0058720836817445134
maxSW,aparc,0.05,Eigenvector Centrality,rh_superiortemporal,0.0003642152051143322,0.004597183709924179,0.004232968504809847
maxSW,aparc,0.05,Eigenvector Centrality,rh_supramarginal,0.7799089177027188,0.9478755639829177,0.16796664628019897
maxSW,aparc,0.05,Eigenvector Centrality,rh_temporalpole,6.092975842963298e-07,1.3649021547932663e-06,7.556045704969365e-07
maxSW,aparc,0.05,Eigenvector Centrality,rh_transversetemporal,0.0025356770974339113,0.0010483169783277741,-0.0014873601191061371
maxSW,aparc,0.05,Node Degree,lh_bankssts,0.09090909090909091,0.09090909090909091,0.0
maxSW,aparc,0.05,Node Degree,lh_caudalanteriorcingulate,0.0,0.0,0.0
maxSW,aparc,0.05,Node Degree,lh_caudalmiddlefrontal,0.45454545454545453,0.5454545454545454,0.09090909090909088
maxSW,aparc,0.05,Node Degree,lh_cuneus,0.0,0.0,0.0
maxSW,aparc,0.05,Node Degree,lh_entorhinal,0.09090909090909091,0.0,-0.09090909090909091
maxSW,aparc,0.05,Node Degree,lh_frontalpole,0.0,0.0,0.0
maxSW,aparc,0.05,Node Degree,lh_fusiform,0.18181818181818182,0.2727272727272727,0.09090909090909088
maxSW,aparc,0.05,Node Degree,lh_inferiorparietal,0.7272727272727273,0.6363636363636364,-0.09090909090909094
maxSW,aparc,0.05,Node Degree,lh_inferiortemporal,0.36363636363636365,0.2727272727272727,-0.09090909090909094
maxSW,aparc,0.05,Node Degree,lh_insula,0.09090909090909091,0.09090909090909091,0.0
maxSW,aparc,0.05,Node Degree,lh_isthmuscingulate,0.0,0.0,0.0
maxSW,aparc,0.05,Node Degree,lh_lateraloccipital,0.2727272727272727,0.36363636363636365,0.09090909090909094
maxSW,aparc,0.05,Node Degree,lh_lateralorbitofrontal,0.09090909090909091,0.09090909090909091,0.0
maxSW,aparc,0.05,Node Degree,lh_lingual,0.09090909090909091,0.09090909090909091,0.0
maxSW,aparc,0.05,Node Degree,lh_medialorbitofrontal,0.09090909090909091,0.09090909090909091,0.0
maxSW,aparc,0.05,Node Degree,lh_middletemporal,0.09090909090909091,0.09090909090909091,0.0
maxSW,aparc,0.05,Node Degree,lh_paracentral,0.18181818181818182,0.09090909090909091,-0.09090909090909091
maxSW,aparc,0.05,Node Degree,lh_parahippocampal,0.09090909090909091,0.0,-0.09090909090909091
maxSW,aparc,0.05,Node Degree,lh_parsopercularis,0.2727272727272727,0.45454545454545453,0.18181818181818182
maxSW,aparc,0.05,Node Degree,lh_parsorbitalis,0.18181818181818182,0.18181818181818182,0.0
maxSW,aparc,0.05,Node Degree,lh_parstriangularis,0.2727272727272727,0.45454545454545453,0.18181818181818182
maxSW,aparc,0.05,Node Degree,lh_pericalcarine,0.0,0.0,0.0
maxSW,aparc,0.05,Node Degree,lh_postcentral,0.36363636363636365,0.2727272727272727,-0.09090909090909094
maxSW,aparc,0.05,Node Degree,lh_posteriorcingulate,0.09090909090909091,0.18181818181818182,0.09090909090909091
maxSW,aparc,0.05,Node Degree,lh_precentral,0.8181818181818182,0.36363636363636365,-0.4545454545454546
maxSW,aparc,0.05,Node Degree,lh_precuneus,0.45454545454545453,0.45454545454545453,0.0
maxSW,aparc,0.05,Node Degree,lh_rostralanteriorcingulate,0.0,0.0,0.0
maxSW,aparc,0.05,Node Degree,lh_rostralmiddlefrontal,0.09090909090909091,0.09090909090909091,0.0
maxSW,aparc,0.05,Node Degree,lh_superiorfrontal,0.2727272727272727,0.45454545454545453,0.18181818181818182
maxSW,aparc,0.05,Node Degree,lh_superiorparietal,0.2727272727272727,0.09090909090909091,-0.1818181818181818
maxSW,aparc,0.05,Node Degree,lh_superiortemporal,0.09090909090909091,0.18181818181818182,0.09090909090909091
maxSW,aparc,0.05,Node Degree,lh_supramarginal,0.9090909090909091,0.8181818181818182,-0.09090909090909083
maxSW,aparc,0.05,Node Degree,lh_temporalpole,0.0,0.0,0.0
maxSW,aparc,0.05,Node Degree,lh_transversetemporal,0.09090909090909091,0.09090909090909091,0.0
maxSW,aparc,0.05,Node Degree,rh_bankssts,0.09090909090909091,0.09090909090909091,0.0
maxSW,aparc,0.05,Node Degree,rh_caudalanteriorcingulate,0.09090909090909091,0.0,-0.09090909090909091
maxSW,aparc,0.05,Node Degree,rh_caudalmiddlefrontal,0.8181818181818182,0.8181818181818182,0.0
maxSW,aparc,0.05,Node Degree,rh_cuneus,0.09090909090909091,0.09090909090909091,0.0
maxSW,aparc,0.05,Node Degree,rh_entorhinal,0.0,0.09090909090909091,0.09090909090909091
maxSW,aparc,0.05,Node Degree,rh_frontalpole,0.09090909090909091,0.09090909090909091,0.0
maxSW,aparc,0.05,Node Degree,rh_fusiform,0.09090909090909091,0.09090909090909091,0.0
maxSW,aparc,0.05,Node Degree,rh_inferiorparietal,1.0,0.9090909090909091,-0.09090909090909094
maxSW,aparc,0.05,Node Degree,rh_inferiortemporal,0.18181818181818182,0.36363636363636365,0.18181818181818182
maxSW,aparc,0.05,Node Degree,rh_insula,0.0,0.0,0.0
maxSW,aparc,0.05,Node Degree,rh_isthmuscingulate,0.09090909090909091,0.09090909090909091,0.0
maxSW,aparc,0.05,Node Degree,rh_lateraloccipital,0.18181818181818182,0.2727272727272727,0.09090909090909088
maxSW,aparc,0.05,Node Degree,rh_lateralorbitofrontal,0.36363636363636365,0.36363636363636365,0.0
maxSW,aparc,0.05,Node Degree,rh_lingual,0.09090909090909091,0.09090909090909091,0.0
maxSW,aparc,0.05,Node Degree,rh_medialorbitofrontal,0.09090909090909091,0.09090909090909091,0.0
maxSW,aparc,0.05,Node Degree,rh_middletemporal,0.18181818181818182,0.2727272727272727,0.09090909090909088
maxSW,aparc,0.05,Node Degree,rh_paracentral,0.18181818181818182,0.2727272727272727,0.09090909090909088
maxSW,aparc,0.05,Node Degree,rh_parahippocampal,0.09090909090909091,0.09090909090909091,0.0
maxSW,aparc,0.05,Node Degree,rh_parsopercularis,0.6363636363636364,0.36363636363636365,-0.2727272727272727
maxSW,aparc,0.05,Node Degree,rh_parsorbitalis,0.09090909090909091,0.18181818181818182,0.09090909090909091
maxSW,aparc,0.05,Node Degree,rh_parstriangularis,0.2727272727272727,0.18181818181818182,-0.09090909090909088
maxSW,aparc,0.05,Node Degree,rh_pericalcarine,0.09090909090909091,0.09090909090909091,0.0
maxSW,aparc,0.05,Node Degree,rh_postcentral,0.45454545454545453,0.18181818181818182,-0.2727272727272727
maxSW,aparc,0.05,Node Degree,rh_posteriorcingulate,0.09090909090909091,0.09090909090909091,0.0
maxSW,aparc,0.05,Node Degree,rh_precentral,0.36363636363636365,0.5454545454545454,0.18181818181818177
maxSW,aparc,0.05,Node Degree,rh_precuneus,0.2727272727272727,0.18181818181818182,-0.09090909090909088
maxSW,aparc,0.05,Node Degree,rh_rostralanteriorcingulate,0.09090909090909091,0.09090909090909091,0.0
maxSW,aparc,0.05,Node Degree,rh_rostralmiddlefrontal,0.0,0.09090909090909091,0.09090909090909091
maxSW,aparc,0.05,Node Degree,rh_superiorfrontal,0.2727272727272727,0.2727272727272727,0.0
maxSW,aparc,0.05,Node Degree,rh_superiorparietal,0.18181818181818182,0.18181818181818182,0.0
maxSW,aparc,0.05,Node Degree,rh_superiortemporal,0.0,0.09090909090909091,0.09090909090909091
maxSW,aparc,0.05,Node Degree,rh_supramarginal,0.6363636363636364,0.8181818181818182,0.18181818181818188
maxSW,aparc,0.05,Node Degree,rh_temporalpole,0.09090909090909091,0.09090909090909091,0.0
maxSW,aparc,0.05,Node Degree,rh_transversetemporal,0.0,0.0,0.0
maxSW,aparc,0.1,Participation Coefficient,lh_bankssts,0.9977442312207238,0.993980401740515,-0.0037638294802087024
maxSW,aparc,0.1,Participation Coefficient,lh_caudalanteriorcingulate,0.0,0.0,0.0
maxSW,aparc,0.1,Participation Coefficient,lh_caudalmiddlefrontal,0.0,0.0,0.0
maxSW,aparc,0.1,Participation Coefficient,lh_cuneus,0.0,0.0,0.0
maxSW,aparc,0.1,Participation Coefficient,lh_entorhinal,0.0,0.0,0.0
maxSW,aparc,0.1,Participation Coefficient,lh_frontalpole,0.0,0.0,0.0
maxSW,aparc,0.1,Participation Coefficient,lh_fusiform,0.28032713184612207,0.0,-0.28032713184612207
maxSW,aparc,0.1,Participation Coefficient,lh_inferiorparietal,0.3504532460588466,0.3413128557845242,-0.009140390274322396
maxSW,aparc,0.1,Participation Coefficient,lh_inferiortemporal,0.4217131178603944,0.0,-0.4217131178603944
maxSW,aparc,0.1,Participation Coefficient,lh_insula,0.0,0.0,0.0
maxSW,aparc,0.1,Participation Coefficient,lh_isthmuscingulate,0.0,0.0,0.0
maxSW,aparc,0.1,Participation Coefficient,lh_lateraloccipital,0.0,0.0,0.0
maxSW,aparc,0.1,Participation Coefficient,lh_lateralorbitofrontal,0.610216094613957,0.0,-0.610216094613957
maxSW,aparc,0.1,Participation Coefficient,lh_lingual,0.0,0.0,0.0
maxSW,aparc,0.1,Participation Coefficient,lh_medialorbitofrontal,0.9979354769278223,0.0,-0.9979354769278223
maxSW,aparc,0.1,Participation Coefficient,lh_middletemporal,0.0,0.46231534374055405,0.46231534374055405
maxSW,aparc,0.1,Participation Coefficient,lh_paracentral,0.897551623970615,0.8904421403290059,-0.007109483641609127
maxSW,aparc,0.1,Participation Coefficient,lh_parahippocampal,0.0,0.0,0.0
maxSW,aparc,0.1,Participation Coefficient,lh_parsopercularis,0.6342787887880611,0.4097545350630865,-0.2245242537249746
maxSW,aparc,0.1,Participation Coefficient,lh_parsorbitalis,0.0,0.0,0.0
maxSW,aparc,0.1,Participation Coefficient,lh_parstriangularis,0.0,0.7848426361923182,0.7848426361923182
maxSW,aparc,0.1,Participation Coefficient,lh_pericalcarine,0.0,0.0,0.0
maxSW,aparc,0.1,Participation Coefficient,lh_postcentral,0.0,0.0,0.0
maxSW,aparc,0.1,Participation Coefficient,lh_posteriorcingulate,0.9535894111736392,0.0,-0.9535894111736392
maxSW,aparc,0.1,Participation Coefficient,lh_precentral,0.632859659757319,0.6883081083449821,0.05544844858766318
maxSW,aparc,0.1,Participation Coefficient,lh_precuneus,0.23922676382773,0.27457953850240374,0.03535277467467374
maxSW,aparc,0.1,Participation Coefficient,lh_rostralanteriorcingulate,0.0,0.0,0.0
maxSW,aparc,0.1,Participation Coefficient,lh_rostralmiddlefrontal,0.0,0.47690351704529843,0.47690351704529843
maxSW,aparc,0.1,Participation Coefficient,lh_superiorfrontal,0.6834885708357079,0.6694292860459617,-0.014059284789746163
maxSW,aparc,0.1,Participation Coefficient,lh_superiorparietal,0.9560532755617569,1.0,0.0439467244382431
maxSW,aparc,0.1,Participation Coefficient,lh_superiortemporal,0.5426256928655004,0.0,-0.5426256928655004
maxSW,aparc,0.1,Participation Coefficient,lh_supramarginal,0.6066895253662166,0.38767901592656706,-0.2190105094396495
maxSW,aparc,0.1,Participation Coefficient,lh_temporalpole,0.0,0.0,0.0
maxSW,aparc,0.1,Participation Coefficient,lh_transversetemporal,0.9935790208445778,0.0,-0.9935790208445778
maxSW,aparc,0.1,Participation Coefficient,rh_bankssts,0.0,0.0,0.0
maxSW,aparc,0.1,Participation Coefficient,rh_caudalanteriorcingulate,0.0,0.0,0.0
maxSW,aparc,0.1,Participation Coefficient,rh_caudalmiddlefrontal,0.0,0.0,0.0
maxSW,aparc,0.1,Participation Coefficient,rh_cuneus,0.0,0.0,0.0
maxSW,aparc,0.1,Participation Coefficient,rh_entorhinal,0.0,0.0,0.0
maxSW,aparc,0.1,Participation Coefficient,rh_frontalpole,0.0,0.0,0.0
maxSW,aparc,0.1,Participation Coefficient,rh_fusiform,0.0,0.0,0.0
maxSW,aparc,0.1,Participation Coefficient,rh_inferiorparietal,0.45430500926777845,0.47233808753277406,0.018033078264995617
maxSW,aparc,0.1,Participation Coefficient,rh_inferiortemporal,0.9876918018756214,0.0,-0.9876918018756214
maxSW,aparc,0.1,Participation Coefficient,rh_insula,0.0,0.0,0.0
maxSW,aparc,0.1,Participation Coefficient,rh_isthmuscingulate,0.0,0.0,0.0
maxSW,aparc,0.1,Participation Coefficient,rh_lateraloccipital,0.0,0.0,0.0
maxSW,aparc,0.1,Participation Coefficient,rh_lateralorbitofrontal,0.4230976552837855,0.24589090122740337,-0.17720675405638214
maxSW,aparc,0.1,Participation Coefficient,rh_lingual,0.0,0.0,0.0
maxSW,aparc,0.1,Participation Coefficient,rh_medialorbitofrontal,0.0,0.9979605221239815,0.9979605221239815
maxSW,aparc,0.1,Participation Coefficient,rh_middletemporal,0.0,0.0,0.0
maxSW,aparc,0.1,Participation Coefficient,rh_paracentral,0.9403277351745996,0.9035767232682141,-0.03675101190638541
maxSW,aparc,0.1,Participation Coefficient,rh_parahippocampal,0.0,0.0,0.0
maxSW,aparc,0.1,Participation Coefficient,rh_parsopercularis,0.0,0.0,0.0
maxSW,aparc,0.1,Participation Coefficient,rh_parsorbitalis,0.0,0.8680890470334475,0.8680890470334475
maxSW,aparc,0.1,Participation Coefficient,rh_parstriangularis,0.32163902014122653,0.0,-0.32163902014122653
maxSW,aparc,0.1,Participation Coefficient,rh_pericalcarine,0.0,0.0,0.0
maxSW,aparc,0.1,Participation Coefficient,rh_postcentral,0.0,0.0,0.0
maxSW,aparc,0.1,Participation Coefficient,rh_posteriorcingulate,0.0,0.0,0.0
maxSW,aparc,0.1,Participation Coefficient,rh_precentral,0.7836958298329693,0.8173303200974898,0.03363449026452059
maxSW,aparc,0.1,Participation Coefficient,rh_precuneus,0.8766452774840889,0.28483851198679233,-0.5918067654972966
maxSW,aparc,0.1,Participation Coefficient,rh_rostralanteriorcingulate,0.0,0.0,0.0
maxSW,aparc,0.1,Participation Coefficient,rh_rostralmiddlefrontal,0.0,0.5376294747251913,0.5376294747251913
maxSW,aparc,0.1,Participation Coefficient,rh_superiorfrontal,0.8818872283414544,0.9912520683409355,0.1093648399994811
maxSW,aparc,0.1,Participation Coefficient,rh_superiorparietal,0.8774254336198064,0.9665138722310135,0.08908843861120708
maxSW,aparc,0.1,Participation Coefficient,rh_superiortemporal,0.5391451417920395,0.0,-0.5391451417920395
maxSW,aparc,0.1,Participation Coefficient,rh_supramarginal,0.3601471419900969,0.0,-0.3601471419900969
maxSW,aparc,0.1,Participation Coefficient,rh_temporalpole,0.0,0.0,0.0
maxSW,aparc,0.1,Participation Coefficient,rh_transversetemporal,0.0,0.0,0.0
maxSW,aparc,0.1,Node Versatility,lh_bankssts,0.3595759456023252,0.4074977018717926,0.047921756269467375
maxSW,aparc,0.1,Node Versatility,lh_caudalanteriorcingulate,0.29275832915231265,0.9772954351352299,0.6845371059829173
maxSW,aparc,0.1,Node Versatility,lh_caudalmiddlefrontal,0.5398417538966606,0.8679501058577902,0.32810835196112964
maxSW,aparc,0.1,Node Versatility,lh_cuneus,0.20594889255240506,0.19938356426470766,-0.006565328287697403
maxSW,aparc,0.1,Node Versatility,lh_entorhinal,0.09663209944854978,0.0,-0.09663209944854978
maxSW,aparc,0.1,Node Versatility,lh_frontalpole,0.004916189052790625,0.0,-0.004916189052790625
maxSW,aparc,0.1,Node Versatility,lh_fusiform,0.23561131254279757,0.35698082643569173,0.12136951389289416
maxSW,aparc,0.1,Node Versatility,lh_inferiorparietal,0.4484423126005886,0.5049922678540861,0.05654995525349754
maxSW,aparc,0.1,Node Versatility,lh_inferiortemporal,0.020220269596124055,0.0028528326478402914,-0.017367436948283764
maxSW,aparc,0.1,Node Versatility,lh_insula,0.3595759456023252,0.4074977018717926,0.047921756269467375
maxSW,aparc,0.1,Node Versatility,lh_isthmuscingulate,0.00040498971190953384,0.02192764193680729,0.021522652224897756
maxSW,aparc,0.1,Node Versatility,lh_lateraloccipital,0.21022604182417778,0.20054343142699213,-0.009682610397185654
maxSW,aparc,0.1,Node Versatility,lh_lateralorbitofrontal,0.23817603858188885,0.354258636883433,0.11608259830154416
maxSW,aparc,0.1,Node Versatility,lh_lingual,0.20421783950669958,0.20054343142699213,-0.003674408079707453
maxSW,aparc,0.1,Node Versatility,lh_medialorbitofrontal,0.00040498971190953384,0.02192764193680729,0.021522652224897756
maxSW,aparc,0.1,Node Versatility,lh_middletemporal,0.020220269596124055,0.0028528326478402914,-0.017367436948283764
maxSW,aparc,0.1,Node Versatility,lh_paracentral,0.791413509295,0.3747956225313591,-0.41661788676364087
maxSW,aparc,0.1,Node Versatility,lh_parahippocampal,0.09663209944854978,0.3282214796317618,0.231589380183212
maxSW,aparc,0.1,Node Versatility,lh_parsopercularis,0.584305213081076,0.5382699237270846,-0.04603528935399137
maxSW,aparc,0.1,Node Versatility,lh_parsorbitalis,0.004916189052790625,0.0,-0.004916189052790625
maxSW,aparc,0.1,Node Versatility,lh_parstriangularis,0.3827821407361272,0.612659104051406,0.2298769633152788
maxSW,aparc,0.1,Node Versatility,lh_pericalcarine,0.27438319210478046,0.38686993376304823,0.11248674165826777
maxSW,aparc,0.1,Node Versatility,lh_postcentral,0.21022604182417778,0.20054343142699213,-0.009682610397185654
maxSW,aparc,0.1,Node Versatility,lh_posteriorcingulate,0.29275832915231265,0.9772954351352299,0.6845371059829173
maxSW,aparc,0.1,Node Versatility,lh_precentral,0.7691188586009844,0.5352130065822027,-0.23390585201878167
maxSW,aparc,0.1,Node Versatility,lh_precuneus,0.40853046167265483,1.0,0.5914695383273452
maxSW,aparc,0.1,Node Versatility,lh_rostralanteriorcingulate,0.25284568485379344,0.5991457417090255,0.346300056855232
maxSW,aparc,0.1,Node Versatility,lh_rostralmiddlefrontal,0.27379538407532106,0.33282604898393725,0.05903066490861619
maxSW,aparc,0.1,Node Versatility,lh_superiorfrontal,0.020220269596124055,0.0028528326478402914,-0.017367436948283764
maxSW,aparc,0.1,Node Versatility,lh_superiorparietal,0.6808230632830884,0.3776347234461262,-0.3031883398369622
maxSW,aparc,0.1,Node Versatility,lh_superiortemporal,0.020220269596124055,0.0028528326478402914,-0.017367436948283764
maxSW,aparc,0.1,Node Versatility,lh_supramarginal,0.4415519878976959,0.37703913639206177,-0.06451285150563413
maxSW,aparc,0.1,Node Versatility,lh_temporalpole,0.004916189052790625,0.0,-0.004916189052790625
maxSW,aparc,0.1,Node Versatility,lh_transversetemporal,0.8103550535064172,0.92638769529155,0.11603264178513273
maxSW,aparc,0.1,Node Versatility,rh_bankssts,0.3595759456023252,0.4074977018717926,0.047921756269467375
maxSW,aparc,0.1,Node Versatility,rh_caudalanteriorcingulate,0.29275832915231265,0.705682432415699,0.4129241032633863
maxSW,aparc,0.1,Node Versatility,rh_caudalmiddlefrontal,0.39962112299689606,0.8333550999644727,0.4337339769675766
maxSW,aparc,0.1,Node Versatility,rh_cuneus,0.20594889255240506,0.19938356426470766,-0.006565328287697403
maxSW,aparc,0.1,Node Versatility,rh_entorhinal,0.09663209944854978,0.0,-0.09663209944854978
maxSW,aparc,0.1,Node Versatility,rh_frontalpole,0.004916189052790625,0.0,-0.004916189052790625
maxSW,aparc,0.1,Node Versatility,rh_fusiform,0.23561131254279757,0.35698082643569173,0.12136951389289416
maxSW,aparc,0.1,Node Versatility,rh_inferiorparietal,0.4903762493702652,0.6028434856432004,0.11246723627293526
maxSW,aparc,0.1,Node Versatility,rh_inferiortemporal,0.020220269596124055,0.0028528326478402914,-0.017367436948283764
maxSW,aparc,0.1,Node Versatility,rh_insula,0.3595759456023252,0.4074977018717926,0.047921756269467375
maxSW,aparc,0.1,Node Versatility,rh_isthmuscingulate,0.00040498971190953384,0.02192764193680729,0.021522652224897756
maxSW,aparc,0.1,Node Versatility,rh_lateraloccipital,0.21022604182417778,0.20054343142699213,-0.009682610397185654
maxSW,aparc,0.1,Node Versatility,rh_lateralorbitofrontal,0.23625424664911338,0.6946122171245986,0.45835797047548527
maxSW,aparc,0.1,Node Versatility,rh_lingual,0.21022604182417778,0.20054343142699213,-0.009682610397185654
maxSW,aparc,0.1,Node Versatility,rh_medialorbitofrontal,0.00040498971190953384,0.02192764193680729,0.021522652224897756
maxSW,aparc,0.1,Node Versatility,rh_middletemporal,0.020220269596124055,0.0028528326478402914,-0.017367436948283764
maxSW,aparc,0.1,Node Versatility,rh_paracentral,0.7566033137488896,0.3747956225313591,-0.38180769121753044
maxSW,aparc,0.1,Node Versatility,rh_parahippocampal,0.09663209944854978,0.3282214796317618,0.231589380183212
maxSW,aparc,0.1,Node Versatility,rh_parsopercularis,0.40323340481700864,0.5916681848859792,0.18843478006897052
maxSW,aparc,0.1,Node Versatility,rh_parsorbitalis,0.004916189052790625,0.0,-0.004916189052790625
maxSW,aparc,0.1,Node Versatility,rh_parstriangularis,0.2934924558845438,0.2824149419822006,-0.011077513902343239
maxSW,aparc,0.1,Node Versatility,rh_pericalcarine,0.27438319210478046,0.38686993376304823,0.11248674165826777
maxSW,aparc,0.1,Node Versatility,rh_postcentral,0.21022604182417778,0.20054343142699213,-0.009682610397185654
maxSW,aparc,0.1,Node Versatility,rh_posteriorcingulate,0.29275832915231265,0.705682432415699,0.4129241032633863
maxSW,aparc,0.1,Node Versatility,rh_precentral,0.8325820050566105,0.5190758063075637,-0.31350619874904684
maxSW,aparc,0.1,Node Versatility,rh_precuneus,0.7994109765050539,0.9356356734619267,0.13622469695687278
maxSW,aparc,0.1,Node Versatility,rh_rostralanteriorcingulate,0.25284568485379344,0.5991457417090255,0.346300056855232
maxSW,aparc,0.1,Node Versatility,rh_rostralmiddlefrontal,0.27379538407532106,0.33282604898393725,0.05903066490861619
maxSW,aparc,0.1,Node Versatility,rh_superiorfrontal,0.020220269596124055,0.0028528326478402914,-0.017367436948283764
maxSW,aparc,0.1,Node Versatility,rh_superiorparietal,0.6808230632830884,0.332989231921657,-0.34783383136143137
maxSW,aparc,0.1,Node Versatility,rh_superiortemporal,0.020220269596124055,0.0028528326478402914,-0.017367436948283764
maxSW,aparc,0.1,Node Versatility,rh_supramarginal,0.4909659367373478,0.4973733470713599,0.006407410334012098
maxSW,aparc,0.1,Node Versatility,rh_temporalpole,0.004916189052790625,0.0,-0.004916189052790625
maxSW,aparc,0.1,Node Versatility,rh_transversetemporal,0.8103550535064172,0.92638769529155,0.11603264178513273
maxSW,aparc,0.1,Node Strength,lh_bankssts,0.04922194143706629,0.05134960328984439,0.002127661852778101
maxSW,aparc,0.1,Node Strength,lh_caudalanteriorcingulate,0.05954014943925818,0.013763579416767934,-0.04577657002249025
maxSW,aparc,0.1,Node Strength,lh_caudalmiddlefrontal,0.5691530460192552,0.529067282275376,-0.04008576374387918
maxSW,aparc,0.1,Node Strength,lh_cuneus,0.017292520925533506,0.016802898758917568,-0.0004896221666159384
maxSW,aparc,0.1,Node Strength,lh_entorhinal,0.041449367549677305,0.0103543922805368,-0.031094975269140505
maxSW,aparc,0.1,Node Strength,lh_frontalpole,0.0,0.004685440265933893,0.004685440265933893
maxSW,aparc,0.1,Node Strength,lh_fusiform,0.5631733889579722,0.5680424626473165,0.004869073689344305
maxSW,aparc,0.1,Node Strength,lh_inferiorparietal,0.9004080496385211,0.9443305473878403,0.04392249774931922
maxSW,aparc,0.1,Node Strength,lh_inferiortemporal,0.34009137221414926,0.29482213553480335,-0.0452692366793459
maxSW,aparc,0.1,Node Strength,lh_insula,0.05604188837647521,0.052573866635250294,-0.0034680217412249165
maxSW,aparc,0.1,Node Strength,lh_isthmuscingulate,0.01566082327557676,0.017122413849343147,0.0014615905737663873
maxSW,aparc,0.1,Node Strength,lh_lateraloccipital,0.19947469944663088,0.29466159407815784,0.09518689463152696
maxSW,aparc,0.1,Node Strength,lh_lateralorbitofrontal,0.46832913363820317,0.38383717784323124,-0.08449195579497193
maxSW,aparc,0.1,Node Strength,lh_lingual,0.04432426326372864,0.13704448191261343,0.09272021864888479
maxSW,aparc,0.1,Node Strength,lh_medialorbitofrontal,0.06060028326480059,0.06071217741281226,0.00011189414801167363
maxSW,aparc,0.1,Node Strength,lh_middletemporal,0.14447043834131185,0.2339782984645456,0.08950786012323375
maxSW,aparc,0.1,Node Strength,lh_paracentral,0.2413820622999114,0.24719026485406606,0.005808202554154651
maxSW,aparc,0.1,Node Strength,lh_parahippocampal,0.046306547659491167,0.015468467715209122,-0.030838079944282046
maxSW,aparc,0.1,Node Strength,lh_parsopercularis,0.65797447442938,0.7503770701162252,0.09240259568684528
maxSW,aparc,0.1,Node Strength,lh_parsorbitalis,0.06883008334164428,0.06873642785814556,-9.365548349872521e-05
maxSW,aparc,0.1,Node Strength,lh_parstriangularis,0.4731133302018072,0.5224143422244818,0.04930101202267462
maxSW,aparc,0.1,Node Strength,lh_pericalcarine,0.010264620088750167,0.009293240824592057,-0.00097137926415811
maxSW,aparc,0.1,Node Strength,lh_postcentral,0.25111593827101253,0.2520399735879009,0.0009240353168883941
maxSW,aparc,0.1,Node Strength,lh_posteriorcingulate,0.19425288447967876,0.19677451980861035,0.0025216353289315985
maxSW,aparc,0.1,Node Strength,lh_precentral,0.6714106894142495,0.8005566701323497,0.12914598071810013
maxSW,aparc,0.1,Node Strength,lh_precuneus,0.6584837161416637,0.5693205418625439,-0.0891631742791198
maxSW,aparc,0.1,Node Strength,lh_rostralanteriorcingulate,0.010593139516727027,0.010004983420930924,-0.0005881560957961031
maxSW,aparc,0.1,Node Strength,lh_rostralmiddlefrontal,0.2429966559474623,0.292838200385122,0.049841544437659674
maxSW,aparc,0.1,Node Strength,lh_superiorfrontal,0.38942846465719677,0.39152962780509465,0.0021011631478978776
maxSW,aparc,0.1,Node Strength,lh_superiorparietal,0.43014158113869955,0.5196306523095927,0.08948907117089316
maxSW,aparc,0.1,Node Strength,lh_superiortemporal,0.2439475975734343,0.20292863342560166,-0.041018964147832626
maxSW,aparc,0.1,Node Strength,lh_supramarginal,0.9451616576179227,0.8108897667365138,-0.1342718908814089
maxSW,aparc,0.1,Node Strength,lh_temporalpole,0.0033357985192446955,0.0019045182095245618,-0.0014312803097201337
maxSW,aparc,0.1,Node Strength,lh_transversetemporal,0.05346024673102076,0.05111422160396539,-0.002346025127055368
maxSW,aparc,0.1,Node Strength,rh_bankssts,0.04942080200682119,0.05011174903189465,0.0006909470250734615
maxSW,aparc,0.1,Node Strength,rh_caudalanteriorcingulate,0.10373615109431635,0.013369444538790843,-0.0903667065555255
maxSW,aparc,0.1,Node Strength,rh_caudalmiddlefrontal,0.6701769491474306,0.7224749769834686,0.052298027836037986
maxSW,aparc,0.1,Node Strength,rh_cuneus,0.06120613106371256,0.06101178361352523,-0.00019434745018732935
maxSW,aparc,0.1,Node Strength,rh_entorhinal,0.009295041781278147,0.0410898959914321,0.03179485421015395
maxSW,aparc,0.1,Node Strength,rh_frontalpole,0.028964640458215868,0.03362486845465964,0.004660227996443771
maxSW,aparc,0.1,Node Strength,rh_fusiform,0.2874946670910231,0.42391364706968643,0.1364189799786633
maxSW,aparc,0.1,Node Strength,rh_inferiorparietal,0.9939773048842239,1.0,0.006022695115776133
maxSW,aparc,0.1,Node Strength,rh_inferiortemporal,0.4706625441332667,0.2970169951165465,-0.1736455490167202
maxSW,aparc,0.1,Node Strength,rh_insula,0.01769316740621605,0.015874819710601056,-0.001818347695614994
maxSW,aparc,0.1,Node Strength,rh_isthmuscingulate,0.05922536194377705,0.06078637533099193,0.0015610133872148851
maxSW,aparc,0.1,Node Strength,rh_lateraloccipital,0.2469949707623141,0.29616885961084666,0.04917388884853255
maxSW,aparc,0.1,Node Strength,rh_lateralorbitofrontal,0.7370467770336353,0.6501916743643912,-0.08685510266924412
maxSW,aparc,0.1,Node Strength,rh_lingual,0.1976691547037491,0.20305937726660905,0.005390222562859953
maxSW,aparc,0.1,Node Strength,rh_medialorbitofrontal,0.060508034345395645,0.06082426206106968,0.0003162277156740362
maxSW,aparc,0.1,Node Strength,rh_middletemporal,0.20358413654531163,0.20460498558729756,0.0010208490419859328
maxSW,aparc,0.1,Node Strength,rh_paracentral,0.33290893505855895,0.24562359282190546,-0.08728534223665349
maxSW,aparc,0.1,Node Strength,rh_parahippocampal,0.05566972080923289,0.05815715934313151,0.0024874385338986213
maxSW,aparc,0.1,Node Strength,rh_parsopercularis,0.6143494486467681,0.4772435477260245,-0.1371059009207436
maxSW,aparc,0.1,Node Strength,rh_parsorbitalis,0.04847939519082405,0.08002297098056702,0.03154357578974296
maxSW,aparc,0.1,Node Strength,rh_parstriangularis,0.4738854391921674,0.38209706834285934,-0.09178837084930808
maxSW,aparc,0.1,Node Strength,rh_pericalcarine,0.03596134952715165,0.03750777328547973,0.001546423758328079
maxSW,aparc,0.1,Node Strength,rh_postcentral,0.25204291522152433,0.2967704723264513,0.044727557104926985
maxSW,aparc,0.1,Node Strength,rh_posteriorcingulate,0.06180403484799921,0.10748674373431555,0.045682708886316335
maxSW,aparc,0.1,Node Strength,rh_precentral,0.6598854401899245,0.6187675406298419,-0.041117899560082605
maxSW,aparc,0.1,Node Strength,rh_precuneus,0.5504373527985292,0.4607319063865519,-0.08970544641197731
maxSW,aparc,0.1,Node Strength,rh_rostralanteriorcingulate,0.052118356017779525,0.050643063136550204,-0.0014752928812293217
maxSW,aparc,0.1,Node Strength,rh_rostralmiddlefrontal,0.15248415657395778,0.24265771884223655,0.09017356226827877
maxSW,aparc,0.1,Node Strength,rh_superiorfrontal,0.38528035248736486,0.5685858157634851,0.18330546327612024
maxSW,aparc,0.1,Node Strength,rh_superiorparietal,0.38289006906826784,0.5183773662761577,0.13548729720788988
maxSW,aparc,0.1,Node Strength,rh_superiortemporal,0.24310489441524766,0.2014283921892205,-0.041676502226027146
maxSW,aparc,0.1,Node Strength,rh_supramarginal,0.8486696578410642,0.7686417055156933,-0.08002795232537085
maxSW,aparc,0.1,Node Strength,rh_temporalpole,0.030734300330510635,0.02774302932345547,-0.0029912710070551657
maxSW,aparc,0.1,Node Strength,rh_transversetemporal,0.014657166859743562,0.012314972224718557,-0.0023421946350250054
maxSW,aparc,0.1,Local Efficiency,lh_bankssts,0.0,0.0,0.0
maxSW,aparc,0.1,Local Efficiency,lh_caudalanteriorcingulate,0.9530246688868795,0.0,-0.9530246688868795
maxSW,aparc,0.1,Local Efficiency,lh_caudalmiddlefrontal,0.9146560977552216,0.9256783815220473,0.01102228376682568
maxSW,aparc,0.1,Local Efficiency,lh_cuneus,0.0,0.0,0.0
maxSW,aparc,0.1,Local Efficiency,lh_entorhinal,0.0,0.0,0.0
maxSW,aparc,0.1,Local Efficiency,lh_frontalpole,0.0,0.0,0.0
maxSW,aparc,0.1,Local Efficiency,lh_fusiform,0.8626088658976074,0.9009625197472051,0.03835365384959766
maxSW,aparc,0.1,Local Efficiency,lh_inferiorparietal,0.7622673091182837,0.7549702283637424,-0.007297080754541274
maxSW,aparc,0.1,Local Efficiency,lh_inferiortemporal,0.8104079259902488,0.8974392703238223,0.08703134433357351
maxSW,aparc,0.1,Local Efficiency,lh_insula,0.0,0.0,0.0
maxSW,aparc,0.1,Local Efficiency,lh_isthmuscingulate,0.0,0.0,0.0
maxSW,aparc,0.1,Local Efficiency,lh_lateraloccipital,0.593169174309915,0.6174956079502878,0.02432643364037279
maxSW,aparc,0.1,Local Efficiency,lh_lateralorbitofrontal,0.72595707673793,0.9426618359136054,0.21670475917567544
maxSW,aparc,0.1,Local Efficiency,lh_lingual,0.0,0.4950327010122555,0.4950327010122555
maxSW,aparc,0.1,Local Efficiency,lh_medialorbitofrontal,0.0,0.0,0.0
maxSW,aparc,0.1,Local Efficiency,lh_middletemporal,0.49569429628920536,0.6580804748932876,0.16238617860408222
maxSW,aparc,0.1,Local Efficiency,lh_paracentral,0.6232937510583759,0.8868840929502368,0.2635903418918609
maxSW,aparc,0.1,Local Efficiency,lh_parahippocampal,0.0,0.0,0.0
maxSW,aparc,0.1,Local Efficiency,lh_parsopercularis,0.7557704081265731,0.7897815151141387,0.0340111069875656
maxSW,aparc,0.1,Local Efficiency,lh_parsorbitalis,0.0,0.0,0.0
maxSW,aparc,0.1,Local Efficiency,lh_parstriangularis,0.9373000645211369,0.822011109950225,-0.11528895457091193
maxSW,aparc,0.1,Local Efficiency,lh_pericalcarine,0.0,0.0,0.0
maxSW,aparc,0.1,Local Efficiency,lh_postcentral,0.8630475174340905,0.9004936992452914,0.03744618181120096
maxSW,aparc,0.1,Local Efficiency,lh_posteriorcingulate,0.33464318188946546,0.4229116629620476,0.08826848107258212
maxSW,aparc,0.1,Local Efficiency,lh_precentral,0.8215962022820216,0.7691651128111,-0.052431089470921566
maxSW,aparc,0.1,Local Efficiency,lh_precuneus,0.8399854562117295,0.8176443798173433,-0.022341076394386206
maxSW,aparc,0.1,Local Efficiency,lh_rostralanteriorcingulate,0.0,0.0,0.0
maxSW,aparc,0.1,Local Efficiency,lh_rostralmiddlefrontal,0.8796585211401018,0.8666722877017479,-0.012986233438353922
maxSW,aparc,0.1,Local Efficiency,lh_superiorfrontal,0.7795139904375562,0.7747050033082002,-0.004808987129355957
maxSW,aparc,0.1,Local Efficiency,lh_superiorparietal,0.7318033744912108,0.7196433260300764,-0.012160048461134387
maxSW,aparc,0.1,Local Efficiency,lh_superiortemporal,0.8808515454217768,0.9963533234099772,0.11550177798820038
maxSW,aparc,0.1,Local Efficiency,lh_supramarginal,0.724881401463852,0.7683364390284559,0.04345503756460389
maxSW,aparc,0.1,Local Efficiency,lh_temporalpole,0.0,0.0,0.0
maxSW,aparc,0.1,Local Efficiency,lh_transversetemporal,0.0,0.0,0.0
maxSW,aparc,0.1,Local Efficiency,rh_bankssts,0.0,0.0,0.0
maxSW,aparc,0.1,Local Efficiency,rh_caudalanteriorcingulate,0.8019246384832958,0.0,-0.8019246384832958
maxSW,aparc,0.1,Local Efficiency,rh_caudalmiddlefrontal,0.8877052139009429,0.8522747833009948,-0.035430430599948104
maxSW,aparc,0.1,Local Efficiency,rh_cuneus,0.0,0.0,0.0
maxSW,aparc,0.1,Local Efficiency,rh_entorhinal,0.0,0.0,0.0
maxSW,aparc,0.1,Local Efficiency,rh_frontalpole,0.0,0.0,0.0
maxSW,aparc,0.1,Local Efficiency,rh_fusiform,0.9713831160338185,0.9203212608113674,-0.0510618552224511
maxSW,aparc,0.1,Local Efficiency,rh_inferiorparietal,0.7365318867130252,0.745508468151609,0.00897658143858382
maxSW,aparc,0.1,Local Efficiency,rh_inferiortemporal,0.7054341943727986,0.9003876109086685,0.19495341653586984
maxSW,aparc,0.1,Local Efficiency,rh_insula,0.0,0.0,0.0
maxSW,aparc,0.1,Local Efficiency,rh_isthmuscingulate,0.0,0.0,0.0
maxSW,aparc,0.1,Local Efficiency,rh_lateraloccipital,0.8561623146620007,0.8194824978950135,-0.03667981676698717
maxSW,aparc,0.1,Local Efficiency,rh_lateralorbitofrontal,0.6689767314122249,0.6236159593930455,-0.04536077201917943
maxSW,aparc,0.1,Local Efficiency,rh_lingual,0.5825033914640798,0.8966950399884619,0.3141916485243821
maxSW,aparc,0.1,Local Efficiency,rh_medialorbitofrontal,0.0,0.0,0.0
maxSW,aparc,0.1,Local Efficiency,rh_middletemporal,0.8976396655854655,1.0,0.10236033441453452
maxSW,aparc,0.1,Local Efficiency,rh_paracentral,0.834644744296375,0.661356544640951,-0.17328819965542408
maxSW,aparc,0.1,Local Efficiency,rh_parahippocampal,0.0,0.0,0.0
maxSW,aparc,0.1,Local Efficiency,rh_parsopercularis,0.8966967920094954,0.9337246011553552,0.03702780914585979
maxSW,aparc,0.1,Local Efficiency,rh_parsorbitalis,0.0,0.0,0.0
maxSW,aparc,0.1,Local Efficiency,rh_parstriangularis,0.8098468345351588,0.8766363371785414,0.06678950264338257
maxSW,aparc,0.1,Local Efficiency,rh_pericalcarine,0.0,0.0,0.0
maxSW,aparc,0.1,Local Efficiency,rh_postcentral,0.8646171873011146,0.8228206321806572,-0.041796555120457435
maxSW,aparc,0.1,Local Efficiency,rh_posteriorcingulate,0.9684751472244642,0.32848544124396384,-0.6399897059805003
maxSW,aparc,0.1,Local Efficiency,rh_precentral,0.8051783148620612,0.7992728751368414,-0.00590543972521973
maxSW,aparc,0.1,Local Efficiency,rh_precuneus,0.5846776769588397,0.5835971163134441,-0.001080560645395523
maxSW,aparc,0.1,Local Efficiency,rh_rostralanteriorcingulate,0.0,0.0,0.0
maxSW,aparc,0.1,Local Efficiency,rh_rostralmiddlefrontal,0.9793656470433093,0.6567697439740279,-0.32259590306928143
maxSW,aparc,0.1,Local Efficiency,rh_superiorfrontal,0.7704483269165945,0.6376704581721112,-0.13277786874448327
maxSW,aparc,0.1,Local Efficiency,rh_superiorparietal,0.7357572593612003,0.7044697305255555,-0.031287528835644784
maxSW,aparc,0.1,Local Efficiency,rh_superiortemporal,0.8461031997001405,0.9931005657118133,0.1469973660116728
maxSW,aparc,0.1,Local Efficiency,rh_supramarginal,0.7711046460145214,0.8390917760641582,0.06798713004963675
maxSW,aparc,0.1,Local Efficiency,rh_temporalpole,0.0,0.0,0.0
maxSW,aparc,0.1,Local Efficiency,rh_transversetemporal,0.0,0.0,0.0
maxSW,aparc,0.1,Clustering Coefficient,lh_bankssts,0.0,0.0,0.0
maxSW,aparc,0.1,Clustering Coefficient,lh_caudalanteriorcingulate,0.9530246688868795,0.0,-0.9530246688868795
maxSW,aparc,0.1,Clustering Coefficient,lh_caudalmiddlefrontal,0.8460204855169589,0.858388015296779,0.012367529779820141
maxSW,aparc,0.1,Clustering Coefficient,lh_cuneus,0.0,0.0,0.0
maxSW,aparc,0.1,Clustering Coefficient,lh_entorhinal,0.0,0.0,0.0
maxSW,aparc,0.1,Clustering Coefficient,lh_frontalpole,0.0,0.0,0.0
maxSW,aparc,0.1,Clustering Coefficient,lh_fusiform,0.750171699627172,0.8189128595506813,0.06874115992350927
maxSW,aparc,0.1,Clustering Coefficient,lh_inferiorparietal,0.5381983445208842,0.5236552322142667,-0.014543112306617534
maxSW,aparc,0.1,Clustering Coefficient,lh_inferiortemporal,0.6368539977962928,0.8049626787383481,0.16810868094205533
maxSW,aparc,0.1,Clustering Coefficient,lh_insula,0.0,0.0,0.0
maxSW,aparc,0.1,Clustering Coefficient,lh_isthmuscingulate,0.0,0.0,0.0
maxSW,aparc,0.1,Clustering Coefficient,lh_lateraloccipital,0.593169174309915,0.5237694627562691,-0.06939971155364588
maxSW,aparc,0.1,Clustering Coefficient,lh_lateralorbitofrontal,0.655813485082331,0.9016024359410149,0.2457889508586839
maxSW,aparc,0.1,Clustering Coefficient,lh_lingual,0.0,0.4950327010122555,0.4950327010122555
maxSW,aparc,0.1,Clustering Coefficient,lh_medialorbitofrontal,0.0,0.0,0.0
maxSW,aparc,0.1,Clustering Coefficient,lh_middletemporal,0.49569429628920536,0.6580804748932878,0.16238617860408244
maxSW,aparc,0.1,Clustering Coefficient,lh_paracentral,0.5904832702844497,0.7895002317453588,0.19901696146090908
maxSW,aparc,0.1,Clustering Coefficient,lh_parahippocampal,0.0,0.0,0.0
maxSW,aparc,0.1,Clustering Coefficient,lh_parsopercularis,0.5622012918439381,0.6011573574704402,0.03895606562650211
maxSW,aparc,0.1,Clustering Coefficient,lh_parsorbitalis,0.0,0.0,0.0
maxSW,aparc,0.1,Clustering Coefficient,lh_parstriangularis,0.8928867834830018,0.6595552001134142,-0.2333315833695876
maxSW,aparc,0.1,Clustering Coefficient,lh_pericalcarine,0.0,0.0,0.0
maxSW,aparc,0.1,Clustering Coefficient,lh_postcentral,0.7317537198560023,0.8021894696295419,0.0704357497735395
maxSW,aparc,0.1,Clustering Coefficient,lh_posteriorcingulate,0.28583453448296847,0.29232327335832153,0.006488738875353062
maxSW,aparc,0.1,Clustering Coefficient,lh_precentral,0.6541704383936916,0.5669919740359919,-0.08717846435769971
maxSW,aparc,0.1,Clustering Coefficient,lh_precuneus,0.7008394508547204,0.6575417419557875,-0.04329770889893292
maxSW,aparc,0.1,Clustering Coefficient,lh_rostralanteriorcingulate,0.0,0.0,0.0
maxSW,aparc,0.1,Clustering Coefficient,lh_rostralmiddlefrontal,0.7815140099386739,0.7499480904919705,-0.031565919446703394
maxSW,aparc,0.1,Clustering Coefficient,lh_superiorfrontal,0.5800676751568816,0.5572097033230226,-0.02285797183385907
maxSW,aparc,0.1,Clustering Coefficient,lh_superiorparietal,0.504511011651908,0.4771784384486325,-0.027332573203275534
maxSW,aparc,0.1,Clustering Coefficient,lh_superiortemporal,0.7833986738128997,0.9963533234099771,0.21295464959707733
maxSW,aparc,0.1,Clustering Coefficient,lh_supramarginal,0.49541719732695405,0.5477240338156679,0.05230683648871387
maxSW,aparc,0.1,Clustering Coefficient,lh_temporalpole,0.0,0.0,0.0
maxSW,aparc,0.1,Clustering Coefficient,lh_transversetemporal,0.0,0.0,0.0
maxSW,aparc,0.1,Clustering Coefficient,rh_bankssts,0.0,0.0,0.0
maxSW,aparc,0.1,Clustering Coefficient,rh_caudalanteriorcingulate,0.6404999387037813,0.0,-0.6404999387037813
maxSW,aparc,0.1,Clustering Coefficient,rh_caudalmiddlefrontal,0.784770522632064,0.7083064259975825,-0.0764640966344815
maxSW,aparc,0.1,Clustering Coefficient,rh_cuneus,0.0,0.0,0.0
maxSW,aparc,0.1,Clustering Coefficient,rh_entorhinal,0.0,0.0,0.0
maxSW,aparc,0.1,Clustering Coefficient,rh_frontalpole,0.0,0.0,0.0
maxSW,aparc,0.1,Clustering Coefficient,rh_fusiform,0.9713831160338184,0.8662536033331095,-0.10512951270070892
maxSW,aparc,0.1,Clustering Coefficient,rh_inferiorparietal,0.4952951151791686,0.5011795582250067,0.005884443045838128
maxSW,aparc,0.1,Clustering Coefficient,rh_inferiortemporal,0.4790358272325578,0.8070680025107563,0.3280321752781985
maxSW,aparc,0.1,Clustering Coefficient,rh_insula,0.0,0.0,0.0
maxSW,aparc,0.1,Clustering Coefficient,rh_isthmuscingulate,0.0,0.0,0.0
maxSW,aparc,0.1,Clustering Coefficient,rh_lateraloccipital,0.7258802726679197,0.6635724843371068,-0.06230778833081285
maxSW,aparc,0.1,Clustering Coefficient,rh_lateralorbitofrontal,0.5008956993750733,0.4571877005107636,-0.043707998864309705
maxSW,aparc,0.1,Clustering Coefficient,rh_lingual,0.5825033914640799,0.7956151204295987,0.21311172896551878
maxSW,aparc,0.1,Clustering Coefficient,rh_medialorbitofrontal,0.0,0.0,0.0
maxSW,aparc,0.1,Clustering Coefficient,rh_middletemporal,0.7969249370021225,1.0,0.20307506299787748
maxSW,aparc,0.1,Clustering Coefficient,rh_paracentral,0.69632415896867,0.6613565446409512,-0.03496761432771878
maxSW,aparc,0.1,Clustering Coefficient,rh_parahippocampal,0.0,0.0,0.0
maxSW,aparc,0.1,Clustering Coefficient,rh_parsopercularis,0.8111644837598377,0.880374304043473,0.06920982028363531
maxSW,aparc,0.1,Clustering Coefficient,rh_parsorbitalis,0.0,0.0,0.0
maxSW,aparc,0.1,Clustering Coefficient,rh_parstriangularis,0.6441071377458554,0.7676587824167656,0.12355164467091018
maxSW,aparc,0.1,Clustering Coefficient,rh_pericalcarine,0.0,0.0,0.0
maxSW,aparc,0.1,Clustering Coefficient,rh_postcentral,0.7332208403177726,0.6666341795339523,-0.06658666078382025
maxSW,aparc,0.1,Clustering Coefficient,rh_posteriorcingulate,0.9684751472244642,0.3284854412439638,-0.6399897059805004
maxSW,aparc,0.1,Clustering Coefficient,rh_precentral,0.6281136321923779,0.609798214591584,-0.018315417600793915
maxSW,aparc,0.1,Clustering Coefficient,rh_precuneus,0.4921911314826833,0.52250145906895,0.030310327586266672
maxSW,aparc,0.1,Clustering Coefficient,rh_rostralanteriorcingulate,0.0,0.0,0.0
maxSW,aparc,0.1,Clustering Coefficient,rh_rostralmiddlefrontal,0.9793656470433093,0.656769743974028,-0.3225959030692813
maxSW,aparc,0.1,Clustering Coefficient,rh_superiorfrontal,0.5765540199691074,0.39314736201857503,-0.18340665795053235
maxSW,aparc,0.1,Clustering Coefficient,rh_superiorparietal,0.49354399088535783,0.4619707769531121,-0.031573213932245714
maxSW,aparc,0.1,Clustering Coefficient,rh_superiortemporal,0.7182527817016948,0.9931005657118133,0.27484778401011845
maxSW,aparc,0.1,Clustering Coefficient,rh_supramarginal,0.583972216989937,0.6829724832356,0.09900026624566305
maxSW,aparc,0.1,Clustering Coefficient,rh_temporalpole,0.0,0.0,0.0
maxSW,aparc,0.1,Clustering Coefficient,rh_transversetemporal,0.0,0.0,0.0
maxSW,aparc,0.1,Betweenness Centrality,lh_bankssts,0.2594594594594595,0.2594594594594595,0.0
maxSW,aparc,0.1,Betweenness Centrality,lh_caudalanteriorcingulate,0.0,0.0,0.0
maxSW,aparc,0.1,Betweenness Centrality,lh_caudalmiddlefrontal,0.0,0.0,0.0
maxSW,aparc,0.1,Betweenness Centrality,lh_cuneus,0.0,0.0,0.0
maxSW,aparc,0.1,Betweenness Centrality,lh_entorhinal,0.0891891891891892,0.0,-0.0891891891891892
maxSW,aparc,0.1,Betweenness Centrality,lh_frontalpole,0.0,0.0,0.0
maxSW,aparc,0.1,Betweenness Centrality,lh_fusiform,0.00945945945945946,0.0013513513513513514,-0.008108108108108109
maxSW,aparc,0.1,Betweenness Centrality,lh_inferiorparietal,0.1445945945945946,0.2905405405405405,0.14594594594594593
maxSW,aparc,0.1,Betweenness Centrality,lh_inferiortemporal,0.010810810810810811,0.0,-0.010810810810810811
maxSW,aparc,0.1,Betweenness Centrality,lh_insula,0.0891891891891892,0.0891891891891892,0.0
maxSW,aparc,0.1,Betweenness Centrality,lh_isthmuscingulate,0.0,0.0,0.0
maxSW,aparc,0.1,Betweenness Centrality,lh_lateraloccipital,0.17567567567567569,0.17567567567567569,0.0
maxSW,aparc,0.1,Betweenness Centrality,lh_lateralorbitofrontal,0.34054054054054056,0.0,-0.34054054054054056
maxSW,aparc,0.1,Betweenness Centrality,lh_lingual,0.17567567567567569,0.17567567567567569,0.0
maxSW,aparc,0.1,Betweenness Centrality,lh_medialorbitofrontal,0.2594594594594595,0.17567567567567569,-0.08378378378378379
maxSW,aparc,0.1,Betweenness Centrality,lh_middletemporal,0.4945945945945946,0.6378378378378379,0.14324324324324328
maxSW,aparc,0.1,Betweenness Centrality,lh_paracentral,0.34054054054054056,0.008108108108108109,-0.3324324324324325
maxSW,aparc,0.1,Betweenness Centrality,lh_parahippocampal,0.17567567567567569,0.0,-0.17567567567567569
maxSW,aparc,0.1,Betweenness Centrality,lh_parsopercularis,0.06486486486486487,0.024324324324324326,-0.04054054054054054
maxSW,aparc,0.1,Betweenness Centrality,lh_parsorbitalis,0.34594594594594597,0.34594594594594597,0.0
maxSW,aparc,0.1,Betweenness Centrality,lh_parstriangularis,0.0,0.0,0.0
maxSW,aparc,0.1,Betweenness Centrality,lh_pericalcarine,0.0,0.0,0.0
maxSW,aparc,0.1,Betweenness Centrality,lh_postcentral,0.2810810810810811,0.06891891891891892,-0.21216216216216216
maxSW,aparc,0.1,Betweenness Centrality,lh_posteriorcingulate,0.2608108108108108,0.15135135135135136,-0.10945945945945945
maxSW,aparc,0.1,Betweenness Centrality,lh_precentral,0.3554054054054054,0.1972972972972973,-0.15810810810810808
maxSW,aparc,0.1,Betweenness Centrality,lh_precuneus,0.07567567567567568,0.22297297297297297,0.1472972972972973
maxSW,aparc,0.1,Betweenness Centrality,lh_rostralanteriorcingulate,0.0,0.0,0.0
maxSW,aparc,0.1,Betweenness Centrality,lh_rostralmiddlefrontal,0.00945945945945946,0.14864864864864866,0.1391891891891892
maxSW,aparc,0.1,Betweenness Centrality,lh_superiorfrontal,0.45,0.051351351351351354,-0.3986486486486487
maxSW,aparc,0.1,Betweenness Centrality,lh_superiorparietal,0.6945945945945946,0.4527027027027027,-0.24189189189189192
maxSW,aparc,0.1,Betweenness Centrality,lh_superiortemporal,0.0013513513513513514,0.0,-0.0013513513513513514
maxSW,aparc,0.1,Betweenness Centrality,lh_supramarginal,0.6608108108108108,0.27297297297297296,-0.3878378378378379
maxSW,aparc,0.1,Betweenness Centrality,lh_temporalpole,0.0,0.0,0.0
maxSW,aparc,0.1,Betweenness Centrality,lh_transversetemporal,0.0891891891891892,0.0891891891891892,0.0
maxSW,aparc,0.1,Betweenness Centrality,rh_bankssts,0.17567567567567569,0.17567567567567569,0.0
maxSW,aparc,0.1,Betweenness Centrality,rh_caudalanteriorcingulate,0.0,0.0,0.0
maxSW,aparc,0.1,Betweenness Centrality,rh_caudalmiddlefrontal,0.00945945945945946,0.016216216216216217,0.006756756756756757
maxSW,aparc,0.1,Betweenness Centrality,rh_cuneus,0.0891891891891892,0.0891891891891892,0.0
maxSW,aparc,0.1,Betweenness Centrality,rh_entorhinal,0.0,0.0891891891891892,0.0891891891891892
maxSW,aparc,0.1,Betweenness Centrality,rh_frontalpole,0.0891891891891892,0.0891891891891892,0.0
maxSW,aparc,0.1,Betweenness Centrality,rh_fusiform,0.0,0.0,0.0
maxSW,aparc,0.1,Betweenness Centrality,rh_inferiorparietal,0.7243243243243244,0.7648648648648648,0.04054054054054046
maxSW,aparc,0.1,Betweenness Centrality,rh_inferiortemporal,0.19054054054054054,0.0,-0.19054054054054054
maxSW,aparc,0.1,Betweenness Centrality,rh_insula,0.0,0.0,0.0
maxSW,aparc,0.1,Betweenness Centrality,rh_isthmuscingulate,0.0891891891891892,0.0891891891891892,0.0
maxSW,aparc,0.1,Betweenness Centrality,rh_lateraloccipital,0.024324324324324326,0.01891891891891892,-0.005405405405405406
maxSW,aparc,0.1,Betweenness Centrality,rh_lateralorbitofrontal,0.3891891891891892,0.40540540540540543,0.016216216216216217
maxSW,aparc,0.1,Betweenness Centrality,rh_lingual,0.2594594594594595,0.012162162162162163,-0.24729729729729732
maxSW,aparc,0.1,Betweenness Centrality,rh_medialorbitofrontal,0.17567567567567569,0.2594594594594595,0.08378378378378379
maxSW,aparc,0.1,Betweenness Centrality,rh_middletemporal,0.13243243243243244,0.0,-0.13243243243243244
maxSW,aparc,0.1,Betweenness Centrality,rh_paracentral,0.0,0.17567567567567569,0.17567567567567569
maxSW,aparc,0.1,Betweenness Centrality,rh_parahippocampal,0.2594594594594595,0.0891891891891892,-0.17027027027027028
maxSW,aparc,0.1,Betweenness Centrality,rh_parsopercularis,0.0,0.0,0.0
maxSW,aparc,0.1,Betweenness Centrality,rh_parsorbitalis,0.4189189189189189,0.581081081081081,0.16216216216216212
maxSW,aparc,0.1,Betweenness Centrality,rh_parstriangularis,0.016216216216216217,0.006756756756756757,-0.00945945945945946
maxSW,aparc,0.1,Betweenness Centrality,rh_pericalcarine,0.0891891891891892,0.0891891891891892,0.0
maxSW,aparc,0.1,Betweenness Centrality,rh_postcentral,0.24324324324324326,0.23108108108108108,-0.012162162162162177
maxSW,aparc,0.1,Betweenness Centrality,rh_posteriorcingulate,0.0,0.0891891891891892,0.0891891891891892
maxSW,aparc,0.1,Betweenness Centrality,rh_precentral,0.17432432432432432,0.07027027027027027,-0.10405405405405405
maxSW,aparc,0.1,Betweenness Centrality,rh_precuneus,0.6243243243243243,0.5054054054054054,-0.11891891891891893
maxSW,aparc,0.1,Betweenness Centrality,rh_rostralanteriorcingulate,0.0891891891891892,0.0891891891891892,0.0
maxSW,aparc,0.1,Betweenness Centrality,rh_rostralmiddlefrontal,0.0,0.34054054054054056,0.34054054054054056
maxSW,aparc,0.1,Betweenness Centrality,rh_superiorfrontal,0.024324324324324326,1.0,0.9756756756756757
maxSW,aparc,0.1,Betweenness Centrality,rh_superiorparietal,0.062162162162162166,0.31216216216216214,0.24999999999999997
maxSW,aparc,0.1,Betweenness Centrality,rh_superiortemporal,0.004054054054054054,0.0,-0.004054054054054054
maxSW,aparc,0.1,Betweenness Centrality,rh_supramarginal,0.09864864864864865,0.043243243243243246,-0.05540540540540541
maxSW,aparc,0.1,Betweenness Centrality,rh_temporalpole,0.0891891891891892,0.0891891891891892,0.0
maxSW,aparc,0.1,Betweenness Centrality,rh_transversetemporal,0.0,0.0,0.0
maxSW,aparc,0.1,Eigenvector Centrality,lh_bankssts,0.032789732189055225,0.0290042990755536,-0.003785433113501626
maxSW,aparc,0.1,Eigenvector Centrality,lh_caudalanteriorcingulate,0.006698793494388398,0.008928955975874092,0.002230162481485694
maxSW,aparc,0.1,Eigenvector Centrality,lh_caudalmiddlefrontal,0.720350167714085,0.684244404112461,-0.036105763601623986
maxSW,aparc,0.1,Eigenvector Centrality,lh_cuneus,5.809700184131623e-05,0.00024027085531977066,0.00018217385347845443
maxSW,aparc,0.1,Eigenvector Centrality,lh_entorhinal,3.735060375022614e-05,8.023968074003502e-06,-2.9326635676222635e-05
maxSW,aparc,0.1,Eigenvector Centrality,lh_frontalpole,0.0,2.403024431584266e-07,2.403024431584266e-07
maxSW,aparc,0.1,Eigenvector Centrality,lh_fusiform,0.6656389482137628,0.7108883290208458,0.04524938080708296
maxSW,aparc,0.1,Eigenvector Centrality,lh_inferiorparietal,0.9176625341284703,0.9660063265809294,0.04834379245245912
maxSW,aparc,0.1,Eigenvector Centrality,lh_inferiortemporal,0.14221843866529552,0.055412784697560245,-0.08680565396773526
maxSW,aparc,0.1,Eigenvector Centrality,lh_insula,0.00012849102809609923,0.00011708503429368254,-1.1405993802416693e-05
maxSW,aparc,0.1,Eigenvector Centrality,lh_isthmuscingulate,1.2713935078124535e-05,6.790839624279673e-06,-5.923095453844862e-06
maxSW,aparc,0.1,Eigenvector Centrality,lh_lateraloccipital,0.011343860244959147,0.04599806637002425,0.034654206125065104
maxSW,aparc,0.1,Eigenvector Centrality,lh_lateralorbitofrontal,0.5154997493686663,0.5079075378637744,-0.007592211504891866
maxSW,aparc,0.1,Eigenvector Centrality,lh_lingual,0.0008360157441469556,0.010049490966508385,0.00921347522236143
maxSW,aparc,0.1,Eigenvector Centrality,lh_medialorbitofrontal,0.03515804564675494,0.0013508864887751039,-0.033807159157979834
maxSW,aparc,0.1,Eigenvector Centrality,lh_middletemporal,0.028317340396046994,0.04709002584983304,0.018772685453786044
maxSW,aparc,0.1,Eigenvector Centrality,lh_paracentral,0.16459897698316395,0.18464985249422156,0.02005087551105761
maxSW,aparc,0.1,Eigenvector Centrality,lh_parahippocampal,0.0007492136386387762,0.0008894394889430337,0.00014022585030425757
maxSW,aparc,0.1,Eigenvector Centrality,lh_parsopercularis,0.6882544585516449,0.8220478035624584,0.13379334501081352
maxSW,aparc,0.1,Eigenvector Centrality,lh_parsorbitalis,0.0001075323221289796,0.0001858147789819829,7.828245685300328e-05
maxSW,aparc,0.1,Eigenvector Centrality,lh_parstriangularis,0.6157838557744909,0.6122836597841661,-0.003500195990324806
maxSW,aparc,0.1,Eigenvector Centrality,lh_pericalcarine,1.9126488203319808e-06,2.7981444226947404e-05,2.6068795406615425e-05
maxSW,aparc,0.1,Eigenvector Centrality,lh_postcentral,0.04847573038594892,0.07332266040284276,0.024846930016893837
maxSW,aparc,0.1,Eigenvector Centrality,lh_posteriorcingulate,0.08931396940582141,0.12724992354198755,0.03793595413616614
maxSW,aparc,0.1,Eigenvector Centrality,lh_precentral,0.7351605506584877,0.8335877813809581,0.0984272307224704
maxSW,aparc,0.1,Eigenvector Centrality,lh_precuneus,0.75725534758085,0.6393525847466527,-0.11790276283419732
maxSW,aparc,0.1,Eigenvector Centrality,lh_rostralanteriorcingulate,0.0030455310168429543,0.0025584414265216217,-0.0004870895903213326
maxSW,aparc,0.1,Eigenvector Centrality,lh_rostralmiddlefrontal,0.2977342635986136,0.32524705399224985,0.027512790393636244
maxSW,aparc,0.1,Eigenvector Centrality,lh_superiorfrontal,0.19043631750208148,0.1660924250391742,-0.024343892462907274
maxSW,aparc,0.1,Eigenvector Centrality,lh_superiorparietal,0.29720904501448037,0.40861086904520033,0.11140182403071996
maxSW,aparc,0.1,Eigenvector Centrality,lh_superiortemporal,0.11907686337691455,0.0480013903882894,-0.07107547298862515
maxSW,aparc,0.1,Eigenvector Centrality,lh_supramarginal,0.9144796967902814,0.8393595746901747,-0.07512012210010666
maxSW,aparc,0.1,Eigenvector Centrality,lh_temporalpole,1.1319059094410113e-08,1.5630118257410063e-07,1.4498212347969052e-07
maxSW,aparc,0.1,Eigenvector Centrality,lh_transversetemporal,0.03337608089719599,0.029656061346402907,-0.0037200195507930793
maxSW,aparc,0.1,Eigenvector Centrality,rh_bankssts,0.002148085614926694,0.0020258105281315344,-0.00012227508679515942
maxSW,aparc,0.1,Eigenvector Centrality,rh_caudalanteriorcingulate,0.007101629908038756,0.0037614776856132476,-0.0033401522224255084
maxSW,aparc,0.1,Eigenvector Centrality,rh_caudalmiddlefrontal,0.8118710529723038,0.8492155444184039,0.03734449144610008
maxSW,aparc,0.1,Eigenvector Centrality,rh_cuneus,0.0007780542713585155,0.003209059711599058,0.0024310054402405428
maxSW,aparc,0.1,Eigenvector Centrality,rh_entorhinal,2.1161776563275917e-06,0.00012715972092340093,0.00012504354326707334
maxSW,aparc,0.1,Eigenvector Centrality,rh_frontalpole,4.62678666693887e-06,8.242249917126472e-06,3.6154632501876015e-06
maxSW,aparc,0.1,Eigenvector Centrality,rh_fusiform,0.3834654497402509,0.5581799594610303,0.1747145097207794
maxSW,aparc,0.1,Eigenvector Centrality,rh_inferiorparietal,0.9694610128860577,1.0,0.030538987113942317
maxSW,aparc,0.1,Eigenvector Centrality,rh_inferiortemporal,0.3211838012476811,0.055503074530487556,-0.26568072671719356
maxSW,aparc,0.1,Eigenvector Centrality,rh_insula,9.494007753529158e-06,8.387295468153526e-06,-1.1067122853756323e-06
maxSW,aparc,0.1,Eigenvector Centrality,rh_isthmuscingulate,0.0001785701445350522,9.287882669273666e-05,-8.569131784231553e-05
maxSW,aparc,0.1,Eigenvector Centrality,rh_lateraloccipital,0.046555687431363166,0.08471608623241396,0.03816039880105079
maxSW,aparc,0.1,Eigenvector Centrality,rh_lateralorbitofrontal,0.728483936061661,0.621656727605216,-0.106827208456445
maxSW,aparc,0.1,Eigenvector Centrality,rh_lingual,0.010839747024367736,0.02077826058185377,0.009938513557486034
maxSW,aparc,0.1,Eigenvector Centrality,rh_medialorbitofrontal,0.002627827627084247,0.017852266276442565,0.015224438649358319
maxSW,aparc,0.1,Eigenvector Centrality,rh_middletemporal,0.06496453715986449,0.04843132235188612,-0.016533214807978362
maxSW,aparc,0.1,Eigenvector Centrality,rh_paracentral,0.31037039571011554,0.18133814024078065,-0.1290322554693349
maxSW,aparc,0.1,Eigenvector Centrality,rh_parahippocampal,0.010668842030880607,0.01221285462485371,0.0015440125939731042
maxSW,aparc,0.1,Eigenvector Centrality,rh_parsopercularis,0.7643001099192999,0.6331067572222455,-0.13119335269705434
maxSW,aparc,0.1,Eigenvector Centrality,rh_parsorbitalis,0.00159132185017269,0.002629827605792741,0.001038505755620051
maxSW,aparc,0.1,Eigenvector Centrality,rh_parstriangularis,0.5211692739581295,0.47151086363009,-0.049658410328039526
maxSW,aparc,0.1,Eigenvector Centrality,rh_pericalcarine,3.3287749211258396e-05,0.000446526927045788,0.0004132391778345296
maxSW,aparc,0.1,Eigenvector Centrality,rh_postcentral,0.04844487459432585,0.07314077750163112,0.024695902907305264
maxSW,aparc,0.1,Eigenvector Centrality,rh_posteriorcingulate,0.007164583653127347,0.05408476971223728,0.046920186059109935
maxSW,aparc,0.1,Eigenvector Centrality,rh_precentral,0.6923750616819461,0.6646721244287924,-0.027702937253153648
maxSW,aparc,0.1,Eigenvector Centrality,rh_precuneus,0.5508854011413716,0.48481318715377364,-0.066072213987598
maxSW,aparc,0.1,Eigenvector Centrality,rh_rostralanteriorcingulate,0.04719192027147952,0.039809925976465606,-0.007381994295013912
maxSW,aparc,0.1,Eigenvector Centrality,rh_rostralmiddlefrontal,0.19051094976714925,0.2583848272051622,0.06787387743801296
maxSW,aparc,0.1,Eigenvector Centrality,rh_superiorfrontal,0.22167464131500114,0.33580283179298337,0.11412819047798223
maxSW,aparc,0.1,Eigenvector Centrality,rh_superiorparietal,0.24592815915357613,0.3654824332944429,0.11955427414086678
maxSW,aparc,0.1,Eigenvector Centrality,rh_superiortemporal,0.13213182599873033,0.047856448214074365,-0.08427537778465596
maxSW,aparc,0.1,Eigenvector Centrality,rh_supramarginal,0.9003762073872318,0.8835112688053686,-0.01686493858186322
maxSW,aparc,0.1,Eigenvector Centrality,rh_temporalpole,4.366398060626931e-06,7.330475196346238e-06,2.964077135719307e-06
maxSW,aparc,0.1,Eigenvector Centrality,rh_transversetemporal,0.0023645886024705656,0.0020133406719313263,-0.00035124793053923926
maxSW,aparc,0.1,Node Degree,lh_bankssts,0.047619047619047616,0.047619047619047616,0.0
maxSW,aparc,0.1,Node Degree,lh_caudalanteriorcingulate,0.047619047619047616,0.0,-0.047619047619047616
maxSW,aparc,0.1,Node Degree,lh_caudalmiddlefrontal,0.5714285714285714,0.5238095238095238,-0.04761904761904756
maxSW,aparc,0.1,Node Degree,lh_cuneus,0.0,0.0,0.0
maxSW,aparc,0.1,Node Degree,lh_entorhinal,0.047619047619047616,0.0,-0.047619047619047616
maxSW,aparc,0.1,Node Degree,lh_frontalpole,0.0,0.0,0.0
maxSW,aparc,0.1,Node Degree,lh_fusiform,0.5714285714285714,0.5714285714285714,0.0
maxSW,aparc,0.1,Node Degree,lh_inferiorparietal,0.9047619047619048,0.9523809523809523,0.04761904761904756
maxSW,aparc,0.1,Node Degree,lh_inferiortemporal,0.3333333333333333,0.2857142857142857,-0.047619047619047616
maxSW,aparc,0.1,Node Degree,lh_insula,0.047619047619047616,0.047619047619047616,0.0
maxSW,aparc,0.1,Node Degree,lh_isthmuscingulate,0.0,0.0,0.0
maxSW,aparc,0.1,Node Degree,lh_lateraloccipital,0.19047619047619047,0.2857142857142857,0.09523809523809523
maxSW,aparc,0.1,Node Degree,lh_lateralorbitofrontal,0.47619047619047616,0.38095238095238093,-0.09523809523809523
maxSW,aparc,0.1,Node Degree,lh_lingual,0.047619047619047616,0.14285714285714285,0.09523809523809523
maxSW,aparc,0.1,Node Degree,lh_medialorbitofrontal,0.047619047619047616,0.047619047619047616,0.0
maxSW,aparc,0.1,Node Degree,lh_middletemporal,0.14285714285714285,0.23809523809523808,0.09523809523809523
maxSW,aparc,0.1,Node Degree,lh_paracentral,0.23809523809523808,0.23809523809523808,0.0
maxSW,aparc,0.1,Node Degree,lh_parahippocampal,0.047619047619047616,0.0,-0.047619047619047616
maxSW,aparc,0.1,Node Degree,lh_parsopercularis,0.6666666666666666,0.7619047619047619,0.09523809523809523
maxSW,aparc,0.1,Node Degree,lh_parsorbitalis,0.09523809523809523,0.09523809523809523,0.0
maxSW,aparc,0.1,Node Degree,lh_parstriangularis,0.47619047619047616,0.5238095238095238,0.04761904761904767
maxSW,aparc,0.1,Node Degree,lh_pericalcarine,0.0,0.0,0.0
maxSW,aparc,0.1,Node Degree,lh_postcentral,0.23809523809523808,0.23809523809523808,0.0
maxSW,aparc,0.1,Node Degree,lh_posteriorcingulate,0.19047619047619047,0.19047619047619047,0.0
maxSW,aparc,0.1,Node Degree,lh_precentral,0.6666666666666666,0.8095238095238095,0.1428571428571429
maxSW,aparc,0.1,Node Degree,lh_precuneus,0.6666666666666666,0.5714285714285714,-0.09523809523809523
maxSW,aparc,0.1,Node Degree,lh_rostralanteriorcingulate,0.0,0.0,0.0
maxSW,aparc,0.1,Node Degree,lh_rostralmiddlefrontal,0.23809523809523808,0.2857142857142857,0.047619047619047616
maxSW,aparc,0.1,Node Degree,lh_superiorfrontal,0.38095238095238093,0.38095238095238093,0.0
maxSW,aparc,0.1,Node Degree,lh_superiorparietal,0.42857142857142855,0.5238095238095238,0.09523809523809529
maxSW,aparc,0.1,Node Degree,lh_superiortemporal,0.23809523809523808,0.19047619047619047,-0.047619047619047616
maxSW,aparc,0.1,Node Degree,lh_supramarginal,0.9523809523809523,0.8095238095238095,-0.1428571428571428
maxSW,aparc,0.1,Node Degree,lh_temporalpole,0.0,0.0,0.0
maxSW,aparc,0.1,Node Degree,lh_transversetemporal,0.047619047619047616,0.047619047619047616,0.0
maxSW,aparc,0.1,Node Degree,rh_bankssts,0.047619047619047616,0.047619047619047616,0.0
maxSW,aparc,0.1,Node Degree,rh_caudalanteriorcingulate,0.09523809523809523,0.0,-0.09523809523809523
maxSW,aparc,0.1,Node Degree,rh_caudalmiddlefrontal,0.6666666666666666,0.7142857142857143,0.04761904761904767
maxSW,aparc,0.1,Node Degree,rh_cuneus,0.047619047619047616,0.047619047619047616,0.0
maxSW,aparc,0.1,Node Degree,rh_entorhinal,0.0,0.047619047619047616,0.047619047619047616
maxSW,aparc,0.1,Node Degree,rh_frontalpole,0.047619047619047616,0.047619047619047616,0.0
maxSW,aparc,0.1,Node Degree,rh_fusiform,0.2857142857142857,0.42857142857142855,0.14285714285714285
maxSW,aparc,0.1,Node Degree,rh_inferiorparietal,1.0,1.0,0.0
maxSW,aparc,0.1,Node Degree,rh_inferiortemporal,0.47619047619047616,0.2857142857142857,-0.19047619047619047
maxSW,aparc,0.1,Node Degree,rh_insula,0.0,0.0,0.0
maxSW,aparc,0.1,Node Degree,rh_isthmuscingulate,0.047619047619047616,0.047619047619047616,0.0
maxSW,aparc,0.1,Node Degree,rh_lateraloccipital,0.23809523809523808,0.2857142857142857,0.047619047619047616
maxSW,aparc,0.1,Node Degree,rh_lateralorbitofrontal,0.7619047619047619,0.6666666666666666,-0.09523809523809523
maxSW,aparc,0.1,Node Degree,rh_lingual,0.19047619047619047,0.19047619047619047,0.0
maxSW,aparc,0.1,Node Degree,rh_medialorbitofrontal,0.047619047619047616,0.047619047619047616,0.0
maxSW,aparc,0.1,Node Degree,rh_middletemporal,0.19047619047619047,0.19047619047619047,0.0
maxSW,aparc,0.1,Node Degree,rh_paracentral,0.3333333333333333,0.23809523809523808,-0.09523809523809523
maxSW,aparc,0.1,Node Degree,rh_parahippocampal,0.047619047619047616,0.047619047619047616,0.0
maxSW,aparc,0.1,Node Degree,rh_parsopercularis,0.6190476190476191,0.47619047619047616,-0.1428571428571429
maxSW,aparc,0.1,Node Degree,rh_parsorbitalis,0.047619047619047616,0.09523809523809523,0.047619047619047616
maxSW,aparc,0.1,Node Degree,rh_parstriangularis,0.47619047619047616,0.38095238095238093,-0.09523809523809523
maxSW,aparc,0.1,Node Degree,rh_pericalcarine,0.047619047619047616,0.047619047619047616,0.0
maxSW,aparc,0.1,Node Degree,rh_postcentral,0.23809523809523808,0.2857142857142857,0.047619047619047616
maxSW,aparc,0.1,Node Degree,rh_posteriorcingulate,0.047619047619047616,0.09523809523809523,0.047619047619047616
maxSW,aparc,0.1,Node Degree,rh_precentral,0.6666666666666666,0.6190476190476191,-0.04761904761904756
maxSW,aparc,0.1,Node Degree,rh_precuneus,0.5714285714285714,0.47619047619047616,-0.09523809523809523
maxSW,aparc,0.1,Node Degree,rh_rostralanteriorcingulate,0.047619047619047616,0.047619047619047616,0.0
maxSW,aparc,0.1,Node Degree,rh_rostralmiddlefrontal,0.14285714285714285,0.23809523809523808,0.09523809523809523
maxSW,aparc,0.1,Node Degree,rh_superiorfrontal,0.38095238095238093,0.5714285714285714,0.19047619047619047
maxSW,aparc,0.1,Node Degree,rh_superiorparietal,0.38095238095238093,0.5238095238095238,0.1428571428571429
maxSW,aparc,0.1,Node Degree,rh_superiortemporal,0.23809523809523808,0.19047619047619047,-0.047619047619047616
maxSW,aparc,0.1,Node Degree,rh_supramarginal,0.8571428571428571,0.7619047619047619,-0.09523809523809523
maxSW,aparc,0.1,Node Degree,rh_temporalpole,0.047619047619047616,0.047619047619047616,0.0
maxSW,aparc,0.1,Node Degree,rh_transversetemporal,0.0,0.0,0.0
maxSW,aparc,0.15,Participation Coefficient,lh_bankssts,0.8046291502035072,0.8015938162758273,-0.003035333927679962
maxSW,aparc,0.15,Participation Coefficient,lh_caudalanteriorcingulate,0.0,0.0,0.0
maxSW,aparc,0.15,Participation Coefficient,lh_caudalmiddlefrontal,0.0,0.3352602326349285,0.3352602326349285
maxSW,aparc,0.15,Participation Coefficient,lh_cuneus,0.0,0.0,0.0
maxSW,aparc,0.15,Participation Coefficient,lh_entorhinal,0.0,0.0,0.0
maxSW,aparc,0.15,Participation Coefficient,lh_frontalpole,0.0,0.0,0.0
maxSW,aparc,0.15,Participation Coefficient,lh_fusiform,0.0,0.7356658181911222,0.7356658181911222
maxSW,aparc,0.15,Participation Coefficient,lh_inferiorparietal,0.448133190897121,0.5181698506782306,0.07003665978110962
maxSW,aparc,0.15,Participation Coefficient,lh_inferiortemporal,0.0,0.8246258251603734,0.8246258251603734
maxSW,aparc,0.15,Participation Coefficient,lh_insula,0.0,0.0,0.0
maxSW,aparc,0.15,Participation Coefficient,lh_isthmuscingulate,0.0,0.0,0.0
maxSW,aparc,0.15,Participation Coefficient,lh_lateraloccipital,0.0,0.0,0.0
maxSW,aparc,0.15,Participation Coefficient,lh_lateralorbitofrontal,0.4610779657962819,0.8718320574881208,0.41075409169183885
maxSW,aparc,0.15,Participation Coefficient,lh_lingual,0.0,0.0,0.0
maxSW,aparc,0.15,Participation Coefficient,lh_medialorbitofrontal,0.9546354278194317,0.9334438287400135,-0.021191599079418144
maxSW,aparc,0.15,Participation Coefficient,lh_middletemporal,0.3822851600277293,0.3728334281671343,-0.009451731860595003
maxSW,aparc,0.15,Participation Coefficient,lh_paracentral,0.8063546947295499,0.8063169733506643,-3.772137888558014e-05
maxSW,aparc,0.15,Participation Coefficient,lh_parahippocampal,0.0,0.0,0.0
maxSW,aparc,0.15,Participation Coefficient,lh_parsopercularis,0.0,0.7067230629060679,0.7067230629060679
maxSW,aparc,0.15,Participation Coefficient,lh_parsorbitalis,0.0,0.0,0.0
maxSW,aparc,0.15,Participation Coefficient,lh_parstriangularis,0.1825734451033668,0.7870899781091671,0.6045165330058003
maxSW,aparc,0.15,Participation Coefficient,lh_pericalcarine,0.0,0.0,0.0
maxSW,aparc,0.15,Participation Coefficient,lh_postcentral,0.0,0.0,0.0
maxSW,aparc,0.15,Participation Coefficient,lh_posteriorcingulate,0.8063852466854727,0.6036635528866832,-0.20272169379878957
maxSW,aparc,0.15,Participation Coefficient,lh_precentral,0.40422433585256806,0.7302714718617681,0.32604713600920004
maxSW,aparc,0.15,Participation Coefficient,lh_precuneus,0.5508081483741691,0.8638697305478751,0.31306158217370594
maxSW,aparc,0.15,Participation Coefficient,lh_rostralanteriorcingulate,0.0,0.0,0.0
maxSW,aparc,0.15,Participation Coefficient,lh_rostralmiddlefrontal,0.0,0.9365633929927083,0.9365633929927083
maxSW,aparc,0.15,Participation Coefficient,lh_superiorfrontal,0.0,0.9638695693792677,0.9638695693792677
maxSW,aparc,0.15,Participation Coefficient,lh_superiorparietal,0.7964726931974275,0.7891070284806723,-0.00736566471675526
maxSW,aparc,0.15,Participation Coefficient,lh_superiortemporal,0.0,0.9833904964047121,0.9833904964047121
maxSW,aparc,0.15,Participation Coefficient,lh_supramarginal,0.0,0.8610977815883244,0.8610977815883244
maxSW,aparc,0.15,Participation Coefficient,lh_temporalpole,0.0,0.0,0.0
maxSW,aparc,0.15,Participation Coefficient,lh_transversetemporal,0.8012701233301804,0.8041222667041737,0.00285214337399331
maxSW,aparc,0.15,Participation Coefficient,rh_bankssts,0.0,0.0,0.0
maxSW,aparc,0.15,Participation Coefficient,rh_caudalanteriorcingulate,0.0,0.0,0.0
maxSW,aparc,0.15,Participation Coefficient,rh_caudalmiddlefrontal,0.14677546317806994,0.5928227306723494,0.4460472674942794
maxSW,aparc,0.15,Participation Coefficient,rh_cuneus,0.0,0.0,0.0
maxSW,aparc,0.15,Participation Coefficient,rh_entorhinal,0.0,0.0,0.0
maxSW,aparc,0.15,Participation Coefficient,rh_frontalpole,0.0,0.0,0.0
maxSW,aparc,0.15,Participation Coefficient,rh_fusiform,0.0,0.38176886347163763,0.38176886347163763
maxSW,aparc,0.15,Participation Coefficient,rh_inferiorparietal,0.3282527559550052,0.7350368134559779,0.40678405750097274
maxSW,aparc,0.15,Participation Coefficient,rh_inferiortemporal,0.0,0.828052548243564,0.828052548243564
maxSW,aparc,0.15,Participation Coefficient,rh_insula,0.0,0.0,0.0
maxSW,aparc,0.15,Participation Coefficient,rh_isthmuscingulate,0.8063009194224707,0.0,-0.8063009194224707
maxSW,aparc,0.15,Participation Coefficient,rh_lateraloccipital,0.0,0.0,0.0
maxSW,aparc,0.15,Participation Coefficient,rh_lateralorbitofrontal,0.33301663444660135,0.8876677814380777,0.5546511469914763
maxSW,aparc,0.15,Participation Coefficient,rh_lingual,0.0,0.0,0.0
maxSW,aparc,0.15,Participation Coefficient,rh_medialorbitofrontal,0.8664081303295986,1.0,0.13359186967040138
maxSW,aparc,0.15,Participation Coefficient,rh_middletemporal,0.0,0.0,0.0
maxSW,aparc,0.15,Participation Coefficient,rh_paracentral,0.7203461536752818,0.7987001230980653,0.0783539694227835
maxSW,aparc,0.15,Participation Coefficient,rh_parahippocampal,0.0,0.0,0.0
maxSW,aparc,0.15,Participation Coefficient,rh_parsopercularis,0.0,0.7042868414613441,0.7042868414613441
maxSW,aparc,0.15,Participation Coefficient,rh_parsorbitalis,0.7995016979224551,0.7000689458869679,-0.09943275203548718
maxSW,aparc,0.15,Participation Coefficient,rh_parstriangularis,0.0,0.7213463166392878,0.7213463166392878
maxSW,aparc,0.15,Participation Coefficient,rh_pericalcarine,0.0,0.0,0.0
maxSW,aparc,0.15,Participation Coefficient,rh_postcentral,0.2541036697449365,0.0,-0.2541036697449365
maxSW,aparc,0.15,Participation Coefficient,rh_posteriorcingulate,0.8062850144645445,0.5987331947858241,-0.20755181967872038
maxSW,aparc,0.15,Participation Coefficient,rh_precentral,0.4916176122543226,0.5626305325165479,0.07101292026222533
maxSW,aparc,0.15,Participation Coefficient,rh_precuneus,0.777381610220502,0.9559756377299036,0.17859402750940157
maxSW,aparc,0.15,Participation Coefficient,rh_rostralanteriorcingulate,0.0,0.0,0.0
maxSW,aparc,0.15,Participation Coefficient,rh_rostralmiddlefrontal,0.5458266664550261,0.7257617069963677,0.17993504054134157
maxSW,aparc,0.15,Participation Coefficient,rh_superiorfrontal,0.0,0.9326557799419275,0.9326557799419275
maxSW,aparc,0.15,Participation Coefficient,rh_superiorparietal,0.7991201750560394,0.8019282990172273,0.0028081239611879028
maxSW,aparc,0.15,Participation Coefficient,rh_superiortemporal,0.0,0.910622000737785,0.910622000737785
maxSW,aparc,0.15,Participation Coefficient,rh_supramarginal,0.0,0.7452253113110545,0.7452253113110545
maxSW,aparc,0.15,Participation Coefficient,rh_temporalpole,0.0,0.0,0.0
maxSW,aparc,0.15,Participation Coefficient,rh_transversetemporal,0.0,0.0,0.0
maxSW,aparc,0.15,Node Versatility,lh_bankssts,0.03457220674910232,0.057239975286785774,0.02266776853768345
maxSW,aparc,0.15,Node Versatility,lh_caudalanteriorcingulate,0.12198415773021232,0.43160528678430554,0.3096211290540932
maxSW,aparc,0.15,Node Versatility,lh_caudalmiddlefrontal,0.605235231185604,0.2900006766927419,-0.3152345544928621
maxSW,aparc,0.15,Node Versatility,lh_cuneus,0.27253752019655564,0.19106764769383497,-0.08146987250272067
maxSW,aparc,0.15,Node Versatility,lh_entorhinal,0.15726048265378328,0.0,-0.15726048265378328
maxSW,aparc,0.15,Node Versatility,lh_frontalpole,0.0,0.0,0.0
maxSW,aparc,0.15,Node Versatility,lh_fusiform,0.3786948570780058,0.29212161821767807,-0.08657323886032775
maxSW,aparc,0.15,Node Versatility,lh_inferiorparietal,0.4021242168221665,0.5244061247594287,0.12228190793726224
maxSW,aparc,0.15,Node Versatility,lh_inferiortemporal,0.17539771480151067,0.11121674651512987,-0.0641809682863808
maxSW,aparc,0.15,Node Versatility,lh_insula,0.03457220674910232,0.057239975286785774,0.02266776853768345
maxSW,aparc,0.15,Node Versatility,lh_isthmuscingulate,0.11655033065278902,0.45232396590457324,0.3357736352517842
maxSW,aparc,0.15,Node Versatility,lh_lateraloccipital,0.20390402951981282,0.19106764769383497,-0.01283638182597785
maxSW,aparc,0.15,Node Versatility,lh_lateralorbitofrontal,0.3406334015718022,0.707371429884805,0.36673802831300273
maxSW,aparc,0.15,Node Versatility,lh_lingual,0.20390402951981282,0.19106764769383497,-0.01283638182597785
maxSW,aparc,0.15,Node Versatility,lh_medialorbitofrontal,0.22987564235920602,0.5231670632329869,0.2932914208737809
maxSW,aparc,0.15,Node Versatility,lh_middletemporal,0.17539771480151067,0.11121674651512987,-0.0641809682863808
maxSW,aparc,0.15,Node Versatility,lh_paracentral,1.0,0.7019100980242141,-0.2980899019757859
maxSW,aparc,0.15,Node Versatility,lh_parahippocampal,0.15726048265378328,0.6432015739588405,0.4859410913050572
maxSW,aparc,0.15,Node Versatility,lh_parsopercularis,0.3162683530013265,0.2892281002414383,-0.027040252759888195
maxSW,aparc,0.15,Node Versatility,lh_parsorbitalis,0.0,0.0,0.0
maxSW,aparc,0.15,Node Versatility,lh_parstriangularis,0.345989260001417,0.5173615377270855,0.1713722777256685
maxSW,aparc,0.15,Node Versatility,lh_pericalcarine,0.20945277171776108,0.27905812340108116,0.06960535168332008
maxSW,aparc,0.15,Node Versatility,lh_postcentral,0.20390402951981282,0.19106764769383497,-0.01283638182597785
maxSW,aparc,0.15,Node Versatility,lh_posteriorcingulate,0.12198415773021232,0.43160528678430554,0.3096211290540932
maxSW,aparc,0.15,Node Versatility,lh_precentral,0.5024703074494374,0.41200923533818334,-0.09046107211125409
maxSW,aparc,0.15,Node Versatility,lh_precuneus,0.5511493039342673,0.8094692630706342,0.25831995913636685
maxSW,aparc,0.15,Node Versatility,lh_rostralanteriorcingulate,0.34715350246249427,0.41240243346286404,0.06524893100036977
maxSW,aparc,0.15,Node Versatility,lh_rostralmiddlefrontal,0.3122929805223016,0.5333416176358922,0.22104863711359057
maxSW,aparc,0.15,Node Versatility,lh_superiorfrontal,0.17539771480151067,0.11121674651512987,-0.0641809682863808
maxSW,aparc,0.15,Node Versatility,lh_superiorparietal,0.4110486730542139,0.33265457640733537,-0.07839409664687852
maxSW,aparc,0.15,Node Versatility,lh_superiortemporal,0.17539771480151067,0.11121674651512987,-0.0641809682863808
maxSW,aparc,0.15,Node Versatility,lh_supramarginal,0.42916234631315725,0.2848494490716725,-0.14431289724148477
maxSW,aparc,0.15,Node Versatility,lh_temporalpole,0.0,0.0,0.0
maxSW,aparc,0.15,Node Versatility,lh_transversetemporal,0.35695167816098516,0.4784413900728729,0.12148971191188773
maxSW,aparc,0.15,Node Versatility,rh_bankssts,0.03457220674910232,0.057239975286785774,0.02266776853768345
maxSW,aparc,0.15,Node Versatility,rh_caudalanteriorcingulate,0.11655033065278902,0.43160528678430554,0.3150549561315165
maxSW,aparc,0.15,Node Versatility,rh_caudalmiddlefrontal,0.36766619417341606,0.41345315467324784,0.045786960499831775
maxSW,aparc,0.15,Node Versatility,rh_cuneus,0.27253752019655564,0.19106764769383497,-0.08146987250272067
maxSW,aparc,0.15,Node Versatility,rh_entorhinal,0.15726048265378328,0.0,-0.15726048265378328
maxSW,aparc,0.15,Node Versatility,rh_frontalpole,0.0,0.0,0.0
maxSW,aparc,0.15,Node Versatility,rh_fusiform,0.44574889984109406,0.2900006766927419,-0.15574822314835218
maxSW,aparc,0.15,Node Versatility,rh_inferiorparietal,0.3389146437549725,0.6023774302541157,0.26346278649914323
maxSW,aparc,0.15,Node Versatility,rh_inferiortemporal,0.17539771480151067,0.11121674651512987,-0.0641809682863808
maxSW,aparc,0.15,Node Versatility,rh_insula,0.03457220674910232,0.057239975286785774,0.02266776853768345
maxSW,aparc,0.15,Node Versatility,rh_isthmuscingulate,0.18061948937054736,0.45326471225096265,0.27264522288041526
maxSW,aparc,0.15,Node Versatility,rh_lateraloccipital,0.20390402951981282,0.19106764769383497,-0.01283638182597785
maxSW,aparc,0.15,Node Versatility,rh_lateralorbitofrontal,0.19698433870537851,0.3918285238556779,0.1948441851502994
maxSW,aparc,0.15,Node Versatility,rh_lingual,0.20390402951981282,0.19106764769383497,-0.01283638182597785
maxSW,aparc,0.15,Node Versatility,rh_medialorbitofrontal,0.22987564235920602,0.96011896170265,0.730243319343444
maxSW,aparc,0.15,Node Versatility,rh_middletemporal,0.17539771480151067,0.11121674651512987,-0.0641809682863808
maxSW,aparc,0.15,Node Versatility,rh_paracentral,0.6778363232709836,0.7019100980242141,0.02407377475323047
maxSW,aparc,0.15,Node Versatility,rh_parahippocampal,0.15726048265378328,0.6432015739588405,0.4859410913050572
maxSW,aparc,0.15,Node Versatility,rh_parsopercularis,0.422631885367625,0.2890503820696005,-0.13358150329802454
maxSW,aparc,0.15,Node Versatility,rh_parsorbitalis,0.0,0.0,0.0
maxSW,aparc,0.15,Node Versatility,rh_parstriangularis,0.3122929805223016,0.4426029956118487,0.1303100150895471
maxSW,aparc,0.15,Node Versatility,rh_pericalcarine,0.20945277171776108,0.27905812340108116,0.06960535168332008
maxSW,aparc,0.15,Node Versatility,rh_postcentral,0.20390402951981282,0.19106764769383497,-0.01283638182597785
maxSW,aparc,0.15,Node Versatility,rh_posteriorcingulate,0.12198415773021232,0.43160528678430554,0.3096211290540932
maxSW,aparc,0.15,Node Versatility,rh_precentral,0.4716857853304132,0.40062291876067674,-0.07106286656973648
maxSW,aparc,0.15,Node Versatility,rh_precuneus,0.284015478583641,0.3864497655069391,0.10243428692329809
maxSW,aparc,0.15,Node Versatility,rh_rostralanteriorcingulate,0.34715350246249427,0.41240243346286404,0.06524893100036977
maxSW,aparc,0.15,Node Versatility,rh_rostralmiddlefrontal,0.44045174297863715,0.5333416176358922,0.09288987465725501
maxSW,aparc,0.15,Node Versatility,rh_superiorfrontal,0.17539771480151067,0.11121674651512987,-0.0641809682863808
maxSW,aparc,0.15,Node Versatility,rh_superiorparietal,0.3613118581676606,0.28148414192301713,-0.07982771624464347
maxSW,aparc,0.15,Node Versatility,rh_superiortemporal,0.17539771480151067,0.11121674651512987,-0.0641809682863808
maxSW,aparc,0.15,Node Versatility,rh_supramarginal,0.2816164656860148,0.20517344250597114,-0.07644302318004365
maxSW,aparc,0.15,Node Versatility,rh_temporalpole,0.0,0.0,0.0
maxSW,aparc,0.15,Node Versatility,rh_transversetemporal,0.35695167816098516,0.4784413900728729,0.12148971191188773
maxSW,aparc,0.15,Node Strength,lh_bankssts,0.04053885579281684,0.04229118360654051,0.0017523278137236697
maxSW,aparc,0.15,Node Strength,lh_caudalanteriorcingulate,0.08496772508652387,0.047166972960610835,-0.03780075212591303
maxSW,aparc,0.15,Node Strength,lh_caudalmiddlefrontal,0.611443565454461,0.5793571784727106,-0.03208638698175037
maxSW,aparc,0.15,Node Strength,lh_cuneus,0.014242002481571607,0.12009872204286985,0.10585671956129825
maxSW,aparc,0.15,Node Strength,lh_entorhinal,0.03413741686617998,0.008527806974449064,-0.025609609891730917
maxSW,aparc,0.15,Node Strength,lh_frontalpole,0.0,0.0038588966977136847,0.0038588966977136847
maxSW,aparc,0.15,Node Strength,lh_fusiform,0.7496755023913587,0.7177946096458614,-0.031880892745497325
maxSW,aparc,0.15,Node Strength,lh_inferiorparietal,0.8484493338135584,0.77774420844927,-0.07070512536428841
maxSW,aparc,0.15,Node Strength,lh_inferiortemporal,0.5303196374857072,0.3839840696123311,-0.1463355678733761
maxSW,aparc,0.15,Node Strength,lh_insula,0.046155717651970664,0.04329947856124678,-0.0028562390907238833
maxSW,aparc,0.15,Node Strength,lh_isthmuscingulate,0.11941805034721709,0.1575273002823492,0.03810924993513212
maxSW,aparc,0.15,Node Strength,lh_lateraloccipital,0.27134907794871704,0.3143678968087041,0.04301881885998704
maxSW,aparc,0.15,Node Strength,lh_lateralorbitofrontal,0.8480375025459261,0.9233673830341332,0.0753298804882071
maxSW,aparc,0.15,Node Strength,lh_lingual,0.1780450973471112,0.2205170976652959,0.04247200031818471
maxSW,aparc,0.15,Node Strength,lh_medialorbitofrontal,0.2979541229487802,0.2267002525104581,-0.0712538704383221
maxSW,aparc,0.15,Node Strength,lh_middletemporal,0.19041953078925394,0.1927029333499651,0.002283402560711162
maxSW,aparc,0.15,Node Strength,lh_paracentral,0.412478018089403,0.2747761972047097,-0.1377018208846933
maxSW,aparc,0.15,Node Strength,lh_parahippocampal,0.03813775732985793,0.012739724678362468,-0.02539803265149546
maxSW,aparc,0.15,Node Strength,lh_parsopercularis,0.7927337610728196,0.761054427350983,-0.03167933372183651
maxSW,aparc,0.15,Node Strength,lh_parsorbitalis,0.0566879879446053,0.056610853926138856,-7.713401846644319e-05
maxSW,aparc,0.15,Node Strength,lh_parstriangularis,0.5675231565604375,0.6819112674106866,0.11438811085024914
maxSW,aparc,0.15,Node Strength,lh_pericalcarine,0.008453871208593576,0.007653849861199416,-0.00080002134739416
maxSW,aparc,0.15,Node Strength,lh_postcentral,0.34831235501035207,0.2790581714880335,-0.06925418352231855
maxSW,aparc,0.15,Node Strength,lh_posteriorcingulate,0.2668230341448585,0.268069891790672,0.0012468576458135039
maxSW,aparc,0.15,Node Strength,lh_precentral,0.7324847242130237,0.7303310969485195,-0.0021536272645041876
maxSW,aparc,0.15,Node Strength,lh_precuneus,0.6852142421201813,0.7563216121262888,0.07110737000610745
maxSW,aparc,0.15,Node Strength,lh_rostralanteriorcingulate,0.008724437572436017,0.008240036216962674,-0.00048440135547334236
maxSW,aparc,0.15,Node Strength,lh_rostralmiddlefrontal,0.44913678118738054,0.5981600829357727,0.14902330174839218
maxSW,aparc,0.15,Node Strength,lh_superiorfrontal,0.5341844705829071,0.5727833221277272,0.03859885154482012
maxSW,aparc,0.15,Node Strength,lh_superiorparietal,0.5689306827353625,0.6778340721452046,0.10890338940984212
maxSW,aparc,0.15,Node Strength,lh_superiortemporal,0.4150536574414288,0.45260650996925994,0.03755285252783114
maxSW,aparc,0.15,Node Strength,lh_supramarginal,0.9213224196051911,0.9903324332091586,0.06901001360396752
maxSW,aparc,0.15,Node Strength,lh_temporalpole,0.0027473409454694714,0.0015685482286273591,-0.0011787927168421123
maxSW,aparc,0.15,Node Strength,lh_transversetemporal,0.04402949517235516,0.04209732485287231,-0.0019321703194828468
maxSW,aparc,0.15,Node Strength,rh_bankssts,0.04070263600393424,0.04127169526880988,0.000569059264875639
maxSW,aparc,0.15,Node Strength,rh_caudalanteriorcingulate,0.15638767621202315,0.04619695505147527,-0.11019072116054787
maxSW,aparc,0.15,Node Strength,rh_caudalmiddlefrontal,0.7308110105958358,0.8098065146002209,0.07899550400438515
maxSW,aparc,0.15,Node Strength,rh_cuneus,0.05040895276348482,0.05024888952691136,-0.00016006323657345722
maxSW,aparc,0.15,Node Strength,rh_entorhinal,0.007655333116862542,0.033841358538615765,0.026186025421753224
maxSW,aparc,0.15,Node Strength,rh_frontalpole,0.023855080647879157,0.02769321269212267,0.0038381320442435127
maxSW,aparc,0.15,Node Strength,rh_fusiform,0.521771786427829,0.5299129316474197,0.00814114521959075
maxSW,aparc,0.15,Node Strength,rh_inferiorparietal,0.9248926991226567,0.8944964560507472,-0.030396243071909468
maxSW,aparc,0.15,Node Strength,rh_inferiortemporal,0.5661017048398318,0.3881382107181281,-0.1779634941217037
maxSW,aparc,0.15,Node Strength,rh_insula,0.0145719721948763,0.013074393414730353,-0.0014975787801459473
maxSW,aparc,0.15,Node Strength,rh_isthmuscingulate,0.1197977651278672,0.05006324480032521,-0.06973452032754199
maxSW,aparc,0.15,Node Strength,rh_lateraloccipital,0.34618499832591537,0.3502288437929643,0.004043845467048945
maxSW,aparc,0.15,Node Strength,rh_lateralorbitofrontal,0.9285610042386232,1.0,0.0714389957613768
maxSW,aparc,0.15,Node Strength,rh_lingual,0.16279896979416852,0.2728851935842885,0.11008622379011995
maxSW,aparc,0.15,Node Strength,rh_medialorbitofrontal,0.33447839193623086,0.22651344933726825,-0.10796494259896261
maxSW,aparc,0.15,Node Strength,rh_middletemporal,0.2395929624887512,0.2408197580452806,0.0012267955565294086
maxSW,aparc,0.15,Node Strength,rh_paracentral,0.41613264692415247,0.3099997259088111,-0.10613292101534139
maxSW,aparc,0.15,Node Strength,rh_parahippocampal,0.04584920297784936,0.04789784041625964,0.0020486374384102793
maxSW,aparc,0.15,Node Strength,rh_parsopercularis,0.6488566473163858,0.7511585990650999,0.10230195174871404
maxSW,aparc,0.15,Node Strength,rh_parsorbitalis,0.03992729976074933,0.06590637398652195,0.02597907422577262
maxSW,aparc,0.15,Node Strength,rh_parstriangularis,0.568635424114864,0.4933227173106053,-0.07531270680425872
maxSW,aparc,0.15,Node Strength,rh_pericalcarine,0.029617522593256982,0.030891146670308102,0.00127362407705112
maxSW,aparc,0.15,Node Strength,rh_postcentral,0.38549808724502926,0.2444181401619497,-0.14107994708307955
maxSW,aparc,0.15,Node Strength,rh_posteriorcingulate,0.26577830219499754,0.2678174105694469,0.002039108374449372
maxSW,aparc,0.15,Node Strength,rh_precentral,0.5791992457384214,0.6551598482464517,0.07596060250803027
maxSW,aparc,0.15,Node Strength,rh_precuneus,0.7735533088704455,0.7371768399618854,-0.036376468908560056
maxSW,aparc,0.15,Node Strength,rh_rostralanteriorcingulate,0.042924323118478346,0.04170928194744303,-0.0012150411710353179
maxSW,aparc,0.15,Node Strength,rh_rostralmiddlefrontal,0.30280615044781745,0.3425482841223702,0.03974213367455276
maxSW,aparc,0.15,Node Strength,rh_superiorfrontal,0.6026704054943809,0.6834895548813902,0.08081914938700929
maxSW,aparc,0.15,Node Strength,rh_superiorparietal,0.45815387634013693,0.6036592167222649,0.14550534038212792
maxSW,aparc,0.15,Node Strength,rh_superiortemporal,0.37916598986257644,0.41679823327569027,0.03763224341311383
maxSW,aparc,0.15,Node Strength,rh_supramarginal,0.9130415937888853,0.8489786943103552,-0.06406289947853006
maxSW,aparc,0.15,Node Strength,rh_temporalpole,0.025312560468276266,0.02284897003580041,-0.0024635904324758554
maxSW,aparc,0.15,Node Strength,rh_transversetemporal,0.012071542818320267,0.010142527265990051,-0.0019290155523302155
maxSW,aparc,0.15,Local Efficiency,lh_bankssts,0.0,0.0,0.0
maxSW,aparc,0.15,Local Efficiency,lh_caudalanteriorcingulate,0.98457225267528,0.9992940655278003,0.014721812852520277
maxSW,aparc,0.15,Local Efficiency,lh_caudalmiddlefrontal,0.9221627419834829,0.9757314438878137,0.05356870190433083
maxSW,aparc,0.15,Local Efficiency,lh_cuneus,0.0,0.8138572061542063,0.8138572061542063
maxSW,aparc,0.15,Local Efficiency,lh_entorhinal,0.0,0.0,0.0
maxSW,aparc,0.15,Local Efficiency,lh_frontalpole,0.0,0.0,0.0
maxSW,aparc,0.15,Local Efficiency,lh_fusiform,0.8340677864890373,0.859437663356456,0.02536987686741865
maxSW,aparc,0.15,Local Efficiency,lh_inferiorparietal,0.804579211197278,0.8835784135923592,0.07899920239508118
maxSW,aparc,0.15,Local Efficiency,lh_inferiortemporal,0.8581239396385872,0.8657130428388689,0.0075891032002816106
maxSW,aparc,0.15,Local Efficiency,lh_insula,0.0,0.0,0.0
maxSW,aparc,0.15,Local Efficiency,lh_isthmuscingulate,0.8039544738580809,0.696246515214472,-0.10770795864360894
maxSW,aparc,0.15,Local Efficiency,lh_lateraloccipital,0.6769625160693943,0.7856707429495894,0.1087082268801951
maxSW,aparc,0.15,Local Efficiency,lh_lateralorbitofrontal,0.7508716442936977,0.7583622912854175,0.007490646991719863
maxSW,aparc,0.15,Local Efficiency,lh_lingual,0.6558869250792152,0.6416832658245885,-0.014203659254626744
maxSW,aparc,0.15,Local Efficiency,lh_medialorbitofrontal,0.6516199857786071,0.6474852013935981,-0.004134784385009027
maxSW,aparc,0.15,Local Efficiency,lh_middletemporal,0.669472982855614,0.6780432080005522,0.008570225144938215
maxSW,aparc,0.15,Local Efficiency,lh_paracentral,0.6871278144001806,0.9103569889990123,0.22322917459883174
maxSW,aparc,0.15,Local Efficiency,lh_parahippocampal,0.0,0.0,0.0
maxSW,aparc,0.15,Local Efficiency,lh_parsopercularis,0.830762860029221,0.8669495784472474,0.03618671841802645
maxSW,aparc,0.15,Local Efficiency,lh_parsorbitalis,0.0,0.0,0.0
maxSW,aparc,0.15,Local Efficiency,lh_parstriangularis,0.8323530919472407,0.8551254207017739,0.022772328754533167
maxSW,aparc,0.15,Local Efficiency,lh_pericalcarine,0.0,0.0,0.0
maxSW,aparc,0.15,Local Efficiency,lh_postcentral,0.8056780104257864,0.8834496674433685,0.07777165701758215
maxSW,aparc,0.15,Local Efficiency,lh_posteriorcingulate,0.7472357135174537,0.7332147653930962,-0.014020948124357502
maxSW,aparc,0.15,Local Efficiency,lh_precentral,0.8621075137744824,0.8740913861125688,0.011983872338086399
maxSW,aparc,0.15,Local Efficiency,lh_precuneus,0.8311168383944625,0.8157524257484555,-0.015364412646006964
maxSW,aparc,0.15,Local Efficiency,lh_rostralanteriorcingulate,0.0,0.0,0.0
maxSW,aparc,0.15,Local Efficiency,lh_rostralmiddlefrontal,0.8849776069940034,0.8126267194425476,-0.0723508875514558
maxSW,aparc,0.15,Local Efficiency,lh_superiorfrontal,0.8374998696052919,0.8321197351599966,-0.0053801344452952815
maxSW,aparc,0.15,Local Efficiency,lh_superiorparietal,0.749671198256709,0.7275550964982531,-0.02211610175845591
maxSW,aparc,0.15,Local Efficiency,lh_superiortemporal,0.9214898582378092,0.8821646825634868,-0.039325175674322366
maxSW,aparc,0.15,Local Efficiency,lh_supramarginal,0.8131861383322664,0.7924855405947181,-0.020700597737548287
maxSW,aparc,0.15,Local Efficiency,lh_temporalpole,0.0,0.0,0.0
maxSW,aparc,0.15,Local Efficiency,lh_transversetemporal,0.0,0.0,0.0
maxSW,aparc,0.15,Local Efficiency,rh_bankssts,0.0,0.0,0.0
maxSW,aparc,0.15,Local Efficiency,rh_caudalanteriorcingulate,0.7603689394005566,0.9903307516495784,0.2299618122490218
maxSW,aparc,0.15,Local Efficiency,rh_caudalmiddlefrontal,0.8648847241659771,0.8697055636954774,0.004820839529500298
maxSW,aparc,0.15,Local Efficiency,rh_cuneus,0.0,0.9834023446179188,0.9834023446179188
maxSW,aparc,0.15,Local Efficiency,rh_entorhinal,0.0,0.0,0.0
maxSW,aparc,0.15,Local Efficiency,rh_frontalpole,0.0,0.0,0.0
maxSW,aparc,0.15,Local Efficiency,rh_fusiform,0.9395300574639961,0.9777981750761654,0.038268117612169306
maxSW,aparc,0.15,Local Efficiency,rh_inferiorparietal,0.797923344304108,0.8337804185751081,0.035857074271000045
maxSW,aparc,0.15,Local Efficiency,rh_inferiortemporal,0.8396489310356786,0.8796892943989392,0.040040363363260556
maxSW,aparc,0.15,Local Efficiency,rh_insula,0.0,0.0,0.0
maxSW,aparc,0.15,Local Efficiency,rh_isthmuscingulate,0.324790722752518,0.9864771736521716,0.6616864508996536
maxSW,aparc,0.15,Local Efficiency,rh_lateraloccipital,0.802011249531033,0.7825362532615189,-0.0194749962695141
maxSW,aparc,0.15,Local Efficiency,rh_lateralorbitofrontal,0.7038293794333108,0.6814829069970386,-0.02234647243627219
maxSW,aparc,0.15,Local Efficiency,rh_lingual,1.0,0.8721146679871086,-0.12788533201289143
maxSW,aparc,0.15,Local Efficiency,rh_medialorbitofrontal,0.7016629861289277,0.6293396207792562,-0.07232336534967154
maxSW,aparc,0.15,Local Efficiency,rh_middletemporal,0.9578400451337924,0.9652916055427129,0.007451560408920477
maxSW,aparc,0.15,Local Efficiency,rh_paracentral,0.8570557211063397,0.7085249827909756,-0.148530738315364
maxSW,aparc,0.15,Local Efficiency,rh_parahippocampal,0.0,0.0,0.0
maxSW,aparc,0.15,Local Efficiency,rh_parsopercularis,0.9044074043824962,0.8625355121059687,-0.041871892276527545
maxSW,aparc,0.15,Local Efficiency,rh_parsorbitalis,0.0,0.0,0.0
maxSW,aparc,0.15,Local Efficiency,rh_parstriangularis,0.8630793118654705,0.9158333685253618,0.0527540566598913
maxSW,aparc,0.15,Local Efficiency,rh_pericalcarine,0.0,0.0,0.0
maxSW,aparc,0.15,Local Efficiency,rh_postcentral,0.7677959290969973,0.970676457602474,0.20288052850547666
maxSW,aparc,0.15,Local Efficiency,rh_posteriorcingulate,0.74601096474324,0.7325535595572678,-0.013457405185972271
maxSW,aparc,0.15,Local Efficiency,rh_precentral,0.8809313814599125,0.8771937974625804,-0.003737583997332039
maxSW,aparc,0.15,Local Efficiency,rh_precuneus,0.6625595337523074,0.6681469929648592,0.005587459212551882
maxSW,aparc,0.15,Local Efficiency,rh_rostralanteriorcingulate,0.0,0.0,0.0
maxSW,aparc,0.15,Local Efficiency,rh_rostralmiddlefrontal,0.8067162374053976,0.856269576611778,0.0495533392063805
maxSW,aparc,0.15,Local Efficiency,rh_superiorfrontal,0.8328401226561184,0.8173061532927015,-0.015533969363416888
maxSW,aparc,0.15,Local Efficiency,rh_superiorparietal,0.7826802236933527,0.7286333087519926,-0.05404691494136005
maxSW,aparc,0.15,Local Efficiency,rh_superiortemporal,0.9380915617118105,0.8808595307145722,-0.05723203099723828
maxSW,aparc,0.15,Local Efficiency,rh_supramarginal,0.8093139402294736,0.857377034755192,0.04806309452571844
maxSW,aparc,0.15,Local Efficiency,rh_temporalpole,0.0,0.0,0.0
maxSW,aparc,0.15,Local Efficiency,rh_transversetemporal,0.0,0.0,0.0
maxSW,aparc,0.15,Clustering Coefficient,lh_bankssts,0.0,0.0,0.0
maxSW,aparc,0.15,Clustering Coefficient,lh_caudalanteriorcingulate,0.98457225267528,0.9992940655278002,0.014721812852520166
maxSW,aparc,0.15,Clustering Coefficient,lh_caudalmiddlefrontal,0.8461620958698408,0.9466810922220256,0.10051899635218475
maxSW,aparc,0.15,Clustering Coefficient,lh_cuneus,0.0,0.6489957947784525,0.6489957947784525
maxSW,aparc,0.15,Clustering Coefficient,lh_entorhinal,0.0,0.0,0.0
maxSW,aparc,0.15,Clustering Coefficient,lh_frontalpole,0.0,0.0,0.0
maxSW,aparc,0.15,Clustering Coefficient,lh_fusiform,0.6826725984819836,0.7279538499870714,0.04528125150508777
maxSW,aparc,0.15,Clustering Coefficient,lh_inferiorparietal,0.6066679025232684,0.7567101293123193,0.15004222678905088
maxSW,aparc,0.15,Clustering Coefficient,lh_inferiortemporal,0.7318405722647585,0.740980083522385,0.009139511257626465
maxSW,aparc,0.15,Clustering Coefficient,lh_insula,0.0,0.0,0.0
maxSW,aparc,0.15,Clustering Coefficient,lh_isthmuscingulate,0.6418696857343217,0.4855234614921893,-0.1563462242421324
maxSW,aparc,0.15,Clustering Coefficient,lh_lateraloccipital,0.6078242342140269,0.6172939682038123,0.009469733989785456
maxSW,aparc,0.15,Clustering Coefficient,lh_lateralorbitofrontal,0.5337153934481346,0.5422846575958142,0.008569264147679667
maxSW,aparc,0.15,Clustering Coefficient,lh_lingual,0.6558869250792153,0.5725637270411618,-0.08332319803805355
maxSW,aparc,0.15,Clustering Coefficient,lh_medialorbitofrontal,0.37894773101832147,0.41341632665398403,0.03446859563566257
maxSW,aparc,0.15,Clustering Coefficient,lh_middletemporal,0.6694729828556137,0.6780432080005523,0.008570225144938548
maxSW,aparc,0.15,Clustering Coefficient,lh_paracentral,0.5541609858626956,0.8226432856343625,0.26848229977166693
maxSW,aparc,0.15,Clustering Coefficient,lh_parahippocampal,0.0,0.0,0.0
maxSW,aparc,0.15,Clustering Coefficient,lh_parsopercularis,0.6706171499071719,0.7374931050003022,0.06687595509313027
maxSW,aparc,0.15,Clustering Coefficient,lh_parsorbitalis,0.0,0.0,0.0
maxSW,aparc,0.15,Clustering Coefficient,lh_parstriangularis,0.6742061239104519,0.7168807058138726,0.04267458190342077
maxSW,aparc,0.15,Clustering Coefficient,lh_pericalcarine,0.0,0.0,0.0
maxSW,aparc,0.15,Clustering Coefficient,lh_postcentral,0.6221912341101251,0.7603637663108661,0.138172532200741
maxSW,aparc,0.15,Clustering Coefficient,lh_posteriorcingulate,0.5247751469007793,0.4932241389497247,-0.03155100795105459
maxSW,aparc,0.15,Clustering Coefficient,lh_precentral,0.720233236426221,0.7447533176254754,0.024520081199254418
maxSW,aparc,0.15,Clustering Coefficient,lh_precuneus,0.6678173609851817,0.6417365819589297,-0.026080779026252054
maxSW,aparc,0.15,Clustering Coefficient,lh_rostralanteriorcingulate,0.0,0.0,0.0
maxSW,aparc,0.15,Clustering Coefficient,lh_rostralmiddlefrontal,0.7899162416813938,0.6456388116863743,-0.14427742999501958
maxSW,aparc,0.15,Clustering Coefficient,lh_superiorfrontal,0.6906988910589654,0.6707599456916531,-0.019938945367312333
maxSW,aparc,0.15,Clustering Coefficient,lh_superiorparietal,0.5310495697812094,0.4954668022012351,-0.035582767579974306
maxSW,aparc,0.15,Clustering Coefficient,lh_superiortemporal,0.8624588273528705,0.7817028563194233,-0.08075597103344723
maxSW,aparc,0.15,Clustering Coefficient,lh_supramarginal,0.6270533435703167,0.5946626865691275,-0.03239065700118926
maxSW,aparc,0.15,Clustering Coefficient,lh_temporalpole,0.0,0.0,0.0
maxSW,aparc,0.15,Clustering Coefficient,lh_transversetemporal,0.0,0.0,0.0
maxSW,aparc,0.15,Clustering Coefficient,rh_bankssts,0.0,0.0,0.0
maxSW,aparc,0.15,Clustering Coefficient,rh_caudalanteriorcingulate,0.583115572000025,0.9903307516495783,0.40721517964955334
maxSW,aparc,0.15,Clustering Coefficient,rh_caudalmiddlefrontal,0.7267628674914397,0.7342429914204357,0.007480123928995996
maxSW,aparc,0.15,Clustering Coefficient,rh_cuneus,0.0,0.9834023446179188,0.9834023446179188
maxSW,aparc,0.15,Clustering Coefficient,rh_entorhinal,0.0,0.0,0.0
maxSW,aparc,0.15,Clustering Coefficient,rh_frontalpole,0.0,0.0,0.0
maxSW,aparc,0.15,Clustering Coefficient,rh_fusiform,0.8980404981771049,0.9635746102768579,0.06553411209975302
maxSW,aparc,0.15,Clustering Coefficient,rh_inferiorparietal,0.5996540061132493,0.6626596644327183,0.06300565831946903
maxSW,aparc,0.15,Clustering Coefficient,rh_inferiortemporal,0.6993263375660391,0.7630433146916308,0.06371697712559166
maxSW,aparc,0.15,Clustering Coefficient,rh_insula,0.0,0.0,0.0
maxSW,aparc,0.15,Clustering Coefficient,rh_isthmuscingulate,0.3247907227525179,0.9864771736521716,0.6616864508996536
maxSW,aparc,0.15,Clustering Coefficient,rh_lateraloccipital,0.6186682058890665,0.5823784152396116,-0.03628979064945481
maxSW,aparc,0.15,Clustering Coefficient,rh_lateralorbitofrontal,0.5074971324711033,0.4699427502328808,-0.037554382238222495
maxSW,aparc,0.15,Clustering Coefficient,rh_lingual,1.0,0.7501343369995573,-0.24986566300044266
maxSW,aparc,0.15,Clustering Coefficient,rh_medialorbitofrontal,0.4540556353867503,0.41447676109976184,-0.039578874286988475
maxSW,aparc,0.15,Clustering Coefficient,rh_middletemporal,0.9098277377538151,0.9170638109485635,0.007236073194748394
maxSW,aparc,0.15,Clustering Coefficient,rh_paracentral,0.7355605350050635,0.6407515050706315,-0.09480902993443197
maxSW,aparc,0.15,Clustering Coefficient,rh_parahippocampal,0.0,0.0,0.0
maxSW,aparc,0.15,Clustering Coefficient,rh_parsopercularis,0.8107992674668096,0.7366696676210573,-0.07412959984575229
maxSW,aparc,0.15,Clustering Coefficient,rh_parsorbitalis,0.0,0.0,0.0
maxSW,aparc,0.15,Clustering Coefficient,rh_parstriangularis,0.735234034813577,0.8401461504241492,0.10491211561057223
maxSW,aparc,0.15,Clustering Coefficient,rh_pericalcarine,0.0,0.0,0.0
maxSW,aparc,0.15,Clustering Coefficient,rh_postcentral,0.5639985496888854,0.9232195681862395,0.3592210184973541
maxSW,aparc,0.15,Clustering Coefficient,rh_posteriorcingulate,0.5238399491517725,0.4924611473779606,-0.03137880177381186
maxSW,aparc,0.15,Clustering Coefficient,rh_precentral,0.7556288249044981,0.7489061863177308,-0.00672263858676736
maxSW,aparc,0.15,Clustering Coefficient,rh_precuneus,0.5185676779585213,0.5332447239033092,0.014677045944787914
maxSW,aparc,0.15,Clustering Coefficient,rh_rostralanteriorcingulate,0.0,0.0,0.0
maxSW,aparc,0.15,Clustering Coefficient,rh_rostralmiddlefrontal,0.6312709522718988,0.727281592514134,0.09601064024223527
maxSW,aparc,0.15,Clustering Coefficient,rh_superiorfrontal,0.681753879876226,0.64991080753981,-0.031843072336416034
maxSW,aparc,0.15,Clustering Coefficient,rh_superiorparietal,0.5748487564134567,0.4690573735993519,-0.10579138281410477
maxSW,aparc,0.15,Clustering Coefficient,rh_superiortemporal,0.8940366863007806,0.7771616583046118,-0.11687502799616878
maxSW,aparc,0.15,Clustering Coefficient,rh_supramarginal,0.6267756594364573,0.7101419282404573,0.083366268804
maxSW,aparc,0.15,Clustering Coefficient,rh_temporalpole,0.0,0.0,0.0
maxSW,aparc,0.15,Clustering Coefficient,rh_transversetemporal,0.0,0.0,0.0
maxSW,aparc,0.15,Betweenness Centrality,lh_bankssts,0.4067796610169492,0.4067796610169492,0.0
maxSW,aparc,0.15,Betweenness Centrality,lh_caudalanteriorcingulate,0.0,0.0,0.0
maxSW,aparc,0.15,Betweenness Centrality,lh_caudalmiddlefrontal,0.0,0.0,0.0
maxSW,aparc,0.15,Betweenness Centrality,lh_cuneus,0.0,0.006355932203389831,0.006355932203389831
maxSW,aparc,0.15,Betweenness Centrality,lh_entorhinal,0.13983050847457626,0.0,-0.13983050847457626
maxSW,aparc,0.15,Betweenness Centrality,lh_frontalpole,0.0,0.0,0.0
maxSW,aparc,0.15,Betweenness Centrality,lh_fusiform,0.012711864406779662,0.029661016949152543,0.01694915254237288
maxSW,aparc,0.15,Betweenness Centrality,lh_inferiorparietal,0.2457627118644068,0.125,-0.12076271186440679
maxSW,aparc,0.15,Betweenness Centrality,lh_inferiortemporal,0.2521186440677966,0.0,-0.2521186440677966
maxSW,aparc,0.15,Betweenness Centrality,lh_insula,0.13983050847457626,0.13983050847457626,0.0
maxSW,aparc,0.15,Betweenness Centrality,lh_isthmuscingulate,0.019067796610169493,0.1016949152542373,0.0826271186440678
maxSW,aparc,0.15,Betweenness Centrality,lh_lateraloccipital,0.2754237288135593,0.2605932203389831,-0.014830508474576232
maxSW,aparc,0.15,Betweenness Centrality,lh_lateralorbitofrontal,0.0614406779661017,0.03177966101694915,-0.029661016949152547
maxSW,aparc,0.15,Betweenness Centrality,lh_lingual,0.2754237288135593,0.2754237288135593,0.0
maxSW,aparc,0.15,Betweenness Centrality,lh_medialorbitofrontal,0.13771186440677965,0.07627118644067797,-0.061440677966101684
maxSW,aparc,0.15,Betweenness Centrality,lh_middletemporal,0.7754237288135594,1.0,0.22457627118644063
maxSW,aparc,0.15,Betweenness Centrality,lh_paracentral,0.5423728813559322,0.0,-0.5423728813559322
maxSW,aparc,0.15,Betweenness Centrality,lh_parahippocampal,0.2754237288135593,0.0,-0.2754237288135593
maxSW,aparc,0.15,Betweenness Centrality,lh_parsopercularis,0.0,0.0,0.0
maxSW,aparc,0.15,Betweenness Centrality,lh_parsorbitalis,0.5423728813559322,0.5423728813559322,0.0
maxSW,aparc,0.15,Betweenness Centrality,lh_parstriangularis,0.023305084745762712,0.0,-0.023305084745762712
maxSW,aparc,0.15,Betweenness Centrality,lh_pericalcarine,0.0,0.0,0.0
maxSW,aparc,0.15,Betweenness Centrality,lh_postcentral,0.3114406779661017,0.05508474576271186,-0.2563559322033898
maxSW,aparc,0.15,Betweenness Centrality,lh_posteriorcingulate,0.2288135593220339,0.1652542372881356,-0.0635593220338983
maxSW,aparc,0.15,Betweenness Centrality,lh_precentral,0.22245762711864406,0.2902542372881356,0.06779661016949154
maxSW,aparc,0.15,Betweenness Centrality,lh_precuneus,0.08686440677966102,0.1694915254237288,0.08262711864406778
maxSW,aparc,0.15,Betweenness Centrality,lh_rostralanteriorcingulate,0.0,0.0,0.0
maxSW,aparc,0.15,Betweenness Centrality,lh_rostralmiddlefrontal,0.03389830508474576,0.038135593220338986,0.004237288135593223
maxSW,aparc,0.15,Betweenness Centrality,lh_superiorfrontal,0.3347457627118644,0.4046610169491525,0.06991525423728812
maxSW,aparc,0.15,Betweenness Centrality,lh_superiorparietal,0.809322033898305,0.7436440677966102,-0.06567796610169485
maxSW,aparc,0.15,Betweenness Centrality,lh_superiortemporal,0.00211864406779661,0.00847457627118644,0.006355932203389831
maxSW,aparc,0.15,Betweenness Centrality,lh_supramarginal,0.3961864406779661,0.22245762711864406,-0.17372881355932204
maxSW,aparc,0.15,Betweenness Centrality,lh_temporalpole,0.0,0.0,0.0
maxSW,aparc,0.15,Betweenness Centrality,lh_transversetemporal,0.13983050847457626,0.13983050847457626,0.0
maxSW,aparc,0.15,Betweenness Centrality,rh_bankssts,0.2754237288135593,0.2754237288135593,0.0
maxSW,aparc,0.15,Betweenness Centrality,rh_caudalanteriorcingulate,0.006355932203389831,0.0,-0.006355932203389831
maxSW,aparc,0.15,Betweenness Centrality,rh_caudalmiddlefrontal,0.014830508474576272,0.012711864406779662,-0.0021186440677966097
maxSW,aparc,0.15,Betweenness Centrality,rh_cuneus,0.13983050847457626,0.0,-0.13983050847457626
maxSW,aparc,0.15,Betweenness Centrality,rh_entorhinal,0.0,0.13983050847457626,0.13983050847457626
maxSW,aparc,0.15,Betweenness Centrality,rh_frontalpole,0.13983050847457626,0.13983050847457626,0.0
maxSW,aparc,0.15,Betweenness Centrality,rh_fusiform,0.0,0.0,0.0
maxSW,aparc,0.15,Betweenness Centrality,rh_inferiorparietal,0.690677966101695,0.8029661016949152,0.11228813559322026
maxSW,aparc,0.15,Betweenness Centrality,rh_inferiortemporal,0.023305084745762712,0.0614406779661017,0.038135593220338986
maxSW,aparc,0.15,Betweenness Centrality,rh_insula,0.0,0.0,0.0
maxSW,aparc,0.15,Betweenness Centrality,rh_isthmuscingulate,0.0614406779661017,0.0,-0.0614406779661017
maxSW,aparc,0.15,Betweenness Centrality,rh_lateraloccipital,0.17584745762711865,0.08686440677966102,-0.08898305084745763
maxSW,aparc,0.15,Betweenness Centrality,rh_lateralorbitofrontal,0.597457627118644,0.7521186440677966,0.15466101694915257
maxSW,aparc,0.15,Betweenness Centrality,rh_lingual,0.0,0.3050847457627119,0.3050847457627119
maxSW,aparc,0.15,Betweenness Centrality,rh_medialorbitofrontal,0.1461864406779661,0.1059322033898305,-0.0402542372881356
maxSW,aparc,0.15,Betweenness Centrality,rh_middletemporal,0.029661016949152543,0.038135593220338986,0.008474576271186442
maxSW,aparc,0.15,Betweenness Centrality,rh_paracentral,0.036016949152542374,0.2754237288135593,0.23940677966101692
maxSW,aparc,0.15,Betweenness Centrality,rh_parahippocampal,0.4067796610169492,0.13983050847457626,-0.26694915254237295
maxSW,aparc,0.15,Betweenness Centrality,rh_parsopercularis,0.0,0.0,0.0
maxSW,aparc,0.15,Betweenness Centrality,rh_parsorbitalis,0.6567796610169492,0.9110169491525424,0.2542372881355932
maxSW,aparc,0.15,Betweenness Centrality,rh_parstriangularis,0.00211864406779661,0.0,-0.00211864406779661
maxSW,aparc,0.15,Betweenness Centrality,rh_pericalcarine,0.13983050847457626,0.13983050847457626,0.0
maxSW,aparc,0.15,Betweenness Centrality,rh_postcentral,0.1016949152542373,0.0,-0.1016949152542373
maxSW,aparc,0.15,Betweenness Centrality,rh_posteriorcingulate,0.11864406779661017,0.13771186440677965,0.019067796610169482
maxSW,aparc,0.15,Betweenness Centrality,rh_precentral,0.0,0.01694915254237288,0.01694915254237288
maxSW,aparc,0.15,Betweenness Centrality,rh_precuneus,0.9364406779661016,0.8050847457627118,-0.1313559322033898
maxSW,aparc,0.15,Betweenness Centrality,rh_rostralanteriorcingulate,0.13983050847457626,0.13983050847457626,0.0
maxSW,aparc,0.15,Betweenness Centrality,rh_rostralmiddlefrontal,0.006355932203389831,0.00211864406779661,-0.004237288135593221
maxSW,aparc,0.15,Betweenness Centrality,rh_superiorfrontal,0.3135593220338983,0.6652542372881356,0.3516949152542373
maxSW,aparc,0.15,Betweenness Centrality,rh_superiorparietal,0.0211864406779661,0.3220338983050847,0.3008474576271186
maxSW,aparc,0.15,Betweenness Centrality,rh_superiortemporal,0.0,0.0,0.0
maxSW,aparc,0.15,Betweenness Centrality,rh_supramarginal,0.1292372881355932,0.2754237288135593,0.1461864406779661
maxSW,aparc,0.15,Betweenness Centrality,rh_temporalpole,0.13983050847457626,0.13983050847457626,0.0
maxSW,aparc,0.15,Betweenness Centrality,rh_transversetemporal,0.0,0.0,0.0
maxSW,aparc,0.15,Eigenvector Centrality,lh_bankssts,0.03441480721282984,0.031505412781696246,-0.0029093944311335967
maxSW,aparc,0.15,Eigenvector Centrality,lh_caudalanteriorcingulate,0.02132253392319398,0.01951418404519012,-0.0018083498780038613
maxSW,aparc,0.15,Eigenvector Centrality,lh_caudalmiddlefrontal,0.7540030046633582,0.7258011740905036,-0.028201830572854636
maxSW,aparc,0.15,Eigenvector Centrality,lh_cuneus,0.00018380241699991718,0.008503720907762888,0.008319918490762971
maxSW,aparc,0.15,Eigenvector Centrality,lh_entorhinal,3.1413198507104396e-05,7.75628512075301e-06,-2.3656913386351388e-05
maxSW,aparc,0.15,Eigenvector Centrality,lh_frontalpole,1.1268618990457517e-07,6.152719214644309e-08,-5.115899775813208e-08
maxSW,aparc,0.15,Eigenvector Centrality,lh_fusiform,0.843379636984713,0.8044055349578596,-0.03897410202685336
maxSW,aparc,0.15,Eigenvector Centrality,lh_inferiorparietal,0.886081589944217,0.8689847085637673,-0.017096881380449735
maxSW,aparc,0.15,Eigenvector Centrality,lh_inferiortemporal,0.5139618856531937,0.3194789347926303,-0.19448295086056339
maxSW,aparc,0.15,Eigenvector Centrality,lh_insula,8.220533704441247e-05,7.182166641736886e-05,-1.0383670627043615e-05
maxSW,aparc,0.15,Eigenvector Centrality,lh_isthmuscingulate,0.021986281826738625,0.07431931765787854,0.052333035831139914
maxSW,aparc,0.15,Eigenvector Centrality,lh_lateraloccipital,0.05855156751617707,0.07196325058219775,0.013411683066020683
maxSW,aparc,0.15,Eigenvector Centrality,lh_lateralorbitofrontal,0.8579336128855899,0.8947392223640741,0.036805609478484214
maxSW,aparc,0.15,Eigenvector Centrality,lh_lingual,0.020012953874869805,0.02160959064962249,0.0015966367747526841
maxSW,aparc,0.15,Eigenvector Centrality,lh_medialorbitofrontal,0.18307315486678669,0.15268453133883336,-0.030388623527953323
maxSW,aparc,0.15,Eigenvector Centrality,lh_middletemporal,0.12918294090562704,0.10767642716645291,-0.02150651373917413
maxSW,aparc,0.15,Eigenvector Centrality,lh_paracentral,0.29068517723367576,0.22988139947286018,-0.06080377776081558
maxSW,aparc,0.15,Eigenvector Centrality,lh_parahippocampal,0.000808416041400174,0.0006463654502773137,-0.00016205059112286036
maxSW,aparc,0.15,Eigenvector Centrality,lh_parsopercularis,0.8734492600279358,0.8537305190656997,-0.019718740962236025
maxSW,aparc,0.15,Eigenvector Centrality,lh_parsorbitalis,0.0002999872674693389,0.00024018843773018555,-5.9798829739153374e-05
maxSW,aparc,0.15,Eigenvector Centrality,lh_parstriangularis,0.6390754438262891,0.7583534147182122,0.11927797089192305
maxSW,aparc,0.15,Eigenvector Centrality,lh_pericalcarine,3.1140689983546e-05,3.4114707191834605e-05,2.9740172082886023e-06
maxSW,aparc,0.15,Eigenvector Centrality,lh_postcentral,0.09378367061787674,0.07975647848827566,-0.014027192129601074
maxSW,aparc,0.15,Eigenvector Centrality,lh_posteriorcingulate,0.18703457385807512,0.1874360476802375,0.00040147382216237926
maxSW,aparc,0.15,Eigenvector Centrality,lh_precentral,0.8158630002693107,0.7981137207732849,-0.017749279496025783
maxSW,aparc,0.15,Eigenvector Centrality,lh_precuneus,0.7342555875462597,0.7724245527629804,0.03816896521672064
maxSW,aparc,0.15,Eigenvector Centrality,lh_rostralanteriorcingulate,0.0023206855030348996,0.002104135606696736,-0.00021654989633816376
maxSW,aparc,0.15,Eigenvector Centrality,lh_rostralmiddlefrontal,0.5381339179963364,0.6146102926788298,0.07647637468249346
maxSW,aparc,0.15,Eigenvector Centrality,lh_superiorfrontal,0.5204121816821463,0.539553216235572,0.01914103455342564
maxSW,aparc,0.15,Eigenvector Centrality,lh_superiorparietal,0.425963920486659,0.5444464729932909,0.11848255250663187
maxSW,aparc,0.15,Eigenvector Centrality,lh_superiortemporal,0.4428923552510665,0.4517636868778809,0.00887133162681436
maxSW,aparc,0.15,Eigenvector Centrality,lh_supramarginal,0.985605889783551,1.0,0.014394110216448985
maxSW,aparc,0.15,Eigenvector Centrality,lh_temporalpole,1.3190997474907193e-07,0.0,-1.3190997474907193e-07
maxSW,aparc,0.15,Eigenvector Centrality,lh_transversetemporal,0.035020191986213214,0.03221705715977236,-0.002803134826440852
maxSW,aparc,0.15,Eigenvector Centrality,rh_bankssts,0.001762324286315711,0.0016559095976628362,-0.00010641468865287473
maxSW,aparc,0.15,Eigenvector Centrality,rh_caudalanteriorcingulate,0.0235933201869578,0.019252292460151386,-0.0043410277268064144
maxSW,aparc,0.15,Eigenvector Centrality,rh_caudalmiddlefrontal,0.8369148946351437,0.8996755358921459,0.0627606412570022
maxSW,aparc,0.15,Eigenvector Centrality,rh_cuneus,0.0031374462787822606,0.0042427364436399585,0.001105290164857698
maxSW,aparc,0.15,Eigenvector Centrality,rh_entorhinal,1.2654721840441405e-06,0.00016434043925674829,0.00016307496707270415
maxSW,aparc,0.15,Eigenvector Centrality,rh_frontalpole,1.0306037647458409e-05,7.9594128450157e-06,-2.34662480244271e-06
maxSW,aparc,0.15,Eigenvector Centrality,rh_fusiform,0.677032675434475,0.6730555403940247,-0.003977135040450275
maxSW,aparc,0.15,Eigenvector Centrality,rh_inferiorparietal,0.9683469084722846,0.9454815481390465,-0.02286536033323805
maxSW,aparc,0.15,Eigenvector Centrality,rh_inferiortemporal,0.5723516375740622,0.332622005827117,-0.23972963174694517
maxSW,aparc,0.15,Eigenvector Centrality,rh_insula,4.593906341219003e-06,3.7073869469294104e-06,-8.865193942895927e-07
maxSW,aparc,0.15,Eigenvector Centrality,rh_isthmuscingulate,0.021339199780908074,0.012110221501332851,-0.009228978279575223
maxSW,aparc,0.15,Eigenvector Centrality,rh_lateraloccipital,0.09207918930771525,0.10168231562272555,0.009603126315010299
maxSW,aparc,0.15,Eigenvector Centrality,rh_lateralorbitofrontal,0.9073795694705467,0.9017961272876909,-0.00558344218285578
maxSW,aparc,0.15,Eigenvector Centrality,rh_lingual,0.02075295487125326,0.068949639875828,0.04819668500457474
maxSW,aparc,0.15,Eigenvector Centrality,rh_medialorbitofrontal,0.17435233776517647,0.1378468094495681,-0.03650552831560838
maxSW,aparc,0.15,Eigenvector Centrality,rh_middletemporal,0.17652849902147932,0.1529524180081963,-0.023576081013283012
maxSW,aparc,0.15,Eigenvector Centrality,rh_paracentral,0.41223973200281583,0.23259011049338796,-0.17964962150942787
maxSW,aparc,0.15,Eigenvector Centrality,rh_parahippocampal,0.014720930994415887,0.011778391014627288,-0.0029425399797885984
maxSW,aparc,0.15,Eigenvector Centrality,rh_parsopercularis,0.794782904815725,0.8480495547399401,0.05326664992421515
maxSW,aparc,0.15,Eigenvector Centrality,rh_parsorbitalis,0.005673237010312152,0.004517655614955569,-0.0011555813953565836
maxSW,aparc,0.15,Eigenvector Centrality,rh_parstriangularis,0.6482147000256268,0.5902027419264083,-0.05801195809921844
maxSW,aparc,0.15,Eigenvector Centrality,rh_pericalcarine,0.0006267122530017265,0.0007224689446195229,9.575669161779635e-05
maxSW,aparc,0.15,Eigenvector Centrality,rh_postcentral,0.11446934938677851,0.07235055525649246,-0.04211879413028605
maxSW,aparc,0.15,Eigenvector Centrality,rh_posteriorcingulate,0.1857435012670855,0.18661008832257678,0.0008665870554912802
maxSW,aparc,0.15,Eigenvector Centrality,rh_precentral,0.6388098814812982,0.7054834446944547,0.06667356321315643
maxSW,aparc,0.15,Eigenvector Centrality,rh_precuneus,0.7398420112663272,0.7002395384743124,-0.03960247279201479
maxSW,aparc,0.15,Eigenvector Centrality,rh_rostralanteriorcingulate,0.045939568791975416,0.04344501316382463,-0.002494555628150784
maxSW,aparc,0.15,Eigenvector Centrality,rh_rostralmiddlefrontal,0.31627009547647456,0.3640990467823378,0.04782895130586323
maxSW,aparc,0.15,Eigenvector Centrality,rh_superiorfrontal,0.5980940969359264,0.6576153496763577,0.059521252740431296
maxSW,aparc,0.15,Eigenvector Centrality,rh_superiorparietal,0.31124905736130426,0.4374965457131672,0.12624748835186295
maxSW,aparc,0.15,Eigenvector Centrality,rh_superiortemporal,0.4001296151160207,0.4087618812220062,0.008632266105985498
maxSW,aparc,0.15,Eigenvector Centrality,rh_supramarginal,0.9836255719190515,0.9325769600523367,-0.05104861186671483
maxSW,aparc,0.15,Eigenvector Centrality,rh_temporalpole,9.736549420230692e-06,7.07393709691573e-06,-2.662612323314962e-06
maxSW,aparc,0.15,Eigenvector Centrality,rh_transversetemporal,0.0019421013495746259,0.0016482910026890535,-0.0002938103468855724
maxSW,aparc,0.15,Node Degree,lh_bankssts,0.037037037037037035,0.037037037037037035,0.0
maxSW,aparc,0.15,Node Degree,lh_caudalanteriorcingulate,0.07407407407407407,0.037037037037037035,-0.037037037037037035
maxSW,aparc,0.15,Node Degree,lh_caudalmiddlefrontal,0.5925925925925926,0.5555555555555556,-0.03703703703703698
maxSW,aparc,0.15,Node Degree,lh_cuneus,0.0,0.1111111111111111,0.1111111111111111
maxSW,aparc,0.15,Node Degree,lh_entorhinal,0.037037037037037035,0.0,-0.037037037037037035
maxSW,aparc,0.15,Node Degree,lh_frontalpole,0.0,0.0,0.0
maxSW,aparc,0.15,Node Degree,lh_fusiform,0.7407407407407407,0.7037037037037037,-0.03703703703703698
maxSW,aparc,0.15,Node Degree,lh_inferiorparietal,0.8148148148148148,0.7407407407407407,-0.07407407407407407
maxSW,aparc,0.15,Node Degree,lh_inferiortemporal,0.5185185185185185,0.37037037037037035,-0.14814814814814814
maxSW,aparc,0.15,Node Degree,lh_insula,0.037037037037037035,0.037037037037037035,0.0
maxSW,aparc,0.15,Node Degree,lh_isthmuscingulate,0.1111111111111111,0.14814814814814814,0.037037037037037035
maxSW,aparc,0.15,Node Degree,lh_lateraloccipital,0.25925925925925924,0.2962962962962963,0.037037037037037035
maxSW,aparc,0.15,Node Degree,lh_lateralorbitofrontal,0.8518518518518519,0.9259259259259259,0.07407407407407407
maxSW,aparc,0.15,Node Degree,lh_lingual,0.18518518518518517,0.2222222222222222,0.037037037037037035
maxSW,aparc,0.15,Node Degree,lh_medialorbitofrontal,0.2962962962962963,0.2222222222222222,-0.07407407407407407
maxSW,aparc,0.15,Node Degree,lh_middletemporal,0.18518518518518517,0.18518518518518517,0.0
maxSW,aparc,0.15,Node Degree,lh_paracentral,0.4074074074074074,0.25925925925925924,-0.14814814814814814
maxSW,aparc,0.15,Node Degree,lh_parahippocampal,0.037037037037037035,0.0,-0.037037037037037035
maxSW,aparc,0.15,Node Degree,lh_parsopercularis,0.7777777777777778,0.7407407407407407,-0.03703703703703709
maxSW,aparc,0.15,Node Degree,lh_parsorbitalis,0.07407407407407407,0.07407407407407407,0.0
maxSW,aparc,0.15,Node Degree,lh_parstriangularis,0.5555555555555556,0.6666666666666666,0.11111111111111105
maxSW,aparc,0.15,Node Degree,lh_pericalcarine,0.0,0.0,0.0
maxSW,aparc,0.15,Node Degree,lh_postcentral,0.3333333333333333,0.25925925925925924,-0.07407407407407407
maxSW,aparc,0.15,Node Degree,lh_posteriorcingulate,0.25925925925925924,0.25925925925925924,0.0
maxSW,aparc,0.15,Node Degree,lh_precentral,0.7037037037037037,0.7037037037037037,0.0
maxSW,aparc,0.15,Node Degree,lh_precuneus,0.6666666666666666,0.7407407407407407,0.07407407407407407
maxSW,aparc,0.15,Node Degree,lh_rostralanteriorcingulate,0.0,0.0,0.0
maxSW,aparc,0.15,Node Degree,lh_rostralmiddlefrontal,0.4444444444444444,0.5925925925925926,0.14814814814814814
maxSW,aparc,0.15,Node Degree,lh_superiorfrontal,0.5185185185185185,0.5555555555555556,0.03703703703703709
maxSW,aparc,0.15,Node Degree,lh_superiorparietal,0.5555555555555556,0.6666666666666666,0.11111111111111105
maxSW,aparc,0.15,Node Degree,lh_superiortemporal,0.4074074074074074,0.4444444444444444,0.037037037037037035
maxSW,aparc,0.15,Node Degree,lh_supramarginal,0.8888888888888888,0.9629629629629629,0.07407407407407407
maxSW,aparc,0.15,Node Degree,lh_temporalpole,0.0,0.0,0.0
maxSW,aparc,0.15,Node Degree,lh_transversetemporal,0.037037037037037035,0.037037037037037035,0.0
maxSW,aparc,0.15,Node Degree,rh_bankssts,0.037037037037037035,0.037037037037037035,0.0
maxSW,aparc,0.15,Node Degree,rh_caudalanteriorcingulate,0.14814814814814814,0.037037037037037035,-0.1111111111111111
maxSW,aparc,0.15,Node Degree,rh_caudalmiddlefrontal,0.7037037037037037,0.7777777777777778,0.07407407407407407
maxSW,aparc,0.15,Node Degree,rh_cuneus,0.037037037037037035,0.037037037037037035,0.0
maxSW,aparc,0.15,Node Degree,rh_entorhinal,0.0,0.037037037037037035,0.037037037037037035
maxSW,aparc,0.15,Node Degree,rh_frontalpole,0.037037037037037035,0.037037037037037035,0.0
maxSW,aparc,0.15,Node Degree,rh_fusiform,0.5185185185185185,0.5185185185185185,0.0
maxSW,aparc,0.15,Node Degree,rh_inferiorparietal,0.8888888888888888,0.8518518518518519,-0.03703703703703698
maxSW,aparc,0.15,Node Degree,rh_inferiortemporal,0.5555555555555556,0.37037037037037035,-0.18518518518518523
maxSW,aparc,0.15,Node Degree,rh_insula,0.0,0.0,0.0
maxSW,aparc,0.15,Node Degree,rh_isthmuscingulate,0.1111111111111111,0.037037037037037035,-0.07407407407407407
maxSW,aparc,0.15,Node Degree,rh_lateraloccipital,0.3333333333333333,0.3333333333333333,0.0
maxSW,aparc,0.15,Node Degree,rh_lateralorbitofrontal,0.9259259259259259,1.0,0.07407407407407407
maxSW,aparc,0.15,Node Degree,rh_lingual,0.14814814814814814,0.25925925925925924,0.1111111111111111
maxSW,aparc,0.15,Node Degree,rh_medialorbitofrontal,0.3333333333333333,0.2222222222222222,-0.1111111111111111
maxSW,aparc,0.15,Node Degree,rh_middletemporal,0.2222222222222222,0.2222222222222222,0.0
maxSW,aparc,0.15,Node Degree,rh_paracentral,0.4074074074074074,0.2962962962962963,-0.1111111111111111
maxSW,aparc,0.15,Node Degree,rh_parahippocampal,0.037037037037037035,0.037037037037037035,0.0
maxSW,aparc,0.15,Node Degree,rh_parsopercularis,0.6296296296296297,0.7407407407407407,0.11111111111111105
maxSW,aparc,0.15,Node Degree,rh_parsorbitalis,0.037037037037037035,0.07407407407407407,0.037037037037037035
maxSW,aparc,0.15,Node Degree,rh_parstriangularis,0.5555555555555556,0.48148148148148145,-0.07407407407407413
maxSW,aparc,0.15,Node Degree,rh_pericalcarine,0.037037037037037035,0.037037037037037035,0.0
maxSW,aparc,0.15,Node Degree,rh_postcentral,0.37037037037037035,0.2222222222222222,-0.14814814814814814
maxSW,aparc,0.15,Node Degree,rh_posteriorcingulate,0.25925925925925924,0.25925925925925924,0.0
maxSW,aparc,0.15,Node Degree,rh_precentral,0.5555555555555556,0.6296296296296297,0.07407407407407407
maxSW,aparc,0.15,Node Degree,rh_precuneus,0.7777777777777778,0.7407407407407407,-0.03703703703703709
maxSW,aparc,0.15,Node Degree,rh_rostralanteriorcingulate,0.037037037037037035,0.037037037037037035,0.0
maxSW,aparc,0.15,Node Degree,rh_rostralmiddlefrontal,0.2962962962962963,0.3333333333333333,0.037037037037037035
maxSW,aparc,0.15,Node Degree,rh_superiorfrontal,0.5925925925925926,0.6666666666666666,0.07407407407407407
maxSW,aparc,0.15,Node Degree,rh_superiorparietal,0.4444444444444444,0.5925925925925926,0.14814814814814814
maxSW,aparc,0.15,Node Degree,rh_superiortemporal,0.37037037037037035,0.4074074074074074,0.037037037037037035
maxSW,aparc,0.15,Node Degree,rh_supramarginal,0.8888888888888888,0.8148148148148148,-0.07407407407407407
maxSW,aparc,0.15,Node Degree,rh_temporalpole,0.037037037037037035,0.037037037037037035,0.0
maxSW,aparc,0.15,Node Degree,rh_transversetemporal,0.0,0.0,0.0
maxSW,aparc,0.2,Participation Coefficient,lh_bankssts,0.0,0.0,0.0
maxSW,aparc,0.2,Participation Coefficient,lh_caudalanteriorcingulate,0.0,0.0,0.0
maxSW,aparc,0.2,Participation Coefficient,lh_caudalmiddlefrontal,0.6787891057694742,0.8077927632273657,0.12900365745789155
maxSW,aparc,0.2,Participation Coefficient,lh_cuneus,0.0,0.0,0.0
maxSW,aparc,0.2,Participation Coefficient,lh_entorhinal,0.0,0.0,0.0
maxSW,aparc,0.2,Participation Coefficient,lh_frontalpole,0.0,0.0,0.0
maxSW,aparc,0.2,Participation Coefficient,lh_fusiform,0.4069627911070478,0.7961332110022565,0.38917041989520873
maxSW,aparc,0.2,Participation Coefficient,lh_inferiorparietal,0.7790441409758958,0.9221723483590757,0.14312820738317988
maxSW,aparc,0.2,Participation Coefficient,lh_inferiortemporal,0.0,0.1783476704224127,0.1783476704224127
maxSW,aparc,0.2,Participation Coefficient,lh_insula,0.0,0.0,0.0
maxSW,aparc,0.2,Participation Coefficient,lh_isthmuscingulate,0.8348654138950748,0.6538456376860933,-0.18101977620898158
maxSW,aparc,0.2,Participation Coefficient,lh_lateraloccipital,0.0,0.2460593550711992,0.2460593550711992
maxSW,aparc,0.2,Participation Coefficient,lh_lateralorbitofrontal,0.6328473360115328,0.7797791824672692,0.14693184645573643
maxSW,aparc,0.2,Participation Coefficient,lh_lingual,0.0,0.0,0.0
maxSW,aparc,0.2,Participation Coefficient,lh_medialorbitofrontal,0.8474279097426286,0.895207020835347,0.047779111092718374
maxSW,aparc,0.2,Participation Coefficient,lh_middletemporal,0.3514040630072666,0.30260034954635145,-0.048803713460915166
maxSW,aparc,0.2,Participation Coefficient,lh_paracentral,0.7500110324830759,0.9643086520024466,0.21429761951937076
maxSW,aparc,0.2,Participation Coefficient,lh_parahippocampal,0.0,0.0,0.0
maxSW,aparc,0.2,Participation Coefficient,lh_parsopercularis,0.45980710383234014,0.7959630205397625,0.3361559167074224
maxSW,aparc,0.2,Participation Coefficient,lh_parsorbitalis,0.0,0.0,0.0
maxSW,aparc,0.2,Participation Coefficient,lh_parstriangularis,0.5017780178046563,0.8044017711142925,0.3026237533096362
maxSW,aparc,0.2,Participation Coefficient,lh_pericalcarine,0.0,0.0,0.0
maxSW,aparc,0.2,Participation Coefficient,lh_postcentral,0.0,0.6491742288262053,0.6491742288262053
maxSW,aparc,0.2,Participation Coefficient,lh_posteriorcingulate,0.7874953696944786,0.9834690106511347,0.19597364095665604
maxSW,aparc,0.2,Participation Coefficient,lh_precentral,0.6493549414921953,0.9163242886908469,0.2669693471986516
maxSW,aparc,0.2,Participation Coefficient,lh_precuneus,0.8206444172402236,0.9847652672844496,0.16412085004422594
maxSW,aparc,0.2,Participation Coefficient,lh_rostralanteriorcingulate,0.0,0.0,0.0
maxSW,aparc,0.2,Participation Coefficient,lh_rostralmiddlefrontal,0.26930753355083936,0.46862850446776944,0.19932097091693007
maxSW,aparc,0.2,Participation Coefficient,lh_superiorfrontal,0.0,0.2740756851891675,0.2740756851891675
maxSW,aparc,0.2,Participation Coefficient,lh_superiorparietal,0.7833705375721257,0.9794824327568997,0.196111895184774
maxSW,aparc,0.2,Participation Coefficient,lh_superiortemporal,0.17437918643413422,0.5224992692867021,0.3481200828525679
maxSW,aparc,0.2,Participation Coefficient,lh_supramarginal,0.5795756307912596,0.7441964236356827,0.1646207928444231
maxSW,aparc,0.2,Participation Coefficient,lh_temporalpole,0.0,0.0,0.0
maxSW,aparc,0.2,Participation Coefficient,lh_transversetemporal,0.0,0.0,0.0
maxSW,aparc,0.2,Participation Coefficient,rh_bankssts,0.0,0.0,0.0
maxSW,aparc,0.2,Participation Coefficient,rh_caudalanteriorcingulate,0.0,0.0,0.0
maxSW,aparc,0.2,Participation Coefficient,rh_caudalmiddlefrontal,0.7663571169575584,0.8895745652132555,0.12321744825569714
maxSW,aparc,0.2,Participation Coefficient,rh_cuneus,0.0,0.0,0.0
maxSW,aparc,0.2,Participation Coefficient,rh_entorhinal,0.0,0.0,0.0
maxSW,aparc,0.2,Participation Coefficient,rh_frontalpole,0.0,0.0,0.0
maxSW,aparc,0.2,Participation Coefficient,rh_fusiform,0.458057324989353,0.8581463319505024,0.4000890069611494
maxSW,aparc,0.2,Participation Coefficient,rh_inferiorparietal,0.7449996668498218,0.8438643853982203,0.09886471854839851
maxSW,aparc,0.2,Participation Coefficient,rh_inferiortemporal,0.12625984750903235,0.2913177315351373,0.16505788402610494
maxSW,aparc,0.2,Participation Coefficient,rh_insula,0.0,0.0,0.0
maxSW,aparc,0.2,Participation Coefficient,rh_isthmuscingulate,0.658963105432465,0.6032299357835509,-0.05573316964891406
maxSW,aparc,0.2,Participation Coefficient,rh_lateraloccipital,0.0,0.8177502368903536,0.8177502368903536
maxSW,aparc,0.2,Participation Coefficient,rh_lateralorbitofrontal,0.6008162408868736,0.8163998357561438,0.21558359486927026
maxSW,aparc,0.2,Participation Coefficient,rh_lingual,0.0,0.0,0.0
maxSW,aparc,0.2,Participation Coefficient,rh_medialorbitofrontal,0.8143025688869165,1.0,0.18569743111308346
maxSW,aparc,0.2,Participation Coefficient,rh_middletemporal,0.0,0.0,0.0
maxSW,aparc,0.2,Participation Coefficient,rh_paracentral,0.7992077084494984,0.6751480473024213,-0.12405966114707712
maxSW,aparc,0.2,Participation Coefficient,rh_parahippocampal,0.0,0.0,0.0
maxSW,aparc,0.2,Participation Coefficient,rh_parsopercularis,0.4741741069299354,0.7113715863750892,0.23719747944515385
maxSW,aparc,0.2,Participation Coefficient,rh_parsorbitalis,0.7349177378760408,0.6435171900265512,-0.09140054784948959
maxSW,aparc,0.2,Participation Coefficient,rh_parstriangularis,0.4723785238457673,0.642110955793776,0.1697324319480087
maxSW,aparc,0.2,Participation Coefficient,rh_pericalcarine,0.0,0.0,0.0
maxSW,aparc,0.2,Participation Coefficient,rh_postcentral,0.2095290126828209,0.2684809182601373,0.058951905577316416
maxSW,aparc,0.2,Participation Coefficient,rh_posteriorcingulate,0.8470981323110556,0.9714434584023186,0.12434532609126303
maxSW,aparc,0.2,Participation Coefficient,rh_precentral,0.7572849828558545,0.9837983995594463,0.2265134167035917
maxSW,aparc,0.2,Participation Coefficient,rh_precuneus,0.8516052747385183,0.9836652184001679,0.13205994366164953
maxSW,aparc,0.2,Participation Coefficient,rh_rostralanteriorcingulate,0.0,0.0,0.0
maxSW,aparc,0.2,Participation Coefficient,rh_rostralmiddlefrontal,0.5173743477568212,0.7840014883597677,0.26662714060294646
maxSW,aparc,0.2,Participation Coefficient,rh_superiorfrontal,0.12786981316121063,0.44148510871975616,0.3136152955585455
maxSW,aparc,0.2,Participation Coefficient,rh_superiorparietal,0.7080327536610382,0.9766372310645306,0.26860447740349236
maxSW,aparc,0.2,Participation Coefficient,rh_superiortemporal,0.17482638001381706,0.6097762710112922,0.4349498909974751
maxSW,aparc,0.2,Participation Coefficient,rh_supramarginal,0.5085829355582563,0.8525094162925849,0.34392648073432863
maxSW,aparc,0.2,Participation Coefficient,rh_temporalpole,0.0,0.0,0.0
maxSW,aparc,0.2,Participation Coefficient,rh_transversetemporal,0.0,0.0,0.0
maxSW,aparc,0.2,Node Versatility,lh_bankssts,0.06212072124998909,0.008096469157992357,-0.05402425209199673
maxSW,aparc,0.2,Node Versatility,lh_caudalanteriorcingulate,0.17451659220511173,0.26849112689379945,0.09397453468868772
maxSW,aparc,0.2,Node Versatility,lh_caudalmiddlefrontal,0.38030866154784715,0.4524185953179968,0.07210993377014963
maxSW,aparc,0.2,Node Versatility,lh_cuneus,0.11331777803351123,0.25075700942374485,0.13743923139023362
maxSW,aparc,0.2,Node Versatility,lh_entorhinal,0.308037136183575,0.0,-0.308037136183575
maxSW,aparc,0.2,Node Versatility,lh_frontalpole,0.0,0.0,0.0
maxSW,aparc,0.2,Node Versatility,lh_fusiform,0.07200071323479426,0.15849981151829073,0.08649909828349647
maxSW,aparc,0.2,Node Versatility,lh_inferiorparietal,0.28791003903478635,0.4302135615125466,0.14230352247776024
maxSW,aparc,0.2,Node Versatility,lh_inferiortemporal,0.0708499681849253,0.13635165473603558,0.06550168655111029
maxSW,aparc,0.2,Node Versatility,lh_insula,0.06212072124998909,0.008096469157992357,-0.05402425209199673
maxSW,aparc,0.2,Node Versatility,lh_isthmuscingulate,0.17290314855060826,0.2691381771883164,0.09623502863770814
maxSW,aparc,0.2,Node Versatility,lh_lateraloccipital,0.11331777803351123,0.25075700942374485,0.13743923139023362
maxSW,aparc,0.2,Node Versatility,lh_lateralorbitofrontal,0.14568258333705628,0.5246207562265037,0.3789381728894474
maxSW,aparc,0.2,Node Versatility,lh_lingual,0.11331777803351123,0.25075700942374485,0.13743923139023362
maxSW,aparc,0.2,Node Versatility,lh_medialorbitofrontal,0.3683404163980154,1.0,0.6316595836019846
maxSW,aparc,0.2,Node Versatility,lh_middletemporal,0.0708499681849253,0.13635165473603558,0.06550168655111029
maxSW,aparc,0.2,Node Versatility,lh_paracentral,0.3788678891839125,0.8093507254764926,0.43048283629258005
maxSW,aparc,0.2,Node Versatility,lh_parahippocampal,0.40886197137859615,0.6912174329488338,0.2823554615702376
maxSW,aparc,0.2,Node Versatility,lh_parsopercularis,0.07200071323479426,0.21266814856346875,0.14066743532867448
maxSW,aparc,0.2,Node Versatility,lh_parsorbitalis,0.0,0.0,0.0
maxSW,aparc,0.2,Node Versatility,lh_parstriangularis,0.30240896299111464,0.6487846600772269,0.34637569708611227
maxSW,aparc,0.2,Node Versatility,lh_pericalcarine,0.17553671853039685,0.2682306937853542,0.09269397525495734
maxSW,aparc,0.2,Node Versatility,lh_postcentral,0.11331777803351123,0.25075700942374485,0.13743923139023362
maxSW,aparc,0.2,Node Versatility,lh_posteriorcingulate,0.17451659220511173,0.2634639133273693,0.08894732112225756
maxSW,aparc,0.2,Node Versatility,lh_precentral,0.5329707709492956,0.3683940474048836,-0.164576723544412
maxSW,aparc,0.2,Node Versatility,lh_precuneus,0.3806360560972176,0.3510506300326505,-0.0295854260645671
maxSW,aparc,0.2,Node Versatility,lh_rostralanteriorcingulate,0.25449192317026065,0.16640184117143914,-0.08809008199882151
maxSW,aparc,0.2,Node Versatility,lh_rostralmiddlefrontal,0.3737397085919891,0.39949943781838954,0.025759729226400463
maxSW,aparc,0.2,Node Versatility,lh_superiorfrontal,0.0708499681849253,0.13635165473603558,0.06550168655111029
maxSW,aparc,0.2,Node Versatility,lh_superiorparietal,0.17716660674884355,0.2924433192930323,0.11527671254418875
maxSW,aparc,0.2,Node Versatility,lh_superiortemporal,0.0708499681849253,0.13635165473603558,0.06550168655111029
maxSW,aparc,0.2,Node Versatility,lh_supramarginal,0.21782252142669067,0.40858161850388053,0.19075909707718985
maxSW,aparc,0.2,Node Versatility,lh_temporalpole,0.0,0.0,0.0
maxSW,aparc,0.2,Node Versatility,lh_transversetemporal,0.31905321340644116,0.23731126191209773,-0.08174195149434343
maxSW,aparc,0.2,Node Versatility,rh_bankssts,0.06212072124998909,0.008096469157992357,-0.05402425209199673
maxSW,aparc,0.2,Node Versatility,rh_caudalanteriorcingulate,0.1730218382236709,0.26849112689379945,0.09546928867012855
maxSW,aparc,0.2,Node Versatility,rh_caudalmiddlefrontal,0.326782049016651,0.3025646831472592,-0.02421736586939177
maxSW,aparc,0.2,Node Versatility,rh_cuneus,0.11331777803351123,0.25075700942374485,0.13743923139023362
maxSW,aparc,0.2,Node Versatility,rh_entorhinal,0.308037136183575,0.0,-0.308037136183575
maxSW,aparc,0.2,Node Versatility,rh_frontalpole,0.0,0.0,0.0
maxSW,aparc,0.2,Node Versatility,rh_fusiform,0.07260667916142828,0.46948692481517884,0.3968802456537506
maxSW,aparc,0.2,Node Versatility,rh_inferiorparietal,0.29043355969484685,0.25538052245452075,-0.0350530372403261
maxSW,aparc,0.2,Node Versatility,rh_inferiortemporal,0.0708499681849253,0.13635165473603558,0.06550168655111029
maxSW,aparc,0.2,Node Versatility,rh_insula,0.06212072124998909,0.008096469157992357,-0.05402425209199673
maxSW,aparc,0.2,Node Versatility,rh_isthmuscingulate,0.17290314855060826,0.2691381771883164,0.09623502863770814
maxSW,aparc,0.2,Node Versatility,rh_lateraloccipital,0.11331777803351123,0.25075700942374485,0.13743923139023362
maxSW,aparc,0.2,Node Versatility,rh_lateralorbitofrontal,0.13252070409163824,0.1881854636068118,0.05566475951517355
maxSW,aparc,0.2,Node Versatility,rh_lingual,0.11331777803351123,0.25075700942374485,0.13743923139023362
maxSW,aparc,0.2,Node Versatility,rh_medialorbitofrontal,0.4174795474426392,1.0,0.5825204525573608
maxSW,aparc,0.2,Node Versatility,rh_middletemporal,0.0708499681849253,0.13635165473603558,0.06550168655111029
maxSW,aparc,0.2,Node Versatility,rh_paracentral,0.24311166034983828,0.4500178605008432,0.20690620015100492
maxSW,aparc,0.2,Node Versatility,rh_parahippocampal,0.4365982313859917,0.4515366038088454,0.01493837242285373
maxSW,aparc,0.2,Node Versatility,rh_parsopercularis,0.10407249075146088,0.3827742725432885,0.2787017817918276
maxSW,aparc,0.2,Node Versatility,rh_parsorbitalis,0.0,0.0,0.0
maxSW,aparc,0.2,Node Versatility,rh_parstriangularis,0.39230846834054756,0.39949943781838954,0.00719096947784198
maxSW,aparc,0.2,Node Versatility,rh_pericalcarine,0.17553671853039685,0.2682306937853542,0.09269397525495734
maxSW,aparc,0.2,Node Versatility,rh_postcentral,0.11331777803351123,0.25075700942374485,0.13743923139023362
maxSW,aparc,0.2,Node Versatility,rh_posteriorcingulate,0.17451659220511173,0.2634639133273693,0.08894732112225756
maxSW,aparc,0.2,Node Versatility,rh_precentral,0.594762368450351,0.28892331373000785,-0.3058390547203432
maxSW,aparc,0.2,Node Versatility,rh_precuneus,0.29319126183783345,0.23656946216586644,-0.05662179967196701
maxSW,aparc,0.2,Node Versatility,rh_rostralanteriorcingulate,0.25449192317026065,0.16640184117143914,-0.08809008199882151
maxSW,aparc,0.2,Node Versatility,rh_rostralmiddlefrontal,0.4107765384853929,0.44671634762924584,0.03593980914385292
maxSW,aparc,0.2,Node Versatility,rh_superiorfrontal,0.0708499681849253,0.13635165473603558,0.06550168655111029
maxSW,aparc,0.2,Node Versatility,rh_superiorparietal,0.16212318549630314,0.2924433192930323,0.13032013379672916
maxSW,aparc,0.2,Node Versatility,rh_superiortemporal,0.0708499681849253,0.13635165473603558,0.06550168655111029
maxSW,aparc,0.2,Node Versatility,rh_supramarginal,0.19705672412233136,0.34997669689045025,0.1529199727681189
maxSW,aparc,0.2,Node Versatility,rh_temporalpole,0.0,0.0,0.0
maxSW,aparc,0.2,Node Versatility,rh_transversetemporal,0.31905321340644116,0.23731126191209773,-0.08174195149434343
maxSW,aparc,0.2,Node Strength,lh_bankssts,0.03457921690167071,0.03607393406545208,0.00149471716378137
maxSW,aparc,0.2,Node Strength,lh_caudalanteriorcingulate,0.07247657433708446,0.156951430042704,0.08447485570561955
maxSW,aparc,0.2,Node Strength,lh_caudalmiddlefrontal,0.6092397927081912,0.6691969188015184,0.05995712609332726
maxSW,aparc,0.2,Node Strength,lh_cuneus,0.10048333772778957,0.10244294462474005,0.001959606896950475
maxSW,aparc,0.2,Node Strength,lh_entorhinal,0.02911885693842289,0.007274129506075149,-0.021844727432347742
maxSW,aparc,0.2,Node Strength,lh_frontalpole,0.0,0.0032915982284587916,0.0032915982284587916
maxSW,aparc,0.2,Node Strength,lh_fusiform,0.7574082028251802,0.787806463699374,0.03039826087419384
maxSW,aparc,0.2,Node Strength,lh_inferiorparietal,0.9575314204069589,0.8396190323511267,-0.11791238805583226
maxSW,aparc,0.2,Node Strength,lh_inferiortemporal,0.5694799424199414,0.44461732728879844,-0.12486261513114294
maxSW,aparc,0.2,Node Strength,lh_insula,0.03937034089212179,0.0369339990391119,-0.0024363418530098865
maxSW,aparc,0.2,Node Strength,lh_isthmuscingulate,0.1898030497556646,0.25172949798272964,0.061926448227065056
maxSW,aparc,0.2,Node Strength,lh_lateraloccipital,0.3492345826230593,0.2972840845778005,-0.05195049804525881
maxSW,aparc,0.2,Node Strength,lh_lateralorbitofrontal,0.9003353284848182,0.9051763678020655,0.00484103931724722
maxSW,aparc,0.2,Node Strength,lh_lingual,0.23883101356322498,0.24625608750018865,0.007425073936963678
maxSW,aparc,0.2,Node Strength,lh_medialorbitofrontal,0.6085819776093312,0.4289809358520372,-0.17960104175729397
maxSW,aparc,0.2,Node Strength,lh_middletemporal,0.16242585363355785,0.1934263292895972,0.031000475656039334
maxSW,aparc,0.2,Node Strength,lh_paracentral,0.5284784930772277,0.554826035995206,0.02634754291797825
maxSW,aparc,0.2,Node Strength,lh_parahippocampal,0.032531105209094614,0.039686689595910936,0.007155584386816322
maxSW,aparc,0.2,Node Strength,lh_parsopercularis,0.7924938574648612,0.8542247002412888,0.0617308427764276
maxSW,aparc,0.2,Node Strength,lh_parsorbitalis,0.04835425649095744,0.048288461985836716,-6.579450512072399e-05
maxSW,aparc,0.2,Node Strength,lh_parstriangularis,0.7183811013951477,0.6407653430333164,-0.07761575836183121
maxSW,aparc,0.2,Node Strength,lh_pericalcarine,0.007211063076736976,0.006528653295886394,-0.0006824097808505823
maxSW,aparc,0.2,Node Strength,lh_postcentral,0.3557905723713776,0.29685756263264895,-0.05893300973872867
maxSW,aparc,0.2,Node Strength,lh_posteriorcingulate,0.4313999403503063,0.4915339264669267,0.06013398611662035
maxSW,aparc,0.2,Node Strength,lh_precentral,0.8296474941534658,0.7965745246911314,-0.0330729694623344
maxSW,aparc,0.2,Node Strength,lh_precuneus,0.7016024781623398,0.7041686525480036,0.0025661743856638664
maxSW,aparc,0.2,Node Strength,lh_rostralanteriorcingulate,0.03626356161871019,0.007028664081694741,-0.029234897537015445
maxSW,aparc,0.2,Node Strength,lh_rostralmiddlefrontal,0.5603636935420144,0.6270571382739994,0.06669344473198502
maxSW,aparc,0.2,Node Strength,lh_superiorfrontal,0.6025562458074315,0.5770002546086146,-0.025555991198816908
maxSW,aparc,0.2,Node Strength,lh_superiorparietal,0.7190918921636352,0.7542170030150883,0.03512511085145309
maxSW,aparc,0.2,Node Strength,lh_superiortemporal,0.4424221753621452,0.5328075786476525,0.09038540328550732
maxSW,aparc,0.2,Node Strength,lh_supramarginal,0.9325842011919183,0.9034553141662708,-0.029128887025647532
maxSW,aparc,0.2,Node Strength,lh_temporalpole,0.0023434528823840987,0.0013379551138699769,-0.0010054977685141219
maxSW,aparc,0.2,Node Strength,lh_transversetemporal,0.03755669551743264,0.03590857459093608,-0.001648120926496556
maxSW,aparc,0.2,Node Strength,rh_bankssts,0.0347189196962778,0.0352043212539983,0.00048540155772049814
maxSW,aparc,0.2,Node Strength,rh_caudalanteriorcingulate,0.1333970402154767,0.09767306106123409,-0.035723979154242594
maxSW,aparc,0.2,Node Strength,rh_caudalmiddlefrontal,0.7709149593630699,0.8957358354783942,0.12482087611532433
maxSW,aparc,0.2,Node Strength,rh_cuneus,0.07247858789782433,0.1011425359977548,0.028663948099930475
maxSW,aparc,0.2,Node Strength,rh_entorhinal,0.006529918497340474,0.028866322304078255,0.022336403806737782
maxSW,aparc,0.2,Node Strength,rh_frontalpole,0.02034813247185987,0.023622018669670765,0.0032738861978108963
maxSW,aparc,0.2,Node Strength,rh_fusiform,0.6500665523045155,0.715197029758423,0.06513047745390754
maxSW,aparc,0.2,Node Strength,rh_inferiorparietal,0.9649633098181021,0.9987587626127866,0.033795452794684544
maxSW,aparc,0.2,Node Strength,rh_inferiortemporal,0.6295358939570214,0.5364034591968327,-0.09313243476018862
maxSW,aparc,0.2,Node Strength,rh_insula,0.01242973876191708,0.011152319839916276,-0.0012774189220008045
maxSW,aparc,0.2,Node Strength,rh_isthmuscingulate,0.1611656873995344,0.18965085080027408,0.02848516340073967
maxSW,aparc,0.2,Node Strength,rh_lateraloccipital,0.3543982216795626,0.3567317942459652,0.0023335725664025975
maxSW,aparc,0.2,Node Strength,rh_lateralorbitofrontal,0.9689373876498327,1.0,0.031062612350167274
maxSW,aparc,0.2,Node Strength,rh_lingual,0.22763475718169623,0.2616243989781247,0.03398964179642844
maxSW,aparc,0.2,Node Strength,rh_medialorbitofrontal,0.5499273955572698,0.48651852815577346,-0.06340886740149632
maxSW,aparc,0.2,Node Strength,rh_middletemporal,0.20437027281565276,0.2054167165006951,0.0010464436850423364
maxSW,aparc,0.2,Node Strength,rh_paracentral,0.618571090314014,0.38294691398072306,-0.23562417633329097
maxSW,aparc,0.2,Node Strength,rh_parahippocampal,0.1259253089324832,0.15758929156829327,0.03166398263581008
maxSW,aparc,0.2,Node Strength,rh_parsopercularis,0.7903281375597853,0.6989000314709728,-0.09142810608881247
maxSW,aparc,0.2,Node Strength,rh_parsorbitalis,0.034057566049252364,0.05621744266611466,0.0221598766168623
maxSW,aparc,0.2,Node Strength,rh_parstriangularis,0.7212734795370741,0.6542712498228449,-0.0670022297142292
maxSW,aparc,0.2,Node Strength,rh_pericalcarine,0.025263434742128003,0.02634982266182219,0.0010863879196941865
maxSW,aparc,0.2,Node Strength,rh_postcentral,0.35787033696316073,0.2669764024957793,-0.09089393446738142
maxSW,aparc,0.2,Node Strength,rh_posteriorcingulate,0.3436049340795303,0.4321970892324658,0.0885921551529355
maxSW,aparc,0.2,Node Strength,rh_precentral,0.7574306719300539,0.7052743377092809,-0.052156334220772926
maxSW,aparc,0.2,Node Strength,rh_precuneus,0.7173934734321351,0.6876474873965277,-0.029745986035607408
maxSW,aparc,0.2,Node Strength,rh_rostralanteriorcingulate,0.03661399539881107,0.035577578080759016,-0.0010364173180520547
maxSW,aparc,0.2,Node Strength,rh_rostralmiddlefrontal,0.37567042140936013,0.4971823584592703,0.12151193704991015
maxSW,aparc,0.2,Node Strength,rh_superiorfrontal,0.6322867756560895,0.6711705303596373,0.03888375470354777
maxSW,aparc,0.2,Node Strength,rh_superiorparietal,0.596206262693245,0.719406820625624,0.12320055793237905
maxSW,aparc,0.2,Node Strength,rh_superiortemporal,0.44178006136924874,0.5311380985226574,0.08935803715340862
maxSW,aparc,0.2,Node Strength,rh_supramarginal,0.86710562169935,0.9301306896403363,0.06302506794098628
maxSW,aparc,0.2,Node Strength,rh_temporalpole,0.021591347403650072,0.019489930719448587,-0.0021014166842014854
maxSW,aparc,0.2,Node Strength,rh_transversetemporal,0.01029689884652507,0.008651468903173238,-0.001645429943351831
maxSW,aparc,0.2,Local Efficiency,lh_bankssts,0.0,0.0,0.0
maxSW,aparc,0.2,Local Efficiency,lh_caudalanteriorcingulate,0.9968599013890767,0.8881900491740653,-0.10866985221501135
maxSW,aparc,0.2,Local Efficiency,lh_caudalmiddlefrontal,0.9315820516862113,0.8965105584687726,-0.03507149321743874
maxSW,aparc,0.2,Local Efficiency,lh_cuneus,0.8074218091428936,0.9025893043861376,0.09516749524324397
maxSW,aparc,0.2,Local Efficiency,lh_entorhinal,0.0,0.0,0.0
maxSW,aparc,0.2,Local Efficiency,lh_frontalpole,0.0,0.0,0.0
maxSW,aparc,0.2,Local Efficiency,lh_fusiform,0.8765943638808126,0.8599060271402483,-0.016688336740564247
maxSW,aparc,0.2,Local Efficiency,lh_inferiorparietal,0.802011849977215,0.852572045958479,0.050560195981264044
maxSW,aparc,0.2,Local Efficiency,lh_inferiortemporal,0.8775842574951261,0.89686184536257,0.019277587867443824
maxSW,aparc,0.2,Local Efficiency,lh_insula,0.0,0.0,0.0
maxSW,aparc,0.2,Local Efficiency,lh_isthmuscingulate,0.7996989130935205,0.7791622711563666,-0.020536641937153877
maxSW,aparc,0.2,Local Efficiency,lh_lateraloccipital,0.7932888308615555,0.843910327281607,0.050621496420051426
maxSW,aparc,0.2,Local Efficiency,lh_lateralorbitofrontal,0.7936019649404398,0.7995734938735152,0.0059715289330753984
maxSW,aparc,0.2,Local Efficiency,lh_lingual,0.6895533996787587,0.7027781927012862,0.013224793022527437
maxSW,aparc,0.2,Local Efficiency,lh_medialorbitofrontal,0.7256245893937558,0.7642412421999168,0.038616652806161
maxSW,aparc,0.2,Local Efficiency,lh_middletemporal,0.6778281328350644,0.7236115708589566,0.045783438023892176
maxSW,aparc,0.2,Local Efficiency,lh_paracentral,0.7925933432136404,0.7260886656929211,-0.06650467752071931
maxSW,aparc,0.2,Local Efficiency,lh_parahippocampal,0.0,0.9508952156478434,0.9508952156478434
maxSW,aparc,0.2,Local Efficiency,lh_parsopercularis,0.8664730006885348,0.8464676899681675,-0.020005310720367375
maxSW,aparc,0.2,Local Efficiency,lh_parsorbitalis,0.0,0.0,0.0
maxSW,aparc,0.2,Local Efficiency,lh_parstriangularis,0.8659146053689679,0.91451259644832,0.04859799107935203
maxSW,aparc,0.2,Local Efficiency,lh_pericalcarine,0.0,0.0,0.0
maxSW,aparc,0.2,Local Efficiency,lh_postcentral,0.8768772618056312,0.8789043938581764,0.002027132052545233
maxSW,aparc,0.2,Local Efficiency,lh_posteriorcingulate,0.7535811849603985,0.7917257462318296,0.038144561271431066
maxSW,aparc,0.2,Local Efficiency,lh_precentral,0.830436888719819,0.8372197945791215,0.006782905859302524
maxSW,aparc,0.2,Local Efficiency,lh_precuneus,0.8761618574058411,0.8767720037399642,0.0006101463341231517
maxSW,aparc,0.2,Local Efficiency,lh_rostralanteriorcingulate,0.9163521229313775,0.0,-0.9163521229313775
maxSW,aparc,0.2,Local Efficiency,lh_rostralmiddlefrontal,0.8868714902767659,0.8674629617050384,-0.01940852857172748
maxSW,aparc,0.2,Local Efficiency,lh_superiorfrontal,0.8775199683937911,0.885733167918507,0.008213199524715886
maxSW,aparc,0.2,Local Efficiency,lh_superiorparietal,0.7665023536994708,0.75412593555266,-0.012376418146810786
maxSW,aparc,0.2,Local Efficiency,lh_superiortemporal,0.930153915031167,0.8776794239486759,-0.052474491082491026
maxSW,aparc,0.2,Local Efficiency,lh_supramarginal,0.8347535998333009,0.8441777673111914,0.009424167477890544
maxSW,aparc,0.2,Local Efficiency,lh_temporalpole,0.0,0.0,0.0
maxSW,aparc,0.2,Local Efficiency,lh_transversetemporal,0.0,0.0,0.0
maxSW,aparc,0.2,Local Efficiency,rh_bankssts,0.0,0.0,0.0
maxSW,aparc,0.2,Local Efficiency,rh_caudalanteriorcingulate,0.8791618085582867,0.9544087786792478,0.07524697012096104
maxSW,aparc,0.2,Local Efficiency,rh_caudalmiddlefrontal,0.8564107824271622,0.8344696194349185,-0.02194116299224369
maxSW,aparc,0.2,Local Efficiency,rh_cuneus,0.8280681605015471,0.8957683922952364,0.06770023179368934
maxSW,aparc,0.2,Local Efficiency,rh_entorhinal,0.0,0.0,0.0
maxSW,aparc,0.2,Local Efficiency,rh_frontalpole,0.0,0.0,0.0
maxSW,aparc,0.2,Local Efficiency,rh_fusiform,0.8721722560629597,0.8310671166060888,-0.04110513945687089
maxSW,aparc,0.2,Local Efficiency,rh_inferiorparietal,0.8168958597096833,0.8136218652517431,-0.003273994457940188
maxSW,aparc,0.2,Local Efficiency,rh_inferiortemporal,0.8728146159085796,0.8796786550943054,0.006864039185725868
maxSW,aparc,0.2,Local Efficiency,rh_insula,0.0,0.0,0.0
maxSW,aparc,0.2,Local Efficiency,rh_isthmuscingulate,0.7102852473587589,0.8227414377120081,0.11245619035324927
maxSW,aparc,0.2,Local Efficiency,rh_lateraloccipital,0.835044259903577,0.8076888123174818,-0.027355447586095205
maxSW,aparc,0.2,Local Efficiency,rh_lateralorbitofrontal,0.7028143134113078,0.7178639993719957,0.015049685960687897
maxSW,aparc,0.2,Local Efficiency,rh_lingual,0.9008023295270188,0.8612637357445373,-0.03953859378248148
maxSW,aparc,0.2,Local Efficiency,rh_medialorbitofrontal,0.7482372266126129,0.7474179714300615,-0.0008192551825514371
maxSW,aparc,0.2,Local Efficiency,rh_middletemporal,0.9697940708202067,1.0,0.030205929179793256
maxSW,aparc,0.2,Local Efficiency,rh_paracentral,0.8004373390601706,0.8617262703643985,0.06128893130422797
maxSW,aparc,0.2,Local Efficiency,rh_parahippocampal,0.5746318056379311,0.7901761457861902,0.21554434014825907
maxSW,aparc,0.2,Local Efficiency,rh_parsopercularis,0.8653911606292594,0.9060050993264145,0.04061393869715513
maxSW,aparc,0.2,Local Efficiency,rh_parsorbitalis,0.0,0.0,0.0
maxSW,aparc,0.2,Local Efficiency,rh_parstriangularis,0.8614511544690062,0.8623620764018258,0.0009109219328196083
maxSW,aparc,0.2,Local Efficiency,rh_pericalcarine,0.0,0.0,0.0
maxSW,aparc,0.2,Local Efficiency,rh_postcentral,0.8787459193155621,0.8973526761439102,0.018606756828348114
maxSW,aparc,0.2,Local Efficiency,rh_posteriorcingulate,0.7638429846087142,0.7751979642413682,0.011354979632653972
maxSW,aparc,0.2,Local Efficiency,rh_precentral,0.8347483099533983,0.8497284551797623,0.014980145226363928
maxSW,aparc,0.2,Local Efficiency,rh_precuneus,0.7318690406809445,0.7342748297534916,0.002405789072547071
maxSW,aparc,0.2,Local Efficiency,rh_rostralanteriorcingulate,0.9163521229313777,0.0,-0.9163521229313777
maxSW,aparc,0.2,Local Efficiency,rh_rostralmiddlefrontal,0.9185264186620812,0.8737229310197122,-0.044803487642368967
maxSW,aparc,0.2,Local Efficiency,rh_superiorfrontal,0.8751570331372355,0.8688789086025155,-0.0062781245347199865
maxSW,aparc,0.2,Local Efficiency,rh_superiorparietal,0.7891702201386681,0.7535651521598813,-0.03560506797878682
maxSW,aparc,0.2,Local Efficiency,rh_superiortemporal,0.9293506926490556,0.8985850157625894,-0.030765676886466142
maxSW,aparc,0.2,Local Efficiency,rh_supramarginal,0.8522171644524265,0.8312931442132608,-0.02092402023916562
maxSW,aparc,0.2,Local Efficiency,rh_temporalpole,0.0,0.0,0.0
maxSW,aparc,0.2,Local Efficiency,rh_transversetemporal,0.0,0.0,0.0
maxSW,aparc,0.2,Clustering Coefficient,lh_bankssts,0.0,0.0,0.0
maxSW,aparc,0.2,Clustering Coefficient,lh_caudalanteriorcingulate,1.0,0.8280002329496955,-0.1719997670503045
maxSW,aparc,0.2,Clustering Coefficient,lh_caudalmiddlefrontal,0.8705276151786517,0.8021842902471356,-0.06834332493151618
maxSW,aparc,0.2,Clustering Coefficient,lh_cuneus,0.6450426969901211,0.8215526597037152,0.1765099627135941
maxSW,aparc,0.2,Clustering Coefficient,lh_entorhinal,0.0,0.0,0.0
maxSW,aparc,0.2,Clustering Coefficient,lh_frontalpole,0.0,0.0,0.0
maxSW,aparc,0.2,Clustering Coefficient,lh_fusiform,0.7700485190953862,0.7368022158756694,-0.03324630321971678
maxSW,aparc,0.2,Clustering Coefficient,lh_inferiorparietal,0.6188781439716231,0.7071925784641194,0.08831443449249632
maxSW,aparc,0.2,Clustering Coefficient,lh_inferiortemporal,0.7735391367702404,0.8102938934374891,0.0367547566672487
maxSW,aparc,0.2,Clustering Coefficient,lh_insula,0.0,0.0,0.0
maxSW,aparc,0.2,Clustering Coefficient,lh_isthmuscingulate,0.6424235656489342,0.6173607716924804,-0.025062793956453833
maxSW,aparc,0.2,Clustering Coefficient,lh_lateraloccipital,0.6274850663658866,0.6968180162643207,0.06933294989843408
maxSW,aparc,0.2,Clustering Coefficient,lh_lateralorbitofrontal,0.6145771249238944,0.622209748615312,0.007632623691417595
maxSW,aparc,0.2,Clustering Coefficient,lh_lingual,0.6261297852258682,0.6376487769433244,0.011518991717456295
maxSW,aparc,0.2,Clustering Coefficient,lh_medialorbitofrontal,0.5097811199889509,0.5710708586942247,0.061289738705273766
maxSW,aparc,0.2,Clustering Coefficient,lh_middletemporal,0.6799632846005172,0.7258909399913052,0.045927655390787914
maxSW,aparc,0.2,Clustering Coefficient,lh_paracentral,0.6175754472844861,0.5177766553663152,-0.09979879191817087
maxSW,aparc,0.2,Clustering Coefficient,lh_parahippocampal,0.0,0.953890525963394,0.953890525963394
maxSW,aparc,0.2,Clustering Coefficient,lh_parsopercularis,0.74713304498715,0.706813715377723,-0.04031932960942708
maxSW,aparc,0.2,Clustering Coefficient,lh_parsorbitalis,0.0,0.0,0.0
maxSW,aparc,0.2,Clustering Coefficient,lh_parstriangularis,0.7541711760799723,0.8347274824304454,0.08055630635047306
maxSW,aparc,0.2,Clustering Coefficient,lh_pericalcarine,0.0,0.0,0.0
maxSW,aparc,0.2,Clustering Coefficient,lh_postcentral,0.7691981449785796,0.7617424964641513,-0.00745564851442837
maxSW,aparc,0.2,Clustering Coefficient,lh_posteriorcingulate,0.5729376499014184,0.6286276045053344,0.055689954603916014
maxSW,aparc,0.2,Clustering Coefficient,lh_precentral,0.675795603525178,0.6863732189790824,0.010577615453904454
maxSW,aparc,0.2,Clustering Coefficient,lh_precuneus,0.762762560261756,0.7603759872316902,-0.0023865730300658416
maxSW,aparc,0.2,Clustering Coefficient,lh_rostralanteriorcingulate,0.919238622854109,0.0,-0.919238622854109
maxSW,aparc,0.2,Clustering Coefficient,lh_rostralmiddlefrontal,0.8016118869089094,0.756355440312945,-0.045256446595964395
maxSW,aparc,0.2,Clustering Coefficient,lh_superiorfrontal,0.7711509811103011,0.7803612835819906,0.009210302471689524
maxSW,aparc,0.2,Clustering Coefficient,lh_superiorparietal,0.5680666572399172,0.5326752649254834,-0.03539139231443378
maxSW,aparc,0.2,Clustering Coefficient,lh_superiortemporal,0.881891146799308,0.7798221846821903,-0.10206896211711769
maxSW,aparc,0.2,Clustering Coefficient,lh_supramarginal,0.6749777793555404,0.690635433744055,0.01565765438851463
maxSW,aparc,0.2,Clustering Coefficient,lh_temporalpole,0.0,0.0,0.0
maxSW,aparc,0.2,Clustering Coefficient,lh_transversetemporal,0.0,0.0,0.0
maxSW,aparc,0.2,Clustering Coefficient,rh_bankssts,0.0,0.0,0.0
maxSW,aparc,0.2,Clustering Coefficient,rh_caudalanteriorcingulate,0.7839224515311405,0.9574151566828245,0.17349270515168402
maxSW,aparc,0.2,Clustering Coefficient,rh_caudalmiddlefrontal,0.718448002835293,0.6762208956685342,-0.042227107166758815
maxSW,aparc,0.2,Clustering Coefficient,rh_cuneus,0.6635002838325033,0.8154962067272069,0.15199592289470365
maxSW,aparc,0.2,Clustering Coefficient,rh_entorhinal,0.0,0.0,0.0
maxSW,aparc,0.2,Clustering Coefficient,rh_frontalpole,0.0,0.0,0.0
maxSW,aparc,0.2,Clustering Coefficient,rh_fusiform,0.7728064764598683,0.6930692179851086,-0.07973725847475976
maxSW,aparc,0.2,Clustering Coefficient,rh_inferiorparietal,0.6392594578032035,0.6311079115364447,-0.008151546266758736
maxSW,aparc,0.2,Clustering Coefficient,rh_inferiortemporal,0.7656649343490834,0.7792230804997947,0.01355814615071127
maxSW,aparc,0.2,Clustering Coefficient,rh_insula,0.0,0.0,0.0
maxSW,aparc,0.2,Clustering Coefficient,rh_isthmuscingulate,0.5199053381788274,0.6900652431552785,0.17015990497645106
maxSW,aparc,0.2,Clustering Coefficient,rh_lateraloccipital,0.6933383292459688,0.6246810107901644,-0.06865731845580447
maxSW,aparc,0.2,Clustering Coefficient,rh_lateralorbitofrontal,0.5448805477228457,0.5306959188110086,-0.014184628911837027
maxSW,aparc,0.2,Clustering Coefficient,rh_lingual,0.8178030312880972,0.7282404412139657,-0.08956259007413148
maxSW,aparc,0.2,Clustering Coefficient,rh_medialorbitofrontal,0.5424419619148823,0.5452547071695764,0.0028127452546941045
maxSW,aparc,0.2,Clustering Coefficient,rh_middletemporal,0.9240842764780653,0.9786679383021376,0.05458366182407226
maxSW,aparc,0.2,Clustering Coefficient,rh_paracentral,0.6307982547466879,0.7400021598634073,0.1092039051167194
maxSW,aparc,0.2,Clustering Coefficient,rh_parahippocampal,0.5764418900160486,0.6412798383528876,0.06483794833683898
maxSW,aparc,0.2,Clustering Coefficient,rh_parsopercularis,0.7462201270841377,0.8233999740629118,0.07717984697877411
maxSW,aparc,0.2,Clustering Coefficient,rh_parsorbitalis,0.0,0.0,0.0
maxSW,aparc,0.2,Clustering Coefficient,rh_parstriangularis,0.7438918021946394,0.7498035234279808,0.005911721233341494
maxSW,aparc,0.2,Clustering Coefficient,rh_pericalcarine,0.0,0.0,0.0
maxSW,aparc,0.2,Clustering Coefficient,rh_postcentral,0.7707807197493762,0.7912692766249282,0.020488556875551955
maxSW,aparc,0.2,Clustering Coefficient,rh_posteriorcingulate,0.5629194145109614,0.5921312026755674,0.029211788164606012
maxSW,aparc,0.2,Clustering Coefficient,rh_precentral,0.6890952592790389,0.7115750223261865,0.022479763047147605
maxSW,aparc,0.2,Clustering Coefficient,rh_precuneus,0.6404399327522895,0.6493103274927149,0.008870394740425391
maxSW,aparc,0.2,Clustering Coefficient,rh_rostralanteriorcingulate,0.919238622854109,0.0,-0.919238622854109
maxSW,aparc,0.2,Clustering Coefficient,rh_rostralmiddlefrontal,0.8655241193537297,0.7767230846038107,-0.08880103474991907
maxSW,aparc,0.2,Clustering Coefficient,rh_superiorfrontal,0.7678249229868932,0.7507099519275527,-0.017114971059340456
maxSW,aparc,0.2,Clustering Coefficient,rh_superiorparietal,0.60249522678498,0.5295488201180751,-0.07294640666690488
maxSW,aparc,0.2,Clustering Coefficient,rh_superiortemporal,0.8811111565610004,0.8215058379404145,-0.05960531862058582
maxSW,aparc,0.2,Clustering Coefficient,rh_supramarginal,0.7099806934654983,0.6690845831751039,-0.040896110290394416
maxSW,aparc,0.2,Clustering Coefficient,rh_temporalpole,0.0,0.0,0.0
maxSW,aparc,0.2,Clustering Coefficient,rh_transversetemporal,0.0,0.0,0.0
maxSW,aparc,0.2,Betweenness Centrality,lh_bankssts,0.4067796610169492,0.4067796610169492,0.0
maxSW,aparc,0.2,Betweenness Centrality,lh_caudalanteriorcingulate,0.0,0.0,0.0
maxSW,aparc,0.2,Betweenness Centrality,lh_caudalmiddlefrontal,0.0,0.0,0.0
maxSW,aparc,0.2,Betweenness Centrality,lh_cuneus,0.00847457627118644,0.006355932203389831,-0.0021186440677966097
maxSW,aparc,0.2,Betweenness Centrality,lh_entorhinal,0.13983050847457626,0.0,-0.13983050847457626
maxSW,aparc,0.2,Betweenness Centrality,lh_frontalpole,0.0,0.0,0.0
maxSW,aparc,0.2,Betweenness Centrality,lh_fusiform,0.00211864406779661,0.00423728813559322,0.00211864406779661
maxSW,aparc,0.2,Betweenness Centrality,lh_inferiorparietal,0.2330508474576271,0.11440677966101695,-0.11864406779661016
maxSW,aparc,0.2,Betweenness Centrality,lh_inferiortemporal,0.2330508474576271,0.0,-0.2330508474576271
maxSW,aparc,0.2,Betweenness Centrality,lh_insula,0.13983050847457626,0.13983050847457626,0.0
maxSW,aparc,0.2,Betweenness Centrality,lh_isthmuscingulate,0.03389830508474576,0.019067796610169493,-0.01483050847457627
maxSW,aparc,0.2,Betweenness Centrality,lh_lateraloccipital,0.23516949152542374,0.2542372881355932,0.01906779661016947
maxSW,aparc,0.2,Betweenness Centrality,lh_lateralorbitofrontal,0.00847457627118644,0.01694915254237288,0.00847457627118644
maxSW,aparc,0.2,Betweenness Centrality,lh_lingual,0.2754237288135593,0.2754237288135593,0.0
maxSW,aparc,0.2,Betweenness Centrality,lh_medialorbitofrontal,0.09110169491525423,0.06991525423728813,-0.0211864406779661
maxSW,aparc,0.2,Betweenness Centrality,lh_middletemporal,0.7754237288135594,1.0,0.22457627118644063
maxSW,aparc,0.2,Betweenness Centrality,lh_paracentral,0.13135593220338984,0.09957627118644068,-0.031779661016949165
maxSW,aparc,0.2,Betweenness Centrality,lh_parahippocampal,0.2754237288135593,0.0,-0.2754237288135593
maxSW,aparc,0.2,Betweenness Centrality,lh_parsopercularis,0.00211864406779661,0.0,-0.00211864406779661
maxSW,aparc,0.2,Betweenness Centrality,lh_parsorbitalis,0.5423728813559322,0.5423728813559322,0.0
maxSW,aparc,0.2,Betweenness Centrality,lh_parstriangularis,0.0,0.0,0.0
maxSW,aparc,0.2,Betweenness Centrality,lh_pericalcarine,0.0,0.0,0.0
maxSW,aparc,0.2,Betweenness Centrality,lh_postcentral,0.0,0.01694915254237288,0.01694915254237288
maxSW,aparc,0.2,Betweenness Centrality,lh_posteriorcingulate,0.1843220338983051,0.08686440677966102,-0.09745762711864407
maxSW,aparc,0.2,Betweenness Centrality,lh_precentral,0.5233050847457628,0.11864406779661017,-0.4046610169491526
maxSW,aparc,0.2,Betweenness Centrality,lh_precuneus,0.057203389830508475,0.10805084745762712,0.05084745762711865
maxSW,aparc,0.2,Betweenness Centrality,lh_rostralanteriorcingulate,0.0,0.0,0.0
maxSW,aparc,0.2,Betweenness Centrality,lh_rostralmiddlefrontal,0.025423728813559324,0.03177966101694915,0.0063559322033898275
maxSW,aparc,0.2,Betweenness Centrality,lh_superiorfrontal,0.5508474576271186,0.2775423728813559,-0.2733050847457627
maxSW,aparc,0.2,Betweenness Centrality,lh_superiorparietal,0.7690677966101694,0.7055084745762712,-0.06355932203389825
maxSW,aparc,0.2,Betweenness Centrality,lh_superiortemporal,0.0,0.0211864406779661,0.0211864406779661
maxSW,aparc,0.2,Betweenness Centrality,lh_supramarginal,0.5550847457627118,0.1292372881355932,-0.4258474576271186
maxSW,aparc,0.2,Betweenness Centrality,lh_temporalpole,0.0,0.0,0.0
maxSW,aparc,0.2,Betweenness Centrality,lh_transversetemporal,0.13983050847457626,0.13983050847457626,0.0
maxSW,aparc,0.2,Betweenness Centrality,rh_bankssts,0.2754237288135593,0.2754237288135593,0.0
maxSW,aparc,0.2,Betweenness Centrality,rh_caudalanteriorcingulate,0.006355932203389831,0.0,-0.006355932203389831
maxSW,aparc,0.2,Betweenness Centrality,rh_caudalmiddlefrontal,0.0,0.00847457627118644,0.00847457627118644
maxSW,aparc,0.2,Betweenness Centrality,rh_cuneus,0.0,0.0,0.0
maxSW,aparc,0.2,Betweenness Centrality,rh_entorhinal,0.0,0.13983050847457626,0.13983050847457626
maxSW,aparc,0.2,Betweenness Centrality,rh_frontalpole,0.13983050847457626,0.13983050847457626,0.0
maxSW,aparc,0.2,Betweenness Centrality,rh_fusiform,0.0,0.1059322033898305,0.1059322033898305
maxSW,aparc,0.2,Betweenness Centrality,rh_inferiorparietal,0.2584745762711864,0.7711864406779662,0.5127118644067797
maxSW,aparc,0.2,Betweenness Centrality,rh_inferiortemporal,0.006355932203389831,0.0211864406779661,0.01483050847457627
maxSW,aparc,0.2,Betweenness Centrality,rh_insula,0.0,0.0,0.0
maxSW,aparc,0.2,Betweenness Centrality,rh_isthmuscingulate,0.029661016949152543,0.0,-0.029661016949152543
maxSW,aparc,0.2,Betweenness Centrality,rh_lateraloccipital,0.07415254237288135,0.09110169491525423,0.016949152542372878
maxSW,aparc,0.2,Betweenness Centrality,rh_lateralorbitofrontal,0.5529661016949152,0.6483050847457628,0.09533898305084754
maxSW,aparc,0.2,Betweenness Centrality,rh_lingual,0.0,0.0,0.0
maxSW,aparc,0.2,Betweenness Centrality,rh_medialorbitofrontal,0.1059322033898305,0.02754237288135593,-0.07838983050847458
maxSW,aparc,0.2,Betweenness Centrality,rh_middletemporal,0.029661016949152543,0.019067796610169493,-0.01059322033898305
maxSW,aparc,0.2,Betweenness Centrality,rh_paracentral,0.0,0.0,0.0
maxSW,aparc,0.2,Betweenness Centrality,rh_parahippocampal,0.4067796610169492,0.0635593220338983,-0.3432203389830509
maxSW,aparc,0.2,Betweenness Centrality,rh_parsopercularis,0.0,0.0,0.0
maxSW,aparc,0.2,Betweenness Centrality,rh_parsorbitalis,0.6567796610169492,0.9110169491525424,0.2542372881355932
maxSW,aparc,0.2,Betweenness Centrality,rh_parstriangularis,0.0,0.0,0.0
maxSW,aparc,0.2,Betweenness Centrality,rh_pericalcarine,0.13983050847457626,0.13983050847457626,0.0
maxSW,aparc,0.2,Betweenness Centrality,rh_postcentral,0.04449152542372881,0.00211864406779661,-0.0423728813559322
maxSW,aparc,0.2,Betweenness Centrality,rh_posteriorcingulate,0.09322033898305085,0.11864406779661017,0.025423728813559324
maxSW,aparc,0.2,Betweenness Centrality,rh_precentral,0.02754237288135593,0.057203389830508475,0.029661016949152543
maxSW,aparc,0.2,Betweenness Centrality,rh_precuneus,0.8834745762711864,0.7966101694915254,-0.08686440677966101
maxSW,aparc,0.2,Betweenness Centrality,rh_rostralanteriorcingulate,0.0,0.13983050847457626,0.13983050847457626
maxSW,aparc,0.2,Betweenness Centrality,rh_rostralmiddlefrontal,0.0,0.0,0.0
maxSW,aparc,0.2,Betweenness Centrality,rh_superiorfrontal,0.1271186440677966,0.798728813559322,0.6716101694915254
maxSW,aparc,0.2,Betweenness Centrality,rh_superiorparietal,0.0211864406779661,0.288135593220339,0.2669491525423729
maxSW,aparc,0.2,Betweenness Centrality,rh_superiortemporal,0.0,0.0,0.0
maxSW,aparc,0.2,Betweenness Centrality,rh_supramarginal,0.05084745762711865,0.13983050847457626,0.08898305084745761
maxSW,aparc,0.2,Betweenness Centrality,rh_temporalpole,0.13983050847457626,0.13983050847457626,0.0
maxSW,aparc,0.2,Betweenness Centrality,rh_transversetemporal,0.0,0.0,0.0
maxSW,aparc,0.2,Eigenvector Centrality,lh_bankssts,0.02728655167623159,0.02615726831763444,-0.0011292833585971503
maxSW,aparc,0.2,Eigenvector Centrality,lh_caudalanteriorcingulate,0.03040809898813277,0.08754958681582288,0.05714148782769011
maxSW,aparc,0.2,Eigenvector Centrality,lh_caudalmiddlefrontal,0.7119685939655518,0.7614838131857544,0.04951521922020263
maxSW,aparc,0.2,Eigenvector Centrality,lh_cuneus,0.01310456779745389,0.011341007311870804,-0.0017635604855830867
maxSW,aparc,0.2,Eigenvector Centrality,lh_entorhinal,0.00015565652502172694,5.602808827209796e-06,-0.00015005371619451714
maxSW,aparc,0.2,Eigenvector Centrality,lh_frontalpole,0.0,4.934534550886868e-08,4.934534550886868e-08
maxSW,aparc,0.2,Eigenvector Centrality,lh_fusiform,0.82586418721578,0.8466835852646335,0.020819398048853466
maxSW,aparc,0.2,Eigenvector Centrality,lh_inferiorparietal,0.9496566440732116,0.8798411657914516,-0.06981547828176005
maxSW,aparc,0.2,Eigenvector Centrality,lh_inferiortemporal,0.5767581681596688,0.4494665157648656,-0.12729165239480322
maxSW,aparc,0.2,Eigenvector Centrality,lh_insula,4.308441034821666e-05,4.160986711703445e-05,-1.4745432311822119e-06
maxSW,aparc,0.2,Eigenvector Centrality,lh_isthmuscingulate,0.12749483748415777,0.1579889591379378,0.030494121653780043
maxSW,aparc,0.2,Eigenvector Centrality,lh_lateraloccipital,0.1398903152608856,0.09887359423248968,-0.04101672102839593
maxSW,aparc,0.2,Eigenvector Centrality,lh_lateralorbitofrontal,0.8925256180704784,0.9030181024846098,0.01049248441413142
maxSW,aparc,0.2,Eigenvector Centrality,lh_lingual,0.0788194952756346,0.07585962066034838,-0.002959874615286226
maxSW,aparc,0.2,Eigenvector Centrality,lh_medialorbitofrontal,0.49319875783543865,0.37026463267437687,-0.12293412516106178
maxSW,aparc,0.2,Eigenvector Centrality,lh_middletemporal,0.117423824406906,0.13233242449582452,0.01490860008891852
maxSW,aparc,0.2,Eigenvector Centrality,lh_paracentral,0.4574749529751834,0.4429648498873749,-0.014510103087808535
maxSW,aparc,0.2,Eigenvector Centrality,lh_parahippocampal,0.004887840226379757,0.023917800811589757,0.01902996058521
maxSW,aparc,0.2,Eigenvector Centrality,lh_parsopercularis,0.8591664277995608,0.9077752867379635,0.04860885893840272
maxSW,aparc,0.2,Eigenvector Centrality,lh_parsorbitalis,0.00018033074636566958,0.00020595352036710933,2.5622774001439756e-05
maxSW,aparc,0.2,Eigenvector Centrality,lh_parstriangularis,0.7965458612342994,0.7390586523180424,-0.05748720891625703
maxSW,aparc,0.2,Eigenvector Centrality,lh_pericalcarine,8.176105685983802e-05,8.416355250376106e-05,2.4024956439230345e-06
maxSW,aparc,0.2,Eigenvector Centrality,lh_postcentral,0.19801080393297096,0.1314430203448843,-0.06656778358808665
maxSW,aparc,0.2,Eigenvector Centrality,lh_posteriorcingulate,0.3720288525991326,0.4637594054067043,0.0917305528075717
maxSW,aparc,0.2,Eigenvector Centrality,lh_precentral,0.8604750844211861,0.8262387167522548,-0.034236367668931345
maxSW,aparc,0.2,Eigenvector Centrality,lh_precuneus,0.761310553412206,0.7578966616786972,-0.0034138917335088115
maxSW,aparc,0.2,Eigenvector Centrality,lh_rostralanteriorcingulate,0.038361927873249574,0.001494569189861573,-0.036867358683388
maxSW,aparc,0.2,Eigenvector Centrality,lh_rostralmiddlefrontal,0.624232143442191,0.6828644817810535,0.0586323383388625
maxSW,aparc,0.2,Eigenvector Centrality,lh_superiorfrontal,0.6186821695219014,0.5905567886516152,-0.028125380870286154
maxSW,aparc,0.2,Eigenvector Centrality,lh_superiorparietal,0.6006354903220578,0.6225351059186655,0.02189961559660769
maxSW,aparc,0.2,Eigenvector Centrality,lh_superiortemporal,0.474052959891977,0.5555317027639785,0.08147874287200146
maxSW,aparc,0.2,Eigenvector Centrality,lh_supramarginal,0.9622845698433068,0.9406038631495375,-0.021680706693769314
maxSW,aparc,0.2,Eigenvector Centrality,lh_temporalpole,7.632703452474308e-09,1.2530833337874845e-08,4.898129885400537e-09
maxSW,aparc,0.2,Eigenvector Centrality,lh_transversetemporal,0.02776225744270698,0.02674926799511915,-0.0010129894475878302
maxSW,aparc,0.2,Eigenvector Centrality,rh_bankssts,0.001136442719132082,0.001148591485255366,1.2148766123283973e-05
maxSW,aparc,0.2,Eigenvector Centrality,rh_caudalanteriorcingulate,0.0388236792610897,0.04648575362683464,0.007662074365744939
maxSW,aparc,0.2,Eigenvector Centrality,rh_caudalmiddlefrontal,0.8175396391096371,0.9297908797891852,0.11225124067954806
maxSW,aparc,0.2,Eigenvector Centrality,rh_cuneus,0.013605842342113417,0.01215916067887837,-0.0014466816632350468
maxSW,aparc,0.2,Eigenvector Centrality,rh_entorhinal,6.048222220854782e-06,0.00014093196911459026,0.00013488374689373547
maxSW,aparc,0.2,Eigenvector Centrality,rh_frontalpole,5.0207052980382575e-06,5.745655494216405e-06,7.249501961781471e-07
maxSW,aparc,0.2,Eigenvector Centrality,rh_fusiform,0.7188509428811231,0.7531684227012448,0.03431747982012179
maxSW,aparc,0.2,Eigenvector Centrality,rh_inferiorparietal,0.9726867318950283,1.0,0.0273132681049717
maxSW,aparc,0.2,Eigenvector Centrality,rh_inferiortemporal,0.652532813265062,0.5430256760676208,-0.1095071371974412
maxSW,aparc,0.2,Eigenvector Centrality,rh_insula,1.923375863026983e-06,1.7749221334853963e-06,-1.4845372954158663e-07
maxSW,aparc,0.2,Eigenvector Centrality,rh_isthmuscingulate,0.07602555232881639,0.11779588617173332,0.04177033384291694
maxSW,aparc,0.2,Eigenvector Centrality,rh_lateraloccipital,0.16611525643582167,0.17476195743770112,0.008646701001879448
maxSW,aparc,0.2,Eigenvector Centrality,rh_lateralorbitofrontal,0.9054095672023724,0.9173454980277821,0.011935930825409669
maxSW,aparc,0.2,Eigenvector Centrality,rh_lingual,0.08092376081309931,0.07850574958054547,-0.002418011232553835
maxSW,aparc,0.2,Eigenvector Centrality,rh_medialorbitofrontal,0.4686532682858795,0.41914484804160884,-0.04950842024427066
maxSW,aparc,0.2,Eigenvector Centrality,rh_middletemporal,0.16131419006255449,0.16084167300084826,-0.0004725170617062291
maxSW,aparc,0.2,Eigenvector Centrality,rh_paracentral,0.5751154986584689,0.3665298513031087,-0.20858564735536017
maxSW,aparc,0.2,Eigenvector Centrality,rh_parahippocampal,0.1093805344289539,0.12970557987459302,0.020325045445639123
maxSW,aparc,0.2,Eigenvector Centrality,rh_parsopercularis,0.8581854195131868,0.7943251906921649,-0.06386022882102194
maxSW,aparc,0.2,Eigenvector Centrality,rh_parsorbitalis,0.004193211308946842,0.004635333915750979,0.000442122606804137
maxSW,aparc,0.2,Eigenvector Centrality,rh_parstriangularis,0.7879432599933854,0.715487730260271,-0.07245552973311442
maxSW,aparc,0.2,Eigenvector Centrality,rh_pericalcarine,0.0020079413151522984,0.0021192251351566196,0.00011128382000432117
maxSW,aparc,0.2,Eigenvector Centrality,rh_postcentral,0.20560810397638402,0.09936165089424606,-0.10624645308213795
maxSW,aparc,0.2,Eigenvector Centrality,rh_posteriorcingulate,0.28276426579149044,0.38479741821636293,0.10203315242487249
maxSW,aparc,0.2,Eigenvector Centrality,rh_precentral,0.7820215697267235,0.7329814042039346,-0.04904016552278889
maxSW,aparc,0.2,Eigenvector Centrality,rh_precuneus,0.7213656212515129,0.6960790777165642,-0.025286543534948747
maxSW,aparc,0.2,Eigenvector Centrality,rh_rostralanteriorcingulate,0.03879130963431251,0.03691595176290913,-0.0018753578714033811
maxSW,aparc,0.2,Eigenvector Centrality,rh_rostralmiddlefrontal,0.4386576623521813,0.5474511873046836,0.10879352495250227
maxSW,aparc,0.2,Eigenvector Centrality,rh_superiorfrontal,0.6556782660946461,0.6965584496582138,0.04088018356356771
maxSW,aparc,0.2,Eigenvector Centrality,rh_superiorparietal,0.4806404332905787,0.5837940727426765,0.10315363945209777
maxSW,aparc,0.2,Eigenvector Centrality,rh_superiortemporal,0.47334654081232863,0.5810965300506581,0.10774998923832946
maxSW,aparc,0.2,Eigenvector Centrality,rh_supramarginal,0.917364352382755,0.9587865501668684,0.04142219778411338
maxSW,aparc,0.2,Eigenvector Centrality,rh_temporalpole,4.741698629761439e-06,5.112013063051493e-06,3.7031443329005354e-07
maxSW,aparc,0.2,Eigenvector Centrality,rh_transversetemporal,0.0012531036743629795,0.001144010455947743,-0.00010909321841523641
maxSW,aparc,0.2,Node Degree,lh_bankssts,0.03125,0.03125,0.0
maxSW,aparc,0.2,Node Degree,lh_caudalanteriorcingulate,0.0625,0.15625,0.09375
maxSW,aparc,0.2,Node Degree,lh_caudalmiddlefrontal,0.59375,0.65625,0.0625
maxSW,aparc,0.2,Node Degree,lh_cuneus,0.09375,0.09375,0.0
maxSW,aparc,0.2,Node Degree,lh_entorhinal,0.03125,0.0,-0.03125
maxSW,aparc,0.2,Node Degree,lh_frontalpole,0.0,0.0,0.0
maxSW,aparc,0.2,Node Degree,lh_fusiform,0.75,0.78125,0.03125
maxSW,aparc,0.2,Node Degree,lh_inferiorparietal,0.9375,0.8125,-0.125
maxSW,aparc,0.2,Node Degree,lh_inferiortemporal,0.5625,0.4375,-0.125
maxSW,aparc,0.2,Node Degree,lh_insula,0.03125,0.03125,0.0
maxSW,aparc,0.2,Node Degree,lh_isthmuscingulate,0.1875,0.25,0.0625
maxSW,aparc,0.2,Node Degree,lh_lateraloccipital,0.34375,0.28125,-0.0625
maxSW,aparc,0.2,Node Degree,lh_lateralorbitofrontal,0.90625,0.90625,0.0
maxSW,aparc,0.2,Node Degree,lh_lingual,0.25,0.25,0.0
maxSW,aparc,0.2,Node Degree,lh_medialorbitofrontal,0.625,0.4375,-0.1875
maxSW,aparc,0.2,Node Degree,lh_middletemporal,0.15625,0.1875,0.03125
maxSW,aparc,0.2,Node Degree,lh_paracentral,0.53125,0.5625,0.03125
maxSW,aparc,0.2,Node Degree,lh_parahippocampal,0.03125,0.03125,0.0
maxSW,aparc,0.2,Node Degree,lh_parsopercularis,0.78125,0.84375,0.0625
maxSW,aparc,0.2,Node Degree,lh_parsorbitalis,0.0625,0.0625,0.0
maxSW,aparc,0.2,Node Degree,lh_parstriangularis,0.71875,0.625,-0.09375
maxSW,aparc,0.2,Node Degree,lh_pericalcarine,0.0,0.0,0.0
maxSW,aparc,0.2,Node Degree,lh_postcentral,0.34375,0.28125,-0.0625
maxSW,aparc,0.2,Node Degree,lh_posteriorcingulate,0.4375,0.5,0.0625
maxSW,aparc,0.2,Node Degree,lh_precentral,0.8125,0.78125,-0.03125
maxSW,aparc,0.2,Node Degree,lh_precuneus,0.6875,0.6875,0.0
maxSW,aparc,0.2,Node Degree,lh_rostralanteriorcingulate,0.03125,0.0,-0.03125
maxSW,aparc,0.2,Node Degree,lh_rostralmiddlefrontal,0.5625,0.625,0.0625
maxSW,aparc,0.2,Node Degree,lh_superiorfrontal,0.59375,0.5625,-0.03125
maxSW,aparc,0.2,Node Degree,lh_superiorparietal,0.71875,0.75,0.03125
maxSW,aparc,0.2,Node Degree,lh_superiortemporal,0.4375,0.53125,0.09375
maxSW,aparc,0.2,Node Degree,lh_supramarginal,0.90625,0.875,-0.03125
maxSW,aparc,0.2,Node Degree,lh_temporalpole,0.0,0.0,0.0
maxSW,aparc,0.2,Node Degree,lh_transversetemporal,0.03125,0.03125,0.0
maxSW,aparc,0.2,Node Degree,rh_bankssts,0.03125,0.03125,0.0
maxSW,aparc,0.2,Node Degree,rh_caudalanteriorcingulate,0.125,0.09375,-0.03125
maxSW,aparc,0.2,Node Degree,rh_caudalmiddlefrontal,0.75,0.875,0.125
maxSW,aparc,0.2,Node Degree,rh_cuneus,0.0625,0.09375,0.03125
maxSW,aparc,0.2,Node Degree,rh_entorhinal,0.0,0.03125,0.03125
maxSW,aparc,0.2,Node Degree,rh_frontalpole,0.03125,0.03125,0.0
maxSW,aparc,0.2,Node Degree,rh_fusiform,0.65625,0.71875,0.0625
maxSW,aparc,0.2,Node Degree,rh_inferiorparietal,0.9375,0.96875,0.03125
maxSW,aparc,0.2,Node Degree,rh_inferiortemporal,0.625,0.53125,-0.09375
maxSW,aparc,0.2,Node Degree,rh_insula,0.0,0.0,0.0
maxSW,aparc,0.2,Node Degree,rh_isthmuscingulate,0.15625,0.1875,0.03125
maxSW,aparc,0.2,Node Degree,rh_lateraloccipital,0.34375,0.34375,0.0
maxSW,aparc,0.2,Node Degree,rh_lateralorbitofrontal,0.96875,1.0,0.03125
maxSW,aparc,0.2,Node Degree,rh_lingual,0.21875,0.25,0.03125
maxSW,aparc,0.2,Node Degree,rh_medialorbitofrontal,0.5625,0.5,-0.0625
maxSW,aparc,0.2,Node Degree,rh_middletemporal,0.1875,0.1875,0.0
maxSW,aparc,0.2,Node Degree,rh_paracentral,0.625,0.375,-0.25
maxSW,aparc,0.2,Node Degree,rh_parahippocampal,0.125,0.15625,0.03125
maxSW,aparc,0.2,Node Degree,rh_parsopercularis,0.78125,0.6875,-0.09375
maxSW,aparc,0.2,Node Degree,rh_parsorbitalis,0.03125,0.0625,0.03125
maxSW,aparc,0.2,Node Degree,rh_parstriangularis,0.71875,0.65625,-0.0625
maxSW,aparc,0.2,Node Degree,rh_pericalcarine,0.03125,0.03125,0.0
maxSW,aparc,0.2,Node Degree,rh_postcentral,0.34375,0.25,-0.09375
maxSW,aparc,0.2,Node Degree,rh_posteriorcingulate,0.34375,0.4375,0.09375
maxSW,aparc,0.2,Node Degree,rh_precentral,0.75,0.6875,-0.0625
maxSW,aparc,0.2,Node Degree,rh_precuneus,0.71875,0.6875,-0.03125
maxSW,aparc,0.2,Node Degree,rh_rostralanteriorcingulate,0.03125,0.03125,0.0
maxSW,aparc,0.2,Node Degree,rh_rostralmiddlefrontal,0.375,0.5,0.125
maxSW,aparc,0.2,Node Degree,rh_superiorfrontal,0.625,0.65625,0.03125
maxSW,aparc,0.2,Node Degree,rh_superiorparietal,0.59375,0.71875,0.125
maxSW,aparc,0.2,Node Degree,rh_superiortemporal,0.4375,0.53125,0.09375
maxSW,aparc,0.2,Node Degree,rh_supramarginal,0.84375,0.90625,0.0625
maxSW,aparc,0.2,Node Degree,rh_temporalpole,0.03125,0.03125,0.0
maxSW,aparc,0.2,Node Degree,rh_transversetemporal,0.0,0.0,0.0
maxSW,aparc,0.25,Participation Coefficient,lh_bankssts,0.0,0.0,0.0
maxSW,aparc,0.25,Participation Coefficient,lh_caudalanteriorcingulate,0.0,0.0,0.0
maxSW,aparc,0.25,Participation Coefficient,lh_caudalmiddlefrontal,0.6776216179230743,0.8476292139655858,0.17000759604251148
maxSW,aparc,0.25,Participation Coefficient,lh_cuneus,0.0,0.0,0.0
maxSW,aparc,0.25,Participation Coefficient,lh_entorhinal,0.0,0.0,0.0
maxSW,aparc,0.25,Participation Coefficient,lh_frontalpole,0.0,0.0,0.0
maxSW,aparc,0.25,Participation Coefficient,lh_fusiform,0.6937810680707431,0.8270143518039422,0.1332332837331991
maxSW,aparc,0.25,Participation Coefficient,lh_inferiorparietal,0.7857493072738575,0.960780553818166,0.17503124654430846
maxSW,aparc,0.25,Participation Coefficient,lh_inferiortemporal,0.3155935239076513,0.350100255618002,0.034506731710350735
maxSW,aparc,0.25,Participation Coefficient,lh_insula,0.0,0.0,0.0
maxSW,aparc,0.25,Participation Coefficient,lh_isthmuscingulate,0.4678590322530994,0.9201882371113642,0.45232920485826483
maxSW,aparc,0.25,Participation Coefficient,lh_lateraloccipital,0.0,0.33318245489042836,0.33318245489042836
maxSW,aparc,0.25,Participation Coefficient,lh_lateralorbitofrontal,0.7401537574375207,0.8725886280900138,0.13243487065249315
maxSW,aparc,0.25,Participation Coefficient,lh_lingual,0.0,0.0,0.0
maxSW,aparc,0.25,Participation Coefficient,lh_medialorbitofrontal,0.834025753762751,1.0,0.165974246237249
maxSW,aparc,0.25,Participation Coefficient,lh_middletemporal,0.25861940737798267,0.25183052517227983,-0.00678888220570284
maxSW,aparc,0.25,Participation Coefficient,lh_paracentral,0.8216687250957309,0.9160513994168097,0.09438267432107883
maxSW,aparc,0.25,Participation Coefficient,lh_parahippocampal,0.0,0.0,0.0
maxSW,aparc,0.25,Participation Coefficient,lh_parsopercularis,0.605961977365978,0.8372077614738411,0.23124578410786312
maxSW,aparc,0.25,Participation Coefficient,lh_parsorbitalis,0.0,0.0,0.0
maxSW,aparc,0.25,Participation Coefficient,lh_parstriangularis,0.6750081971162809,0.866552816774153,0.19154461965787206
maxSW,aparc,0.25,Participation Coefficient,lh_pericalcarine,0.0,0.0,0.0
maxSW,aparc,0.25,Participation Coefficient,lh_postcentral,0.49164155070926846,0.5631494616845024,0.07150791097523396
maxSW,aparc,0.25,Participation Coefficient,lh_posteriorcingulate,0.7969341360732692,0.906932085570093,0.10999794949682373
maxSW,aparc,0.25,Participation Coefficient,lh_precentral,0.7902361426629267,0.9080761829977545,0.11784004033482776
maxSW,aparc,0.25,Participation Coefficient,lh_precuneus,0.8120217726168213,0.9261425314685036,0.11412075885168227
maxSW,aparc,0.25,Participation Coefficient,lh_rostralanteriorcingulate,0.6649316060657438,0.0,-0.6649316060657438
maxSW,aparc,0.25,Participation Coefficient,lh_rostralmiddlefrontal,0.4290433914235859,0.817574819718933,0.3885314282953471
maxSW,aparc,0.25,Participation Coefficient,lh_superiorfrontal,0.21452894433979144,0.3925420492532735,0.17801310491348207
maxSW,aparc,0.25,Participation Coefficient,lh_superiorparietal,0.7783186332074553,0.9559782559176647,0.1776596227102094
maxSW,aparc,0.25,Participation Coefficient,lh_superiortemporal,0.22716548701976266,0.44946543994966914,0.22229995292990648
maxSW,aparc,0.25,Participation Coefficient,lh_supramarginal,0.6799618671211588,0.870343686674526,0.1903818195533672
maxSW,aparc,0.25,Participation Coefficient,lh_temporalpole,0.0,0.0,0.0
maxSW,aparc,0.25,Participation Coefficient,lh_transversetemporal,0.0,0.0,0.0
maxSW,aparc,0.25,Participation Coefficient,rh_bankssts,0.0,0.0,0.0
maxSW,aparc,0.25,Participation Coefficient,rh_caudalanteriorcingulate,0.0,0.0,0.0
maxSW,aparc,0.25,Participation Coefficient,rh_caudalmiddlefrontal,0.7087203383956051,0.8374739701275099,0.1287536317319048
maxSW,aparc,0.25,Participation Coefficient,rh_cuneus,0.0,0.0,0.0
maxSW,aparc,0.25,Participation Coefficient,rh_entorhinal,0.0,0.0,0.0
maxSW,aparc,0.25,Participation Coefficient,rh_frontalpole,0.0,0.0,0.0
maxSW,aparc,0.25,Participation Coefficient,rh_fusiform,0.6559619590863995,0.8355105667089154,0.1795486076225159
maxSW,aparc,0.25,Participation Coefficient,rh_inferiorparietal,0.7589282690217173,0.9108804594134531,0.1519521903917358
maxSW,aparc,0.25,Participation Coefficient,rh_inferiortemporal,0.43722008272735824,0.34219209556003977,-0.09502798716731847
maxSW,aparc,0.25,Participation Coefficient,rh_insula,0.0,0.0,0.0
maxSW,aparc,0.25,Participation Coefficient,rh_isthmuscingulate,0.7610751653933019,0.699931502844268,-0.06114366254903392
maxSW,aparc,0.25,Participation Coefficient,rh_lateraloccipital,0.2865587312896751,0.7325690726012741,0.44601034131159906
maxSW,aparc,0.25,Participation Coefficient,rh_lateralorbitofrontal,0.7881288799347099,0.8908102021910024,0.10268132225629245
maxSW,aparc,0.25,Participation Coefficient,rh_lingual,0.0,0.0,0.0
maxSW,aparc,0.25,Participation Coefficient,rh_medialorbitofrontal,0.8415338184533979,0.9889348832161429,0.14740106476274495
maxSW,aparc,0.25,Participation Coefficient,rh_middletemporal,0.0,0.0,0.0
maxSW,aparc,0.25,Participation Coefficient,rh_paracentral,0.8177106376298697,0.909987034306627,0.09227639667675724
maxSW,aparc,0.25,Participation Coefficient,rh_parahippocampal,0.8103006761764011,0.0,-0.8103006761764011
maxSW,aparc,0.25,Participation Coefficient,rh_parsopercularis,0.6249544239721676,0.7706731974148469,0.14571877344267925
maxSW,aparc,0.25,Participation Coefficient,rh_parsorbitalis,0.6821540711005375,0.5973156564004893,-0.08483841470004816
maxSW,aparc,0.25,Participation Coefficient,rh_parstriangularis,0.5895972645653685,0.8319398090944414,0.2423425445290729
maxSW,aparc,0.25,Participation Coefficient,rh_pericalcarine,0.0,0.0,0.0
maxSW,aparc,0.25,Participation Coefficient,rh_postcentral,0.4130324736167666,0.3356004900312444,-0.07743198358552217
maxSW,aparc,0.25,Participation Coefficient,rh_posteriorcingulate,0.8157469222028498,0.911966313170465,0.09621939096761511
maxSW,aparc,0.25,Participation Coefficient,rh_precentral,0.8549925610041186,0.9344726518838449,0.0794800908797263
maxSW,aparc,0.25,Participation Coefficient,rh_precuneus,0.8167779909309293,0.9342723575323238,0.11749436660139456
maxSW,aparc,0.25,Participation Coefficient,rh_rostralanteriorcingulate,0.5576611807188525,0.0,-0.5576611807188525
maxSW,aparc,0.25,Participation Coefficient,rh_rostralmiddlefrontal,0.798722710771608,0.9052483200780689,0.10652560930646093
maxSW,aparc,0.25,Participation Coefficient,rh_superiorfrontal,0.3595425631820766,0.6215323143513463,0.26198975116926965
maxSW,aparc,0.25,Participation Coefficient,rh_superiorparietal,0.7387509357235014,0.9318715412864427,0.1931206055629413
maxSW,aparc,0.25,Participation Coefficient,rh_superiortemporal,0.2454301068118859,0.5112093110236355,0.2657792042117496
maxSW,aparc,0.25,Participation Coefficient,rh_supramarginal,0.6840781730982127,0.8275738139628472,0.1434956408646345
maxSW,aparc,0.25,Participation Coefficient,rh_temporalpole,0.0,0.0,0.0
maxSW,aparc,0.25,Participation Coefficient,rh_transversetemporal,0.0,0.0,0.0
maxSW,aparc,0.25,Node Versatility,lh_bankssts,0.09735103590118185,0.006212999417725792,-0.09113803648345606
maxSW,aparc,0.25,Node Versatility,lh_caudalanteriorcingulate,0.4036191014341233,0.2779605460789288,-0.1256585553551945
maxSW,aparc,0.25,Node Versatility,lh_caudalmiddlefrontal,0.23107629816677014,0.11364149365374304,-0.1174348045130271
maxSW,aparc,0.25,Node Versatility,lh_cuneus,0.27746053530850356,0.19539193335197744,-0.08206860195652613
maxSW,aparc,0.25,Node Versatility,lh_entorhinal,0.48491548531445733,0.0,-0.48491548531445733
maxSW,aparc,0.25,Node Versatility,lh_frontalpole,0.0,0.0,0.0
maxSW,aparc,0.25,Node Versatility,lh_fusiform,0.7193839445923655,0.516362011307681,-0.20302193328468454
maxSW,aparc,0.25,Node Versatility,lh_inferiorparietal,0.24745579670194448,0.1985905712852007,-0.04886522541674379
maxSW,aparc,0.25,Node Versatility,lh_inferiortemporal,0.12216245579277478,0.08372631163751287,-0.038436144155261906
maxSW,aparc,0.25,Node Versatility,lh_insula,0.09735103590118185,0.006212999417725792,-0.09113803648345606
maxSW,aparc,0.25,Node Versatility,lh_isthmuscingulate,0.40067905914980945,0.2779605460789288,-0.12271851307088066
maxSW,aparc,0.25,Node Versatility,lh_lateraloccipital,0.27746053530850356,0.19539193335197744,-0.08206860195652613
maxSW,aparc,0.25,Node Versatility,lh_lateralorbitofrontal,0.2409432667794533,0.26376325813064805,0.02281999135119475
maxSW,aparc,0.25,Node Versatility,lh_lingual,0.27746053530850356,0.19539193335197744,-0.08206860195652613
maxSW,aparc,0.25,Node Versatility,lh_medialorbitofrontal,0.30508719180221633,0.24274252444075786,-0.06234466736145847
maxSW,aparc,0.25,Node Versatility,lh_middletemporal,0.12216245579277478,0.08372631163751287,-0.038436144155261906
maxSW,aparc,0.25,Node Versatility,lh_paracentral,0.6291784536173577,0.6207338975181682,-0.008444556099189482
maxSW,aparc,0.25,Node Versatility,lh_parahippocampal,0.510906374902595,0.5658721192345214,0.05496574433192636
maxSW,aparc,0.25,Node Versatility,lh_parsopercularis,0.1221931877996183,0.08056556072718016,-0.04162762707243814
maxSW,aparc,0.25,Node Versatility,lh_parsorbitalis,0.0,0.0,0.0
maxSW,aparc,0.25,Node Versatility,lh_parstriangularis,0.3084243971210123,0.08330656774875235,-0.22511782937225994
maxSW,aparc,0.25,Node Versatility,lh_pericalcarine,0.3624122388558958,0.16861192684169285,-0.19380031201420295
maxSW,aparc,0.25,Node Versatility,lh_postcentral,0.27746053530850356,0.19539193335197744,-0.08206860195652613
maxSW,aparc,0.25,Node Versatility,lh_posteriorcingulate,0.347742992116586,0.20901626490188027,-0.13872672721470572
maxSW,aparc,0.25,Node Versatility,lh_precentral,0.3640878531834141,0.4674444374757111,0.10335658429229705
maxSW,aparc,0.25,Node Versatility,lh_precuneus,0.6395652712808804,0.4949710973213287,-0.14459417395955165
maxSW,aparc,0.25,Node Versatility,lh_rostralanteriorcingulate,1.0,0.345981003263689,-0.654018996736311
maxSW,aparc,0.25,Node Versatility,lh_rostralmiddlefrontal,0.3343435246671991,0.3043345430528043,-0.030008981614394803
maxSW,aparc,0.25,Node Versatility,lh_superiorfrontal,0.12216245579277478,0.08372631163751287,-0.038436144155261906
maxSW,aparc,0.25,Node Versatility,lh_superiorparietal,0.23080664306852317,0.2810714168713059,0.050264773802782714
maxSW,aparc,0.25,Node Versatility,lh_superiortemporal,0.12216245579277478,0.08372631163751287,-0.038436144155261906
maxSW,aparc,0.25,Node Versatility,lh_supramarginal,0.16891949459106773,0.08418401755994386,-0.08473547703112387
maxSW,aparc,0.25,Node Versatility,lh_temporalpole,0.0,0.0,0.0
maxSW,aparc,0.25,Node Versatility,lh_transversetemporal,0.23915962410584532,0.22501828364486515,-0.014141340460980173
maxSW,aparc,0.25,Node Versatility,rh_bankssts,0.09735103590118185,0.006212999417725792,-0.09113803648345606
maxSW,aparc,0.25,Node Versatility,rh_caudalanteriorcingulate,0.4036191014341233,0.2779605460789288,-0.1256585553551945
maxSW,aparc,0.25,Node Versatility,rh_caudalmiddlefrontal,0.3507592110710363,0.08706758145886358,-0.26369162961217274
maxSW,aparc,0.25,Node Versatility,rh_cuneus,0.27746053530850356,0.19539193335197744,-0.08206860195652613
maxSW,aparc,0.25,Node Versatility,rh_entorhinal,0.48491548531445733,0.0,-0.48491548531445733
maxSW,aparc,0.25,Node Versatility,rh_frontalpole,0.0,0.0,0.0
maxSW,aparc,0.25,Node Versatility,rh_fusiform,0.8796170037528068,0.48829799507827965,-0.3913190086745272
maxSW,aparc,0.25,Node Versatility,rh_inferiorparietal,0.15819322916693834,0.08377237455383159,-0.07442085461310675
maxSW,aparc,0.25,Node Versatility,rh_inferiortemporal,0.12216245579277478,0.08372631163751287,-0.038436144155261906
maxSW,aparc,0.25,Node Versatility,rh_insula,0.09735103590118185,0.006212999417725792,-0.09113803648345606
maxSW,aparc,0.25,Node Versatility,rh_isthmuscingulate,0.3970714952751289,0.2779605460789288,-0.11911094919620013
maxSW,aparc,0.25,Node Versatility,rh_lateraloccipital,0.27746053530850356,0.19539193335197744,-0.08206860195652613
maxSW,aparc,0.25,Node Versatility,rh_lateralorbitofrontal,0.46856346190814063,0.20958348864885526,-0.25897997325928535
maxSW,aparc,0.25,Node Versatility,rh_lingual,0.27746053530850356,0.19539193335197744,-0.08206860195652613
maxSW,aparc,0.25,Node Versatility,rh_medialorbitofrontal,0.3281948559097342,0.2556208282433606,-0.07257402766637361
maxSW,aparc,0.25,Node Versatility,rh_middletemporal,0.12216245579277478,0.08372631163751287,-0.038436144155261906
maxSW,aparc,0.25,Node Versatility,rh_paracentral,0.7082275854553466,0.5715486562206205,-0.13667892923472613
maxSW,aparc,0.25,Node Versatility,rh_parahippocampal,0.533592554938769,0.5503896077800529,0.016797052841283855
maxSW,aparc,0.25,Node Versatility,rh_parsopercularis,0.24160636176940323,0.08418401755994386,-0.15742234420945939
maxSW,aparc,0.25,Node Versatility,rh_parsorbitalis,0.0,0.0,0.0
maxSW,aparc,0.25,Node Versatility,rh_parstriangularis,0.2758906463647968,0.1631276007417986,-0.11276304562299821
maxSW,aparc,0.25,Node Versatility,rh_pericalcarine,0.3624122388558958,0.16861192684169285,-0.19380031201420295
maxSW,aparc,0.25,Node Versatility,rh_postcentral,0.27746053530850356,0.19539193335197744,-0.08206860195652613
maxSW,aparc,0.25,Node Versatility,rh_posteriorcingulate,0.347742992116586,0.20901626490188027,-0.13872672721470572
maxSW,aparc,0.25,Node Versatility,rh_precentral,0.6867736118807195,0.5156273786128602,-0.17114623326785927
maxSW,aparc,0.25,Node Versatility,rh_precuneus,0.3923774892013858,0.2798926349902028,-0.11248485421118304
maxSW,aparc,0.25,Node Versatility,rh_rostralanteriorcingulate,0.9021925116211627,0.345981003263689,-0.5562115083574737
maxSW,aparc,0.25,Node Versatility,rh_rostralmiddlefrontal,0.5261241978058105,0.21479799176917116,-0.3113262060366394
maxSW,aparc,0.25,Node Versatility,rh_superiorfrontal,0.12216245579277478,0.08372631163751287,-0.038436144155261906
maxSW,aparc,0.25,Node Versatility,rh_superiorparietal,0.23080664306852317,0.24513747840968206,0.014330835341158893
maxSW,aparc,0.25,Node Versatility,rh_superiortemporal,0.12216245579277478,0.08372631163751287,-0.038436144155261906
maxSW,aparc,0.25,Node Versatility,rh_supramarginal,0.2369028084835391,0.08418401755994386,-0.15271879092359525
maxSW,aparc,0.25,Node Versatility,rh_temporalpole,0.0,0.0,0.0
maxSW,aparc,0.25,Node Versatility,rh_transversetemporal,0.23915962410584532,0.22501828364486515,-0.014141340460980173
maxSW,aparc,0.25,Node Strength,lh_bankssts,0.030392818749935806,0.03170657515946949,0.0013137564095336805
maxSW,aparc,0.25,Node Strength,lh_caudalanteriorcingulate,0.13780409667204735,0.13794980896749742,0.00014571229545007336
maxSW,aparc,0.25,Node Strength,lh_caudalmiddlefrontal,0.8069224837767037,0.787080727261048,-0.019841756515655673
maxSW,aparc,0.25,Node Strength,lh_cuneus,0.11352440578745461,0.1641727822006049,0.0506483764131503
maxSW,aparc,0.25,Node Strength,lh_entorhinal,0.025593527570372428,0.0063934732897615275,-0.0192000542806109
maxSW,aparc,0.25,Node Strength,lh_frontalpole,0.0,0.0028930946770609,0.0028930946770609
maxSW,aparc,0.25,Node Strength,lh_fusiform,0.8388260573529552,0.8650191484343266,0.026193091081371356
maxSW,aparc,0.25,Node Strength,lh_inferiorparietal,0.9406052764005599,0.8371786401857663,-0.10342663621479364
maxSW,aparc,0.25,Node Strength,lh_inferiortemporal,0.5748784251916245,0.5147954395380663,-0.060082985653558185
maxSW,aparc,0.25,Node Strength,lh_insula,0.034603896272724165,0.03246251474398762,-0.0021413815287365454
maxSW,aparc,0.25,Node Strength,lh_isthmuscingulate,0.21651651648292403,0.3687567048452744,0.15224018836235037
maxSW,aparc,0.25,Node Strength,lh_lateraloccipital,0.3314422370201223,0.3353712319850156,0.003928994964893295
maxSW,aparc,0.25,Node Strength,lh_lateralorbitofrontal,0.9156937206363357,0.8452968290473778,-0.0703968915889579
maxSW,aparc,0.25,Node Strength,lh_lingual,0.2099164861868184,0.24138209367129249,0.03146560748447408
maxSW,aparc,0.25,Node Strength,lh_medialorbitofrontal,0.7084460737898668,0.6241831734819537,-0.08426290030791306
maxSW,aparc,0.25,Node Strength,lh_middletemporal,0.19271147166669758,0.19503472122114396,0.002323249554446377
maxSW,aparc,0.25,Node Strength,lh_paracentral,0.6630068797702894,0.6615198104271373,-0.0014870693431521254
maxSW,aparc,0.25,Node Strength,lh_parahippocampal,0.052973314830986155,0.10952775732103423,0.056554442490048075
maxSW,aparc,0.25,Node Strength,lh_parsopercularis,0.8206127533226661,0.8737139930494622,0.053101239726796035
maxSW,aparc,0.25,Node Strength,lh_parsorbitalis,0.04250015717523582,0.04244232820604424,-5.782896919158398e-05
maxSW,aparc,0.25,Node Strength,lh_parstriangularis,0.8295046918745601,0.861853162308947,0.03234847043438693
maxSW,aparc,0.25,Node Strength,lh_pericalcarine,0.006338042116709483,0.005738249563814132,-0.0005997925528953511
maxSW,aparc,0.25,Node Strength,lh_postcentral,0.4360160630212951,0.38391757739931914,-0.05209848562197594
maxSW,aparc,0.25,Node Strength,lh_posteriorcingulate,0.5274483636134645,0.5559476372574976,0.028499273644033152
maxSW,aparc,0.25,Node Strength,lh_precentral,0.829219743860055,0.8244697810192838,-0.004749962840771227
maxSW,aparc,0.25,Node Strength,lh_precuneus,0.6906076867295217,0.718938449851432,0.028330763121910296
maxSW,aparc,0.25,Node Strength,lh_rostralanteriorcingulate,0.10579260130946022,0.030946420971402377,-0.07484618033805784
maxSW,aparc,0.25,Node Strength,lh_rostralmiddlefrontal,0.5666809705962355,0.6747443263604063,0.10806335576417081
maxSW,aparc,0.25,Node Strength,lh_superiorfrontal,0.603748475933655,0.6068563911570897,0.0031079152234346763
maxSW,aparc,0.25,Node Strength,lh_superiorparietal,0.7060228020122461,0.8104450114848633,0.10442220947261716
maxSW,aparc,0.25,Node Strength,lh_superiortemporal,0.5626976955887489,0.5183973409613599,-0.044300354627389016
maxSW,aparc,0.25,Node Strength,lh_supramarginal,0.8691616225593395,0.89239319971944,0.02323157716010049
maxSW,aparc,0.25,Node Strength,lh_temporalpole,0.0020597383366386564,0.0011759730530345011,-0.0008837652836041552
maxSW,aparc,0.25,Node Strength,lh_transversetemporal,0.03300982329801422,0.03156123524180043,-0.0014485880562137912
maxSW,aparc,0.25,Node Strength,rh_bankssts,0.03051560816206814,0.0309422436641585,0.00042663550209036047
maxSW,aparc,0.25,Node Strength,rh_caudalanteriorcingulate,0.1418626671270787,0.13519549766010197,-0.006667169466976736
maxSW,aparc,0.25,Node Strength,rh_caudalmiddlefrontal,0.7767613373699654,0.8371378576445422,0.06037652027457674
maxSW,aparc,0.25,Node Strength,rh_cuneus,0.1375355767564293,0.16404936122024358,0.026513784463814277
maxSW,aparc,0.25,Node Strength,rh_entorhinal,0.0057393615912664986,0.02537156651811543,0.01963220492684893
maxSW,aparc,0.25,Node Strength,rh_frontalpole,0.01788464741337275,0.020762174400202095,0.0028775269868293457
maxSW,aparc,0.25,Node Strength,rh_fusiform,0.744067720736994,0.8512174260289325,0.10714970529193846
maxSW,aparc,0.25,Node Strength,rh_inferiorparietal,0.9477917895455767,0.9517680612395738,0.003976271693997058
maxSW,aparc,0.25,Node Strength,rh_inferiortemporal,0.6765668306981711,0.546201610271228,-0.1303652204269431
maxSW,aparc,0.25,Node Strength,rh_insula,0.010924908981433439,0.009802143191956204,-0.0011227657894772348
maxSW,aparc,0.25,Node Strength,rh_isthmuscingulate,0.3150149085082434,0.26534681149609635,-0.04966809701214703
maxSW,aparc,0.25,Node Strength,rh_lateraloccipital,0.41042538520308447,0.4621355823895113,0.05171019718642683
maxSW,aparc,0.25,Node Strength,rh_lateralorbitofrontal,1.0,0.9527929055849798,-0.047207094415020245
maxSW,aparc,0.25,Node Strength,rh_lingual,0.22478984864183363,0.22995034738102624,0.005160498739192609
maxSW,aparc,0.25,Node Strength,rh_medialorbitofrontal,0.6815118758850321,0.6016467503489072,-0.0798651255361249
maxSW,aparc,0.25,Node Strength,rh_middletemporal,0.2045527011008289,0.20485204536207682,0.00029934426124791913
maxSW,aparc,0.25,Node Strength,rh_paracentral,0.6925760603317718,0.633549436783915,-0.059026623547856816
maxSW,aparc,0.25,Node Strength,rh_parahippocampal,0.18454622350036362,0.2129324173680385,0.02838619386767488
maxSW,aparc,0.25,Node Strength,rh_parsopercularis,0.7935704940769872,0.7631126484345819,-0.03045784564240528
maxSW,aparc,0.25,Node Strength,rh_parsorbitalis,0.029934322542419484,0.04941137187677546,0.019477049334355977
maxSW,aparc,0.25,Node Strength,rh_parstriangularis,0.7575327297820309,0.6986118503877035,-0.05892087939432744
maxSW,aparc,0.25,Node Strength,rh_pericalcarine,0.022204869338184167,0.02315973165416073,0.0009548623159765617
maxSW,aparc,0.25,Node Strength,rh_postcentral,0.4134833064583321,0.3340200479296379,-0.07946325852869418
maxSW,aparc,0.25,Node Strength,rh_posteriorcingulate,0.47503260125410857,0.5280025014366162,0.052969900182507634
maxSW,aparc,0.25,Node Strength,rh_precentral,0.7645519575182034,0.7685319388935195,0.003979981375316077
maxSW,aparc,0.25,Node Strength,rh_precuneus,0.6798493315949901,0.7281668357890292,0.04831750419403913
maxSW,aparc,0.25,Node Strength,rh_rostralanteriorcingulate,0.1552066443412578,0.03127031144878108,-0.12393633289247673
maxSW,aparc,0.25,Node Strength,rh_rostralmiddlefrontal,0.6032560703215306,0.6604714924390118,0.05721542211748121
maxSW,aparc,0.25,Node Strength,rh_superiorfrontal,0.6795260881364398,0.714416192129055,0.03489010399261527
maxSW,aparc,0.25,Node Strength,rh_superiorparietal,0.6482263841324043,0.6813647772555991,0.033138393123194776
maxSW,aparc,0.25,Node Strength,rh_superiortemporal,0.5119328376657847,0.5416053523655642,0.029672514699779495
maxSW,aparc,0.25,Node Strength,rh_supramarginal,0.8615247477706229,0.842089041041814,-0.0194357067288089
maxSW,aparc,0.25,Node Strength,rh_temporalpole,0.018977350183263637,0.017130345475706448,-0.0018470047075571892
maxSW,aparc,0.25,Node Strength,rh_transversetemporal,0.009050285355471399,0.007604062493449526,-0.0014462228620218728
maxSW,aparc,0.25,Local Efficiency,lh_bankssts,0.0,0.0,0.0
maxSW,aparc,0.25,Local Efficiency,lh_caudalanteriorcingulate,0.9565922707182208,0.9585119550028474,0.0019196842846265216
maxSW,aparc,0.25,Local Efficiency,lh_caudalmiddlefrontal,0.8613674727167437,0.8804070606633096,0.019039587946565906
maxSW,aparc,0.25,Local Efficiency,lh_cuneus,0.9231030911970052,0.9703438803904118,0.047240789193406574
maxSW,aparc,0.25,Local Efficiency,lh_entorhinal,0.0,0.0,0.0
maxSW,aparc,0.25,Local Efficiency,lh_frontalpole,0.0,0.0,0.0
maxSW,aparc,0.25,Local Efficiency,lh_fusiform,0.8352523182127817,0.8339598267161528,-0.0012924914966289114
maxSW,aparc,0.25,Local Efficiency,lh_inferiorparietal,0.8341245029443178,0.8776268350555826,0.04350233211126475
maxSW,aparc,0.25,Local Efficiency,lh_inferiortemporal,0.8818256742877348,0.9039645820709455,0.022138907783210704
maxSW,aparc,0.25,Local Efficiency,lh_insula,0.0,0.0,0.0
maxSW,aparc,0.25,Local Efficiency,lh_isthmuscingulate,0.826158692498579,0.8062439593095118,-0.019914733189067224
maxSW,aparc,0.25,Local Efficiency,lh_lateraloccipital,0.8370257222649429,0.8548047892546389,0.017779066989696002
maxSW,aparc,0.25,Local Efficiency,lh_lateralorbitofrontal,0.7996226898654243,0.8494600422100157,0.04983735234459141
maxSW,aparc,0.25,Local Efficiency,lh_lingual,0.7108380696715864,0.7482115392274952,0.03737346955590881
maxSW,aparc,0.25,Local Efficiency,lh_medialorbitofrontal,0.7890399380339801,0.7811553967146847,-0.00788454131929539
maxSW,aparc,0.25,Local Efficiency,lh_middletemporal,0.7504573011045623,0.7602242123914963,0.009766911286933966
maxSW,aparc,0.25,Local Efficiency,lh_paracentral,0.7983706977727482,0.8030979975334691,0.004727299760720949
maxSW,aparc,0.25,Local Efficiency,lh_parahippocampal,0.31386618196177296,0.9395822466345918,0.6257160646728188
maxSW,aparc,0.25,Local Efficiency,lh_parsopercularis,0.8693147448770985,0.8511855329572989,-0.01812921191979955
maxSW,aparc,0.25,Local Efficiency,lh_parsorbitalis,0.0,0.0,0.0
maxSW,aparc,0.25,Local Efficiency,lh_parstriangularis,0.8558878941333892,0.8393386325257116,-0.016549261607677557
maxSW,aparc,0.25,Local Efficiency,lh_pericalcarine,0.0,0.0,0.0
maxSW,aparc,0.25,Local Efficiency,lh_postcentral,0.8095694438188973,0.7903054624610784,-0.019263981357818927
maxSW,aparc,0.25,Local Efficiency,lh_posteriorcingulate,0.7928684798018071,0.8367362995477027,0.0438678197458956
maxSW,aparc,0.25,Local Efficiency,lh_precentral,0.8609408215760234,0.8503505205547108,-0.010590301021312531
maxSW,aparc,0.25,Local Efficiency,lh_precuneus,0.8953518255155476,0.8931577959112064,-0.00219402960434123
maxSW,aparc,0.25,Local Efficiency,lh_rostralanteriorcingulate,0.8401347079837513,0.910099217563423,0.06996450957967171
maxSW,aparc,0.25,Local Efficiency,lh_rostralmiddlefrontal,0.928720899455683,0.8736728463774738,-0.05504805307820926
maxSW,aparc,0.25,Local Efficiency,lh_superiorfrontal,0.9121413289492203,0.9066914887845009,-0.005449840164719388
maxSW,aparc,0.25,Local Efficiency,lh_superiorparietal,0.821405432887671,0.808556026738328,-0.012849406149342935
maxSW,aparc,0.25,Local Efficiency,lh_superiortemporal,0.9036572629168984,0.9124500510344421,0.008792788117543693
maxSW,aparc,0.25,Local Efficiency,lh_supramarginal,0.8864172821365037,0.8731174812101097,-0.013299800926394045
maxSW,aparc,0.25,Local Efficiency,lh_temporalpole,0.0,0.0,0.0
maxSW,aparc,0.25,Local Efficiency,lh_transversetemporal,0.0,0.0,0.0
maxSW,aparc,0.25,Local Efficiency,rh_bankssts,0.0,0.0,0.0
maxSW,aparc,0.25,Local Efficiency,rh_caudalanteriorcingulate,0.9699375285634638,0.9493796069752244,-0.020557921588239436
maxSW,aparc,0.25,Local Efficiency,rh_caudalmiddlefrontal,0.8915283110594844,0.8884885969434293,-0.003039714116055081
maxSW,aparc,0.25,Local Efficiency,rh_cuneus,0.9028542326093675,0.9701061398324344,0.06725190722306695
maxSW,aparc,0.25,Local Efficiency,rh_entorhinal,0.0,0.0,0.0
maxSW,aparc,0.25,Local Efficiency,rh_frontalpole,0.0,0.0,0.0
maxSW,aparc,0.25,Local Efficiency,rh_fusiform,0.8416955396767644,0.8248904887922666,-0.016805050884497796
maxSW,aparc,0.25,Local Efficiency,rh_inferiorparietal,0.8456159881377325,0.8509004872124567,0.005284499074724169
maxSW,aparc,0.25,Local Efficiency,rh_inferiortemporal,0.8587486549060943,0.9084996591941041,0.049751004288009826
maxSW,aparc,0.25,Local Efficiency,rh_insula,0.0,0.0,0.0
maxSW,aparc,0.25,Local Efficiency,rh_isthmuscingulate,0.6986245845620128,0.766089865403969,0.06746528084195613
maxSW,aparc,0.25,Local Efficiency,rh_lateraloccipital,0.7946250552212375,0.7919919640120705,-0.0026330912091669934
maxSW,aparc,0.25,Local Efficiency,rh_lateralorbitofrontal,0.7640079680497973,0.7243856731310551,-0.03962229491874225
maxSW,aparc,0.25,Local Efficiency,rh_lingual,0.8939641558314393,0.9488057212083177,0.054841565376878454
maxSW,aparc,0.25,Local Efficiency,rh_medialorbitofrontal,0.7852165249799147,0.7811880197816375,-0.0040285051982771325
maxSW,aparc,0.25,Local Efficiency,rh_middletemporal,0.9973903569663632,1.0,0.002609643033636755
maxSW,aparc,0.25,Local Efficiency,rh_paracentral,0.8307885592372702,0.80445877359931,-0.02632978563796029
maxSW,aparc,0.25,Local Efficiency,rh_parahippocampal,0.8185110791263362,0.9009726172577672,0.08246153813143098
maxSW,aparc,0.25,Local Efficiency,rh_parsopercularis,0.8883981064301032,0.8926995753762951,0.004301468946191878
maxSW,aparc,0.25,Local Efficiency,rh_parsorbitalis,0.0,0.0,0.0
maxSW,aparc,0.25,Local Efficiency,rh_parstriangularis,0.8866055443322908,0.8957662425580509,0.009160698225760155
maxSW,aparc,0.25,Local Efficiency,rh_pericalcarine,0.0,0.0,0.0
maxSW,aparc,0.25,Local Efficiency,rh_postcentral,0.8233833925922577,0.8538324859104849,0.030449093318227205
maxSW,aparc,0.25,Local Efficiency,rh_posteriorcingulate,0.786713327728446,0.8333028823722092,0.04658955464376313
maxSW,aparc,0.25,Local Efficiency,rh_precentral,0.8416854431358709,0.8631382023631958,0.021452759227324925
maxSW,aparc,0.25,Local Efficiency,rh_precuneus,0.7855146108331635,0.7629246496841229,-0.02258996114904066
maxSW,aparc,0.25,Local Efficiency,rh_rostralanteriorcingulate,0.8419458273852003,0.9100992175634232,0.06815339017822286
maxSW,aparc,0.25,Local Efficiency,rh_rostralmiddlefrontal,0.8513570771513337,0.8560929332440761,0.004735856092742408
maxSW,aparc,0.25,Local Efficiency,rh_superiorfrontal,0.8795577529660279,0.8697056517091266,-0.00985210125690128
maxSW,aparc,0.25,Local Efficiency,rh_superiorparietal,0.8169154153679264,0.8148399455165293,-0.0020754698513971714
maxSW,aparc,0.25,Local Efficiency,rh_superiortemporal,0.9087614506130092,0.9014476938682651,-0.007313756744744104
maxSW,aparc,0.25,Local Efficiency,rh_supramarginal,0.8815823971020557,0.8917491756689463,0.010166778566890633
maxSW,aparc,0.25,Local Efficiency,rh_temporalpole,0.0,0.0,0.0
maxSW,aparc,0.25,Local Efficiency,rh_transversetemporal,0.0,0.0,0.0
maxSW,aparc,0.25,Clustering Coefficient,lh_bankssts,0.0,0.0,0.0
maxSW,aparc,0.25,Clustering Coefficient,lh_caudalanteriorcingulate,0.9738873748082651,0.975841766815857,0.001954392007591843
maxSW,aparc,0.25,Clustering Coefficient,lh_caudalmiddlefrontal,0.7634406830828867,0.7956889556256751,0.03224827254278839
maxSW,aparc,0.25,Clustering Coefficient,lh_cuneus,0.8888699628418933,0.9878876123734115,0.09901764953151815
maxSW,aparc,0.25,Clustering Coefficient,lh_entorhinal,0.0,0.0,0.0
maxSW,aparc,0.25,Clustering Coefficient,lh_frontalpole,0.0,0.0,0.0
maxSW,aparc,0.25,Clustering Coefficient,lh_fusiform,0.7078587464487546,0.7055688984285771,-0.0022898480201775095
maxSW,aparc,0.25,Clustering Coefficient,lh_inferiorparietal,0.6929054763794388,0.773969736078118,0.08106425969867925
maxSW,aparc,0.25,Clustering Coefficient,lh_inferiortemporal,0.7946279403110824,0.8436279139968053,0.04899997368572284
maxSW,aparc,0.25,Clustering Coefficient,lh_insula,0.0,0.0,0.0
maxSW,aparc,0.25,Clustering Coefficient,lh_isthmuscingulate,0.7071434246140681,0.6735206471957138,-0.03362277741835429
maxSW,aparc,0.25,Clustering Coefficient,lh_lateraloccipital,0.7078287673643171,0.7388223563154062,0.030993588951089057
maxSW,aparc,0.25,Clustering Coefficient,lh_lateralorbitofrontal,0.6399428413488436,0.7301673211396996,0.09022447979085602
maxSW,aparc,0.25,Clustering Coefficient,lh_lingual,0.6699962179168596,0.7186983319889639,0.04870211407210434
maxSW,aparc,0.25,Clustering Coefficient,lh_medialorbitofrontal,0.6339768499509241,0.6232670670802231,-0.010709782870701012
maxSW,aparc,0.25,Clustering Coefficient,lh_middletemporal,0.764025503080512,0.7739689992641846,0.009943496183672629
maxSW,aparc,0.25,Clustering Coefficient,lh_paracentral,0.6620983609822547,0.6551697169015113,-0.006928644080743451
maxSW,aparc,0.25,Clustering Coefficient,lh_parahippocampal,0.3195408549165293,0.9565698109858092,0.6370289560692799
maxSW,aparc,0.25,Clustering Coefficient,lh_parsopercularis,0.7725902526461044,0.7364994657806246,-0.03609078686547973
maxSW,aparc,0.25,Clustering Coefficient,lh_parsorbitalis,0.0,0.0,0.0
maxSW,aparc,0.25,Clustering Coefficient,lh_parstriangularis,0.755754121590534,0.7202406519309366,-0.03551346965959745
maxSW,aparc,0.25,Clustering Coefficient,lh_pericalcarine,0.0,0.0,0.0
maxSW,aparc,0.25,Clustering Coefficient,lh_postcentral,0.6614147069044232,0.6314408299146315,-0.029973876989791703
maxSW,aparc,0.25,Clustering Coefficient,lh_posteriorcingulate,0.6390368183997932,0.7233017490077743,0.08426493060798113
maxSW,aparc,0.25,Clustering Coefficient,lh_precentral,0.746833563380666,0.7282867722567812,-0.018546791123884798
maxSW,aparc,0.25,Clustering Coefficient,lh_precuneus,0.816080974840414,0.8109675609680916,-0.005113413872322337
maxSW,aparc,0.25,Clustering Coefficient,lh_rostralanteriorcingulate,0.7607182870397039,0.9265537313430603,0.1658354443033564
maxSW,aparc,0.25,Clustering Coefficient,lh_rostralmiddlefrontal,0.8987048781921089,0.7870915955256127,-0.11161328266649617
maxSW,aparc,0.25,Clustering Coefficient,lh_superiorfrontal,0.8530802698000183,0.8368499055950944,-0.016230364204923853
maxSW,aparc,0.25,Clustering Coefficient,lh_superiorparietal,0.6805668710674766,0.6595511696074446,-0.021015701460031955
maxSW,aparc,0.25,Clustering Coefficient,lh_superiortemporal,0.8500314693370666,0.8562069832095868,0.006175513872520133
maxSW,aparc,0.25,Clustering Coefficient,lh_supramarginal,0.7886201442620753,0.7644434553186996,-0.024176688943375657
maxSW,aparc,0.25,Clustering Coefficient,lh_temporalpole,0.0,0.0,0.0
maxSW,aparc,0.25,Clustering Coefficient,lh_transversetemporal,0.0,0.0,0.0
maxSW,aparc,0.25,Clustering Coefficient,rh_bankssts,0.0,0.0,0.0
maxSW,aparc,0.25,Clustering Coefficient,rh_caudalanteriorcingulate,0.9874739137411847,0.9665443067393925,-0.02092960700179214
maxSW,aparc,0.25,Clustering Coefficient,rh_caudalmiddlefrontal,0.8055098547541067,0.7946599272246405,-0.01084992752946623
maxSW,aparc,0.25,Clustering Coefficient,rh_cuneus,0.8522004258644985,0.9876455734870633,0.13544514762256477
maxSW,aparc,0.25,Clustering Coefficient,rh_entorhinal,0.0,0.0,0.0
maxSW,aparc,0.25,Clustering Coefficient,rh_frontalpole,0.0,0.0,0.0
maxSW,aparc,0.25,Clustering Coefficient,rh_fusiform,0.7312100446587487,0.6970546543617236,-0.03415539029702508
maxSW,aparc,0.25,Clustering Coefficient,rh_inferiorparietal,0.710192051005534,0.7175847840769997,0.007392733071465707
maxSW,aparc,0.25,Clustering Coefficient,rh_inferiortemporal,0.7549133504860097,0.848124153863877,0.09321080337786725
maxSW,aparc,0.25,Clustering Coefficient,rh_insula,0.0,0.0,0.0
maxSW,aparc,0.25,Clustering Coefficient,rh_isthmuscingulate,0.5090752421201783,0.6178618147209507,0.1087865726007724
maxSW,aparc,0.25,Clustering Coefficient,rh_lateraloccipital,0.634793930894641,0.6380061584712443,0.0032122275766033326
maxSW,aparc,0.25,Clustering Coefficient,rh_lateralorbitofrontal,0.580724924210423,0.5927135523939454,0.01198862818352242
maxSW,aparc,0.25,Clustering Coefficient,rh_lingual,0.814759215418342,0.9114833665625578,0.09672415114421584
maxSW,aparc,0.25,Clustering Coefficient,rh_medialorbitofrontal,0.6270246794151498,0.6203025166138871,-0.006722162801262699
maxSW,aparc,0.25,Clustering Coefficient,rh_middletemporal,0.9971047194150302,1.0,0.002895280584969795
maxSW,aparc,0.25,Clustering Coefficient,rh_paracentral,0.7074561929660395,0.6584752264620732,-0.04898096650396622
maxSW,aparc,0.25,Clustering Coefficient,rh_parahippocampal,0.7178145450048389,0.8620070458362191,0.14419250083138024
maxSW,aparc,0.25,Clustering Coefficient,rh_parsopercularis,0.8072233485394537,0.8171732008381054,0.009949852298651751
maxSW,aparc,0.25,Clustering Coefficient,rh_parsorbitalis,0.0,0.0,0.0
maxSW,aparc,0.25,Clustering Coefficient,rh_parstriangularis,0.810728542428626,0.8324508983098738,0.021722355881247823
maxSW,aparc,0.25,Clustering Coefficient,rh_pericalcarine,0.0,0.0,0.0
maxSW,aparc,0.25,Clustering Coefficient,rh_postcentral,0.6804104414086934,0.7387548946530436,0.058344453244350114
maxSW,aparc,0.25,Clustering Coefficient,rh_posteriorcingulate,0.6286353224720052,0.7187414478174381,0.09010612534543294
maxSW,aparc,0.25,Clustering Coefficient,rh_precentral,0.7144960384079314,0.7552458783419151,0.040749839933983734
maxSW,aparc,0.25,Clustering Coefficient,rh_precuneus,0.7463362841614457,0.6953142847204515,-0.05102199944099417
maxSW,aparc,0.25,Clustering Coefficient,rh_rostralanteriorcingulate,0.7667967290416005,0.9265537313430603,0.15975700230145984
maxSW,aparc,0.25,Clustering Coefficient,rh_rostralmiddlefrontal,0.7600383450108216,0.7642421185723434,0.004203773561521795
maxSW,aparc,0.25,Clustering Coefficient,rh_superiorfrontal,0.7952743751409233,0.7683875809756613,-0.026886794165261962
maxSW,aparc,0.25,Clustering Coefficient,rh_superiorparietal,0.6708735225108259,0.6598058547547923,-0.011067667756033628
maxSW,aparc,0.25,Clustering Coefficient,rh_superiortemporal,0.8584212727620432,0.8381274828977981,-0.020293789864245015
maxSW,aparc,0.25,Clustering Coefficient,rh_supramarginal,0.7843737362464056,0.7975371515425437,0.01316341529613807
maxSW,aparc,0.25,Clustering Coefficient,rh_temporalpole,0.0,0.0,0.0
maxSW,aparc,0.25,Clustering Coefficient,rh_transversetemporal,0.0,0.0,0.0
maxSW,aparc,0.25,Betweenness Centrality,lh_bankssts,0.4067796610169492,0.4067796610169492,0.0
maxSW,aparc,0.25,Betweenness Centrality,lh_caudalanteriorcingulate,0.0,0.0,0.0
maxSW,aparc,0.25,Betweenness Centrality,lh_caudalmiddlefrontal,0.0,0.0,0.0
maxSW,aparc,0.25,Betweenness Centrality,lh_cuneus,0.006355932203389831,0.0,-0.006355932203389831
maxSW,aparc,0.25,Betweenness Centrality,lh_entorhinal,0.13983050847457626,0.0,-0.13983050847457626
maxSW,aparc,0.25,Betweenness Centrality,lh_frontalpole,0.0,0.0,0.0
maxSW,aparc,0.25,Betweenness Centrality,lh_fusiform,0.00211864406779661,0.05296610169491525,0.05084745762711864
maxSW,aparc,0.25,Betweenness Centrality,lh_inferiorparietal,0.2055084745762712,0.06779661016949153,-0.13771186440677968
maxSW,aparc,0.25,Betweenness Centrality,lh_inferiortemporal,0.298728813559322,0.0,-0.298728813559322
maxSW,aparc,0.25,Betweenness Centrality,lh_insula,0.13983050847457626,0.13983050847457626,0.0
maxSW,aparc,0.25,Betweenness Centrality,lh_isthmuscingulate,0.0,0.02754237288135593,0.02754237288135593
maxSW,aparc,0.25,Betweenness Centrality,lh_lateraloccipital,0.13771186440677965,0.13347457627118645,-0.004237288135593209
maxSW,aparc,0.25,Betweenness Centrality,lh_lateralorbitofrontal,0.17372881355932204,0.014830508474576272,-0.15889830508474578
maxSW,aparc,0.25,Betweenness Centrality,lh_lingual,0.2754237288135593,0.2754237288135593,0.0
maxSW,aparc,0.25,Betweenness Centrality,lh_medialorbitofrontal,0.07415254237288135,0.023305084745762712,-0.05084745762711864
maxSW,aparc,0.25,Betweenness Centrality,lh_middletemporal,0.7754237288135594,1.0,0.22457627118644063
maxSW,aparc,0.25,Betweenness Centrality,lh_paracentral,0.2711864406779661,0.05296610169491525,-0.21822033898305085
maxSW,aparc,0.25,Betweenness Centrality,lh_parahippocampal,0.2754237288135593,0.0,-0.2754237288135593
maxSW,aparc,0.25,Betweenness Centrality,lh_parsopercularis,0.04025423728813559,0.036016949152542374,-0.004237288135593216
maxSW,aparc,0.25,Betweenness Centrality,lh_parsorbitalis,0.5423728813559322,0.5423728813559322,0.0
maxSW,aparc,0.25,Betweenness Centrality,lh_parstriangularis,0.019067796610169493,0.04025423728813559,0.021186440677966097
maxSW,aparc,0.25,Betweenness Centrality,lh_pericalcarine,0.0,0.0,0.0
maxSW,aparc,0.25,Betweenness Centrality,lh_postcentral,0.036016949152542374,0.07203389830508475,0.036016949152542374
maxSW,aparc,0.25,Betweenness Centrality,lh_posteriorcingulate,0.04025423728813559,0.038135593220338986,-0.0021186440677966045
maxSW,aparc,0.25,Betweenness Centrality,lh_precentral,0.13559322033898305,0.08898305084745763,-0.046610169491525424
maxSW,aparc,0.25,Betweenness Centrality,lh_precuneus,0.01694915254237288,0.05296610169491525,0.036016949152542374
maxSW,aparc,0.25,Betweenness Centrality,lh_rostralanteriorcingulate,0.0,0.0,0.0
maxSW,aparc,0.25,Betweenness Centrality,lh_rostralmiddlefrontal,0.006355932203389831,0.006355932203389831,0.0
maxSW,aparc,0.25,Betweenness Centrality,lh_superiorfrontal,0.4004237288135593,0.2966101694915254,-0.1038135593220339
maxSW,aparc,0.25,Betweenness Centrality,lh_superiorparietal,0.5508474576271186,0.6419491525423728,0.09110169491525422
maxSW,aparc,0.25,Betweenness Centrality,lh_superiortemporal,0.0,0.0,0.0
maxSW,aparc,0.25,Betweenness Centrality,lh_supramarginal,0.2838983050847458,0.0635593220338983,-0.22033898305084748
maxSW,aparc,0.25,Betweenness Centrality,lh_temporalpole,0.0,0.0,0.0
maxSW,aparc,0.25,Betweenness Centrality,lh_transversetemporal,0.13983050847457626,0.13983050847457626,0.0
maxSW,aparc,0.25,Betweenness Centrality,rh_bankssts,0.2754237288135593,0.2754237288135593,0.0
maxSW,aparc,0.25,Betweenness Centrality,rh_caudalanteriorcingulate,0.0,0.0,0.0
maxSW,aparc,0.25,Betweenness Centrality,rh_caudalmiddlefrontal,0.0,0.00423728813559322,0.00423728813559322
maxSW,aparc,0.25,Betweenness Centrality,rh_cuneus,0.0,0.0,0.0
maxSW,aparc,0.25,Betweenness Centrality,rh_entorhinal,0.0,0.13983050847457626,0.13983050847457626
maxSW,aparc,0.25,Betweenness Centrality,rh_frontalpole,0.13983050847457626,0.13983050847457626,0.0
maxSW,aparc,0.25,Betweenness Centrality,rh_fusiform,0.00847457627118644,0.07415254237288135,0.0656779661016949
maxSW,aparc,0.25,Betweenness Centrality,rh_inferiorparietal,0.1716101694915254,0.4894067796610169,0.3177966101694915
maxSW,aparc,0.25,Betweenness Centrality,rh_inferiortemporal,0.0847457627118644,0.0211864406779661,-0.0635593220338983
maxSW,aparc,0.25,Betweenness Centrality,rh_insula,0.0,0.0,0.0
maxSW,aparc,0.25,Betweenness Centrality,rh_isthmuscingulate,0.07415254237288135,0.05508474576271186,-0.01906779661016949
maxSW,aparc,0.25,Betweenness Centrality,rh_lateraloccipital,0.15254237288135594,0.1419491525423729,-0.01059322033898305
maxSW,aparc,0.25,Betweenness Centrality,rh_lateralorbitofrontal,0.5550847457627118,0.6080508474576272,0.052966101694915335
maxSW,aparc,0.25,Betweenness Centrality,rh_lingual,0.0,0.0,0.0
maxSW,aparc,0.25,Betweenness Centrality,rh_medialorbitofrontal,0.10805084745762712,0.057203389830508475,-0.05084745762711865
maxSW,aparc,0.25,Betweenness Centrality,rh_middletemporal,0.0,0.0,0.0
maxSW,aparc,0.25,Betweenness Centrality,rh_paracentral,0.00211864406779661,0.00423728813559322,0.00211864406779661
maxSW,aparc,0.25,Betweenness Centrality,rh_parahippocampal,0.1652542372881356,0.01694915254237288,-0.1483050847457627
maxSW,aparc,0.25,Betweenness Centrality,rh_parsopercularis,0.0,0.0,0.0
maxSW,aparc,0.25,Betweenness Centrality,rh_parsorbitalis,0.6567796610169492,0.9110169491525424,0.2542372881355932
maxSW,aparc,0.25,Betweenness Centrality,rh_parstriangularis,0.0,0.0,0.0
maxSW,aparc,0.25,Betweenness Centrality,rh_pericalcarine,0.13983050847457626,0.13983050847457626,0.0
maxSW,aparc,0.25,Betweenness Centrality,rh_postcentral,0.03177966101694915,0.0,-0.03177966101694915
maxSW,aparc,0.25,Betweenness Centrality,rh_posteriorcingulate,0.0635593220338983,0.04449152542372881,-0.01906779661016949
maxSW,aparc,0.25,Betweenness Centrality,rh_precentral,0.00211864406779661,0.0211864406779661,0.01906779661016949
maxSW,aparc,0.25,Betweenness Centrality,rh_precuneus,0.8347457627118644,0.8050847457627118,-0.029661016949152574
maxSW,aparc,0.25,Betweenness Centrality,rh_rostralanteriorcingulate,0.0,0.0,0.0
maxSW,aparc,0.25,Betweenness Centrality,rh_rostralmiddlefrontal,0.00423728813559322,0.0,-0.00423728813559322
maxSW,aparc,0.25,Betweenness Centrality,rh_superiorfrontal,0.10805084745762712,0.7711864406779662,0.663135593220339
maxSW,aparc,0.25,Betweenness Centrality,rh_superiorparietal,0.014830508474576272,0.07838983050847458,0.0635593220338983
maxSW,aparc,0.25,Betweenness Centrality,rh_superiortemporal,0.0,0.0,0.0
maxSW,aparc,0.25,Betweenness Centrality,rh_supramarginal,0.04025423728813559,0.09533898305084745,0.05508474576271186
maxSW,aparc,0.25,Betweenness Centrality,rh_temporalpole,0.13983050847457626,0.13983050847457626,0.0
maxSW,aparc,0.25,Betweenness Centrality,rh_transversetemporal,0.0,0.0,0.0
maxSW,aparc,0.25,Eigenvector Centrality,lh_bankssts,0.02386530428514945,0.024502583177355895,0.0006372788922064457
maxSW,aparc,0.25,Eigenvector Centrality,lh_caudalanteriorcingulate,0.0846061474138501,0.09568484290826496,0.011078695494414856
maxSW,aparc,0.25,Eigenvector Centrality,lh_caudalmiddlefrontal,0.8885147658478987,0.8794739283033918,-0.009040837544506908
maxSW,aparc,0.25,Eigenvector Centrality,lh_cuneus,0.024076399783232574,0.03979781787186669,0.015721418088634115
maxSW,aparc,0.25,Eigenvector Centrality,lh_entorhinal,0.0008084051205447791,3.921477972017779e-06,-0.0008044836425727613
maxSW,aparc,0.25,Eigenvector Centrality,lh_frontalpole,9.429412407184284e-09,2.208704906506645e-08,1.2657636657882167e-08
maxSW,aparc,0.25,Eigenvector Centrality,lh_fusiform,0.8823743581715967,0.9099879702226779,0.02761361205108115
maxSW,aparc,0.25,Eigenvector Centrality,lh_inferiorparietal,0.9778482630825366,0.9090968675649866,-0.06875139551754994
maxSW,aparc,0.25,Eigenvector Centrality,lh_inferiortemporal,0.6038635262785848,0.5503063169033717,-0.05355720937521302
maxSW,aparc,0.25,Eigenvector Centrality,lh_insula,2.790496768680233e-05,2.8767542798122358e-05,8.625751113200269e-07
maxSW,aparc,0.25,Eigenvector Centrality,lh_isthmuscingulate,0.16344743803053924,0.3313203616834553,0.16787292365291606
maxSW,aparc,0.25,Eigenvector Centrality,lh_lateraloccipital,0.1888611777063003,0.17862797659753704,-0.010233201108763246
maxSW,aparc,0.25,Eigenvector Centrality,lh_lateralorbitofrontal,0.9191332574738439,0.8944167356078441,-0.02471652186599982
maxSW,aparc,0.25,Eigenvector Centrality,lh_lingual,0.0897525129099549,0.09167079414825977,0.0019182812383048697
maxSW,aparc,0.25,Eigenvector Centrality,lh_medialorbitofrontal,0.6956242955914435,0.6063167372629227,-0.08930755832852078
maxSW,aparc,0.25,Eigenvector Centrality,lh_middletemporal,0.15125035882572033,0.14580367506384045,-0.0054466837618798725
maxSW,aparc,0.25,Eigenvector Centrality,lh_paracentral,0.654209186135775,0.6437247705823566,-0.010484415553418391
maxSW,aparc,0.25,Eigenvector Centrality,lh_parahippocampal,0.02947128328344524,0.11430062489955499,0.08482934161610975
maxSW,aparc,0.25,Eigenvector Centrality,lh_parsopercularis,0.9003086361140653,0.9363322462384553,0.03602361012439004
maxSW,aparc,0.25,Eigenvector Centrality,lh_parsorbitalis,0.00017207409950262923,0.00016742425675109435,-4.6498427515348874e-06
maxSW,aparc,0.25,Eigenvector Centrality,lh_parstriangularis,0.9089712284581252,0.9170074459007579,0.00803621744263272
maxSW,aparc,0.25,Eigenvector Centrality,lh_pericalcarine,6.901362361782258e-05,7.512171861136768e-05,6.108094993545097e-06
maxSW,aparc,0.25,Eigenvector Centrality,lh_postcentral,0.32415218757258024,0.21874057103008673,-0.10541161654249351
maxSW,aparc,0.25,Eigenvector Centrality,lh_posteriorcingulate,0.5060576941197903,0.5768310335184806,0.07077333939869035
maxSW,aparc,0.25,Eigenvector Centrality,lh_precentral,0.8962526620306626,0.8789330615802495,-0.01731960045041303
maxSW,aparc,0.25,Eigenvector Centrality,lh_precuneus,0.771151069379479,0.7970489054534154,0.025897836073936475
maxSW,aparc,0.25,Eigenvector Centrality,lh_rostralanteriorcingulate,0.1136410025151618,0.03209489116732077,-0.08154611134784102
maxSW,aparc,0.25,Eigenvector Centrality,lh_rostralmiddlefrontal,0.6718239086592919,0.7466920773432,0.07486816868390811
maxSW,aparc,0.25,Eigenvector Centrality,lh_superiorfrontal,0.6634598712600789,0.6572496494288818,-0.006210221831197127
maxSW,aparc,0.25,Eigenvector Centrality,lh_superiorparietal,0.6872436405712361,0.7940519074443373,0.10680826687310119
maxSW,aparc,0.25,Eigenvector Centrality,lh_superiortemporal,0.6268483294849493,0.565662773192149,-0.061185556292800314
maxSW,aparc,0.25,Eigenvector Centrality,lh_supramarginal,0.9567385451171172,0.9670652451850241,0.010326700067906924
maxSW,aparc,0.25,Eigenvector Centrality,lh_temporalpole,1.4818803276908713e-08,0.0,-1.4818803276908713e-08
maxSW,aparc,0.25,Eigenvector Centrality,lh_transversetemporal,0.02427945183791173,0.025057779467460357,0.0007783276295486273
maxSW,aparc,0.25,Eigenvector Centrality,rh_bankssts,0.0008554496814140006,0.0009243455177473182,6.889583633331762e-05
maxSW,aparc,0.25,Eigenvector Centrality,rh_caudalanteriorcingulate,0.08535395923750674,0.09366155157857715,0.00830759234107041
maxSW,aparc,0.25,Eigenvector Centrality,rh_caudalmiddlefrontal,0.8697693478824914,0.924140418458591,0.05437107057609958
maxSW,aparc,0.25,Eigenvector Centrality,rh_cuneus,0.04158230215893461,0.04021391622774232,-0.0013683859311922897
maxSW,aparc,0.25,Eigenvector Centrality,rh_entorhinal,2.762612398857651e-05,0.00011456923646192377,8.694311247334726e-05
maxSW,aparc,0.25,Eigenvector Centrality,rh_frontalpole,4.150091986080137e-06,4.020121606610398e-06,-1.299703794697389e-07
maxSW,aparc,0.25,Eigenvector Centrality,rh_fusiform,0.7965825700905936,0.8936592862410714,0.09707671615047775
maxSW,aparc,0.25,Eigenvector Centrality,rh_inferiorparietal,0.9964492320763071,1.0,0.00355076792369291
maxSW,aparc,0.25,Eigenvector Centrality,rh_inferiortemporal,0.7125860462474563,0.5866215597512376,-0.1259644864962186
maxSW,aparc,0.25,Eigenvector Centrality,rh_insula,1.058265851978401e-06,1.0458229657825881e-06,-1.2442886195812853e-08
maxSW,aparc,0.25,Eigenvector Centrality,rh_isthmuscingulate,0.21446292390568847,0.19774190625465035,-0.016721017651038117
maxSW,aparc,0.25,Eigenvector Centrality,rh_lateraloccipital,0.25975360811175213,0.3332164608755677,0.07346285276381559
maxSW,aparc,0.25,Eigenvector Centrality,rh_lateralorbitofrontal,0.9532575449940958,0.9085495547131766,-0.04470799028091921
maxSW,aparc,0.25,Eigenvector Centrality,rh_lingual,0.09365156637342048,0.09436917125858478,0.0007176048851642997
maxSW,aparc,0.25,Eigenvector Centrality,rh_medialorbitofrontal,0.6637363009961846,0.5696035936320419,-0.0941327073641427
maxSW,aparc,0.25,Eigenvector Centrality,rh_middletemporal,0.18865569731949167,0.18169829657890493,-0.006957400740586733
maxSW,aparc,0.25,Eigenvector Centrality,rh_paracentral,0.7163564619740403,0.6234540107043385,-0.09290245126970187
maxSW,aparc,0.25,Eigenvector Centrality,rh_parahippocampal,0.1934678326730652,0.22580801704213532,0.03234018436907013
maxSW,aparc,0.25,Eigenvector Centrality,rh_parsopercularis,0.8916295453540451,0.8607392613743479,-0.030890283979697286
maxSW,aparc,0.25,Eigenvector Centrality,rh_parsorbitalis,0.004648026503007178,0.00438577027763462,-0.00026225622537255806
maxSW,aparc,0.25,Eigenvector Centrality,rh_parstriangularis,0.8542269664862062,0.8016792551437426,-0.05254771134246361
maxSW,aparc,0.25,Eigenvector Centrality,rh_pericalcarine,0.0019677571981148007,0.0021999753054923908,0.00023221810737759007
maxSW,aparc,0.25,Eigenvector Centrality,rh_postcentral,0.2965674529448508,0.17952966832907274,-0.11703778461577807
maxSW,aparc,0.25,Eigenvector Centrality,rh_posteriorcingulate,0.43999905035515974,0.5417322326379879,0.10173318228282813
maxSW,aparc,0.25,Eigenvector Centrality,rh_precentral,0.7991456244791284,0.8310131245726641,0.03186750009353567
maxSW,aparc,0.25,Eigenvector Centrality,rh_precuneus,0.73313641493072,0.7591157877346152,0.025979372803895173
maxSW,aparc,0.25,Eigenvector Centrality,rh_rostralanteriorcingulate,0.15797684695387798,0.03248618717189982,-0.12549065978197815
maxSW,aparc,0.25,Eigenvector Centrality,rh_rostralmiddlefrontal,0.6708826022731563,0.7245146583328683,0.053632056059712
maxSW,aparc,0.25,Eigenvector Centrality,rh_superiorfrontal,0.7340178632320244,0.7584325811235405,0.024414717891516058
maxSW,aparc,0.25,Eigenvector Centrality,rh_superiorparietal,0.6159546670436077,0.6434116132784435,0.027456946234835855
maxSW,aparc,0.25,Eigenvector Centrality,rh_superiortemporal,0.565436485149975,0.59185160558482,0.026415120434844952
maxSW,aparc,0.25,Eigenvector Centrality,rh_supramarginal,0.9492413269602094,0.9287095307747371,-0.020531796185472295
maxSW,aparc,0.25,Eigenvector Centrality,rh_temporalpole,3.920774638053453e-06,3.577842293298097e-06,-3.429323447553562e-07
maxSW,aparc,0.25,Eigenvector Centrality,rh_transversetemporal,0.0009435430113630346,0.0009210012598930243,-2.2541751470010296e-05
maxSW,aparc,0.25,Node Degree,lh_bankssts,0.02702702702702703,0.02702702702702703,0.0
maxSW,aparc,0.25,Node Degree,lh_caudalanteriorcingulate,0.13513513513513514,0.13513513513513514,0.0
maxSW,aparc,0.25,Node Degree,lh_caudalmiddlefrontal,0.8108108108108109,0.7837837837837838,-0.027027027027027084
maxSW,aparc,0.25,Node Degree,lh_cuneus,0.10810810810810811,0.16216216216216217,0.05405405405405406
maxSW,aparc,0.25,Node Degree,lh_entorhinal,0.02702702702702703,0.0,-0.02702702702702703
maxSW,aparc,0.25,Node Degree,lh_frontalpole,0.0,0.0,0.0
maxSW,aparc,0.25,Node Degree,lh_fusiform,0.8378378378378378,0.8648648648648649,0.027027027027027084
maxSW,aparc,0.25,Node Degree,lh_inferiorparietal,0.918918918918919,0.8108108108108109,-0.10810810810810811
maxSW,aparc,0.25,Node Degree,lh_inferiortemporal,0.5675675675675675,0.5135135135135135,-0.05405405405405406
maxSW,aparc,0.25,Node Degree,lh_insula,0.02702702702702703,0.02702702702702703,0.0
maxSW,aparc,0.25,Node Degree,lh_isthmuscingulate,0.21621621621621623,0.3783783783783784,0.16216216216216217
maxSW,aparc,0.25,Node Degree,lh_lateraloccipital,0.32432432432432434,0.32432432432432434,0.0
maxSW,aparc,0.25,Node Degree,lh_lateralorbitofrontal,0.918918918918919,0.8378378378378378,-0.08108108108108114
maxSW,aparc,0.25,Node Degree,lh_lingual,0.21621621621621623,0.24324324324324326,0.02702702702702703
maxSW,aparc,0.25,Node Degree,lh_medialorbitofrontal,0.7297297297297297,0.6486486486486487,-0.08108108108108103
maxSW,aparc,0.25,Node Degree,lh_middletemporal,0.1891891891891892,0.1891891891891892,0.0
maxSW,aparc,0.25,Node Degree,lh_paracentral,0.6756756756756757,0.6756756756756757,0.0
maxSW,aparc,0.25,Node Degree,lh_parahippocampal,0.05405405405405406,0.10810810810810811,0.05405405405405406
maxSW,aparc,0.25,Node Degree,lh_parsopercularis,0.8108108108108109,0.8648648648648649,0.05405405405405406
maxSW,aparc,0.25,Node Degree,lh_parsorbitalis,0.05405405405405406,0.05405405405405406,0.0
maxSW,aparc,0.25,Node Degree,lh_parstriangularis,0.8378378378378378,0.8648648648648649,0.027027027027027084
maxSW,aparc,0.25,Node Degree,lh_pericalcarine,0.0,0.0,0.0
maxSW,aparc,0.25,Node Degree,lh_postcentral,0.43243243243243246,0.3783783783783784,-0.05405405405405406
maxSW,aparc,0.25,Node Degree,lh_posteriorcingulate,0.5405405405405406,0.5675675675675675,0.027027027027026973
maxSW,aparc,0.25,Node Degree,lh_precentral,0.8108108108108109,0.8108108108108109,0.0
maxSW,aparc,0.25,Node Degree,lh_precuneus,0.6756756756756757,0.7027027027027027,0.027027027027027084
maxSW,aparc,0.25,Node Degree,lh_rostralanteriorcingulate,0.10810810810810811,0.02702702702702703,-0.08108108108108109
maxSW,aparc,0.25,Node Degree,lh_rostralmiddlefrontal,0.5675675675675675,0.6756756756756757,0.10810810810810811
maxSW,aparc,0.25,Node Degree,lh_superiorfrontal,0.5945945945945946,0.5945945945945946,0.0
maxSW,aparc,0.25,Node Degree,lh_superiorparietal,0.7027027027027027,0.8108108108108109,0.10810810810810811
maxSW,aparc,0.25,Node Degree,lh_superiortemporal,0.5675675675675675,0.5135135135135135,-0.05405405405405406
maxSW,aparc,0.25,Node Degree,lh_supramarginal,0.8378378378378378,0.8648648648648649,0.027027027027027084
maxSW,aparc,0.25,Node Degree,lh_temporalpole,0.0,0.0,0.0
maxSW,aparc,0.25,Node Degree,lh_transversetemporal,0.02702702702702703,0.02702702702702703,0.0
maxSW,aparc,0.25,Node Degree,rh_bankssts,0.02702702702702703,0.02702702702702703,0.0
maxSW,aparc,0.25,Node Degree,rh_caudalanteriorcingulate,0.13513513513513514,0.13513513513513514,0.0
maxSW,aparc,0.25,Node Degree,rh_caudalmiddlefrontal,0.7567567567567568,0.8108108108108109,0.05405405405405406
maxSW,aparc,0.25,Node Degree,rh_cuneus,0.13513513513513514,0.16216216216216217,0.02702702702702703
maxSW,aparc,0.25,Node Degree,rh_entorhinal,0.0,0.02702702702702703,0.02702702702702703
maxSW,aparc,0.25,Node Degree,rh_frontalpole,0.02702702702702703,0.02702702702702703,0.0
maxSW,aparc,0.25,Node Degree,rh_fusiform,0.7567567567567568,0.8648648648648649,0.10810810810810811
maxSW,aparc,0.25,Node Degree,rh_inferiorparietal,0.918918918918919,0.918918918918919,0.0
maxSW,aparc,0.25,Node Degree,rh_inferiortemporal,0.6756756756756757,0.5405405405405406,-0.1351351351351351
maxSW,aparc,0.25,Node Degree,rh_insula,0.0,0.0,0.0
maxSW,aparc,0.25,Node Degree,rh_isthmuscingulate,0.32432432432432434,0.2702702702702703,-0.05405405405405406
maxSW,aparc,0.25,Node Degree,rh_lateraloccipital,0.40540540540540543,0.4594594594594595,0.05405405405405406
maxSW,aparc,0.25,Node Degree,rh_lateralorbitofrontal,1.0,0.9459459459459459,-0.05405405405405406
maxSW,aparc,0.25,Node Degree,rh_lingual,0.21621621621621623,0.21621621621621623,0.0
maxSW,aparc,0.25,Node Degree,rh_medialorbitofrontal,0.7027027027027027,0.6216216216216216,-0.08108108108108114
maxSW,aparc,0.25,Node Degree,rh_middletemporal,0.1891891891891892,0.1891891891891892,0.0
maxSW,aparc,0.25,Node Degree,rh_paracentral,0.7027027027027027,0.6486486486486487,-0.05405405405405406
maxSW,aparc,0.25,Node Degree,rh_parahippocampal,0.1891891891891892,0.21621621621621623,0.02702702702702703
maxSW,aparc,0.25,Node Degree,rh_parsopercularis,0.7837837837837838,0.7567567567567568,-0.027027027027026973
maxSW,aparc,0.25,Node Degree,rh_parsorbitalis,0.02702702702702703,0.05405405405405406,0.02702702702702703
maxSW,aparc,0.25,Node Degree,rh_parstriangularis,0.7567567567567568,0.7027027027027027,-0.05405405405405406
maxSW,aparc,0.25,Node Degree,rh_pericalcarine,0.02702702702702703,0.02702702702702703,0.0
maxSW,aparc,0.25,Node Degree,rh_postcentral,0.40540540540540543,0.32432432432432434,-0.08108108108108109
maxSW,aparc,0.25,Node Degree,rh_posteriorcingulate,0.4864864864864865,0.5405405405405406,0.05405405405405406
maxSW,aparc,0.25,Node Degree,rh_precentral,0.7567567567567568,0.7567567567567568,0.0
maxSW,aparc,0.25,Node Degree,rh_precuneus,0.6756756756756757,0.7297297297297297,0.05405405405405406
maxSW,aparc,0.25,Node Degree,rh_rostralanteriorcingulate,0.16216216216216217,0.02702702702702703,-0.13513513513513514
maxSW,aparc,0.25,Node Degree,rh_rostralmiddlefrontal,0.6216216216216216,0.6756756756756757,0.05405405405405406
maxSW,aparc,0.25,Node Degree,rh_superiorfrontal,0.6756756756756757,0.7027027027027027,0.027027027027027084
maxSW,aparc,0.25,Node Degree,rh_superiorparietal,0.6486486486486487,0.6756756756756757,0.027027027027026973
maxSW,aparc,0.25,Node Degree,rh_superiortemporal,0.5135135135135135,0.5405405405405406,0.027027027027027084
maxSW,aparc,0.25,Node Degree,rh_supramarginal,0.8378378378378378,0.8108108108108109,-0.027027027027026973
maxSW,aparc,0.25,Node Degree,rh_temporalpole,0.02702702702702703,0.02702702702702703,0.0
maxSW,aparc,0.25,Node Degree,rh_transversetemporal,0.0,0.0,0.0
maxSW,aparc,0.3,Participation Coefficient,lh_bankssts,0.0,0.6861045376323296,0.6861045376323296
maxSW,aparc,0.3,Participation Coefficient,lh_caudalanteriorcingulate,0.23380141991071896,0.3693457018617752,0.13554428195105622
maxSW,aparc,0.3,Participation Coefficient,lh_caudalmiddlefrontal,0.7311576872301899,0.7418040757631712,0.010646388532981277
maxSW,aparc,0.3,Participation Coefficient,lh_cuneus,0.0,0.0,0.0
maxSW,aparc,0.3,Participation Coefficient,lh_entorhinal,0.0,0.0,0.0
maxSW,aparc,0.3,Participation Coefficient,lh_frontalpole,0.0,0.0,0.0
maxSW,aparc,0.3,Participation Coefficient,lh_fusiform,0.699197369825852,0.8291850615357994,0.1299876917099474
maxSW,aparc,0.3,Participation Coefficient,lh_inferiorparietal,0.8759359037835667,0.8428518413999259,-0.03308406238364081
maxSW,aparc,0.3,Participation Coefficient,lh_inferiortemporal,0.351630988302282,0.2952375109735199,-0.0563934773287621
maxSW,aparc,0.3,Participation Coefficient,lh_insula,0.0,0.0,0.0
maxSW,aparc,0.3,Participation Coefficient,lh_isthmuscingulate,0.9271055860281462,0.9099287142315321,-0.01717687179661409
maxSW,aparc,0.3,Participation Coefficient,lh_lateraloccipital,0.6305878698462042,0.0,-0.6305878698462042
maxSW,aparc,0.3,Participation Coefficient,lh_lateralorbitofrontal,0.8298753959676884,0.8221243572138123,-0.007751038753876172
maxSW,aparc,0.3,Participation Coefficient,lh_lingual,0.0,0.0,0.0
maxSW,aparc,0.3,Participation Coefficient,lh_medialorbitofrontal,0.9422652323354648,0.8963433214287894,-0.04592191090667541
maxSW,aparc,0.3,Participation Coefficient,lh_middletemporal,0.2594382227428173,0.230262165773197,-0.029176056969620306
maxSW,aparc,0.3,Participation Coefficient,lh_paracentral,1.0,0.9201439525579725,-0.07985604744202746
maxSW,aparc,0.3,Participation Coefficient,lh_parahippocampal,0.5631828988487565,0.8856752106856397,0.3224923118368832
maxSW,aparc,0.3,Participation Coefficient,lh_parsopercularis,0.7321166166910589,0.7913349389329682,0.05921832224190937
maxSW,aparc,0.3,Participation Coefficient,lh_parsorbitalis,0.0,0.0,0.0
maxSW,aparc,0.3,Participation Coefficient,lh_parstriangularis,0.7812110630983654,0.7837492682341739,0.002538205135808491
maxSW,aparc,0.3,Participation Coefficient,lh_pericalcarine,0.0,0.0,0.0
maxSW,aparc,0.3,Participation Coefficient,lh_postcentral,0.9424861193690875,0.7132380892338056,-0.22924803013528194
maxSW,aparc,0.3,Participation Coefficient,lh_posteriorcingulate,0.8604807257892566,0.857499801567217,-0.0029809242220396603
maxSW,aparc,0.3,Participation Coefficient,lh_precentral,0.900217949900982,0.8639982872363532,-0.03621966266462884
maxSW,aparc,0.3,Participation Coefficient,lh_precuneus,0.9122202509663988,0.8811584639598306,-0.031061787006568253
maxSW,aparc,0.3,Participation Coefficient,lh_rostralanteriorcingulate,0.4799416341077877,0.6570647865108511,0.17712315240306342
maxSW,aparc,0.3,Participation Coefficient,lh_rostralmiddlefrontal,0.6540714365614488,0.7181376632860582,0.06406622672460938
maxSW,aparc,0.3,Participation Coefficient,lh_superiorfrontal,0.41930667776646446,0.43328105862250543,0.013974380856040969
maxSW,aparc,0.3,Participation Coefficient,lh_superiorparietal,0.9890391010519312,0.9045915983506402,-0.08444750270129098
maxSW,aparc,0.3,Participation Coefficient,lh_superiortemporal,0.3028824283367854,0.37375841249742303,0.07087598416063762
maxSW,aparc,0.3,Participation Coefficient,lh_supramarginal,0.7792456248396424,0.7958929711732686,0.01664734633362619
maxSW,aparc,0.3,Participation Coefficient,lh_temporalpole,0.0,0.0,0.0
maxSW,aparc,0.3,Participation Coefficient,lh_transversetemporal,0.0,0.0,0.0
maxSW,aparc,0.3,Participation Coefficient,rh_bankssts,0.0,0.0,0.0
maxSW,aparc,0.3,Participation Coefficient,rh_caudalanteriorcingulate,0.0,0.0,0.0
maxSW,aparc,0.3,Participation Coefficient,rh_caudalmiddlefrontal,0.8304958239874073,0.7867085228087,-0.04378730117870733
maxSW,aparc,0.3,Participation Coefficient,rh_cuneus,0.0,0.0,0.0
maxSW,aparc,0.3,Participation Coefficient,rh_entorhinal,0.0,0.0,0.0
maxSW,aparc,0.3,Participation Coefficient,rh_frontalpole,0.0,0.0,0.0
maxSW,aparc,0.3,Participation Coefficient,rh_fusiform,0.7411264547561931,0.8317005560439187,0.09057410128772558
maxSW,aparc,0.3,Participation Coefficient,rh_inferiorparietal,0.8770860325613836,0.8364311733883183,-0.04065485917306533
maxSW,aparc,0.3,Participation Coefficient,rh_inferiortemporal,0.409120778826355,0.4355122397119564,0.026391460885601403
maxSW,aparc,0.3,Participation Coefficient,rh_insula,0.0,0.0,0.0
maxSW,aparc,0.3,Participation Coefficient,rh_isthmuscingulate,0.9657375789347781,0.8709740381437066,-0.09476354079107152
maxSW,aparc,0.3,Participation Coefficient,rh_lateraloccipital,0.8603186011079167,0.749593405145944,-0.11072519596197272
maxSW,aparc,0.3,Participation Coefficient,rh_lateralorbitofrontal,0.8256842917888713,0.7805648629026439,-0.04511942888622733
maxSW,aparc,0.3,Participation Coefficient,rh_lingual,0.366805778988114,0.0,-0.366805778988114
maxSW,aparc,0.3,Participation Coefficient,rh_medialorbitofrontal,0.9214874488915348,0.8870208580867709,-0.034466590804763886
maxSW,aparc,0.3,Participation Coefficient,rh_middletemporal,0.0,0.0,0.0
maxSW,aparc,0.3,Participation Coefficient,rh_paracentral,0.9971522513061327,0.9171746858884876,-0.07997756541764511
maxSW,aparc,0.3,Participation Coefficient,rh_parahippocampal,0.9200665859014276,0.7846968517094518,-0.13536973419197584
maxSW,aparc,0.3,Participation Coefficient,rh_parsopercularis,0.7759209528341541,0.756943958291475,-0.018976994542679093
maxSW,aparc,0.3,Participation Coefficient,rh_parsorbitalis,0.6843138403160985,0.5992068185606523,-0.08510702175544627
maxSW,aparc,0.3,Participation Coefficient,rh_parstriangularis,0.7048080283657622,0.7592827591841924,0.05447473081843024
maxSW,aparc,0.3,Participation Coefficient,rh_pericalcarine,0.0,0.0,0.0
maxSW,aparc,0.3,Participation Coefficient,rh_postcentral,0.951220123790516,0.28570304805975294,-0.6655170757307631
maxSW,aparc,0.3,Participation Coefficient,rh_posteriorcingulate,0.8784263389649933,0.8330506615788875,-0.04537567738610582
maxSW,aparc,0.3,Participation Coefficient,rh_precentral,0.8998575250208771,0.8841276540067545,-0.0157298710141226
maxSW,aparc,0.3,Participation Coefficient,rh_precuneus,0.9521027700683613,0.8799801046138759,-0.07212266545448542
maxSW,aparc,0.3,Participation Coefficient,rh_rostralanteriorcingulate,0.682520061658988,0.32934417557427903,-0.353175886084709
maxSW,aparc,0.3,Participation Coefficient,rh_rostralmiddlefrontal,0.8580599888037789,0.8066354086038501,-0.05142458019992879
maxSW,aparc,0.3,Participation Coefficient,rh_superiorfrontal,0.4145088040194963,0.5283426567145973,0.11383385269510105
maxSW,aparc,0.3,Participation Coefficient,rh_superiorparietal,0.9605923787404258,0.9048793493090952,-0.05571302943133061
maxSW,aparc,0.3,Participation Coefficient,rh_superiortemporal,0.3142298320505856,0.37588845188589615,0.06165861983531057
maxSW,aparc,0.3,Participation Coefficient,rh_supramarginal,0.7607096530211173,0.7928965551762749,0.032186902155157626
maxSW,aparc,0.3,Participation Coefficient,rh_temporalpole,0.0,0.0,0.0
maxSW,aparc,0.3,Participation Coefficient,rh_transversetemporal,0.0,0.0,0.0
maxSW,aparc,0.3,Node Versatility,lh_bankssts,0.17646199353303263,0.09277951063814134,-0.08368248289489129
maxSW,aparc,0.3,Node Versatility,lh_caudalanteriorcingulate,0.3241262836112079,0.2293928470897758,-0.09473343652143207
maxSW,aparc,0.3,Node Versatility,lh_caudalmiddlefrontal,0.06842661149717906,0.0325179045537507,-0.03590870694342836
maxSW,aparc,0.3,Node Versatility,lh_cuneus,0.16422887495148777,0.19128475965889083,0.027055884707403055
maxSW,aparc,0.3,Node Versatility,lh_entorhinal,0.5029327142751142,0.0,-0.5029327142751142
maxSW,aparc,0.3,Node Versatility,lh_frontalpole,0.0,0.0,0.0
maxSW,aparc,0.3,Node Versatility,lh_fusiform,0.618066879844404,0.7020711347062215,0.0840042548618175
maxSW,aparc,0.3,Node Versatility,lh_inferiorparietal,0.04946446585905757,0.031049116773343367,-0.0184153490857142
maxSW,aparc,0.3,Node Versatility,lh_inferiortemporal,0.24898902758183117,0.030261618602740573,-0.2187274089790906
maxSW,aparc,0.3,Node Versatility,lh_insula,0.17646199353303263,0.09277951063814134,-0.08368248289489129
maxSW,aparc,0.3,Node Versatility,lh_isthmuscingulate,0.3339775058736495,0.2844740847129714,-0.049503421160678074
maxSW,aparc,0.3,Node Versatility,lh_lateraloccipital,0.16422887495148777,0.19128475965889083,0.027055884707403055
maxSW,aparc,0.3,Node Versatility,lh_lateralorbitofrontal,0.9177041355301538,0.6626241876010447,-0.25507994792910915
maxSW,aparc,0.3,Node Versatility,lh_lingual,0.16422887495148777,0.19128475965889083,0.027055884707403055
maxSW,aparc,0.3,Node Versatility,lh_medialorbitofrontal,0.4601172887532987,0.1045720502761292,-0.3555452384771695
maxSW,aparc,0.3,Node Versatility,lh_middletemporal,0.14125650848288052,0.030261618602740573,-0.11099488988013995
maxSW,aparc,0.3,Node Versatility,lh_paracentral,0.45128486527861283,0.48882231427174144,0.03753744899312861
maxSW,aparc,0.3,Node Versatility,lh_parahippocampal,0.4249112776875813,0.3648539990228537,-0.0600572786647276
maxSW,aparc,0.3,Node Versatility,lh_parsopercularis,0.16221462872472447,0.04661252156962252,-0.11560210715510195
maxSW,aparc,0.3,Node Versatility,lh_parsorbitalis,0.0,0.0,0.0
maxSW,aparc,0.3,Node Versatility,lh_parstriangularis,0.10789782000031815,0.031049116773343367,-0.07684870322697479
maxSW,aparc,0.3,Node Versatility,lh_pericalcarine,0.302164469806714,0.23116676629852825,-0.07099770350818577
maxSW,aparc,0.3,Node Versatility,lh_postcentral,0.16422887495148777,0.19128475965889083,0.027055884707403055
maxSW,aparc,0.3,Node Versatility,lh_posteriorcingulate,0.2886624304207001,0.232419395732088,-0.05624303468861211
maxSW,aparc,0.3,Node Versatility,lh_precentral,0.13999874283824304,0.44227994587817065,0.3022812030399276
maxSW,aparc,0.3,Node Versatility,lh_precuneus,0.416038130779515,0.2386537774663234,-0.1773843533131916
maxSW,aparc,0.3,Node Versatility,lh_rostralanteriorcingulate,0.8043967180621545,0.6567280613027547,-0.14766865675939977
maxSW,aparc,0.3,Node Versatility,lh_rostralmiddlefrontal,0.16170557870810381,0.030846025032459593,-0.13085955367564422
maxSW,aparc,0.3,Node Versatility,lh_superiorfrontal,0.14125650848288052,0.030261618602740573,-0.11099488988013995
maxSW,aparc,0.3,Node Versatility,lh_superiorparietal,0.1776065086894523,0.26612089909703474,0.08851439040758244
maxSW,aparc,0.3,Node Versatility,lh_superiortemporal,0.14125650848288052,0.030261618602740573,-0.11099488988013995
maxSW,aparc,0.3,Node Versatility,lh_supramarginal,0.08364868891761519,0.03131616909705379,-0.0523325198205614
maxSW,aparc,0.3,Node Versatility,lh_temporalpole,0.0,0.0,0.0
maxSW,aparc,0.3,Node Versatility,lh_transversetemporal,0.734347767753199,0.45255552156992,-0.28179224618327897
maxSW,aparc,0.3,Node Versatility,rh_bankssts,0.17646199353303263,0.09277951063814134,-0.08368248289489129
maxSW,aparc,0.3,Node Versatility,rh_caudalanteriorcingulate,0.3241262836112079,0.2293928470897758,-0.09473343652143207
maxSW,aparc,0.3,Node Versatility,rh_caudalmiddlefrontal,0.1954820911311104,0.03250336210047934,-0.16297872903063104
maxSW,aparc,0.3,Node Versatility,rh_cuneus,0.16422887495148777,0.19128475965889083,0.027055884707403055
maxSW,aparc,0.3,Node Versatility,rh_entorhinal,0.5029327142751142,0.0,-0.5029327142751142
maxSW,aparc,0.3,Node Versatility,rh_frontalpole,0.0,0.0,0.0
maxSW,aparc,0.3,Node Versatility,rh_fusiform,0.6813427077149538,0.401465690265531,-0.2798770174494228
maxSW,aparc,0.3,Node Versatility,rh_inferiorparietal,0.13841536089163908,0.031049116773343367,-0.10736624411829572
maxSW,aparc,0.3,Node Versatility,rh_inferiortemporal,0.32501802559135945,0.030261618602740573,-0.2947564069886189
maxSW,aparc,0.3,Node Versatility,rh_insula,0.17646199353303263,0.09277951063814134,-0.08368248289489129
maxSW,aparc,0.3,Node Versatility,rh_isthmuscingulate,0.35085199224547003,0.2630691218889335,-0.08778287035653654
maxSW,aparc,0.3,Node Versatility,rh_lateraloccipital,0.16422887495148777,0.19128475965889083,0.027055884707403055
maxSW,aparc,0.3,Node Versatility,rh_lateralorbitofrontal,1.0,0.6614659055028698,-0.33853409449713023
maxSW,aparc,0.3,Node Versatility,rh_lingual,0.16422887495148777,0.19128475965889083,0.027055884707403055
maxSW,aparc,0.3,Node Versatility,rh_medialorbitofrontal,0.14742897119682982,0.09797512062735622,-0.0494538505694736
maxSW,aparc,0.3,Node Versatility,rh_middletemporal,0.14125650848288052,0.030261618602740573,-0.11099488988013995
maxSW,aparc,0.3,Node Versatility,rh_paracentral,0.4686595463057644,0.3902585849241003,-0.07840096138166408
maxSW,aparc,0.3,Node Versatility,rh_parahippocampal,0.40404220868064783,0.4099571126734057,0.005914903992757847
maxSW,aparc,0.3,Node Versatility,rh_parsopercularis,0.06842661149717906,0.03877957877548727,-0.029647032721691793
maxSW,aparc,0.3,Node Versatility,rh_parsorbitalis,0.0,0.0,0.0
maxSW,aparc,0.3,Node Versatility,rh_parstriangularis,0.19618561847088187,0.031049116773343367,-0.1651365016975385
maxSW,aparc,0.3,Node Versatility,rh_pericalcarine,0.302164469806714,0.23116676629852825,-0.07099770350818577
maxSW,aparc,0.3,Node Versatility,rh_postcentral,0.16422887495148777,0.19128475965889083,0.027055884707403055
maxSW,aparc,0.3,Node Versatility,rh_posteriorcingulate,0.2886624304207001,0.232419395732088,-0.05624303468861211
maxSW,aparc,0.3,Node Versatility,rh_precentral,0.25211866472923833,0.4588642414770326,0.20674557674779426
maxSW,aparc,0.3,Node Versatility,rh_precuneus,0.36487932471566803,0.2105551663390288,-0.15432415837663924
maxSW,aparc,0.3,Node Versatility,rh_rostralanteriorcingulate,0.8234131004560785,0.6795151775418649,-0.14389792291421366
maxSW,aparc,0.3,Node Versatility,rh_rostralmiddlefrontal,0.18037641799620494,0.06355755374220567,-0.11681886425399926
maxSW,aparc,0.3,Node Versatility,rh_superiorfrontal,0.14125650848288052,0.030261618602740573,-0.11099488988013995
maxSW,aparc,0.3,Node Versatility,rh_superiorparietal,0.1776065086894523,0.25606360588232474,0.07845709719287244
maxSW,aparc,0.3,Node Versatility,rh_superiortemporal,0.14125650848288052,0.030261618602740573,-0.11099488988013995
maxSW,aparc,0.3,Node Versatility,rh_supramarginal,0.08170074115142895,0.031049116773343367,-0.05065162437808558
maxSW,aparc,0.3,Node Versatility,rh_temporalpole,0.0,0.0,0.0
maxSW,aparc,0.3,Node Versatility,rh_transversetemporal,0.734347767753199,0.45255552156992,-0.28179224618327897
maxSW,aparc,0.3,Node Strength,lh_bankssts,0.028359292232589366,0.029585147663997214,0.0012258554314078483
maxSW,aparc,0.3,Node Strength,lh_caudalanteriorcingulate,0.21655171349726376,0.262838148477882,0.04628643498061824
maxSW,aparc,0.3,Node Strength,lh_caudalmiddlefrontal,0.7529328133317258,0.7566825629642017,0.003749749632475874
maxSW,aparc,0.3,Node Strength,lh_cuneus,0.15100520700193315,0.1531882891603805,0.0021830821584473414
maxSW,aparc,0.3,Node Strength,lh_entorhinal,0.02388111262738859,0.005965697979427612,-0.017915414647960978
maxSW,aparc,0.3,Node Strength,lh_frontalpole,0.0,0.002699523136645301,0.002699523136645301
maxSW,aparc,0.3,Node Strength,lh_fusiform,0.8492456415779547,0.9399064555823942,0.09066081400443948
maxSW,aparc,0.3,Node Strength,lh_inferiorparietal,0.9451777663504998,0.9161934784473789,-0.02898428790312091
maxSW,aparc,0.3,Node Strength,lh_inferiortemporal,0.647977546346358,0.5692381679937094,-0.07873937835264855
maxSW,aparc,0.3,Node Strength,lh_insula,0.03228861445391495,0.03029050874826904,-0.0019981057056459063
maxSW,aparc,0.3,Node Strength,lh_isthmuscingulate,0.42427821561072365,0.6550020049815999,0.23072378937087623
maxSW,aparc,0.3,Node Strength,lh_lateraloccipital,0.3531888805943547,0.31293217165935516,-0.04025670893499955
maxSW,aparc,0.3,Node Strength,lh_lateralorbitofrontal,0.988794176340981,0.9677223644499664,-0.02107181189101459
maxSW,aparc,0.3,Node Strength,lh_lingual,0.21852110025209845,0.22523167036466146,0.0067105701125630135
maxSW,aparc,0.3,Node Strength,lh_medialorbitofrontal,0.8829834963765443,0.8265146942222815,-0.056468802154262754
maxSW,aparc,0.3,Node Strength,lh_middletemporal,0.17981750842309702,0.20384586852403733,0.02402836010094031
maxSW,aparc,0.3,Node Strength,lh_paracentral,0.7294266271600609,0.7499922933537443,0.020565666193683385
maxSW,aparc,0.3,Node Strength,lh_parahippocampal,0.13794600300826404,0.1913598627978434,0.053413859789579354
maxSW,aparc,0.3,Node Strength,lh_parsopercularis,0.8101163500203137,0.88167173376926,0.07155538374894632
maxSW,aparc,0.3,Node Strength,lh_parsorbitalis,0.03965655134458492,0.03960259160329514,-5.395974128977882e-05
maxSW,aparc,0.3,Node Strength,lh_parstriangularis,0.7965011565196454,0.8041881831560072,0.007687026636361782
maxSW,aparc,0.3,Node Strength,lh_pericalcarine,0.005913975602233443,0.0053543140444674,-0.0005596615577660429
maxSW,aparc,0.3,Node Strength,lh_postcentral,0.540168866913223,0.4912852615606552,-0.04888360535256775
maxSW,aparc,0.3,Node Strength,lh_posteriorcingulate,0.647305305685993,0.6735850103147575,0.0262797046287645
maxSW,aparc,0.3,Node Strength,lh_precentral,0.8635147615106079,0.9023406621687087,0.038825900658100765
maxSW,aparc,0.3,Node Strength,lh_precuneus,0.777374847466537,0.8259103264866929,0.04853547902015598
maxSW,aparc,0.3,Node Strength,lh_rostralanteriorcingulate,0.18859898158514293,0.09551261358417627,-0.09308636800096666
maxSW,aparc,0.3,Node Strength,lh_rostralmiddlefrontal,0.6397620555194342,0.7626864989190679,0.12292444339963371
maxSW,aparc,0.3,Node Strength,lh_superiorfrontal,0.6515185161198341,0.6102701183556957,-0.04124839776413847
maxSW,aparc,0.3,Node Strength,lh_superiorparietal,0.7468321286967918,0.8227064542805475,0.07587432558375562
maxSW,aparc,0.3,Node Strength,lh_superiortemporal,0.5690309216820642,0.5734342623167795,0.004403340634715369
maxSW,aparc,0.3,Node Strength,lh_supramarginal,0.8781738786271396,0.8992962685606383,0.021122389933498686
maxSW,aparc,0.3,Node Strength,lh_temporalpole,0.0019219251064538582,0.001097290900954232,-0.0008246342054996263
maxSW,aparc,0.3,Node Strength,lh_transversetemporal,0.05315173341781578,0.07330881136479524,0.020157077946979456
maxSW,aparc,0.3,Node Strength,rh_bankssts,0.028473866035380727,0.02887195615594921,0.00039809012056848253
maxSW,aparc,0.3,Node Strength,rh_caudalanteriorcingulate,0.1991978233925102,0.17032462267250567,-0.028873200720004516
maxSW,aparc,0.3,Node Strength,rh_caudalmiddlefrontal,0.8579941222615424,0.8255267193015404,-0.032467402960001945
maxSW,aparc,0.3,Node Strength,rh_cuneus,0.15098306176064316,0.1530731260464062,0.002090064285763027
maxSW,aparc,0.3,Node Strength,rh_entorhinal,0.005355351668247933,0.023674002572970795,0.01831865090472286
maxSW,aparc,0.3,Node Strength,rh_frontalpole,0.016688019187879127,0.019373016239257527,0.0026849970513783995
maxSW,aparc,0.3,Node Strength,rh_fusiform,0.8281820779274688,0.9053966302317346,0.07721455230426577
maxSW,aparc,0.3,Node Strength,rh_inferiorparietal,0.95081773326186,0.9323282543034292,-0.018489478958430783
maxSW,aparc,0.3,Node Strength,rh_inferiortemporal,0.6989039975509319,0.6207723756128277,-0.07813162193810419
maxSW,aparc,0.3,Node Strength,rh_insula,0.010193943805214364,0.009146300169574085,-0.0010476436356402791
maxSW,aparc,0.3,Node Strength,rh_isthmuscingulate,0.47065230363362154,0.5353408586609929,0.06468855502737136
maxSW,aparc,0.3,Node Strength,rh_lateraloccipital,0.4500412050278446,0.5201086116656619,0.0700674066378173
maxSW,aparc,0.3,Node Strength,rh_lateralorbitofrontal,1.0,0.911529343589794,-0.08847065641020602
maxSW,aparc,0.3,Node Strength,rh_lingual,0.27564669319539614,0.2809145140397753,0.005267820844379156
maxSW,aparc,0.3,Node Strength,rh_medialorbitofrontal,0.8342254226201119,0.7162802303432333,-0.11794519227687861
maxSW,aparc,0.3,Node Strength,rh_middletemporal,0.279569003646092,0.21356446965355094,-0.06600453399254105
maxSW,aparc,0.3,Node Strength,rh_paracentral,0.7347091705062181,0.7247936347392797,-0.009915535766938377
maxSW,aparc,0.3,Node Strength,rh_parahippocampal,0.32653948292673796,0.2647610151659681,-0.06177846776076984
maxSW,aparc,0.3,Node Strength,rh_parsopercularis,0.8077868549306825,0.778583560440032,-0.02920329449065051
maxSW,aparc,0.3,Node Strength,rh_parsorbitalis,0.027931473146657535,0.046105349628671174,0.01817387648201364
maxSW,aparc,0.3,Node Strength,rh_parstriangularis,0.7727679418016492,0.7621809689432005,-0.010586972858448673
maxSW,aparc,0.3,Node Strength,rh_pericalcarine,0.020719183163929407,0.021610157432669242,0.0008909742687398352
maxSW,aparc,0.3,Node Strength,rh_postcentral,0.5848657574892466,0.3554185466819038,-0.22944721080734282
maxSW,aparc,0.3,Node Strength,rh_posteriorcingulate,0.6215728053420262,0.6696347109363978,0.04806190559437162
maxSW,aparc,0.3,Node Strength,rh_precentral,0.8907961131408275,0.8956101359717595,0.004814022830932019
maxSW,aparc,0.3,Node Strength,rh_precuneus,0.8552338355666249,0.7900341224907176,-0.06519971307590733
maxSW,aparc,0.3,Node Strength,rh_rostralanteriorcingulate,0.1898423680272335,0.1396819362457462,-0.0501604317814873
maxSW,aparc,0.3,Node Strength,rh_rostralmiddlefrontal,0.741242237388937,0.7045599975888058,-0.03668223980013119
maxSW,aparc,0.3,Node Strength,rh_superiorfrontal,0.6788696731103951,0.6887013151504179,0.009831642040022737
maxSW,aparc,0.3,Node Strength,rh_superiorparietal,0.6713550394775112,0.8134514102894835,0.14209637081197235
maxSW,aparc,0.3,Node Strength,rh_superiortemporal,0.5451135507106821,0.5719153396606304,0.026801788949948224
maxSW,aparc,0.3,Node Strength,rh_supramarginal,0.8484523880286722,0.8523077280083611,0.0038553399796888987
maxSW,aparc,0.3,Node Strength,rh_temporalpole,0.01770761126420673,0.01598418617857879,-0.0017234250856279394
maxSW,aparc,0.3,Node Strength,rh_transversetemporal,0.008444747731227773,0.00709528892929889,-0.001349458801928883
maxSW,aparc,0.3,Local Efficiency,lh_bankssts,0.0,0.0,0.0
maxSW,aparc,0.3,Local Efficiency,lh_caudalanteriorcingulate,0.9079457126025253,0.8756493930465024,-0.03229631955602297
maxSW,aparc,0.3,Local Efficiency,lh_caudalmiddlefrontal,0.9125499050004424,0.924083700958269,0.011533795957826554
maxSW,aparc,0.3,Local Efficiency,lh_cuneus,0.9771560564996573,0.9923843962677195,0.015228339768062149
maxSW,aparc,0.3,Local Efficiency,lh_entorhinal,0.0,0.0,0.0
maxSW,aparc,0.3,Local Efficiency,lh_frontalpole,0.0,0.0,0.0
maxSW,aparc,0.3,Local Efficiency,lh_fusiform,0.8586467289846346,0.8251912225980118,-0.03345550638662276
maxSW,aparc,0.3,Local Efficiency,lh_inferiorparietal,0.8683952960553993,0.8870346860684493,0.018639390013049928
maxSW,aparc,0.3,Local Efficiency,lh_inferiortemporal,0.8752166474708822,0.8916530562770815,0.016436408806199232
maxSW,aparc,0.3,Local Efficiency,lh_insula,0.0,0.0,0.0
maxSW,aparc,0.3,Local Efficiency,lh_isthmuscingulate,0.8166707432287477,0.8329449806715807,0.016274237442833073
maxSW,aparc,0.3,Local Efficiency,lh_lateraloccipital,0.859656928265395,0.8973042706961784,0.03764734243078338
maxSW,aparc,0.3,Local Efficiency,lh_lateralorbitofrontal,0.8003466572070471,0.8213515130557459,0.021004855848698822
maxSW,aparc,0.3,Local Efficiency,lh_lingual,0.7503321797296603,0.7652065124974801,0.014874332767819798
maxSW,aparc,0.3,Local Efficiency,lh_medialorbitofrontal,0.7915336278129657,0.8185430229904668,0.027009395177501117
maxSW,aparc,0.3,Local Efficiency,lh_middletemporal,0.7675032848990719,0.7757133066108993,0.008210021711827387
maxSW,aparc,0.3,Local Efficiency,lh_paracentral,0.8322857510626179,0.8192996734788675,-0.012986077583750477
maxSW,aparc,0.3,Local Efficiency,lh_parahippocampal,0.6619224840379019,0.9352767575481362,0.27335427351023434
maxSW,aparc,0.3,Local Efficiency,lh_parsopercularis,0.9078756904787624,0.8786845722617171,-0.02919111821704523
maxSW,aparc,0.3,Local Efficiency,lh_parsorbitalis,0.0,0.0,0.0
maxSW,aparc,0.3,Local Efficiency,lh_parstriangularis,0.8972417294852356,0.8978432524489444,0.0006015229637087449
maxSW,aparc,0.3,Local Efficiency,lh_pericalcarine,0.0,0.0,0.0
maxSW,aparc,0.3,Local Efficiency,lh_postcentral,0.8076125297459739,0.8074334652231409,-0.00017906452283300567
maxSW,aparc,0.3,Local Efficiency,lh_posteriorcingulate,0.8277484982988111,0.8640248796521118,0.03627638135330069
maxSW,aparc,0.3,Local Efficiency,lh_precentral,0.8777960367520364,0.8543689661342111,-0.02342707061782534
maxSW,aparc,0.3,Local Efficiency,lh_precuneus,0.8597429084471688,0.856394093411242,-0.0033488150359268776
maxSW,aparc,0.3,Local Efficiency,lh_rostralanteriorcingulate,0.9185156981623124,0.8813422575728507,-0.037173440589461704
maxSW,aparc,0.3,Local Efficiency,lh_rostralmiddlefrontal,0.9091763488857626,0.8712699763646067,-0.03790637252115592
maxSW,aparc,0.3,Local Efficiency,lh_superiorfrontal,0.9017145982139385,0.9315874783223596,0.02987288010842104
maxSW,aparc,0.3,Local Efficiency,lh_superiorparietal,0.8490941646526438,0.8512239163477465,0.002129751695102766
maxSW,aparc,0.3,Local Efficiency,lh_superiortemporal,0.9257348889433549,0.9276845553357322,0.0019496663923773694
maxSW,aparc,0.3,Local Efficiency,lh_supramarginal,0.903125651449986,0.8946358005326854,-0.00848985091730059
maxSW,aparc,0.3,Local Efficiency,lh_temporalpole,0.0,0.0,0.0
maxSW,aparc,0.3,Local Efficiency,lh_transversetemporal,0.32368286577304517,0.4591188019075835,0.1354359361345383
maxSW,aparc,0.3,Local Efficiency,rh_bankssts,0.0,0.0,0.0
maxSW,aparc,0.3,Local Efficiency,rh_caudalanteriorcingulate,0.9518935049997825,0.9525651435145985,0.0006716385148159976
maxSW,aparc,0.3,Local Efficiency,rh_caudalmiddlefrontal,0.891815694293389,0.931900299383544,0.04008460509015499
maxSW,aparc,0.3,Local Efficiency,rh_cuneus,0.9770534154786003,0.9921412556400878,0.015087840161487565
maxSW,aparc,0.3,Local Efficiency,rh_entorhinal,0.0,0.0,0.0
maxSW,aparc,0.3,Local Efficiency,rh_frontalpole,0.0,0.0,0.0
maxSW,aparc,0.3,Local Efficiency,rh_fusiform,0.8415733277247542,0.8433127757505797,0.0017394480258254852
maxSW,aparc,0.3,Local Efficiency,rh_inferiorparietal,0.8699044916681583,0.8968608829907483,0.02695639132258998
maxSW,aparc,0.3,Local Efficiency,rh_inferiortemporal,0.8776221676037285,0.9094026450336257,0.0317804774298972
maxSW,aparc,0.3,Local Efficiency,rh_insula,0.0,0.0,0.0
maxSW,aparc,0.3,Local Efficiency,rh_isthmuscingulate,0.7738399305401702,0.8124591866762844,0.038619256136114166
maxSW,aparc,0.3,Local Efficiency,rh_lateraloccipital,0.8300376514217741,0.8147534081297428,-0.015284243292031263
maxSW,aparc,0.3,Local Efficiency,rh_lateralorbitofrontal,0.8054852392851609,0.8447382756627606,0.03925303637759969
maxSW,aparc,0.3,Local Efficiency,rh_lingual,0.876730124958204,0.8972470368066684,0.02051691184846438
maxSW,aparc,0.3,Local Efficiency,rh_medialorbitofrontal,0.8149067877820111,0.832709468468479,0.017802680686467953
maxSW,aparc,0.3,Local Efficiency,rh_middletemporal,0.9603619732792446,1.0,0.03963802672075545
maxSW,aparc,0.3,Local Efficiency,rh_paracentral,0.842948426505945,0.8333279685649739,-0.009620457940971106
maxSW,aparc,0.3,Local Efficiency,rh_parahippocampal,0.8934777911837912,0.8686153038155099,-0.02486248736828134
maxSW,aparc,0.3,Local Efficiency,rh_parsopercularis,0.9159770179289435,0.9207507670012006,0.0047737490722571385
maxSW,aparc,0.3,Local Efficiency,rh_parsorbitalis,0.0,0.0,0.0
maxSW,aparc,0.3,Local Efficiency,rh_parstriangularis,0.8897222735678236,0.8970426839411674,0.007320410373343744
maxSW,aparc,0.3,Local Efficiency,rh_pericalcarine,0.0,0.0,0.0
maxSW,aparc,0.3,Local Efficiency,rh_postcentral,0.7996590611926317,0.8583711647032786,0.05871210351064682
maxSW,aparc,0.3,Local Efficiency,rh_posteriorcingulate,0.8384829913291918,0.8576017336831439,0.019118742353952056
maxSW,aparc,0.3,Local Efficiency,rh_precentral,0.8407818037804067,0.8412777285408003,0.0004959247603936179
maxSW,aparc,0.3,Local Efficiency,rh_precuneus,0.7793476939252493,0.8100435351946291,0.030695841269379853
maxSW,aparc,0.3,Local Efficiency,rh_rostralanteriorcingulate,0.8656357237799605,0.8572017994068962,-0.008433924373064228
maxSW,aparc,0.3,Local Efficiency,rh_rostralmiddlefrontal,0.8577578697026111,0.9083874211318638,0.05062955142925263
maxSW,aparc,0.3,Local Efficiency,rh_superiorfrontal,0.9021593812388942,0.9129159603098355,0.010756579070941297
maxSW,aparc,0.3,Local Efficiency,rh_superiorparietal,0.8667237753788297,0.8414489876890108,-0.025274787689818945
maxSW,aparc,0.3,Local Efficiency,rh_superiortemporal,0.931152288302737,0.9262518868232954,-0.004900401479441596
maxSW,aparc,0.3,Local Efficiency,rh_supramarginal,0.9112548179832723,0.9157493615009228,0.00449454351765044
maxSW,aparc,0.3,Local Efficiency,rh_temporalpole,0.0,0.0,0.0
maxSW,aparc,0.3,Local Efficiency,rh_transversetemporal,0.0,0.0,0.0
maxSW,aparc,0.3,Clustering Coefficient,lh_bankssts,0.0,0.0,0.0
maxSW,aparc,0.3,Clustering Coefficient,lh_caudalanteriorcingulate,0.8729264149343348,0.8110873650869604,-0.06183904984737432
maxSW,aparc,0.3,Clustering Coefficient,lh_caudalmiddlefrontal,0.8399471471708928,0.85972766736361,0.019780520192717144
maxSW,aparc,0.3,Clustering Coefficient,lh_cuneus,0.9846547972485917,1.0,0.015345202751408271
maxSW,aparc,0.3,Clustering Coefficient,lh_entorhinal,0.0,0.0,0.0
maxSW,aparc,0.3,Clustering Coefficient,lh_frontalpole,0.0,0.0,0.0
maxSW,aparc,0.3,Clustering Coefficient,lh_fusiform,0.7380835795939118,0.6776927204193453,-0.06039085917456655
maxSW,aparc,0.3,Clustering Coefficient,lh_inferiorparietal,0.7431243011197023,0.7833146723907178,0.040190371271015546
maxSW,aparc,0.3,Clustering Coefficient,lh_inferiortemporal,0.7715255466760688,0.8068636374201879,0.03533809074411909
maxSW,aparc,0.3,Clustering Coefficient,lh_insula,0.0,0.0,0.0
maxSW,aparc,0.3,Clustering Coefficient,lh_isthmuscingulate,0.6983521078259578,0.7305772109437509,0.03222510311779314
maxSW,aparc,0.3,Clustering Coefficient,lh_lateraloccipital,0.7411749922565616,0.7966876307887027,0.05551263853214117
maxSW,aparc,0.3,Clustering Coefficient,lh_lateralorbitofrontal,0.6282815509083476,0.668184779953716,0.03990322904536836
maxSW,aparc,0.3,Clustering Coefficient,lh_lingual,0.7133297791141336,0.7275102177486393,0.014180438634505688
maxSW,aparc,0.3,Clustering Coefficient,lh_medialorbitofrontal,0.6329620579646401,0.6927138400603722,0.059751782095732064
maxSW,aparc,0.3,Clustering Coefficient,lh_middletemporal,0.7733931405870469,0.7675675909351104,-0.00582554965193649
maxSW,aparc,0.3,Clustering Coefficient,lh_paracentral,0.7017901125713283,0.6807602293630656,-0.021029883208262712
maxSW,aparc,0.3,Clustering Coefficient,lh_parahippocampal,0.6670021077793453,0.9288169095609392,0.2618148017815939
maxSW,aparc,0.3,Clustering Coefficient,lh_parsopercularis,0.8262000141000155,0.7724312074957654,-0.0537688066042501
maxSW,aparc,0.3,Clustering Coefficient,lh_parsorbitalis,0.0,0.0,0.0
maxSW,aparc,0.3,Clustering Coefficient,lh_parstriangularis,0.8154259088665425,0.8102557946141471,-0.005170114252395441
maxSW,aparc,0.3,Clustering Coefficient,lh_pericalcarine,0.0,0.0,0.0
maxSW,aparc,0.3,Clustering Coefficient,lh_postcentral,0.6526908834446543,0.6539887856043783,0.0012979021597240292
maxSW,aparc,0.3,Clustering Coefficient,lh_posteriorcingulate,0.7019537659755639,0.7737329522615514,0.07177918628598745
maxSW,aparc,0.3,Clustering Coefficient,lh_precentral,0.765881811447771,0.7280350765687913,-0.037846734878979715
maxSW,aparc,0.3,Clustering Coefficient,lh_precuneus,0.7394508793694525,0.7356001256006964,-0.003850753768756099
maxSW,aparc,0.3,Clustering Coefficient,lh_rostralanteriorcingulate,0.89913255740955,0.8414184261677315,-0.057714131241818456
maxSW,aparc,0.3,Clustering Coefficient,lh_rostralmiddlefrontal,0.8476167162786117,0.7758882475202727,-0.07172846875833894
maxSW,aparc,0.3,Clustering Coefficient,lh_superiorfrontal,0.8201187092178666,0.8677859865930034,0.047667277375136874
maxSW,aparc,0.3,Clustering Coefficient,lh_superiorparietal,0.7225746300914717,0.7240874721997436,0.0015128421082718502
maxSW,aparc,0.3,Clustering Coefficient,lh_superiortemporal,0.872550860749743,0.8703218940337716,-0.002228966715971392
maxSW,aparc,0.3,Clustering Coefficient,lh_supramarginal,0.8050838872111059,0.7918227629939736,-0.013261124217132325
maxSW,aparc,0.3,Clustering Coefficient,lh_temporalpole,0.0,0.0,0.0
maxSW,aparc,0.3,Clustering Coefficient,lh_transversetemporal,0.3261668230479956,0.46264210081727764,0.13647527776928203
maxSW,aparc,0.3,Clustering Coefficient,rh_bankssts,0.0,0.0,0.0
maxSW,aparc,0.3,Clustering Coefficient,rh_caudalanteriorcingulate,0.945814613447288,0.9598751724605122,0.014060559013224228
maxSW,aparc,0.3,Clustering Coefficient,rh_caudalmiddlefrontal,0.7978783420699016,0.8629473192924221,0.06506897722252047
maxSW,aparc,0.3,Clustering Coefficient,rh_cuneus,0.9845513685555942,0.9997549934999522,0.015203624944358007
maxSW,aparc,0.3,Clustering Coefficient,rh_entorhinal,0.0,0.0,0.0
maxSW,aparc,0.3,Clustering Coefficient,rh_frontalpole,0.0,0.0,0.0
maxSW,aparc,0.3,Clustering Coefficient,rh_fusiform,0.7192097791962981,0.7202160938193097,0.001006314623011595
maxSW,aparc,0.3,Clustering Coefficient,rh_inferiorparietal,0.7426038633570867,0.7918564838136104,0.04925262045652368
maxSW,aparc,0.3,Clustering Coefficient,rh_inferiortemporal,0.7746258213872124,0.8394233170774018,0.06479749569018944
maxSW,aparc,0.3,Clustering Coefficient,rh_insula,0.0,0.0,0.0
maxSW,aparc,0.3,Clustering Coefficient,rh_isthmuscingulate,0.6188686747557685,0.6971620807592227,0.07829340600345425
maxSW,aparc,0.3,Clustering Coefficient,rh_lateraloccipital,0.6863143610657293,0.6652614293469055,-0.02105293171882383
maxSW,aparc,0.3,Clustering Coefficient,rh_lateralorbitofrontal,0.6323430403633634,0.7052169970589143,0.07287395669555086
maxSW,aparc,0.3,Clustering Coefficient,rh_lingual,0.7816298826614289,0.8082261636859779,0.02659628102454903
maxSW,aparc,0.3,Clustering Coefficient,rh_medialorbitofrontal,0.6789184036739069,0.713240133896768,0.03432173022286111
maxSW,aparc,0.3,Clustering Coefficient,rh_middletemporal,0.9290904316237264,0.9792309969537386,0.05014056533001221
maxSW,aparc,0.3,Clustering Coefficient,rh_paracentral,0.7188043548571902,0.7086330640816442,-0.010171290775546016
maxSW,aparc,0.3,Clustering Coefficient,rh_parahippocampal,0.8543706775828313,0.7917626933891054,-0.06260798419372582
maxSW,aparc,0.3,Clustering Coefficient,rh_parsopercularis,0.8448052601795237,0.8567521890781864,0.011946928898662668
maxSW,aparc,0.3,Clustering Coefficient,rh_parsorbitalis,0.0,0.0,0.0
maxSW,aparc,0.3,Clustering Coefficient,rh_parstriangularis,0.8001634233461559,0.823335043752441,0.023171620406285176
maxSW,aparc,0.3,Clustering Coefficient,rh_pericalcarine,0.0,0.0,0.0
maxSW,aparc,0.3,Clustering Coefficient,rh_postcentral,0.6433182408917555,0.7355546441712282,0.09223640327947269
maxSW,aparc,0.3,Clustering Coefficient,rh_posteriorcingulate,0.7254644037883623,0.7638383229270596,0.038373919138697254
maxSW,aparc,0.3,Clustering Coefficient,rh_precentral,0.7090959758460368,0.7070312468208595,-0.002064729025177292
maxSW,aparc,0.3,Clustering Coefficient,rh_precuneus,0.6480142312934686,0.7065336673515263,0.05851943605805776
maxSW,aparc,0.3,Clustering Coefficient,rh_rostralanteriorcingulate,0.7930237864218964,0.7970543201583161,0.004030533736419706
maxSW,aparc,0.3,Clustering Coefficient,rh_rostralmiddlefrontal,0.7623204281168134,0.8543989147547073,0.09207848663789386
maxSW,aparc,0.3,Clustering Coefficient,rh_superiorfrontal,0.8190942595480182,0.8308310184593122,0.011736758911293999
maxSW,aparc,0.3,Clustering Coefficient,rh_superiorparietal,0.7548790185008005,0.7108433430230057,-0.044035675477794856
maxSW,aparc,0.3,Clustering Coefficient,rh_superiortemporal,0.8823444009783413,0.8690570826652112,-0.013287318313130125
maxSW,aparc,0.3,Clustering Coefficient,rh_supramarginal,0.8238285013547143,0.8301637268959307,0.006335225541216349
maxSW,aparc,0.3,Clustering Coefficient,rh_temporalpole,0.0,0.0,0.0
maxSW,aparc,0.3,Clustering Coefficient,rh_transversetemporal,0.0,0.0,0.0
maxSW,aparc,0.3,Betweenness Centrality,lh_bankssts,0.4067796610169492,0.4067796610169492,0.0
maxSW,aparc,0.3,Betweenness Centrality,lh_caudalanteriorcingulate,0.0,0.0,0.0
maxSW,aparc,0.3,Betweenness Centrality,lh_caudalmiddlefrontal,0.0,0.0,0.0
maxSW,aparc,0.3,Betweenness Centrality,lh_cuneus,0.0,0.0,0.0
maxSW,aparc,0.3,Betweenness Centrality,lh_entorhinal,0.13983050847457626,0.0,-0.13983050847457626
maxSW,aparc,0.3,Betweenness Centrality,lh_frontalpole,0.0,0.0,0.0
maxSW,aparc,0.3,Betweenness Centrality,lh_fusiform,0.006355932203389831,0.019067796610169493,0.012711864406779662
maxSW,aparc,0.3,Betweenness Centrality,lh_inferiorparietal,0.08898305084745763,0.012711864406779662,-0.07627118644067796
maxSW,aparc,0.3,Betweenness Centrality,lh_inferiortemporal,0.2944915254237288,0.03177966101694915,-0.2627118644067796
maxSW,aparc,0.3,Betweenness Centrality,lh_insula,0.13983050847457626,0.13983050847457626,0.0
maxSW,aparc,0.3,Betweenness Centrality,lh_isthmuscingulate,0.0,0.014830508474576272,0.014830508474576272
maxSW,aparc,0.3,Betweenness Centrality,lh_lateraloccipital,0.09745762711864407,0.12076271186440678,0.023305084745762705
maxSW,aparc,0.3,Betweenness Centrality,lh_lateralorbitofrontal,0.19703389830508475,0.057203389830508475,-0.1398305084745763
maxSW,aparc,0.3,Betweenness Centrality,lh_lingual,0.2754237288135593,0.2754237288135593,0.0
maxSW,aparc,0.3,Betweenness Centrality,lh_medialorbitofrontal,0.13559322033898305,0.038135593220338986,-0.09745762711864406
maxSW,aparc,0.3,Betweenness Centrality,lh_middletemporal,0.7754237288135594,1.0,0.22457627118644063
maxSW,aparc,0.3,Betweenness Centrality,lh_paracentral,0.09322033898305085,0.048728813559322036,-0.04449152542372881
maxSW,aparc,0.3,Betweenness Centrality,lh_parahippocampal,0.2754237288135593,0.0,-0.2754237288135593
maxSW,aparc,0.3,Betweenness Centrality,lh_parsopercularis,0.00423728813559322,0.01694915254237288,0.012711864406779662
maxSW,aparc,0.3,Betweenness Centrality,lh_parsorbitalis,0.5423728813559322,0.5423728813559322,0.0
maxSW,aparc,0.3,Betweenness Centrality,lh_parstriangularis,0.01694915254237288,0.03389830508474576,0.01694915254237288
maxSW,aparc,0.3,Betweenness Centrality,lh_pericalcarine,0.0,0.0,0.0
maxSW,aparc,0.3,Betweenness Centrality,lh_postcentral,0.048728813559322036,0.019067796610169493,-0.029661016949152543
maxSW,aparc,0.3,Betweenness Centrality,lh_posteriorcingulate,0.036016949152542374,0.014830508474576272,-0.0211864406779661
maxSW,aparc,0.3,Betweenness Centrality,lh_precentral,0.10805084745762712,0.07415254237288135,-0.03389830508474577
maxSW,aparc,0.3,Betweenness Centrality,lh_precuneus,0.1694915254237288,0.1906779661016949,0.0211864406779661
maxSW,aparc,0.3,Betweenness Centrality,lh_rostralanteriorcingulate,0.0,0.0,0.0
maxSW,aparc,0.3,Betweenness Centrality,lh_rostralmiddlefrontal,0.00211864406779661,0.326271186440678,0.3241525423728814
maxSW,aparc,0.3,Betweenness Centrality,lh_superiorfrontal,0.3622881355932203,0.18008474576271186,-0.18220338983050846
maxSW,aparc,0.3,Betweenness Centrality,lh_superiorparietal,0.4364406779661017,0.565677966101695,0.12923728813559326
maxSW,aparc,0.3,Betweenness Centrality,lh_superiortemporal,0.0,0.0,0.0
maxSW,aparc,0.3,Betweenness Centrality,lh_supramarginal,0.2944915254237288,0.09110169491525423,-0.2033898305084746
maxSW,aparc,0.3,Betweenness Centrality,lh_temporalpole,0.0,0.0,0.0
maxSW,aparc,0.3,Betweenness Centrality,lh_transversetemporal,0.13983050847457626,0.13983050847457626,0.0
maxSW,aparc,0.3,Betweenness Centrality,rh_bankssts,0.2754237288135593,0.2754237288135593,0.0
maxSW,aparc,0.3,Betweenness Centrality,rh_caudalanteriorcingulate,0.0,0.0,0.0
maxSW,aparc,0.3,Betweenness Centrality,rh_caudalmiddlefrontal,0.0,0.0,0.0
maxSW,aparc,0.3,Betweenness Centrality,rh_cuneus,0.0,0.0,0.0
maxSW,aparc,0.3,Betweenness Centrality,rh_entorhinal,0.0,0.13983050847457626,0.13983050847457626
maxSW,aparc,0.3,Betweenness Centrality,rh_frontalpole,0.13983050847457626,0.13983050847457626,0.0
maxSW,aparc,0.3,Betweenness Centrality,rh_fusiform,0.0,0.048728813559322036,0.048728813559322036
maxSW,aparc,0.3,Betweenness Centrality,rh_inferiorparietal,0.1271186440677966,0.1716101694915254,0.044491525423728806
maxSW,aparc,0.3,Betweenness Centrality,rh_inferiortemporal,0.08050847457627118,0.04025423728813559,-0.04025423728813559
maxSW,aparc,0.3,Betweenness Centrality,rh_insula,0.0,0.0,0.0
maxSW,aparc,0.3,Betweenness Centrality,rh_isthmuscingulate,0.05296610169491525,0.0211864406779661,-0.03177966101694915
maxSW,aparc,0.3,Betweenness Centrality,rh_lateraloccipital,0.11652542372881355,0.1694915254237288,0.05296610169491525
maxSW,aparc,0.3,Betweenness Centrality,rh_lateralorbitofrontal,0.4745762711864407,0.4046610169491525,-0.06991525423728817
maxSW,aparc,0.3,Betweenness Centrality,rh_lingual,0.025423728813559324,0.006355932203389831,-0.019067796610169493
maxSW,aparc,0.3,Betweenness Centrality,rh_medialorbitofrontal,0.09745762711864407,0.05296610169491525,-0.04449152542372882
maxSW,aparc,0.3,Betweenness Centrality,rh_middletemporal,0.0,0.0,0.0
maxSW,aparc,0.3,Betweenness Centrality,rh_paracentral,0.00211864406779661,0.00423728813559322,0.00211864406779661
maxSW,aparc,0.3,Betweenness Centrality,rh_parahippocampal,0.0826271186440678,0.01694915254237288,-0.06567796610169492
maxSW,aparc,0.3,Betweenness Centrality,rh_parsopercularis,0.0,0.0,0.0
maxSW,aparc,0.3,Betweenness Centrality,rh_parsorbitalis,0.6567796610169492,0.9110169491525424,0.2542372881355932
maxSW,aparc,0.3,Betweenness Centrality,rh_parstriangularis,0.00211864406779661,0.0,-0.00211864406779661
maxSW,aparc,0.3,Betweenness Centrality,rh_pericalcarine,0.13983050847457626,0.13983050847457626,0.0
maxSW,aparc,0.3,Betweenness Centrality,rh_postcentral,0.04449152542372881,0.0,-0.04449152542372881
maxSW,aparc,0.3,Betweenness Centrality,rh_posteriorcingulate,0.014830508474576272,0.01694915254237288,0.0021186440677966097
maxSW,aparc,0.3,Betweenness Centrality,rh_precentral,0.00847457627118644,0.029661016949152543,0.0211864406779661
maxSW,aparc,0.3,Betweenness Centrality,rh_precuneus,0.6292372881355932,0.6313559322033898,0.0021186440677966045
maxSW,aparc,0.3,Betweenness Centrality,rh_rostralanteriorcingulate,0.0,0.0,0.0
maxSW,aparc,0.3,Betweenness Centrality,rh_rostralmiddlefrontal,0.00423728813559322,0.0,-0.00423728813559322
maxSW,aparc,0.3,Betweenness Centrality,rh_superiorfrontal,0.13135593220338984,0.4766949152542373,0.3453389830508474
maxSW,aparc,0.3,Betweenness Centrality,rh_superiorparietal,0.014830508474576272,0.11228813559322035,0.09745762711864407
maxSW,aparc,0.3,Betweenness Centrality,rh_superiortemporal,0.0,0.0,0.0
maxSW,aparc,0.3,Betweenness Centrality,rh_supramarginal,0.048728813559322036,0.0847457627118644,0.03601694915254237
maxSW,aparc,0.3,Betweenness Centrality,rh_temporalpole,0.13983050847457626,0.13983050847457626,0.0
maxSW,aparc,0.3,Betweenness Centrality,rh_transversetemporal,0.0,0.0,0.0
maxSW,aparc,0.3,Eigenvector Centrality,lh_bankssts,0.02474462593112598,0.02311981647036313,-0.0016248094607628528
maxSW,aparc,0.3,Eigenvector Centrality,lh_caudalanteriorcingulate,0.20802407386246458,0.25521926710754866,0.04719519324508409
maxSW,aparc,0.3,Eigenvector Centrality,lh_caudalmiddlefrontal,0.8471538647751332,0.8451741543626472,-0.001979710412486013
maxSW,aparc,0.3,Eigenvector Centrality,lh_cuneus,0.059235598915169024,0.04953990331473484,-0.009695695600434186
maxSW,aparc,0.3,Eigenvector Centrality,lh_entorhinal,0.003466659864484236,3.049819841957141e-06,-0.003463610044642279
maxSW,aparc,0.3,Eigenvector Centrality,lh_frontalpole,0.0,1.627575618510167e-08,1.627575618510167e-08
maxSW,aparc,0.3,Eigenvector Centrality,lh_fusiform,0.8891454134380151,0.9404689842408451,0.05132357080283001
maxSW,aparc,0.3,Eigenvector Centrality,lh_inferiorparietal,0.9939993062693671,0.9742417933521372,-0.019757512917229825
maxSW,aparc,0.3,Eigenvector Centrality,lh_inferiortemporal,0.6653351507548918,0.5815582495233239,-0.08377690123156789
maxSW,aparc,0.3,Eigenvector Centrality,lh_insula,2.3440565022946666e-05,2.164392670845783e-05,-1.7966383144888352e-06
maxSW,aparc,0.3,Eigenvector Centrality,lh_isthmuscingulate,0.40205863583525314,0.6734263533280533,0.2713677174928002
maxSW,aparc,0.3,Eigenvector Centrality,lh_lateraloccipital,0.24991532870034086,0.20002905568634458,-0.049886273013996285
maxSW,aparc,0.3,Eigenvector Centrality,lh_lateralorbitofrontal,0.9650375801501074,0.9585401597309506,-0.006497420419156796
maxSW,aparc,0.3,Eigenvector Centrality,lh_lingual,0.10754276805425761,0.10351803904489043,-0.004024729009367178
maxSW,aparc,0.3,Eigenvector Centrality,lh_medialorbitofrontal,0.8678250815645157,0.8363016043244944,-0.03152347724002125
maxSW,aparc,0.3,Eigenvector Centrality,lh_middletemporal,0.1442205070820941,0.15882467652180024,0.014604169439706133
maxSW,aparc,0.3,Eigenvector Centrality,lh_paracentral,0.7407660062415035,0.7318404125160154,-0.008925593725488068
maxSW,aparc,0.3,Eigenvector Centrality,lh_parahippocampal,0.14043671184378628,0.2216147998986802,0.0811780880548939
maxSW,aparc,0.3,Eigenvector Centrality,lh_parsopercularis,0.8963629652794373,0.9329635791821808,0.036600613902743495
maxSW,aparc,0.3,Eigenvector Centrality,lh_parsorbitalis,0.0001328533353410543,0.0001453729024157405,1.2519567074686206e-05
maxSW,aparc,0.3,Eigenvector Centrality,lh_parstriangularis,0.8834466247238177,0.8740553105352095,-0.00939131418860828
maxSW,aparc,0.3,Eigenvector Centrality,lh_pericalcarine,6.69983620252127e-05,6.766036016941597e-05,6.619981442032623e-07
maxSW,aparc,0.3,Eigenvector Centrality,lh_postcentral,0.45450666469539835,0.3950471724422942,-0.05945949225310415
maxSW,aparc,0.3,Eigenvector Centrality,lh_posteriorcingulate,0.6583528345713835,0.7104875648249691,0.052134730253585615
maxSW,aparc,0.3,Eigenvector Centrality,lh_precentral,0.9255676047587985,0.931862140390318,0.006294535631519493
maxSW,aparc,0.3,Eigenvector Centrality,lh_precuneus,0.8172480230218409,0.8496102918877584,0.03236226886591753
maxSW,aparc,0.3,Eigenvector Centrality,lh_rostralanteriorcingulate,0.2042140602379297,0.10460422287154167,-0.09960983736638804
maxSW,aparc,0.3,Eigenvector Centrality,lh_rostralmiddlefrontal,0.7249351134877274,0.8141857171545764,0.089250603666849
maxSW,aparc,0.3,Eigenvector Centrality,lh_superiorfrontal,0.6945170895830618,0.6520294411544135,-0.04248764842864827
maxSW,aparc,0.3,Eigenvector Centrality,lh_superiorparietal,0.7531057974440041,0.8270743764758454,0.07396857903184129
maxSW,aparc,0.3,Eigenvector Centrality,lh_superiortemporal,0.6261021533836537,0.616843321679,-0.009258831704653692
maxSW,aparc,0.3,Eigenvector Centrality,lh_supramarginal,0.955578119280532,0.9575158134813946,0.0019376942008625386
maxSW,aparc,0.3,Eigenvector Centrality,lh_temporalpole,3.367670025029768e-09,9.877064702423082e-10,-2.3799635547874596e-09
maxSW,aparc,0.3,Eigenvector Centrality,lh_transversetemporal,0.04951867361910825,0.0561577967815732,0.006639123162464948
maxSW,aparc,0.3,Eigenvector Centrality,rh_bankssts,0.0007981525005542338,0.0007787558461022662,-1.9396654451967637e-05
maxSW,aparc,0.3,Eigenvector Centrality,rh_caudalanteriorcingulate,0.18634411344960625,0.16745460795926692,-0.018889505490339326
maxSW,aparc,0.3,Eigenvector Centrality,rh_caudalmiddlefrontal,0.9388421104230094,0.9153592949408333,-0.02348281548217601
maxSW,aparc,0.3,Eigenvector Centrality,rh_cuneus,0.05988292710727126,0.050079785624250396,-0.00980314148302086
maxSW,aparc,0.3,Eigenvector Centrality,rh_entorhinal,0.00010693890033727037,9.948250757938672e-05,-7.456392757883648e-06
maxSW,aparc,0.3,Eigenvector Centrality,rh_frontalpole,2.8844739724142488e-06,3.125797044973104e-06,2.4132307255885536e-07
maxSW,aparc,0.3,Eigenvector Centrality,rh_fusiform,0.8648733718993246,0.9338105753678057,0.06893720346848109
maxSW,aparc,0.3,Eigenvector Centrality,rh_inferiorparietal,1.0,0.9902435446175587,-0.009756455382441298
maxSW,aparc,0.3,Eigenvector Centrality,rh_inferiortemporal,0.7283730930640723,0.6570439540840992,-0.07132913897997306
maxSW,aparc,0.3,Eigenvector Centrality,rh_insula,8.070150918553876e-07,7.013281898728159e-07,-1.0568690198257169e-07
maxSW,aparc,0.3,Eigenvector Centrality,rh_isthmuscingulate,0.4109627379265214,0.5238345715007396,0.11287183357421826
maxSW,aparc,0.3,Eigenvector Centrality,rh_lateraloccipital,0.3542741870005262,0.4286481297414972,0.07437394274097098
maxSW,aparc,0.3,Eigenvector Centrality,rh_lateralorbitofrontal,0.9744358285622612,0.9152195827068013,-0.059216245855459926
maxSW,aparc,0.3,Eigenvector Centrality,rh_lingual,0.17063558490921546,0.17107138535724137,0.0004358004480259081
maxSW,aparc,0.3,Eigenvector Centrality,rh_medialorbitofrontal,0.8480116875062845,0.7306674345111014,-0.11734425299518314
maxSW,aparc,0.3,Eigenvector Centrality,rh_middletemporal,0.2813258728360724,0.19578709514654694,-0.08553877768952547
maxSW,aparc,0.3,Eigenvector Centrality,rh_paracentral,0.7563061464425256,0.726044215243116,-0.030261931199409564
maxSW,aparc,0.3,Eigenvector Centrality,rh_parahippocampal,0.3730671698493643,0.2772350533680532,-0.09583211648131107
maxSW,aparc,0.3,Eigenvector Centrality,rh_parsopercularis,0.906256743262587,0.8671616498614895,-0.039095093401097514
maxSW,aparc,0.3,Eigenvector Centrality,rh_parsorbitalis,0.003987864277346139,0.004264628486594166,0.0002767642092480274
maxSW,aparc,0.3,Eigenvector Centrality,rh_parstriangularis,0.8474793743868865,0.8391715489821455,-0.008307825404740954
maxSW,aparc,0.3,Eigenvector Centrality,rh_pericalcarine,0.0021216069476865176,0.002218083657918191,9.647671023167324e-05
maxSW,aparc,0.3,Eigenvector Centrality,rh_postcentral,0.5090860941515741,0.2410687599426329,-0.26801733420894125
maxSW,aparc,0.3,Eigenvector Centrality,rh_posteriorcingulate,0.6455477154248893,0.7061596556057931,0.06061194018090377
maxSW,aparc,0.3,Eigenvector Centrality,rh_precentral,0.9253808098094084,0.9122319595998459,-0.013148850209562468
maxSW,aparc,0.3,Eigenvector Centrality,rh_precuneus,0.8447955441314865,0.8022943408579527,-0.042501203273533794
maxSW,aparc,0.3,Eigenvector Centrality,rh_rostralanteriorcingulate,0.2021547551577992,0.13530513684310863,-0.06684961831469058
maxSW,aparc,0.3,Eigenvector Centrality,rh_rostralmiddlefrontal,0.8092176219003127,0.7944042372282533,-0.014813384672059393
maxSW,aparc,0.3,Eigenvector Centrality,rh_superiorfrontal,0.725499920388279,0.7289672017317476,0.00346728134346852
maxSW,aparc,0.3,Eigenvector Centrality,rh_superiorparietal,0.692643087553705,0.8096489961350873,0.11700590858138238
maxSW,aparc,0.3,Eigenvector Centrality,rh_superiortemporal,0.6039868711487697,0.6159213726814432,0.011934501532673503
maxSW,aparc,0.3,Eigenvector Centrality,rh_supramarginal,0.9338488326058628,0.9270315621192055,-0.0068172704866573675
maxSW,aparc,0.3,Eigenvector Centrality,rh_temporalpole,2.725074069749717e-06,2.7830332521703944e-06,5.7959182420677293e-08
maxSW,aparc,0.3,Eigenvector Centrality,rh_transversetemporal,0.0017320998080625832,0.0018434442674467738,0.00011134445938419061
maxSW,aparc,0.3,Node Degree,lh_bankssts,0.025,0.025,0.0
maxSW,aparc,0.3,Node Degree,lh_caudalanteriorcingulate,0.225,0.275,0.05000000000000002
maxSW,aparc,0.3,Node Degree,lh_caudalmiddlefrontal,0.75,0.75,0.0
maxSW,aparc,0.3,Node Degree,lh_cuneus,0.15,0.15,0.0
maxSW,aparc,0.3,Node Degree,lh_entorhinal,0.025,0.0,-0.025
maxSW,aparc,0.3,Node Degree,lh_frontalpole,0.0,0.0,0.0
maxSW,aparc,0.3,Node Degree,lh_fusiform,0.85,0.95,0.09999999999999998
maxSW,aparc,0.3,Node Degree,lh_inferiorparietal,0.925,0.9,-0.025000000000000022
maxSW,aparc,0.3,Node Degree,lh_inferiortemporal,0.65,0.575,-0.07500000000000007
maxSW,aparc,0.3,Node Degree,lh_insula,0.025,0.025,0.0
maxSW,aparc,0.3,Node Degree,lh_isthmuscingulate,0.45,0.7,0.24999999999999994
maxSW,aparc,0.3,Node Degree,lh_lateraloccipital,0.35,0.3,-0.04999999999999999
maxSW,aparc,0.3,Node Degree,lh_lateralorbitofrontal,1.0,0.975,-0.025000000000000022
maxSW,aparc,0.3,Node Degree,lh_lingual,0.225,0.225,0.0
maxSW,aparc,0.3,Node Degree,lh_medialorbitofrontal,0.925,0.875,-0.050000000000000044
maxSW,aparc,0.3,Node Degree,lh_middletemporal,0.175,0.2,0.025000000000000022
maxSW,aparc,0.3,Node Degree,lh_paracentral,0.75,0.775,0.025000000000000022
maxSW,aparc,0.3,Node Degree,lh_parahippocampal,0.15,0.2,0.05000000000000002
maxSW,aparc,0.3,Node Degree,lh_parsopercularis,0.8,0.875,0.07499999999999996
maxSW,aparc,0.3,Node Degree,lh_parsorbitalis,0.05,0.05,0.0
maxSW,aparc,0.3,Node Degree,lh_parstriangularis,0.8,0.8,0.0
maxSW,aparc,0.3,Node Degree,lh_pericalcarine,0.0,0.0,0.0
maxSW,aparc,0.3,Node Degree,lh_postcentral,0.55,0.5,-0.050000000000000044
maxSW,aparc,0.3,Node Degree,lh_posteriorcingulate,0.675,0.7,0.02499999999999991
maxSW,aparc,0.3,Node Degree,lh_precentral,0.85,0.9,0.050000000000000044
maxSW,aparc,0.3,Node Degree,lh_precuneus,0.775,0.825,0.04999999999999993
maxSW,aparc,0.3,Node Degree,lh_rostralanteriorcingulate,0.2,0.1,-0.1
maxSW,aparc,0.3,Node Degree,lh_rostralmiddlefrontal,0.65,0.775,0.125
maxSW,aparc,0.3,Node Degree,lh_superiorfrontal,0.65,0.6,-0.050000000000000044
maxSW,aparc,0.3,Node Degree,lh_superiorparietal,0.75,0.825,0.07499999999999996
maxSW,aparc,0.3,Node Degree,lh_superiortemporal,0.575,0.575,0.0
maxSW,aparc,0.3,Node Degree,lh_supramarginal,0.85,0.875,0.025000000000000022
maxSW,aparc,0.3,Node Degree,lh_temporalpole,0.0,0.0,0.0
maxSW,aparc,0.3,Node Degree,lh_transversetemporal,0.05,0.075,0.024999999999999994
maxSW,aparc,0.3,Node Degree,rh_bankssts,0.025,0.025,0.0
maxSW,aparc,0.3,Node Degree,rh_caudalanteriorcingulate,0.2,0.175,-0.025000000000000022
maxSW,aparc,0.3,Node Degree,rh_caudalmiddlefrontal,0.85,0.8,-0.04999999999999993
maxSW,aparc,0.3,Node Degree,rh_cuneus,0.15,0.15,0.0
maxSW,aparc,0.3,Node Degree,rh_entorhinal,0.0,0.025,0.025
maxSW,aparc,0.3,Node Degree,rh_frontalpole,0.025,0.025,0.0
maxSW,aparc,0.3,Node Degree,rh_fusiform,0.85,0.925,0.07500000000000007
maxSW,aparc,0.3,Node Degree,rh_inferiorparietal,0.925,0.9,-0.025000000000000022
maxSW,aparc,0.3,Node Degree,rh_inferiortemporal,0.7,0.625,-0.07499999999999996
maxSW,aparc,0.3,Node Degree,rh_insula,0.0,0.0,0.0
maxSW,aparc,0.3,Node Degree,rh_isthmuscingulate,0.5,0.575,0.07499999999999996
maxSW,aparc,0.3,Node Degree,rh_lateraloccipital,0.45,0.525,0.07500000000000001
maxSW,aparc,0.3,Node Degree,rh_lateralorbitofrontal,1.0,0.9,-0.09999999999999998
maxSW,aparc,0.3,Node Degree,rh_lingual,0.275,0.275,0.0
maxSW,aparc,0.3,Node Degree,rh_medialorbitofrontal,0.875,0.75,-0.125
maxSW,aparc,0.3,Node Degree,rh_middletemporal,0.275,0.2,-0.07500000000000001
maxSW,aparc,0.3,Node Degree,rh_paracentral,0.75,0.75,0.0
maxSW,aparc,0.3,Node Degree,rh_parahippocampal,0.35,0.275,-0.07499999999999996
maxSW,aparc,0.3,Node Degree,rh_parsopercularis,0.8,0.775,-0.025000000000000022
maxSW,aparc,0.3,Node Degree,rh_parsorbitalis,0.025,0.05,0.025
maxSW,aparc,0.3,Node Degree,rh_parstriangularis,0.775,0.775,0.0
maxSW,aparc,0.3,Node Degree,rh_pericalcarine,0.025,0.025,0.0
maxSW,aparc,0.3,Node Degree,rh_postcentral,0.6,0.35,-0.25
maxSW,aparc,0.3,Node Degree,rh_posteriorcingulate,0.65,0.7,0.04999999999999993
maxSW,aparc,0.3,Node Degree,rh_precentral,0.9,0.9,0.0
maxSW,aparc,0.3,Node Degree,rh_precuneus,0.875,0.8,-0.07499999999999996
maxSW,aparc,0.3,Node Degree,rh_rostralanteriorcingulate,0.2,0.15,-0.05000000000000002
maxSW,aparc,0.3,Node Degree,rh_rostralmiddlefrontal,0.775,0.725,-0.050000000000000044
maxSW,aparc,0.3,Node Degree,rh_superiorfrontal,0.675,0.675,0.0
maxSW,aparc,0.3,Node Degree,rh_superiorparietal,0.675,0.825,0.1499999999999999
maxSW,aparc,0.3,Node Degree,rh_superiortemporal,0.55,0.575,0.02499999999999991
maxSW,aparc,0.3,Node Degree,rh_supramarginal,0.825,0.825,0.0
maxSW,aparc,0.3,Node Degree,rh_temporalpole,0.025,0.025,0.0
maxSW,aparc,0.3,Node Degree,rh_transversetemporal,0.0,0.0,0.0
maxSW,aparc,0.35,Participation Coefficient,lh_bankssts,0.0,0.0,0.0
maxSW,aparc,0.35,Participation Coefficient,lh_caudalanteriorcingulate,0.8017234600399412,0.4639967259320087,-0.3377267341079325
maxSW,aparc,0.35,Participation Coefficient,lh_caudalmiddlefrontal,0.7947259763583215,0.8308706399240502,0.03614466356572865
maxSW,aparc,0.35,Participation Coefficient,lh_cuneus,0.0,0.0,0.0
maxSW,aparc,0.35,Participation Coefficient,lh_entorhinal,0.0,0.0,0.0
maxSW,aparc,0.35,Participation Coefficient,lh_frontalpole,0.0,0.0,0.0
maxSW,aparc,0.35,Participation Coefficient,lh_fusiform,0.8550164750843131,0.9019324864060149,0.046916011321701756
maxSW,aparc,0.35,Participation Coefficient,lh_inferiorparietal,0.8875381254309102,0.9431029695594438,0.055564844128533686
maxSW,aparc,0.35,Participation Coefficient,lh_inferiortemporal,0.34527362041380444,0.648547752416819,0.3032741320030145
maxSW,aparc,0.35,Participation Coefficient,lh_insula,0.0,0.0,0.0
maxSW,aparc,0.35,Participation Coefficient,lh_isthmuscingulate,0.9620487269348468,0.9906496923761103,0.02860096544126356
maxSW,aparc,0.35,Participation Coefficient,lh_lateraloccipital,0.3748728971803665,0.5595292250831204,0.18465632790275394
maxSW,aparc,0.35,Participation Coefficient,lh_lateralorbitofrontal,0.8804712924986996,0.9054815267750994,0.025010234276399812
maxSW,aparc,0.35,Participation Coefficient,lh_lingual,0.0,0.0,0.0
maxSW,aparc,0.35,Participation Coefficient,lh_medialorbitofrontal,0.8964152451274816,0.9709024812934254,0.07448723616594377
maxSW,aparc,0.35,Participation Coefficient,lh_middletemporal,0.23711683052496008,0.19848836203980302,-0.03862846848515705
maxSW,aparc,0.35,Participation Coefficient,lh_paracentral,0.9158139531281135,0.9984385432971465,0.08262459016903301
maxSW,aparc,0.35,Participation Coefficient,lh_parahippocampal,0.7426181826411965,0.9680485696581254,0.22543038701692886
maxSW,aparc,0.35,Participation Coefficient,lh_parsopercularis,0.77401592183129,0.892736622705962,0.11872070087467201
maxSW,aparc,0.35,Participation Coefficient,lh_parsorbitalis,0.0,0.0,0.0
maxSW,aparc,0.35,Participation Coefficient,lh_parstriangularis,0.7719084749236897,0.9169774768311384,0.14506900190744865
maxSW,aparc,0.35,Participation Coefficient,lh_pericalcarine,0.0,0.0,0.0
maxSW,aparc,0.35,Participation Coefficient,lh_postcentral,0.7670879266478993,0.834891457761502,0.06780353111360271
maxSW,aparc,0.35,Participation Coefficient,lh_posteriorcingulate,0.9478584032878513,0.9593948038516266,0.011536400563775251
maxSW,aparc,0.35,Participation Coefficient,lh_precentral,0.8639979210633967,0.964418329164745,0.10042040810134834
maxSW,aparc,0.35,Participation Coefficient,lh_precuneus,0.9439287158670986,0.9763274843034392,0.0323987684363406
maxSW,aparc,0.35,Participation Coefficient,lh_rostralanteriorcingulate,0.26095807404472254,0.7261646964381298,0.4652066223934072
maxSW,aparc,0.35,Participation Coefficient,lh_rostralmiddlefrontal,0.7704060530102238,0.8551406263867873,0.08473457337656354
maxSW,aparc,0.35,Participation Coefficient,lh_superiorfrontal,0.4046057833286297,0.6435397357682906,0.23893395243966092
maxSW,aparc,0.35,Participation Coefficient,lh_superiorparietal,0.9089597764335994,0.9862431619876756,0.07728338555407621
maxSW,aparc,0.35,Participation Coefficient,lh_superiortemporal,0.36169307419777535,0.4713662917601314,0.10967321756235604
maxSW,aparc,0.35,Participation Coefficient,lh_supramarginal,0.8472076194159492,0.8842543799724932,0.03704676055654399
maxSW,aparc,0.35,Participation Coefficient,lh_temporalpole,0.0,0.0,0.0
maxSW,aparc,0.35,Participation Coefficient,lh_transversetemporal,0.0,0.4558646636828839,0.4558646636828839
maxSW,aparc,0.35,Participation Coefficient,rh_bankssts,0.0,0.0,0.0
maxSW,aparc,0.35,Participation Coefficient,rh_caudalanteriorcingulate,0.9431829395142796,0.5496713180379483,-0.39351162147633123
maxSW,aparc,0.35,Participation Coefficient,rh_caudalmiddlefrontal,0.8352671259918236,0.9071786137596946,0.07191148776787093
maxSW,aparc,0.35,Participation Coefficient,rh_cuneus,0.0,0.0,0.0
maxSW,aparc,0.35,Participation Coefficient,rh_entorhinal,0.0,0.0,0.0
maxSW,aparc,0.35,Participation Coefficient,rh_frontalpole,0.0,0.0,0.0
maxSW,aparc,0.35,Participation Coefficient,rh_fusiform,0.849032920955414,0.9154409090076352,0.06640798805222115
maxSW,aparc,0.35,Participation Coefficient,rh_inferiorparietal,0.8669547536850034,0.9309363374585421,0.06398158377353869
maxSW,aparc,0.35,Participation Coefficient,rh_inferiortemporal,0.5674202643391723,0.6561676045639342,0.08874734022476194
maxSW,aparc,0.35,Participation Coefficient,rh_insula,0.0,0.0,0.0
maxSW,aparc,0.35,Participation Coefficient,rh_isthmuscingulate,0.9687402782277762,0.9952324795927487,0.026492201364972545
maxSW,aparc,0.35,Participation Coefficient,rh_lateraloccipital,0.6851013664953011,0.8837843633701354,0.19868299687483437
maxSW,aparc,0.35,Participation Coefficient,rh_lateralorbitofrontal,0.8786946902705264,0.9063689993366947,0.0276743090661683
maxSW,aparc,0.35,Participation Coefficient,rh_lingual,0.16943957525414866,0.30284894600700407,0.13340937075285542
maxSW,aparc,0.35,Participation Coefficient,rh_medialorbitofrontal,0.9050488869877247,0.9616164138852735,0.05656752689754885
maxSW,aparc,0.35,Participation Coefficient,rh_middletemporal,0.0,0.3860376047875207,0.3860376047875207
maxSW,aparc,0.35,Participation Coefficient,rh_paracentral,0.9180055126157416,1.0,0.08199448738425841
maxSW,aparc,0.35,Participation Coefficient,rh_parahippocampal,0.9390161692138748,0.9609500175038127,0.02193384828993794
maxSW,aparc,0.35,Participation Coefficient,rh_parsopercularis,0.771817363193733,0.8323223209709194,0.06050495777718645
maxSW,aparc,0.35,Participation Coefficient,rh_parsorbitalis,0.7437007895923026,0.6512079075980735,-0.09249288199422911
maxSW,aparc,0.35,Participation Coefficient,rh_parstriangularis,0.8045872430763664,0.8745144165838671,0.06992717350750066
maxSW,aparc,0.35,Participation Coefficient,rh_pericalcarine,0.0,0.0,0.0
maxSW,aparc,0.35,Participation Coefficient,rh_postcentral,0.7754481550613926,0.6823394792834071,-0.09310867577798554
maxSW,aparc,0.35,Participation Coefficient,rh_posteriorcingulate,0.9517918863601296,0.9575514125325032,0.00575952617237363
maxSW,aparc,0.35,Participation Coefficient,rh_precentral,0.8744360751845822,0.9681154746676303,0.09367939948304804
maxSW,aparc,0.35,Participation Coefficient,rh_precuneus,0.9692459150047689,0.9782340700909595,0.008988155086190663
maxSW,aparc,0.35,Participation Coefficient,rh_rostralanteriorcingulate,0.6800248509929435,0.6322818011320576,-0.047743049860885955
maxSW,aparc,0.35,Participation Coefficient,rh_rostralmiddlefrontal,0.8804881832435263,0.9254755734333252,0.044987390189798915
maxSW,aparc,0.35,Participation Coefficient,rh_superiorfrontal,0.5631848944872094,0.6896459960161919,0.1264611015289825
maxSW,aparc,0.35,Participation Coefficient,rh_superiorparietal,0.8924303353585155,0.986047184396135,0.09361684903761958
maxSW,aparc,0.35,Participation Coefficient,rh_superiortemporal,0.48680999624412546,0.5379685858232419,0.051158589579116454
maxSW,aparc,0.35,Participation Coefficient,rh_supramarginal,0.8086668835068592,0.8869129264308196,0.07824604292396042
maxSW,aparc,0.35,Participation Coefficient,rh_temporalpole,0.0,0.0,0.0
maxSW,aparc,0.35,Participation Coefficient,rh_transversetemporal,0.0,0.0,0.0
maxSW,aparc,0.35,Node Versatility,lh_bankssts,0.2918839400260715,0.606992613606579,0.3151086735805075
maxSW,aparc,0.35,Node Versatility,lh_caudalanteriorcingulate,0.19805336885004707,0.6764094626872287,0.4783560938371816
maxSW,aparc,0.35,Node Versatility,lh_caudalmiddlefrontal,0.03877506819479893,0.06355897159450495,0.02478390339970602
maxSW,aparc,0.35,Node Versatility,lh_cuneus,0.1438480898124221,0.18750023601958316,0.04365214620716107
maxSW,aparc,0.35,Node Versatility,lh_entorhinal,0.5663040446121884,0.05350804452174184,-0.5127960000904466
maxSW,aparc,0.35,Node Versatility,lh_frontalpole,0.0,0.05350804452174184,0.05350804452174184
maxSW,aparc,0.35,Node Versatility,lh_fusiform,0.47906690931659734,0.650890311666777,0.17182340235017968
maxSW,aparc,0.35,Node Versatility,lh_inferiorparietal,0.12046499361825011,0.10341319164121622,-0.01705180197703389
maxSW,aparc,0.35,Node Versatility,lh_inferiortemporal,0.10262306532300526,0.1347350509089776,0.03211198558597235
maxSW,aparc,0.35,Node Versatility,lh_insula,0.16825859743959173,0.43063585284633576,0.26237725540674406
maxSW,aparc,0.35,Node Versatility,lh_isthmuscingulate,0.31571994585589486,0.699269772681997,0.3835498268261021
maxSW,aparc,0.35,Node Versatility,lh_lateraloccipital,0.1438480898124221,0.18750023601958316,0.04365214620716107
maxSW,aparc,0.35,Node Versatility,lh_lateralorbitofrontal,0.46876890000798876,0.6997556749339385,0.23098677492594977
maxSW,aparc,0.35,Node Versatility,lh_lingual,0.1438480898124221,0.18750023601958316,0.04365214620716107
maxSW,aparc,0.35,Node Versatility,lh_medialorbitofrontal,0.3262298584538344,0.2895874166655724,-0.03664244178826198
maxSW,aparc,0.35,Node Versatility,lh_middletemporal,0.10257038677092556,0.12066790586116848,0.018097519090242917
maxSW,aparc,0.35,Node Versatility,lh_paracentral,0.6048936967729915,0.3838313951777846,-0.22106230159520696
maxSW,aparc,0.35,Node Versatility,lh_parahippocampal,0.5343188039599107,0.61976328573222,0.08544448177230923
maxSW,aparc,0.35,Node Versatility,lh_parsopercularis,0.05943936103069201,0.15651631039220595,0.09707694936151395
maxSW,aparc,0.35,Node Versatility,lh_parsorbitalis,0.0,0.05350804452174184,0.05350804452174184
maxSW,aparc,0.35,Node Versatility,lh_parstriangularis,0.04790802625723032,0.05219123035753211,0.0042832041003017934
maxSW,aparc,0.35,Node Versatility,lh_pericalcarine,0.21605270862738377,0.5593049101748885,0.3432522015475047
maxSW,aparc,0.35,Node Versatility,lh_postcentral,0.1438480898124221,0.18750023601958316,0.04365214620716107
maxSW,aparc,0.35,Node Versatility,lh_posteriorcingulate,0.23742914749828944,0.7083792484813461,0.4709501009830567
maxSW,aparc,0.35,Node Versatility,lh_precentral,0.3231044805221279,0.4127120364433682,0.08960755592124026
maxSW,aparc,0.35,Node Versatility,lh_precuneus,0.2712332053118796,0.6570209701238564,0.3857877648119768
maxSW,aparc,0.35,Node Versatility,lh_rostralanteriorcingulate,0.2780610350006735,0.9569537569141673,0.6788927219134938
maxSW,aparc,0.35,Node Versatility,lh_rostralmiddlefrontal,0.09136380246653202,0.548163988185478,0.45680018571894593
maxSW,aparc,0.35,Node Versatility,lh_superiorfrontal,0.10433790219948648,0.1529271482976463,0.04858924609815983
maxSW,aparc,0.35,Node Versatility,lh_superiorparietal,0.10513732893062924,0.20578131767354318,0.10064398874291394
maxSW,aparc,0.35,Node Versatility,lh_superiortemporal,0.10257038677092556,0.12066790586116848,0.018097519090242917
maxSW,aparc,0.35,Node Versatility,lh_supramarginal,0.03750505456386407,0.15576705601270674,0.11826200144884266
maxSW,aparc,0.35,Node Versatility,lh_temporalpole,0.0,0.05350804452174183,0.05350804452174183
maxSW,aparc,0.35,Node Versatility,lh_transversetemporal,0.3172828390432452,0.729506705246569,0.4122238662033238
maxSW,aparc,0.35,Node Versatility,rh_bankssts,0.21662749661018157,0.4970908118045741,0.2804633151943925
maxSW,aparc,0.35,Node Versatility,rh_caudalanteriorcingulate,0.19805336885004707,0.6861351125770792,0.48808174372703206
maxSW,aparc,0.35,Node Versatility,rh_caudalmiddlefrontal,0.04046176711936089,0.05971609392497555,0.01925432680561466
maxSW,aparc,0.35,Node Versatility,rh_cuneus,0.1438480898124221,0.18750023601958316,0.04365214620716107
maxSW,aparc,0.35,Node Versatility,rh_entorhinal,0.5663040446121884,0.05350804452174184,-0.5127960000904466
maxSW,aparc,0.35,Node Versatility,rh_frontalpole,0.0,0.05350804452174184,0.05350804452174184
maxSW,aparc,0.35,Node Versatility,rh_fusiform,0.5298327540076132,0.7020836674731908,0.17225091346557764
maxSW,aparc,0.35,Node Versatility,rh_inferiorparietal,0.13936660189372196,0.1036275392831497,-0.03573906261057226
maxSW,aparc,0.35,Node Versatility,rh_inferiortemporal,0.24812430062118523,0.18889167049365574,-0.059232630127529495
maxSW,aparc,0.35,Node Versatility,rh_insula,0.16825859743959173,0.43063585284633576,0.26237725540674406
maxSW,aparc,0.35,Node Versatility,rh_isthmuscingulate,0.2807013105339729,1.0,0.7192986894660272
maxSW,aparc,0.35,Node Versatility,rh_lateraloccipital,0.1438480898124221,0.18750023601958316,0.04365214620716107
maxSW,aparc,0.35,Node Versatility,rh_lateralorbitofrontal,0.3582389317454207,0.6920478588412203,0.3338089270957996
maxSW,aparc,0.35,Node Versatility,rh_lingual,0.1438480898124221,0.18750023601958316,0.04365214620716107
maxSW,aparc,0.35,Node Versatility,rh_medialorbitofrontal,0.11524044350475496,0.09373028572250156,-0.021510157782253403
maxSW,aparc,0.35,Node Versatility,rh_middletemporal,0.10257038677092556,0.12066790586116848,0.018097519090242917
maxSW,aparc,0.35,Node Versatility,rh_paracentral,0.5714273324688264,0.42024533894535776,-0.15118199352346862
maxSW,aparc,0.35,Node Versatility,rh_parahippocampal,0.5566909086017813,0.5978595950642687,0.04116868646248739
maxSW,aparc,0.35,Node Versatility,rh_parsopercularis,0.047618649205241954,0.10657048464177346,0.058951835436531506
maxSW,aparc,0.35,Node Versatility,rh_parsorbitalis,0.0,0.05350804452174184,0.05350804452174184
maxSW,aparc,0.35,Node Versatility,rh_parstriangularis,0.13127262657624236,0.1533206676401441,0.022048041063901735
maxSW,aparc,0.35,Node Versatility,rh_pericalcarine,0.21605270862738377,0.5593049101748885,0.3432522015475047
maxSW,aparc,0.35,Node Versatility,rh_postcentral,0.1438480898124221,0.18750023601958316,0.04365214620716107
maxSW,aparc,0.35,Node Versatility,rh_posteriorcingulate,0.19840189814335252,0.6826866051432562,0.48428470699990367
maxSW,aparc,0.35,Node Versatility,rh_precentral,0.041336130208863814,0.4032731347006116,0.3619370044917478
maxSW,aparc,0.35,Node Versatility,rh_precuneus,0.2754266754978534,0.6244901104663276,0.34906343496847425
maxSW,aparc,0.35,Node Versatility,rh_rostralanteriorcingulate,0.24022381305503498,0.7926882878441482,0.5524644747891132
maxSW,aparc,0.35,Node Versatility,rh_rostralmiddlefrontal,0.15641891921031345,0.38043496879418215,0.2240160495838687
maxSW,aparc,0.35,Node Versatility,rh_superiorfrontal,0.2918845825467839,0.2037430622672761,-0.0881415202795078
maxSW,aparc,0.35,Node Versatility,rh_superiorparietal,0.10513732893062924,0.18678396973453298,0.08164664080390374
maxSW,aparc,0.35,Node Versatility,rh_superiortemporal,0.27532244558695446,0.12066790586116848,-0.15465453972578597
maxSW,aparc,0.35,Node Versatility,rh_supramarginal,0.05691739649821344,0.16498744770594753,0.1080700512077341
maxSW,aparc,0.35,Node Versatility,rh_temporalpole,0.0,0.05350804452174183,0.05350804452174183
maxSW,aparc,0.35,Node Versatility,rh_transversetemporal,0.3172828390432452,0.729506705246569,0.4122238662033238
maxSW,aparc,0.35,Node Strength,lh_bankssts,0.04840959790188968,0.04934485940484119,0.0009352615029515135
maxSW,aparc,0.35,Node Strength,lh_caudalanteriorcingulate,0.25286335242005953,0.33787541782576214,0.08501206540570261
maxSW,aparc,0.35,Node Strength,lh_caudalmiddlefrontal,0.7951993675755299,0.7782742586199835,-0.016925108955546442
maxSW,aparc,0.35,Node Strength,lh_cuneus,0.1470144493523134,0.14913983713056989,0.0021253877782564934
maxSW,aparc,0.35,Node Strength,lh_entorhinal,0.02324998384188941,0.005808036827740193,-0.017441947014149216
maxSW,aparc,0.35,Node Strength,lh_frontalpole,0.0,0.002628180281509486,0.002628180281509486
maxSW,aparc,0.35,Node Strength,lh_fusiform,0.9521485005052311,0.9769555261855134,0.024807025680282258
maxSW,aparc,0.35,Node Strength,lh_inferiorparietal,0.9822806262534887,0.9541132892788424,-0.02816733697464624
maxSW,aparc,0.35,Node Strength,lh_inferiortemporal,0.6518749702059092,0.617313443339227,-0.034561526866682235
maxSW,aparc,0.35,Node Strength,lh_insula,0.03143529265338966,0.029489992779991994,-0.0019452998733976642
maxSW,aparc,0.35,Node Strength,lh_isthmuscingulate,0.7445990143648074,0.843820409820878,0.09922139545607067
maxSW,aparc,0.35,Node Strength,lh_lateraloccipital,0.42662206859325363,0.4291083816406612,0.00248631304740754
maxSW,aparc,0.35,Node Strength,lh_lateralorbitofrontal,0.9833658839835039,0.9842821626157713,0.0009162786322673977
maxSW,aparc,0.35,Node Strength,lh_lingual,0.25359739574212786,0.2605147050834008,0.006917309341272937
maxSW,aparc,0.35,Node Strength,lh_medialorbitofrontal,0.9840597369234482,0.8872510134546919,-0.09680872346875624
maxSW,aparc,0.35,Node Strength,lh_middletemporal,0.2161752491757236,0.2609083903715287,0.0447331411958051
maxSW,aparc,0.35,Node Strength,lh_paracentral,0.772350388193606,0.7926095222937702,0.020259134100164222
maxSW,aparc,0.35,Node Strength,lh_parahippocampal,0.21735099919084797,0.2892428103286698,0.07189181113782181
maxSW,aparc,0.35,Node Strength,lh_parsopercularis,0.8715256404600995,0.9410210496328703,0.06949540917277075
maxSW,aparc,0.35,Node Strength,lh_parsorbitalis,0.03860851009635224,0.0385559764002605,-5.2533696091740245e-05
maxSW,aparc,0.35,Node Strength,lh_parstriangularis,0.8382051103480077,0.9278939469858026,0.08968883663779492
maxSW,aparc,0.35,Node Strength,lh_pericalcarine,0.005757681366803697,0.005212810515180816,-0.000544870851622881
maxSW,aparc,0.35,Node Strength,lh_postcentral,0.5882591575785252,0.5818667841257087,-0.006392373452816513
maxSW,aparc,0.35,Node Strength,lh_posteriorcingulate,0.7341819760543792,0.739095358843228,0.004913382788848786
maxSW,aparc,0.35,Node Strength,lh_precentral,0.9661157578592104,0.9406415747007654,-0.025474183158445074
maxSW,aparc,0.35,Node Strength,lh_precuneus,0.9642599296758724,0.9071775185177055,-0.057082411158166924
maxSW,aparc,0.35,Node Strength,lh_rostralanteriorcingulate,0.22482470696038612,0.2382530533022811,0.013428346341894992
maxSW,aparc,0.35,Node Strength,lh_rostralmiddlefrontal,0.7881794723229392,0.867425535367236,0.07924606304429682
maxSW,aparc,0.35,Node Strength,lh_superiorfrontal,0.6763594734696401,0.6985837565320907,0.02222428306245061
maxSW,aparc,0.35,Node Strength,lh_superiorparietal,0.8311816649488701,0.8426022214890846,0.011420556540214455
maxSW,aparc,0.35,Node Strength,lh_superiortemporal,0.6158188041154334,0.5785937687942355,-0.03722503532119792
maxSW,aparc,0.35,Node Strength,lh_supramarginal,1.0,0.9381990219782016,-0.0618009780217984
maxSW,aparc,0.35,Node Strength,lh_temporalpole,0.001871132571064805,0.0010682917548732282,-0.0008028408161915768
maxSW,aparc,0.35,Node Strength,lh_transversetemporal,0.05174704220922068,0.09175500454135134,0.04000796233213066
maxSW,aparc,0.35,Node Strength,rh_bankssts,0.027721360204946095,0.02810892962079559,0.00038756941584949453
maxSW,aparc,0.35,Node Strength,rh_caudalanteriorcingulate,0.33916510966094077,0.269321822669686,-0.06984328699125475
maxSW,aparc,0.35,Node Strength,rh_caudalmiddlefrontal,0.8768525627488405,0.8865170723926944,0.009664509643853902
maxSW,aparc,0.35,Node Strength,rh_cuneus,0.14699288936429272,0.14902771754130026,0.002034828177007536
maxSW,aparc,0.35,Node Strength,rh_entorhinal,0.005213820716694781,0.023048347281070886,0.017834526564376105
maxSW,aparc,0.35,Node Strength,rh_frontalpole,0.016246989096577857,0.01886102718743606,0.002614038090858202
maxSW,aparc,0.35,Node Strength,rh_fusiform,0.9095358951250471,0.9444992955828744,0.03496340045782731
maxSW,aparc,0.35,Node Strength,rh_inferiorparietal,0.9676093974923429,0.9897600911289819,0.02215069363663902
maxSW,aparc,0.35,Node Strength,rh_inferiortemporal,0.743023434606387,0.6877231736466869,-0.05530026095970009
maxSW,aparc,0.35,Node Strength,rh_insula,0.009924538795757094,0.008904582230887515,-0.0010199565648695789
maxSW,aparc,0.35,Node Strength,rh_isthmuscingulate,0.6871579318160115,0.7497562126348554,0.06259828081884389
maxSW,aparc,0.35,Node Strength,rh_lateraloccipital,0.5419567336470583,0.6506960272380028,0.10873929359094447
maxSW,aparc,0.35,Node Strength,rh_lateralorbitofrontal,0.9944351962915857,0.9919859052517018,-0.002449291039883894
maxSW,aparc,0.35,Node Strength,rh_lingual,0.3302593613321021,0.35618054403552607,0.025921182703423973
maxSW,aparc,0.35,Node Strength,rh_medialorbitofrontal,0.9153837822438513,0.8228771983518698,-0.09250658389198152
maxSW,aparc,0.35,Node Strength,rh_middletemporal,0.41712558435727587,0.3960041365508318,-0.021121447806444094
maxSW,aparc,0.35,Node Strength,rh_paracentral,0.7779259740000121,0.7878845758630643,0.009958601863052197
maxSW,aparc,0.35,Node Strength,rh_parahippocampal,0.5880969344941456,0.5059898689797334,-0.08210706551441216
maxSW,aparc,0.35,Node Strength,rh_parsopercularis,0.8282506024455848,0.8000921924706127,-0.0281584099749721
maxSW,aparc,0.35,Node Strength,rh_parsorbitalis,0.027193301646891006,0.04488687987936871,0.017693578232477702
maxSW,aparc,0.35,Node Strength,rh_parstriangularis,0.8774209004828187,0.866237254694091,-0.01118364578872777
maxSW,aparc,0.35,Node Strength,rh_pericalcarine,0.02017161768359292,0.021039045331330858,0.0008674276477379367
maxSW,aparc,0.35,Node Strength,rh_postcentral,0.631719366839386,0.47011343009112816,-0.16160593674825785
maxSW,aparc,0.35,Node Strength,rh_posteriorcingulate,0.6892879739538565,0.7555984184053318,0.06631044445147527
maxSW,aparc,0.35,Node Strength,rh_precentral,0.9087105819408956,0.9341230611638647,0.025412479222969075
maxSW,aparc,0.35,Node Strength,rh_precuneus,0.8735483430960705,0.8309626221949689,-0.04258572090110169
maxSW,aparc,0.35,Node Strength,rh_rostralanteriorcingulate,0.35094278168447957,0.26145958115154344,-0.08948320053293612
maxSW,aparc,0.35,Node Strength,rh_rostralmiddlefrontal,0.7845924744626427,0.768882448700992,-0.015710025761650703
maxSW,aparc,0.35,Node Strength,rh_superiorfrontal,0.7437706458686658,0.7330774786490555,-0.010693167219610333
maxSW,aparc,0.35,Node Strength,rh_superiorparietal,0.7565518053840563,0.8334208600662902,0.07686905468223393
maxSW,aparc,0.35,Node Strength,rh_superiortemporal,0.6336102170197037,0.5979013183385222,-0.035708898681181434
maxSW,aparc,0.35,Node Strength,rh_supramarginal,0.8878822972862965,0.9125864671516766,0.024704169865380043
maxSW,aparc,0.35,Node Strength,rh_temporalpole,0.01723963544726539,0.015561756948941083,-0.0016778784983243079
maxSW,aparc,0.35,Node Strength,rh_transversetemporal,0.04907734603468651,0.006907775007540554,-0.042169571027145955
maxSW,aparc,0.35,Local Efficiency,lh_bankssts,0.3194843801089853,0.31773744273103555,-0.001746937377949731
maxSW,aparc,0.35,Local Efficiency,lh_caudalanteriorcingulate,0.9135883883861583,0.854596085897548,-0.058992302488610315
maxSW,aparc,0.35,Local Efficiency,lh_caudalmiddlefrontal,0.9274770308269974,0.9252072371956982,-0.0022697936312991995
maxSW,aparc,0.35,Local Efficiency,lh_cuneus,0.9846547972485916,1.0,0.015345202751408382
maxSW,aparc,0.35,Local Efficiency,lh_entorhinal,0.0,0.0,0.0
maxSW,aparc,0.35,Local Efficiency,lh_frontalpole,0.0,0.0,0.0
maxSW,aparc,0.35,Local Efficiency,lh_fusiform,0.8399513971082462,0.8381025596936184,-0.0018488374146278241
maxSW,aparc,0.35,Local Efficiency,lh_inferiorparietal,0.8792500503895547,0.8813616733957342,0.0021116230061795083
maxSW,aparc,0.35,Local Efficiency,lh_inferiortemporal,0.9053559221839517,0.890121990865272,-0.015233931318679672
maxSW,aparc,0.35,Local Efficiency,lh_insula,0.0,0.0,0.0
maxSW,aparc,0.35,Local Efficiency,lh_isthmuscingulate,0.793176087734214,0.8061529952517159,0.012976907517501912
maxSW,aparc,0.35,Local Efficiency,lh_lateraloccipital,0.8647578640644249,0.8680980218466327,0.0033401577822077533
maxSW,aparc,0.35,Local Efficiency,lh_lateralorbitofrontal,0.8413118574951942,0.8421056601810804,0.0007938026858861358
maxSW,aparc,0.35,Local Efficiency,lh_lingual,0.7557315110951169,0.7682641202347121,0.012532609139595197
maxSW,aparc,0.35,Local Efficiency,lh_medialorbitofrontal,0.8036275375336696,0.8217365490852696,0.01810901155160005
maxSW,aparc,0.35,Local Efficiency,lh_middletemporal,0.7991805136609579,0.8196931437495386,0.02051263008858073
maxSW,aparc,0.35,Local Efficiency,lh_paracentral,0.8655419566379987,0.8531622056345132,-0.01237975100348554
maxSW,aparc,0.35,Local Efficiency,lh_parahippocampal,0.7353855590896715,0.9048258355031311,0.1694402764134596
maxSW,aparc,0.35,Local Efficiency,lh_parsopercularis,0.8970901679751491,0.8722765794207678,-0.024813588554381316
maxSW,aparc,0.35,Local Efficiency,lh_parsorbitalis,0.0,0.0,0.0
maxSW,aparc,0.35,Local Efficiency,lh_parstriangularis,0.8925759836540764,0.8676574146359538,-0.024918569018122616
maxSW,aparc,0.35,Local Efficiency,lh_pericalcarine,0.0,0.0,0.0
maxSW,aparc,0.35,Local Efficiency,lh_postcentral,0.8470256635756239,0.8402223060958709,-0.006803357479753025
maxSW,aparc,0.35,Local Efficiency,lh_posteriorcingulate,0.8746970824331338,0.880400439597127,0.005703357163993172
maxSW,aparc,0.35,Local Efficiency,lh_precentral,0.867170157255912,0.8715005579629526,0.004330400707040605
maxSW,aparc,0.35,Local Efficiency,lh_precuneus,0.8057660058844701,0.8418031979975978,0.036037192113127725
maxSW,aparc,0.35,Local Efficiency,lh_rostralanteriorcingulate,0.9213070773750559,0.8508160655977152,-0.07049101177734074
maxSW,aparc,0.35,Local Efficiency,lh_rostralmiddlefrontal,0.881216401029943,0.8498245441398563,-0.03139185689008672
maxSW,aparc,0.35,Local Efficiency,lh_superiorfrontal,0.9055224828154795,0.8948248935634769,-0.010697589252002593
maxSW,aparc,0.35,Local Efficiency,lh_superiorparietal,0.8716122353643347,0.8811928193268651,0.009580583962530365
maxSW,aparc,0.35,Local Efficiency,lh_superiortemporal,0.9161304258554545,0.9476722184999055,0.031541792644451006
maxSW,aparc,0.35,Local Efficiency,lh_supramarginal,0.8625473437835129,0.8967286611980875,0.03418131741457453
maxSW,aparc,0.35,Local Efficiency,lh_temporalpole,0.0,0.0,0.0
maxSW,aparc,0.35,Local Efficiency,lh_transversetemporal,0.9441096400486939,0.550285310558549,-0.3938243294901449
maxSW,aparc,0.35,Local Efficiency,rh_bankssts,0.0,0.0,0.0
maxSW,aparc,0.35,Local Efficiency,rh_caudalanteriorcingulate,0.8860876167771538,0.9237017916445169,0.03761417486736318
maxSW,aparc,0.35,Local Efficiency,rh_caudalmiddlefrontal,0.9086786162043624,0.9143245266739066,0.005645910469544213
maxSW,aparc,0.35,Local Efficiency,rh_cuneus,0.9845513685555941,0.9997549934999521,0.015203624944358007
maxSW,aparc,0.35,Local Efficiency,rh_entorhinal,0.0,0.0,0.0
maxSW,aparc,0.35,Local Efficiency,rh_frontalpole,0.0,0.0,0.0
maxSW,aparc,0.35,Local Efficiency,rh_fusiform,0.8313776075417049,0.840802094621085,0.00942448707938015
maxSW,aparc,0.35,Local Efficiency,rh_inferiorparietal,0.8962548160733569,0.8824643629902647,-0.013790453083092236
maxSW,aparc,0.35,Local Efficiency,rh_inferiortemporal,0.8825933051779826,0.8857507177623504,0.003157412584367747
maxSW,aparc,0.35,Local Efficiency,rh_insula,0.0,0.0,0.0
maxSW,aparc,0.35,Local Efficiency,rh_isthmuscingulate,0.808846422087349,0.8054316393662748,-0.0034147827210742054
maxSW,aparc,0.35,Local Efficiency,rh_lateraloccipital,0.8479460758561248,0.825481438963214,-0.022464636892910783
maxSW,aparc,0.35,Local Efficiency,rh_lateralorbitofrontal,0.8467664076765927,0.8456626288381924,-0.0011037788384002933
maxSW,aparc,0.35,Local Efficiency,rh_lingual,0.8706914604382628,0.8722624635571418,0.001571003118878922
maxSW,aparc,0.35,Local Efficiency,rh_medialorbitofrontal,0.8231104547121858,0.8529829518787279,0.029872497166542056
maxSW,aparc,0.35,Local Efficiency,rh_middletemporal,0.9115408679979704,0.945372912057053,0.03383204405908258
maxSW,aparc,0.35,Local Efficiency,rh_paracentral,0.8701804428174058,0.8307541979860202,-0.03942624483138557
maxSW,aparc,0.35,Local Efficiency,rh_parahippocampal,0.8634420918377217,0.8385250951965897,-0.024916996641132005
maxSW,aparc,0.35,Local Efficiency,rh_parsopercularis,0.9223795365158621,0.9235828729990101,0.0012033364831479654
maxSW,aparc,0.35,Local Efficiency,rh_parsorbitalis,0.0,0.0,0.0
maxSW,aparc,0.35,Local Efficiency,rh_parstriangularis,0.8782044520531176,0.8691764684216596,-0.009027983631457959
maxSW,aparc,0.35,Local Efficiency,rh_pericalcarine,0.0,0.0,0.0
maxSW,aparc,0.35,Local Efficiency,rh_postcentral,0.834346955471884,0.8575649268674971,0.023217971395613102
maxSW,aparc,0.35,Local Efficiency,rh_posteriorcingulate,0.8785584673993759,0.8579089623451176,-0.020649505054258332
maxSW,aparc,0.35,Local Efficiency,rh_precentral,0.8796349512810276,0.8673716346121718,-0.012263316668855828
maxSW,aparc,0.35,Local Efficiency,rh_precuneus,0.8255834501018908,0.8580288442123781,0.0324453941104873
maxSW,aparc,0.35,Local Efficiency,rh_rostralanteriorcingulate,0.8131200246793379,0.8423649650798337,0.029244940400495856
maxSW,aparc,0.35,Local Efficiency,rh_rostralmiddlefrontal,0.8696443064577181,0.8900955738763425,0.020451267418624464
maxSW,aparc,0.35,Local Efficiency,rh_superiorfrontal,0.883277284049708,0.910003404321333,0.02672612027162502
maxSW,aparc,0.35,Local Efficiency,rh_superiorparietal,0.8754875263765155,0.8745756847425065,-0.0009118416340090363
maxSW,aparc,0.35,Local Efficiency,rh_superiortemporal,0.8963259857873493,0.9227437830889506,0.02641779730160121
maxSW,aparc,0.35,Local Efficiency,rh_supramarginal,0.9156049854540772,0.9006846282390445,-0.014920357215032709
maxSW,aparc,0.35,Local Efficiency,rh_temporalpole,0.0,0.0,0.0
maxSW,aparc,0.35,Local Efficiency,rh_transversetemporal,0.9306321169719324,0.0,-0.9306321169719324
maxSW,aparc,0.35,Clustering Coefficient,lh_bankssts,0.31948438010898533,0.31773744273103566,-0.0017469373779496755
maxSW,aparc,0.35,Clustering Coefficient,lh_caudalanteriorcingulate,0.8856688876557777,0.7824968522731148,-0.10317203538266284
maxSW,aparc,0.35,Clustering Coefficient,lh_caudalmiddlefrontal,0.8710700999530958,0.8586539434089513,-0.012416156544144519
maxSW,aparc,0.35,Clustering Coefficient,lh_cuneus,0.9846547972485917,1.0,0.015345202751408271
maxSW,aparc,0.35,Clustering Coefficient,lh_entorhinal,0.0,0.0,0.0
maxSW,aparc,0.35,Clustering Coefficient,lh_frontalpole,0.0,0.0,0.0
maxSW,aparc,0.35,Clustering Coefficient,lh_fusiform,0.7072562039524694,0.7028106869893663,-0.0044455169631030245
maxSW,aparc,0.35,Clustering Coefficient,lh_inferiorparietal,0.766174744218365,0.7717739958635603,0.005599251645195369
maxSW,aparc,0.35,Clustering Coefficient,lh_inferiortemporal,0.8243720032027054,0.804248461528556,-0.020123541674149426
maxSW,aparc,0.35,Clustering Coefficient,lh_insula,0.0,0.0,0.0
maxSW,aparc,0.35,Clustering Coefficient,lh_isthmuscingulate,0.6682144857134651,0.6838872819050246,0.01567279619155948
maxSW,aparc,0.35,Clustering Coefficient,lh_lateraloccipital,0.7640070187701068,0.7697804715011619,0.005773452731055118
maxSW,aparc,0.35,Clustering Coefficient,lh_lateralorbitofrontal,0.7054743650240289,0.7059152703912872,0.0004409053672582708
maxSW,aparc,0.35,Clustering Coefficient,lh_lingual,0.6987899489412447,0.7104820369537211,0.011692088012476454
maxSW,aparc,0.35,Clustering Coefficient,lh_medialorbitofrontal,0.6608020733706077,0.6979303096107203,0.03712823624011263
maxSW,aparc,0.35,Clustering Coefficient,lh_middletemporal,0.7991805136609578,0.8196931437495386,0.02051263008858084
maxSW,aparc,0.35,Clustering Coefficient,lh_paracentral,0.7691296896006516,0.7463664554914025,-0.022763234109249186
maxSW,aparc,0.35,Clustering Coefficient,lh_parahippocampal,0.7187021675485794,0.8794788676289005,0.16077670008032108
maxSW,aparc,0.35,Clustering Coefficient,lh_parsopercularis,0.8091327018273999,0.7625495801857097,-0.046583121641690206
maxSW,aparc,0.35,Clustering Coefficient,lh_parsorbitalis,0.0,0.0,0.0
maxSW,aparc,0.35,Clustering Coefficient,lh_parstriangularis,0.8045829350201319,0.7617529436761419,-0.042829991343990015
maxSW,aparc,0.35,Clustering Coefficient,lh_pericalcarine,0.0,0.0,0.0
maxSW,aparc,0.35,Clustering Coefficient,lh_postcentral,0.7318537548881985,0.724819307108048,-0.007034447780150499
maxSW,aparc,0.35,Clustering Coefficient,lh_posteriorcingulate,0.7998271983359152,0.8061079602520831,0.006280761916167887
maxSW,aparc,0.35,Clustering Coefficient,lh_precentral,0.7527656586717772,0.7615739904791823,0.008808331807405034
maxSW,aparc,0.35,Clustering Coefficient,lh_precuneus,0.6546755322229202,0.7126906769946888,0.05801514477176861
maxSW,aparc,0.35,Clustering Coefficient,lh_rostralanteriorcingulate,0.9044080568168668,0.7890910447842525,-0.11531701203261424
maxSW,aparc,0.35,Clustering Coefficient,lh_rostralmiddlefrontal,0.8042700157731031,0.7347467431596455,-0.06952327261345759
maxSW,aparc,0.35,Clustering Coefficient,lh_superiorfrontal,0.8246167800695531,0.806272412391142,-0.018344367678411078
maxSW,aparc,0.35,Clustering Coefficient,lh_superiorparietal,0.7729555052565665,0.782249119028469,0.00929361377190252
maxSW,aparc,0.35,Clustering Coefficient,lh_superiortemporal,0.8552826430713574,0.9036786972623874,0.04839605419102999
maxSW,aparc,0.35,Clustering Coefficient,lh_supramarginal,0.7388224135964007,0.7959278709282928,0.057105457331892095
maxSW,aparc,0.35,Clustering Coefficient,lh_temporalpole,0.0,0.0,0.0
maxSW,aparc,0.35,Clustering Coefficient,lh_transversetemporal,0.944109640048694,0.550285310558549,-0.393824329490145
maxSW,aparc,0.35,Clustering Coefficient,rh_bankssts,0.0,0.0,0.0
maxSW,aparc,0.35,Clustering Coefficient,rh_caudalanteriorcingulate,0.839591634686118,0.9177583455300486,0.07816671084393068
maxSW,aparc,0.35,Clustering Coefficient,rh_caudalmiddlefrontal,0.8286129106388559,0.8323640996406504,0.003751189001794497
maxSW,aparc,0.35,Clustering Coefficient,rh_cuneus,0.9845513685555942,0.9997549934999522,0.015203624944358007
maxSW,aparc,0.35,Clustering Coefficient,rh_entorhinal,0.0,0.0,0.0
maxSW,aparc,0.35,Clustering Coefficient,rh_frontalpole,0.0,0.0,0.0
maxSW,aparc,0.35,Clustering Coefficient,rh_fusiform,0.7024904337761871,0.7133658761367118,0.010875442360524623
maxSW,aparc,0.35,Clustering Coefficient,rh_inferiorparietal,0.7932793032970211,0.767640274326779,-0.025639028970242173
maxSW,aparc,0.35,Clustering Coefficient,rh_inferiortemporal,0.7855237960105719,0.7976106503215007,0.012086854310928818
maxSW,aparc,0.35,Clustering Coefficient,rh_insula,0.0,0.0,0.0
maxSW,aparc,0.35,Clustering Coefficient,rh_isthmuscingulate,0.6914141717367769,0.6873000859392674,-0.0041140857975094924
maxSW,aparc,0.35,Clustering Coefficient,rh_lateraloccipital,0.7342663961118246,0.6999868117328207,-0.03427958437900391
maxSW,aparc,0.35,Clustering Coefficient,rh_lateralorbitofrontal,0.7100359324992636,0.708945352275606,-0.0010905802236576
maxSW,aparc,0.35,Clustering Coefficient,rh_lingual,0.7805054004061149,0.7808200509010489,0.0003146504949339546
maxSW,aparc,0.35,Clustering Coefficient,rh_medialorbitofrontal,0.6979025598470846,0.756907615122281,0.059005055275196394
maxSW,aparc,0.35,Clustering Coefficient,rh_middletemporal,0.861016133392338,0.9224568296801517,0.06144069628781379
maxSW,aparc,0.35,Clustering Coefficient,rh_paracentral,0.7738820829698686,0.7073740376993565,-0.06650804527051213
maxSW,aparc,0.35,Clustering Coefficient,rh_parahippocampal,0.8070532474234219,0.7521054523308235,-0.054947795092598395
maxSW,aparc,0.35,Clustering Coefficient,rh_parsopercularis,0.8543283031920043,0.8572336603879184,0.0029053571959141156
maxSW,aparc,0.35,Clustering Coefficient,rh_parsorbitalis,0.0,0.0,0.0
maxSW,aparc,0.35,Clustering Coefficient,rh_parstriangularis,0.7837203938619811,0.7737951499630088,-0.009925243898972314
maxSW,aparc,0.35,Clustering Coefficient,rh_pericalcarine,0.0,0.0,0.0
maxSW,aparc,0.35,Clustering Coefficient,rh_postcentral,0.7133061177978282,0.7556887880831072,0.04238267028527909
maxSW,aparc,0.35,Clustering Coefficient,rh_posteriorcingulate,0.8068327293257779,0.7670259184275106,-0.03980681089826732
maxSW,aparc,0.35,Clustering Coefficient,rh_precentral,0.783512980835603,0.7576534127101956,-0.02585956812540735
maxSW,aparc,0.35,Clustering Coefficient,rh_precuneus,0.688054398860722,0.7469767293547283,0.0589223304940063
maxSW,aparc,0.35,Clustering Coefficient,rh_rostralanteriorcingulate,0.704872337935671,0.7717156826055747,0.06684334466990371
maxSW,aparc,0.35,Clustering Coefficient,rh_rostralmiddlefrontal,0.7838662140800551,0.8184956346307654,0.03462942055071028
maxSW,aparc,0.35,Clustering Coefficient,rh_superiorfrontal,0.7864700280147334,0.8273781126698919,0.040908084655158494
maxSW,aparc,0.35,Clustering Coefficient,rh_superiorparietal,0.781457036371293,0.7757864955965339,-0.005670540774759147
maxSW,aparc,0.35,Clustering Coefficient,rh_superiortemporal,0.8245697877667718,0.8624416663017763,0.03787187853500451
maxSW,aparc,0.35,Clustering Coefficient,rh_supramarginal,0.834766259246014,0.8045702734394349,-0.030195985806579118
maxSW,aparc,0.35,Clustering Coefficient,rh_temporalpole,0.0,0.0,0.0
maxSW,aparc,0.35,Clustering Coefficient,rh_transversetemporal,0.9306321169719326,0.0,-0.9306321169719326
maxSW,aparc,0.35,Betweenness Centrality,lh_bankssts,0.4067796610169492,0.4067796610169492,0.0
maxSW,aparc,0.35,Betweenness Centrality,lh_caudalanteriorcingulate,0.0,0.0,0.0
maxSW,aparc,0.35,Betweenness Centrality,lh_caudalmiddlefrontal,0.0,0.0,0.0
maxSW,aparc,0.35,Betweenness Centrality,lh_cuneus,0.0,0.0,0.0
maxSW,aparc,0.35,Betweenness Centrality,lh_entorhinal,0.13983050847457626,0.0,-0.13983050847457626
maxSW,aparc,0.35,Betweenness Centrality,lh_frontalpole,0.0,0.0,0.0
maxSW,aparc,0.35,Betweenness Centrality,lh_fusiform,0.0,0.00423728813559322,0.00423728813559322
maxSW,aparc,0.35,Betweenness Centrality,lh_inferiorparietal,0.05084745762711865,0.01059322033898305,-0.0402542372881356
maxSW,aparc,0.35,Betweenness Centrality,lh_inferiortemporal,0.15466101694915255,0.025423728813559324,-0.1292372881355932
maxSW,aparc,0.35,Betweenness Centrality,lh_insula,0.13983050847457626,0.13983050847457626,0.0
maxSW,aparc,0.35,Betweenness Centrality,lh_isthmuscingulate,0.01694915254237288,0.03389830508474576,0.01694915254237288
maxSW,aparc,0.35,Betweenness Centrality,lh_lateraloccipital,0.059322033898305086,0.08898305084745763,0.02966101694915254
maxSW,aparc,0.35,Betweenness Centrality,lh_lateralorbitofrontal,0.07627118644067797,0.029661016949152543,-0.046610169491525424
maxSW,aparc,0.35,Betweenness Centrality,lh_lingual,0.2754237288135593,0.2754237288135593,0.0
maxSW,aparc,0.35,Betweenness Centrality,lh_medialorbitofrontal,0.17372881355932204,0.019067796610169493,-0.15466101694915255
maxSW,aparc,0.35,Betweenness Centrality,lh_middletemporal,0.7754237288135594,1.0,0.22457627118644063
maxSW,aparc,0.35,Betweenness Centrality,lh_paracentral,0.057203389830508475,0.029661016949152543,-0.02754237288135593
maxSW,aparc,0.35,Betweenness Centrality,lh_parahippocampal,0.2754237288135593,0.0,-0.2754237288135593
maxSW,aparc,0.35,Betweenness Centrality,lh_parsopercularis,0.03389830508474576,0.06779661016949153,0.03389830508474576
maxSW,aparc,0.35,Betweenness Centrality,lh_parsorbitalis,0.5423728813559322,0.5423728813559322,0.0
maxSW,aparc,0.35,Betweenness Centrality,lh_parstriangularis,0.00423728813559322,0.025423728813559324,0.021186440677966104
maxSW,aparc,0.35,Betweenness Centrality,lh_pericalcarine,0.0,0.0,0.0
maxSW,aparc,0.35,Betweenness Centrality,lh_postcentral,0.03177966101694915,0.01694915254237288,-0.01483050847457627
maxSW,aparc,0.35,Betweenness Centrality,lh_posteriorcingulate,0.029661016949152543,0.014830508474576272,-0.014830508474576272
maxSW,aparc,0.35,Betweenness Centrality,lh_precentral,0.06567796610169492,0.03389830508474576,-0.03177966101694916
maxSW,aparc,0.35,Betweenness Centrality,lh_precuneus,0.3135593220338983,0.2097457627118644,-0.1038135593220339
maxSW,aparc,0.35,Betweenness Centrality,lh_rostralanteriorcingulate,0.0,0.0,0.0
maxSW,aparc,0.35,Betweenness Centrality,lh_rostralmiddlefrontal,0.00211864406779661,0.08050847457627118,0.07838983050847458
maxSW,aparc,0.35,Betweenness Centrality,lh_superiorfrontal,0.1059322033898305,0.11864406779661017,0.012711864406779669
maxSW,aparc,0.35,Betweenness Centrality,lh_superiorparietal,0.3622881355932203,0.4533898305084746,0.09110169491525427
maxSW,aparc,0.35,Betweenness Centrality,lh_superiortemporal,0.0,0.0,0.0
maxSW,aparc,0.35,Betweenness Centrality,lh_supramarginal,0.2796610169491525,0.3855932203389831,0.10593220338983056
maxSW,aparc,0.35,Betweenness Centrality,lh_temporalpole,0.0,0.0,0.0
maxSW,aparc,0.35,Betweenness Centrality,lh_transversetemporal,0.0,0.13983050847457626,0.13983050847457626
maxSW,aparc,0.35,Betweenness Centrality,rh_bankssts,0.2754237288135593,0.2754237288135593,0.0
maxSW,aparc,0.35,Betweenness Centrality,rh_caudalanteriorcingulate,0.0,0.0,0.0
maxSW,aparc,0.35,Betweenness Centrality,rh_caudalmiddlefrontal,0.0,0.0,0.0
maxSW,aparc,0.35,Betweenness Centrality,rh_cuneus,0.0,0.0,0.0
maxSW,aparc,0.35,Betweenness Centrality,rh_entorhinal,0.0,0.13983050847457626,0.13983050847457626
maxSW,aparc,0.35,Betweenness Centrality,rh_frontalpole,0.13983050847457626,0.13983050847457626,0.0
maxSW,aparc,0.35,Betweenness Centrality,rh_fusiform,0.0,0.025423728813559324,0.025423728813559324
maxSW,aparc,0.35,Betweenness Centrality,rh_inferiorparietal,0.05508474576271186,0.07203389830508475,0.016949152542372885
maxSW,aparc,0.35,Betweenness Centrality,rh_inferiortemporal,0.17584745762711865,0.0423728813559322,-0.13347457627118645
maxSW,aparc,0.35,Betweenness Centrality,rh_insula,0.0,0.0,0.0
maxSW,aparc,0.35,Betweenness Centrality,rh_isthmuscingulate,0.038135593220338986,0.03389830508474576,-0.004237288135593223
maxSW,aparc,0.35,Betweenness Centrality,rh_lateraloccipital,0.13983050847457626,0.1483050847457627,0.008474576271186446
maxSW,aparc,0.35,Betweenness Centrality,rh_lateralorbitofrontal,0.3389830508474576,0.2838983050847458,-0.05508474576271183
maxSW,aparc,0.35,Betweenness Centrality,rh_lingual,0.023305084745762712,0.0423728813559322,0.01906779661016949
maxSW,aparc,0.35,Betweenness Centrality,rh_medialorbitofrontal,0.059322033898305086,0.019067796610169493,-0.0402542372881356
maxSW,aparc,0.35,Betweenness Centrality,rh_middletemporal,0.0,0.0,0.0
maxSW,aparc,0.35,Betweenness Centrality,rh_paracentral,0.0,0.046610169491525424,0.046610169491525424
maxSW,aparc,0.35,Betweenness Centrality,rh_parahippocampal,0.07627118644067797,0.023305084745762712,-0.05296610169491526
maxSW,aparc,0.35,Betweenness Centrality,rh_parsopercularis,0.0,0.0,0.0
maxSW,aparc,0.35,Betweenness Centrality,rh_parsorbitalis,0.6567796610169492,0.9110169491525424,0.2542372881355932
maxSW,aparc,0.35,Betweenness Centrality,rh_parstriangularis,0.0,0.0,0.0
maxSW,aparc,0.35,Betweenness Centrality,rh_pericalcarine,0.13983050847457626,0.13983050847457626,0.0
maxSW,aparc,0.35,Betweenness Centrality,rh_postcentral,0.03389830508474576,0.0,-0.03389830508474576
maxSW,aparc,0.35,Betweenness Centrality,rh_posteriorcingulate,0.01059322033898305,0.01694915254237288,0.006355932203389831
maxSW,aparc,0.35,Betweenness Centrality,rh_precentral,0.0,0.012711864406779662,0.012711864406779662
maxSW,aparc,0.35,Betweenness Centrality,rh_precuneus,0.4703389830508475,0.5296610169491526,0.05932203389830509
maxSW,aparc,0.35,Betweenness Centrality,rh_rostralanteriorcingulate,0.0,0.0,0.0
maxSW,aparc,0.35,Betweenness Centrality,rh_rostralmiddlefrontal,0.00211864406779661,0.0,-0.00211864406779661
maxSW,aparc,0.35,Betweenness Centrality,rh_superiorfrontal,0.08898305084745763,0.3029661016949153,0.21398305084745767
maxSW,aparc,0.35,Betweenness Centrality,rh_superiorparietal,0.0,0.09110169491525423,0.09110169491525423
maxSW,aparc,0.35,Betweenness Centrality,rh_superiortemporal,0.07627118644067797,0.025423728813559324,-0.05084745762711865
maxSW,aparc,0.35,Betweenness Centrality,rh_supramarginal,0.019067796610169493,0.07838983050847458,0.05932203389830508
maxSW,aparc,0.35,Betweenness Centrality,rh_temporalpole,0.13983050847457626,0.13983050847457626,0.0
maxSW,aparc,0.35,Betweenness Centrality,rh_transversetemporal,0.0,0.0,0.0
maxSW,aparc,0.35,Eigenvector Centrality,lh_bankssts,0.04634280066863693,0.04488356496564527,-0.0014592357029916542
maxSW,aparc,0.35,Eigenvector Centrality,lh_caudalanteriorcingulate,0.25173903581003165,0.32240031288433135,0.0706612770742997
maxSW,aparc,0.35,Eigenvector Centrality,lh_caudalmiddlefrontal,0.8611761491661347,0.8365912052991346,-0.024584943867000164
maxSW,aparc,0.35,Eigenvector Centrality,lh_cuneus,0.06842408477488854,0.06796394979721249,-0.00046013497767605216
maxSW,aparc,0.35,Eigenvector Centrality,lh_entorhinal,0.005147812974239122,3.486805768395339e-06,-0.005144326168470727
maxSW,aparc,0.35,Eigenvector Centrality,lh_frontalpole,0.0,2.7651777991607727e-08,2.7651777991607727e-08
maxSW,aparc,0.35,Eigenvector Centrality,lh_fusiform,0.9303592446782674,0.9515651742272322,0.02120592954896483
maxSW,aparc,0.35,Eigenvector Centrality,lh_inferiorparietal,0.9938030897954611,0.9699985273869347,-0.023804562408526353
maxSW,aparc,0.35,Eigenvector Centrality,lh_inferiortemporal,0.6551672265926937,0.6114646971133132,-0.04370252947938047
maxSW,aparc,0.35,Eigenvector Centrality,lh_insula,3.6525713592286735e-05,3.5653747964612825e-05,-8.719656276739098e-07
maxSW,aparc,0.35,Eigenvector Centrality,lh_isthmuscingulate,0.7120131277130262,0.8238570763829135,0.11184394866988734
maxSW,aparc,0.35,Eigenvector Centrality,lh_lateraloccipital,0.35268960164026175,0.3515352177704292,-0.001154383869832576
maxSW,aparc,0.35,Eigenvector Centrality,lh_lateralorbitofrontal,0.9555872416955075,0.9569392894310809,0.0013520477355734029
maxSW,aparc,0.35,Eigenvector Centrality,lh_lingual,0.1630822284876135,0.15928694309819216,-0.003795285389421338
maxSW,aparc,0.35,Eigenvector Centrality,lh_medialorbitofrontal,0.9400660254644917,0.8733219379519572,-0.06674408751253447
maxSW,aparc,0.35,Eigenvector Centrality,lh_middletemporal,0.1871049844978302,0.23168140304831467,0.04457641855048447
maxSW,aparc,0.35,Eigenvector Centrality,lh_paracentral,0.7781073038054066,0.7827011834692988,0.004593879663892242
maxSW,aparc,0.35,Eigenvector Centrality,lh_parahippocampal,0.2287632716723062,0.32504334852702393,0.09628007685471773
maxSW,aparc,0.35,Eigenvector Centrality,lh_parsopercularis,0.9055826889908513,0.951805595278878,0.04622290628802672
maxSW,aparc,0.35,Eigenvector Centrality,lh_parsorbitalis,0.00014323991181774867,0.0001796823115118599,3.6442399694111224e-05
maxSW,aparc,0.35,Eigenvector Centrality,lh_parstriangularis,0.8765773079230021,0.9445956525499355,0.06801834462693335
maxSW,aparc,0.35,Eigenvector Centrality,lh_pericalcarine,8.446802349884624e-05,8.825497880281182e-05,3.786955303965579e-06
maxSW,aparc,0.35,Eigenvector Centrality,lh_postcentral,0.5310129246904497,0.522540428056078,-0.008472496634371662
maxSW,aparc,0.35,Eigenvector Centrality,lh_posteriorcingulate,0.7633424499331735,0.77151188218556,0.008169432252386533
maxSW,aparc,0.35,Eigenvector Centrality,lh_precentral,0.9738701363474564,0.9521177090274177,-0.021752427320038792
maxSW,aparc,0.35,Eigenvector Centrality,lh_precuneus,0.9187322343807497,0.8915906210326733,-0.02714161334807641
maxSW,aparc,0.35,Eigenvector Centrality,lh_rostralanteriorcingulate,0.21883188151239746,0.23206697376182422,0.013235092249426761
maxSW,aparc,0.35,Eigenvector Centrality,lh_rostralmiddlefrontal,0.8286078388143411,0.8641944377909134,0.03558659897657235
maxSW,aparc,0.35,Eigenvector Centrality,lh_superiorfrontal,0.6842421463516782,0.7003131561008628,0.016071009749184517
maxSW,aparc,0.35,Eigenvector Centrality,lh_superiorparietal,0.8317905351732751,0.8448938762053452,0.013103341032070115
maxSW,aparc,0.35,Eigenvector Centrality,lh_superiortemporal,0.6397844508843398,0.6124617729053732,-0.027322677978966592
maxSW,aparc,0.35,Eigenvector Centrality,lh_supramarginal,0.996366299623426,0.9627993589128725,-0.03356694071055355
maxSW,aparc,0.35,Eigenvector Centrality,lh_temporalpole,3.0163436563673968e-09,1.1641606656384321e-08,8.625263000016925e-09
maxSW,aparc,0.35,Eigenvector Centrality,lh_transversetemporal,0.04926795763613452,0.07918637821791376,0.029918420581779237
maxSW,aparc,0.35,Eigenvector Centrality,rh_bankssts,0.0013627416220427476,0.0013917220919084472,2.898046986569958e-05
maxSW,aparc,0.35,Eigenvector Centrality,rh_caudalanteriorcingulate,0.34604271658201025,0.2899738950919382,-0.05606882149007203
maxSW,aparc,0.35,Eigenvector Centrality,rh_caudalmiddlefrontal,0.9254205895414412,0.9336608543844723,0.008240264843031087
maxSW,aparc,0.35,Eigenvector Centrality,rh_cuneus,0.06910704846099743,0.06866688862569596,-0.0004401598353014624
maxSW,aparc,0.35,Eigenvector Centrality,rh_entorhinal,0.00014481462720749587,0.00012296670930573404,-2.1847917901761838e-05
maxSW,aparc,0.35,Eigenvector Centrality,rh_frontalpole,2.84106762040238e-06,3.5729050970408976e-06,7.318374766385175e-07
maxSW,aparc,0.35,Eigenvector Centrality,rh_fusiform,0.889709999180393,0.9285623599999038,0.03885236081951082
maxSW,aparc,0.35,Eigenvector Centrality,rh_inferiorparietal,0.9915500167964696,1.0,0.008449983203530409
maxSW,aparc,0.35,Eigenvector Centrality,rh_inferiortemporal,0.747423068778542,0.6884779730100301,-0.058945095768511924
maxSW,aparc,0.35,Eigenvector Centrality,rh_insula,1.1817425559710972e-06,1.1053748496529897e-06,-7.636770631810744e-08
maxSW,aparc,0.35,Eigenvector Centrality,rh_isthmuscingulate,0.6612552871321772,0.7232382866784206,0.06198299954624342
maxSW,aparc,0.35,Eigenvector Centrality,rh_lateraloccipital,0.4775474017559771,0.5890370060366997,0.11148960428072263
maxSW,aparc,0.35,Eigenvector Centrality,rh_lateralorbitofrontal,0.9647408683216963,0.9627959912615511,-0.0019448770601451226
maxSW,aparc,0.35,Eigenvector Centrality,rh_lingual,0.24223256826621734,0.27056112538135746,0.028328557115140124
maxSW,aparc,0.35,Eigenvector Centrality,rh_medialorbitofrontal,0.8957971933030148,0.8394102121978131,-0.05638698110520168
maxSW,aparc,0.35,Eigenvector Centrality,rh_middletemporal,0.40981552255983583,0.4055145741138758,-0.004300948445960018
maxSW,aparc,0.35,Eigenvector Centrality,rh_paracentral,0.78652224025507,0.7606945063307267,-0.025827733924343343
maxSW,aparc,0.35,Eigenvector Centrality,rh_parahippocampal,0.6298096506927342,0.5117158325337706,-0.11809381815896358
maxSW,aparc,0.35,Eigenvector Centrality,rh_parsopercularis,0.8831770087881186,0.8560688830852978,-0.02710812570282073
maxSW,aparc,0.35,Eigenvector Centrality,rh_parsorbitalis,0.0047161910282996,0.005725644661157695,0.0010094536328580945
maxSW,aparc,0.35,Eigenvector Centrality,rh_parstriangularis,0.9090292296505941,0.8927462781844208,-0.016282951466173312
maxSW,aparc,0.35,Eigenvector Centrality,rh_pericalcarine,0.00293288053967356,0.0031417103434439654,0.0002088298037704055
maxSW,aparc,0.35,Eigenvector Centrality,rh_postcentral,0.5725840258134983,0.40055745659794306,-0.17202656921555526
maxSW,aparc,0.35,Eigenvector Centrality,rh_posteriorcingulate,0.7188607150416015,0.7725904320162867,0.053729716974685204
maxSW,aparc,0.35,Eigenvector Centrality,rh_precentral,0.9344972262954756,0.9442949883385067,0.009797762043031066
maxSW,aparc,0.35,Eigenvector Centrality,rh_precuneus,0.8426294705747853,0.8314539731001542,-0.011175497474631091
maxSW,aparc,0.35,Eigenvector Centrality,rh_rostralanteriorcingulate,0.3331369074452128,0.25522901691158206,-0.07790789053363073
maxSW,aparc,0.35,Eigenvector Centrality,rh_rostralmiddlefrontal,0.8217397589015082,0.8190596505188578,-0.0026801083826504257
maxSW,aparc,0.35,Eigenvector Centrality,rh_superiorfrontal,0.7490023579108362,0.7507365871873996,0.0017342292765633038
maxSW,aparc,0.35,Eigenvector Centrality,rh_superiorparietal,0.7618292333546677,0.8333960177391657,0.07156678438449804
maxSW,aparc,0.35,Eigenvector Centrality,rh_superiortemporal,0.6531779051627518,0.6192444132713003,-0.03393349189145145
maxSW,aparc,0.35,Eigenvector Centrality,rh_supramarginal,0.9337271038772118,0.9430794120251275,0.009352308147915656
maxSW,aparc,0.35,Eigenvector Centrality,rh_temporalpole,2.6843432103109565e-06,3.183024882116e-06,4.986816718050435e-07
maxSW,aparc,0.35,Eigenvector Centrality,rh_transversetemporal,0.04642629093502941,0.0023930749118661384,-0.04403321602316327
maxSW,aparc,0.35,Node Degree,lh_bankssts,0.046511627906976744,0.046511627906976744,0.0
maxSW,aparc,0.35,Node Degree,lh_caudalanteriorcingulate,0.2558139534883721,0.3488372093023256,0.09302325581395349
maxSW,aparc,0.35,Node Degree,lh_caudalmiddlefrontal,0.7674418604651163,0.7441860465116279,-0.023255813953488413
maxSW,aparc,0.35,Node Degree,lh_cuneus,0.13953488372093023,0.13953488372093023,0.0
maxSW,aparc,0.35,Node Degree,lh_entorhinal,0.023255813953488372,0.0,-0.023255813953488372
maxSW,aparc,0.35,Node Degree,lh_frontalpole,0.0,0.0,0.0
maxSW,aparc,0.35,Node Degree,lh_fusiform,0.9302325581395349,0.9534883720930233,0.023255813953488413
maxSW,aparc,0.35,Node Degree,lh_inferiorparietal,0.9302325581395349,0.9069767441860465,-0.023255813953488413
maxSW,aparc,0.35,Node Degree,lh_inferiortemporal,0.627906976744186,0.6046511627906976,-0.023255813953488413
maxSW,aparc,0.35,Node Degree,lh_insula,0.023255813953488372,0.023255813953488372,0.0
maxSW,aparc,0.35,Node Degree,lh_isthmuscingulate,0.7906976744186046,0.8837209302325582,0.09302325581395354
maxSW,aparc,0.35,Node Degree,lh_lateraloccipital,0.4186046511627907,0.4186046511627907,0.0
maxSW,aparc,0.35,Node Degree,lh_lateralorbitofrontal,0.9534883720930233,0.9534883720930233,0.0
maxSW,aparc,0.35,Node Degree,lh_lingual,0.2558139534883721,0.2558139534883721,0.0
maxSW,aparc,0.35,Node Degree,lh_medialorbitofrontal,1.0,0.9069767441860465,-0.09302325581395354
maxSW,aparc,0.35,Node Degree,lh_middletemporal,0.20930232558139536,0.2558139534883721,0.046511627906976744
maxSW,aparc,0.35,Node Degree,lh_paracentral,0.7674418604651163,0.7906976744186046,0.023255813953488302
maxSW,aparc,0.35,Node Degree,lh_parahippocampal,0.23255813953488372,0.3023255813953488,0.0697674418604651
maxSW,aparc,0.35,Node Degree,lh_parsopercularis,0.8372093023255814,0.9069767441860465,0.06976744186046502
maxSW,aparc,0.35,Node Degree,lh_parsorbitalis,0.046511627906976744,0.046511627906976744,0.0
maxSW,aparc,0.35,Node Degree,lh_parstriangularis,0.813953488372093,0.9069767441860465,0.09302325581395343
maxSW,aparc,0.35,Node Degree,lh_pericalcarine,0.0,0.0,0.0
maxSW,aparc,0.35,Node Degree,lh_postcentral,0.5813953488372093,0.5813953488372093,0.0
maxSW,aparc,0.35,Node Degree,lh_posteriorcingulate,0.7441860465116279,0.7441860465116279,0.0
maxSW,aparc,0.35,Node Degree,lh_precentral,0.9302325581395349,0.9069767441860465,-0.023255813953488413
maxSW,aparc,0.35,Node Degree,lh_precuneus,0.9534883720930233,0.8837209302325582,-0.06976744186046513
maxSW,aparc,0.35,Node Degree,lh_rostralanteriorcingulate,0.23255813953488372,0.2558139534883721,0.023255813953488386
maxSW,aparc,0.35,Node Degree,lh_rostralmiddlefrontal,0.7906976744186046,0.8604651162790697,0.06976744186046513
maxSW,aparc,0.35,Node Degree,lh_superiorfrontal,0.6511627906976745,0.6744186046511628,0.023255813953488302
maxSW,aparc,0.35,Node Degree,lh_superiorparietal,0.813953488372093,0.813953488372093,0.0
maxSW,aparc,0.35,Node Degree,lh_superiortemporal,0.6046511627906976,0.5581395348837209,-0.046511627906976716
maxSW,aparc,0.35,Node Degree,lh_supramarginal,0.9534883720930233,0.8837209302325582,-0.06976744186046513
maxSW,aparc,0.35,Node Degree,lh_temporalpole,0.0,0.0,0.0
maxSW,aparc,0.35,Node Degree,lh_transversetemporal,0.046511627906976744,0.09302325581395349,0.046511627906976744
maxSW,aparc,0.35,Node Degree,rh_bankssts,0.023255813953488372,0.023255813953488372,0.0
maxSW,aparc,0.35,Node Degree,rh_caudalanteriorcingulate,0.3488372093023256,0.27906976744186046,-0.06976744186046513
maxSW,aparc,0.35,Node Degree,rh_caudalmiddlefrontal,0.8372093023255814,0.8372093023255814,0.0
maxSW,aparc,0.35,Node Degree,rh_cuneus,0.13953488372093023,0.13953488372093023,0.0
maxSW,aparc,0.35,Node Degree,rh_entorhinal,0.0,0.023255813953488372,0.023255813953488372
maxSW,aparc,0.35,Node Degree,rh_frontalpole,0.023255813953488372,0.023255813953488372,0.0
maxSW,aparc,0.35,Node Degree,rh_fusiform,0.9069767441860465,0.9302325581395349,0.023255813953488413
maxSW,aparc,0.35,Node Degree,rh_inferiorparietal,0.9069767441860465,0.9302325581395349,0.023255813953488413
maxSW,aparc,0.35,Node Degree,rh_inferiortemporal,0.7209302325581395,0.6744186046511628,-0.046511627906976716
maxSW,aparc,0.35,Node Degree,rh_insula,0.0,0.0,0.0
maxSW,aparc,0.35,Node Degree,rh_isthmuscingulate,0.7209302325581395,0.7906976744186046,0.06976744186046513
maxSW,aparc,0.35,Node Degree,rh_lateraloccipital,0.5348837209302325,0.6511627906976745,0.11627906976744196
maxSW,aparc,0.35,Node Degree,rh_lateralorbitofrontal,0.9534883720930233,0.9534883720930233,0.0
maxSW,aparc,0.35,Node Degree,rh_lingual,0.32558139534883723,0.3488372093023256,0.023255813953488358
maxSW,aparc,0.35,Node Degree,rh_medialorbitofrontal,0.9302325581395349,0.8372093023255814,-0.09302325581395343
maxSW,aparc,0.35,Node Degree,rh_middletemporal,0.4186046511627907,0.3953488372093023,-0.023255813953488413
maxSW,aparc,0.35,Node Degree,rh_paracentral,0.7674418604651163,0.7906976744186046,0.023255813953488302
maxSW,aparc,0.35,Node Degree,rh_parahippocampal,0.627906976744186,0.5348837209302325,-0.09302325581395354
maxSW,aparc,0.35,Node Degree,rh_parsopercularis,0.7906976744186046,0.7674418604651163,-0.023255813953488302
maxSW,aparc,0.35,Node Degree,rh_parsorbitalis,0.023255813953488372,0.046511627906976744,0.023255813953488372
maxSW,aparc,0.35,Node Degree,rh_parstriangularis,0.8604651162790697,0.8604651162790697,0.0
maxSW,aparc,0.35,Node Degree,rh_pericalcarine,0.023255813953488372,0.023255813953488372,0.0
maxSW,aparc,0.35,Node Degree,rh_postcentral,0.627906976744186,0.46511627906976744,-0.16279069767441862
maxSW,aparc,0.35,Node Degree,rh_posteriorcingulate,0.6976744186046512,0.7674418604651163,0.06976744186046513
maxSW,aparc,0.35,Node Degree,rh_precentral,0.8837209302325582,0.9069767441860465,0.023255813953488302
maxSW,aparc,0.35,Node Degree,rh_precuneus,0.8604651162790697,0.813953488372093,-0.046511627906976716
maxSW,aparc,0.35,Node Degree,rh_rostralanteriorcingulate,0.37209302325581395,0.27906976744186046,-0.09302325581395349
maxSW,aparc,0.35,Node Degree,rh_rostralmiddlefrontal,0.7906976744186046,0.7674418604651163,-0.023255813953488302
maxSW,aparc,0.35,Node Degree,rh_superiorfrontal,0.7209302325581395,0.6976744186046512,-0.023255813953488302
maxSW,aparc,0.35,Node Degree,rh_superiorparietal,0.7441860465116279,0.813953488372093,0.06976744186046513
maxSW,aparc,0.35,Node Degree,rh_superiortemporal,0.627906976744186,0.5813953488372093,-0.046511627906976716
maxSW,aparc,0.35,Node Degree,rh_supramarginal,0.8372093023255814,0.8604651162790697,0.023255813953488302
maxSW,aparc,0.35,Node Degree,rh_temporalpole,0.023255813953488372,0.023255813953488372,0.0
maxSW,aparc,0.35,Node Degree,rh_transversetemporal,0.046511627906976744,0.0,-0.046511627906976744
maxSW,aparc,0.4,Participation Coefficient,lh_bankssts,0.0,0.6641343385227862,0.6641343385227862
maxSW,aparc,0.4,Participation Coefficient,lh_caudalanteriorcingulate,0.8511101338515715,0.8107531700872425,-0.04035696376432907
maxSW,aparc,0.4,Participation Coefficient,lh_caudalmiddlefrontal,0.8246964382557039,0.7263641375483854,-0.09833230070731858
maxSW,aparc,0.4,Participation Coefficient,lh_cuneus,0.0,0.0,0.0
maxSW,aparc,0.4,Participation Coefficient,lh_entorhinal,0.0,0.0,0.0
maxSW,aparc,0.4,Participation Coefficient,lh_frontalpole,0.0,0.0,0.0
maxSW,aparc,0.4,Participation Coefficient,lh_fusiform,0.8203320889323015,0.6903871275426242,-0.12994496138967726
maxSW,aparc,0.4,Participation Coefficient,lh_inferiorparietal,0.9145555945947496,0.8099162460261092,-0.10463934856864032
maxSW,aparc,0.4,Participation Coefficient,lh_inferiortemporal,0.49634081120635387,0.3356535004280654,-0.16068731077828846
maxSW,aparc,0.4,Participation Coefficient,lh_insula,0.0,0.0,0.0
maxSW,aparc,0.4,Participation Coefficient,lh_isthmuscingulate,0.9515312775744945,0.8291586806071201,-0.12237259696737446
maxSW,aparc,0.4,Participation Coefficient,lh_lateraloccipital,0.7375351807432438,0.604626132131401,-0.13290904861184272
maxSW,aparc,0.4,Participation Coefficient,lh_lateralorbitofrontal,0.9017410378534603,0.7121907268002977,-0.18955031105316256
maxSW,aparc,0.4,Participation Coefficient,lh_lingual,0.16332877069322035,0.14480126901059953,-0.018527501682620823
maxSW,aparc,0.4,Participation Coefficient,lh_medialorbitofrontal,0.9189907234825515,0.8219231673055808,-0.09706755617697072
maxSW,aparc,0.4,Participation Coefficient,lh_middletemporal,0.1852494690614393,0.25121435632470007,0.06596488726326077
maxSW,aparc,0.4,Participation Coefficient,lh_paracentral,0.9644757790481052,0.9004757268525083,-0.0640000521955969
maxSW,aparc,0.4,Participation Coefficient,lh_parahippocampal,0.8947511904660457,0.8685275793196136,-0.026223611146432124
maxSW,aparc,0.4,Participation Coefficient,lh_parsopercularis,0.8087484229115594,0.7455136237622951,-0.06323479914926422
maxSW,aparc,0.4,Participation Coefficient,lh_parsorbitalis,0.0,0.5897387940470187,0.5897387940470187
maxSW,aparc,0.4,Participation Coefficient,lh_parstriangularis,0.8007864168751154,0.7734924662929202,-0.027293950582195192
maxSW,aparc,0.4,Participation Coefficient,lh_pericalcarine,0.0,0.0,0.0
maxSW,aparc,0.4,Participation Coefficient,lh_postcentral,0.9335289841647054,0.8206047230771802,-0.11292426108752518
maxSW,aparc,0.4,Participation Coefficient,lh_posteriorcingulate,0.9097050320479718,0.812977880806922,-0.0967271512410498
maxSW,aparc,0.4,Participation Coefficient,lh_precentral,0.891715944866207,0.8190162691347607,-0.07269967573144631
maxSW,aparc,0.4,Participation Coefficient,lh_precuneus,0.916737639477491,0.8615115053081769,-0.0552261341693141
maxSW,aparc,0.4,Participation Coefficient,lh_rostralanteriorcingulate,0.20563337091649475,0.0,-0.20563337091649475
maxSW,aparc,0.4,Participation Coefficient,lh_rostralmiddlefrontal,0.6947416372153921,0.5762910734616183,-0.11845056375377372
maxSW,aparc,0.4,Participation Coefficient,lh_superiorfrontal,0.3878964915222301,0.47956605822193255,0.09166956669970244
maxSW,aparc,0.4,Participation Coefficient,lh_superiorparietal,0.9358536230770245,0.883957290649948,-0.051896332427076475
maxSW,aparc,0.4,Participation Coefficient,lh_superiortemporal,0.4550265351511069,0.4103197404926503,-0.04470679465845662
maxSW,aparc,0.4,Participation Coefficient,lh_supramarginal,0.8347237825292142,0.7877584602206131,-0.046965322308601065
maxSW,aparc,0.4,Participation Coefficient,lh_temporalpole,0.0,0.0,0.0
maxSW,aparc,0.4,Participation Coefficient,lh_transversetemporal,0.7298945912918916,0.5503750993878613,-0.17951949190403027
maxSW,aparc,0.4,Participation Coefficient,rh_bankssts,0.0,0.0,0.0
maxSW,aparc,0.4,Participation Coefficient,rh_caudalanteriorcingulate,1.0,0.8936842494567163,-0.10631575054328368
maxSW,aparc,0.4,Participation Coefficient,rh_caudalmiddlefrontal,0.8596405805020866,0.7706583572847359,-0.08898222321735072
maxSW,aparc,0.4,Participation Coefficient,rh_cuneus,0.0,0.0,0.0
maxSW,aparc,0.4,Participation Coefficient,rh_entorhinal,0.0,0.0,0.0
maxSW,aparc,0.4,Participation Coefficient,rh_frontalpole,0.0,0.0,0.0
maxSW,aparc,0.4,Participation Coefficient,rh_fusiform,0.8535620275520105,0.7367018526221341,-0.11686017492987644
maxSW,aparc,0.4,Participation Coefficient,rh_inferiorparietal,0.9013855025383216,0.7815094032896865,-0.11987609924863507
maxSW,aparc,0.4,Participation Coefficient,rh_inferiortemporal,0.6850104155338576,0.4427998319467432,-0.24221058358711434
maxSW,aparc,0.4,Participation Coefficient,rh_insula,0.0,0.0,0.0
maxSW,aparc,0.4,Participation Coefficient,rh_isthmuscingulate,0.969046563577197,0.8517560138844874,-0.11729054969270958
maxSW,aparc,0.4,Participation Coefficient,rh_lateraloccipital,0.9084694701217794,0.8915872087034411,-0.016882261418338262
maxSW,aparc,0.4,Participation Coefficient,rh_lateralorbitofrontal,0.8875599345100282,0.70790098353349,-0.17965895097653828
maxSW,aparc,0.4,Participation Coefficient,rh_lingual,0.4234777022191911,0.2654451627163578,-0.1580325395028333
maxSW,aparc,0.4,Participation Coefficient,rh_medialorbitofrontal,0.9037113870864323,0.8392377335541802,-0.0644736535322521
maxSW,aparc,0.4,Participation Coefficient,rh_middletemporal,0.0,0.0,0.0
maxSW,aparc,0.4,Participation Coefficient,rh_paracentral,0.9473731381793761,0.9143989284500684,-0.032974209729307646
maxSW,aparc,0.4,Participation Coefficient,rh_parahippocampal,0.9754952913246174,0.9243734666137673,-0.05112182471085014
maxSW,aparc,0.4,Participation Coefficient,rh_parsopercularis,0.7817361881056643,0.7439316408371538,-0.03780454726851046
maxSW,aparc,0.4,Participation Coefficient,rh_parsorbitalis,0.7614967333765579,0.6667905982145925,-0.09470613516196535
maxSW,aparc,0.4,Participation Coefficient,rh_parstriangularis,0.7968513406967186,0.7424184194729001,-0.05443292122381849
maxSW,aparc,0.4,Participation Coefficient,rh_pericalcarine,0.0,0.0,0.0
maxSW,aparc,0.4,Participation Coefficient,rh_postcentral,0.9285374337252118,0.771961327316655,-0.1565761064085568
maxSW,aparc,0.4,Participation Coefficient,rh_posteriorcingulate,0.9502946492815598,0.8016156935946749,-0.14867895568688494
maxSW,aparc,0.4,Participation Coefficient,rh_precentral,0.8857701352945427,0.8344756950960224,-0.051294440198520364
maxSW,aparc,0.4,Participation Coefficient,rh_precuneus,0.9653173718932467,0.8912975726485559,-0.07401979924469082
maxSW,aparc,0.4,Participation Coefficient,rh_rostralanteriorcingulate,0.7147614802133553,0.1952419687822031,-0.5195195114311522
maxSW,aparc,0.4,Participation Coefficient,rh_rostralmiddlefrontal,0.8946630872427186,0.7341516369873609,-0.16051145025535773
maxSW,aparc,0.4,Participation Coefficient,rh_superiorfrontal,0.6158129369477577,0.5945903275267098,-0.021222609421047922
maxSW,aparc,0.4,Participation Coefficient,rh_superiorparietal,0.9395411016829803,0.8882518410422603,-0.051289260640720036
maxSW,aparc,0.4,Participation Coefficient,rh_superiortemporal,0.5547179125935012,0.5784922366342344,0.023774324040733208
maxSW,aparc,0.4,Participation Coefficient,rh_supramarginal,0.8140363443221299,0.7640691535132664,-0.04996719080886347
maxSW,aparc,0.4,Participation Coefficient,rh_temporalpole,0.0,0.0,0.0
maxSW,aparc,0.4,Participation Coefficient,rh_transversetemporal,0.0,0.0,0.0
maxSW,aparc,0.4,Node Versatility,lh_bankssts,0.35204497294138315,0.5418465389417624,0.18980156600037923
maxSW,aparc,0.4,Node Versatility,lh_caudalanteriorcingulate,0.4230974895582659,0.8164664943281833,0.3933690047699174
maxSW,aparc,0.4,Node Versatility,lh_caudalmiddlefrontal,0.07757656643882295,0.09081670021251032,0.013240133773687365
maxSW,aparc,0.4,Node Versatility,lh_cuneus,0.07351604740694284,0.14192473904530228,0.06840869163835944
maxSW,aparc,0.4,Node Versatility,lh_entorhinal,0.47761153485227076,0.08939169711390696,-0.38821983773836377
maxSW,aparc,0.4,Node Versatility,lh_frontalpole,0.010504015173805873,0.08939169711390696,0.07888768194010108
maxSW,aparc,0.4,Node Versatility,lh_fusiform,0.24789556653664077,0.5356060189704708,0.28771045243383
maxSW,aparc,0.4,Node Versatility,lh_inferiorparietal,0.10188541823445138,0.09650313432260381,-0.005382283911847571
maxSW,aparc,0.4,Node Versatility,lh_inferiortemporal,0.05380455648116583,0.46693371212038765,0.4131291556392218
maxSW,aparc,0.4,Node Versatility,lh_insula,0.2949655805800775,0.42164956574548945,0.12668398516541196
maxSW,aparc,0.4,Node Versatility,lh_isthmuscingulate,0.3528780766830917,0.4755271168518313,0.12264904016873962
maxSW,aparc,0.4,Node Versatility,lh_lateraloccipital,0.0869010253385387,0.14192473904530228,0.05502371370676358
maxSW,aparc,0.4,Node Versatility,lh_lateralorbitofrontal,0.42569307750030944,0.4952504776165527,0.06955740011624328
maxSW,aparc,0.4,Node Versatility,lh_lingual,0.07351604740694284,0.14192473904530228,0.06840869163835944
maxSW,aparc,0.4,Node Versatility,lh_medialorbitofrontal,0.2701852301086754,0.09297661254521417,-0.17720861756346123
maxSW,aparc,0.4,Node Versatility,lh_middletemporal,0.05380455648116583,0.41436716410156643,0.3605626076204006
maxSW,aparc,0.4,Node Versatility,lh_paracentral,0.25784162119372395,0.07945134792376014,-0.17839027326996382
maxSW,aparc,0.4,Node Versatility,lh_parahippocampal,0.44956871843093515,0.6666271654068767,0.21705844697594157
maxSW,aparc,0.4,Node Versatility,lh_parsopercularis,0.1859127163337677,0.17242147626360385,-0.013491240070163862
maxSW,aparc,0.4,Node Versatility,lh_parsorbitalis,0.010504015173805873,0.2466052955489089,0.23610128037510303
maxSW,aparc,0.4,Node Versatility,lh_parstriangularis,0.05469571004427838,0.12726530114345214,0.07256959109917376
maxSW,aparc,0.4,Node Versatility,lh_pericalcarine,0.036426712786636936,0.2289876958545777,0.19256098306794078
maxSW,aparc,0.4,Node Versatility,lh_postcentral,0.0869010253385387,0.14192473904530228,0.05502371370676358
maxSW,aparc,0.4,Node Versatility,lh_posteriorcingulate,0.6132034907596091,0.7796893308521057,0.16648584009249656
maxSW,aparc,0.4,Node Versatility,lh_precentral,0.38921511947312587,0.28440597694667186,-0.10480914252645401
maxSW,aparc,0.4,Node Versatility,lh_precuneus,0.6127356124168302,0.6180328054561888,0.005297193039358605
maxSW,aparc,0.4,Node Versatility,lh_rostralanteriorcingulate,0.05380455648116583,1.0,0.9461954435188342
maxSW,aparc,0.4,Node Versatility,lh_rostralmiddlefrontal,0.08141117837294722,0.569338843280935,0.4879276649079878
maxSW,aparc,0.4,Node Versatility,lh_superiorfrontal,0.05380455648116583,0.49404023240061395,0.4402356759194481
maxSW,aparc,0.4,Node Versatility,lh_superiorparietal,0.08639603558209319,0.07945134792376014,-0.006944687658333046
maxSW,aparc,0.4,Node Versatility,lh_superiortemporal,0.05380455648116583,0.48349226115013744,0.4296877046689716
maxSW,aparc,0.4,Node Versatility,lh_supramarginal,0.0348056710264409,0.09610633018243663,0.061300659155995724
maxSW,aparc,0.4,Node Versatility,lh_temporalpole,0.0,0.08939169711390696,0.08939169711390696
maxSW,aparc,0.4,Node Versatility,lh_transversetemporal,0.5039155142884653,0.5550274178353181,0.0511119035468528
maxSW,aparc,0.4,Node Versatility,rh_bankssts,0.2949655805800775,0.503141165400507,0.20817558482042953
maxSW,aparc,0.4,Node Versatility,rh_caudalanteriorcingulate,0.4244284180389587,0.7637904119841327,0.33936199394517397
maxSW,aparc,0.4,Node Versatility,rh_caudalmiddlefrontal,0.08334536858841836,0.09081670021251032,0.007471331624091956
maxSW,aparc,0.4,Node Versatility,rh_cuneus,0.07351604740694284,0.14192473904530228,0.06840869163835944
maxSW,aparc,0.4,Node Versatility,rh_entorhinal,0.47761153485227076,0.08939169711390696,-0.38821983773836377
maxSW,aparc,0.4,Node Versatility,rh_frontalpole,0.010504015173805873,0.08939169711390696,0.07888768194010108
maxSW,aparc,0.4,Node Versatility,rh_fusiform,0.3895482471967109,0.6378534943763391,0.2483052471796282
maxSW,aparc,0.4,Node Versatility,rh_inferiorparietal,0.24711078379779874,0.0980382068554203,-0.14907257694237844
maxSW,aparc,0.4,Node Versatility,rh_inferiortemporal,0.08959327776457761,0.47346731252802604,0.38387403476344845
maxSW,aparc,0.4,Node Versatility,rh_insula,0.2949655805800775,0.42164956574548945,0.12668398516541196
maxSW,aparc,0.4,Node Versatility,rh_isthmuscingulate,0.6508794381513141,0.5388201353535431,-0.11205930279777099
maxSW,aparc,0.4,Node Versatility,rh_lateraloccipital,0.0869010253385387,0.14192473904530228,0.05502371370676358
maxSW,aparc,0.4,Node Versatility,rh_lateralorbitofrontal,0.29489831653536464,0.5860557010742702,0.29115738453890555
maxSW,aparc,0.4,Node Versatility,rh_lingual,0.07351604740694284,0.14192473904530228,0.06840869163835944
maxSW,aparc,0.4,Node Versatility,rh_medialorbitofrontal,0.16329384102826355,0.09820395759697635,-0.0650898834312872
maxSW,aparc,0.4,Node Versatility,rh_middletemporal,0.05380455648116583,0.4531960015332678,0.39939144505210195
maxSW,aparc,0.4,Node Versatility,rh_paracentral,0.34512455715927526,0.2537284344730102,-0.09139612268626507
maxSW,aparc,0.4,Node Versatility,rh_parahippocampal,0.626461631072144,0.5570993580991077,-0.06936227297303632
maxSW,aparc,0.4,Node Versatility,rh_parsopercularis,0.05493980953392003,0.16041932847320162,0.10547951893928159
maxSW,aparc,0.4,Node Versatility,rh_parsorbitalis,0.010504015173805873,0.2466052955489089,0.23610128037510303
maxSW,aparc,0.4,Node Versatility,rh_parstriangularis,0.08743717988625878,0.10795571806937819,0.02051853818311941
maxSW,aparc,0.4,Node Versatility,rh_pericalcarine,0.036426712786636936,0.2289876958545777,0.19256098306794078
maxSW,aparc,0.4,Node Versatility,rh_postcentral,0.0869010253385387,0.14192473904530228,0.05502371370676358
maxSW,aparc,0.4,Node Versatility,rh_posteriorcingulate,0.5865769953493231,0.7693814331436345,0.18280443779431144
maxSW,aparc,0.4,Node Versatility,rh_precentral,0.31943187972547515,0.2625441890697029,-0.05688769065577226
maxSW,aparc,0.4,Node Versatility,rh_precuneus,0.5917787822890851,0.34947572619057904,-0.24230305609850605
maxSW,aparc,0.4,Node Versatility,rh_rostralanteriorcingulate,0.6114655092247997,0.9996095307023767,0.388144021477577
maxSW,aparc,0.4,Node Versatility,rh_rostralmiddlefrontal,0.1989596801321083,0.35280949772065573,0.15384981758854743
maxSW,aparc,0.4,Node Versatility,rh_superiorfrontal,0.05380455648116583,0.37589861153409504,0.3220940550529292
maxSW,aparc,0.4,Node Versatility,rh_superiorparietal,0.0869010253385387,0.07878954227336388,-0.008111483065174827
maxSW,aparc,0.4,Node Versatility,rh_superiortemporal,0.05380455648116583,0.48544253397972276,0.4316379774985569
maxSW,aparc,0.4,Node Versatility,rh_supramarginal,0.05493980953392003,0.11419737378449332,0.05925756425057329
maxSW,aparc,0.4,Node Versatility,rh_temporalpole,0.0,0.08939169711390696,0.08939169711390696
maxSW,aparc,0.4,Node Versatility,rh_transversetemporal,0.5039155142884653,0.5550274178353181,0.0511119035468528
maxSW,aparc,0.4,Node Strength,lh_bankssts,0.11987781088086429,0.10169314294617358,-0.0181846679346907
maxSW,aparc,0.4,Node Strength,lh_caudalanteriorcingulate,0.3299643030653345,0.46546544701867487,0.1355011439533404
maxSW,aparc,0.4,Node Strength,lh_caudalmiddlefrontal,0.8181446765265188,0.783546151533528,-0.034598524992990765
maxSW,aparc,0.4,Node Strength,lh_cuneus,0.15646986240497374,0.1579876400606975,0.001517777655723751
maxSW,aparc,0.4,Node Strength,lh_entorhinal,0.021735919372260853,0.005429811093951426,-0.016306108278309427
maxSW,aparc,0.4,Node Strength,lh_frontalpole,0.0,0.002457030296585947,0.002457030296585947
maxSW,aparc,0.4,Node Strength,lh_fusiform,0.9275143014321484,0.931705652492611,0.004191351060462534
maxSW,aparc,0.4,Node Strength,lh_inferiorparietal,0.9746678408825277,0.9664976839310898,-0.008170156951437857
maxSW,aparc,0.4,Node Strength,lh_inferiortemporal,0.7028921044475561,0.6144823546777515,-0.08840974976980465
maxSW,aparc,0.4,Node Strength,lh_insula,0.04811281155347513,0.027569572078565814,-0.020543239474909318
maxSW,aparc,0.4,Node Strength,lh_isthmuscingulate,0.8468477376406389,0.8815917065657384,0.034743968925099455
maxSW,aparc,0.4,Node Strength,lh_lateraloccipital,0.4733665293473249,0.47541790744416584,0.0020513780968409168
maxSW,aparc,0.4,Node Strength,lh_lateralorbitofrontal,0.9943058444559997,0.9576697005378746,-0.036636143918125086
maxSW,aparc,0.4,Node Strength,lh_lingual,0.3124498076871887,0.3557691747534624,0.043319367066273706
maxSW,aparc,0.4,Node Strength,lh_medialorbitofrontal,0.9384358715277702,0.9234568272943868,-0.014979044233383365
maxSW,aparc,0.4,Node Strength,lh_middletemporal,0.2768223512672291,0.3934526601478531,0.11663030888062398
maxSW,aparc,0.4,Node Strength,lh_paracentral,0.7788066684655197,0.7776863953517895,-0.0011202731137301969
maxSW,aparc,0.4,Node Strength,lh_parahippocampal,0.3532068953378331,0.6240694436050094,0.27086254826717626
maxSW,aparc,0.4,Node Strength,lh_parsopercularis,0.927820664357517,0.8797407259083134,-0.04807993844920355
maxSW,aparc,0.4,Node Strength,lh_parsorbitalis,0.03609428153775587,0.05431885500954371,0.01822457347178784
maxSW,aparc,0.4,Node Strength,lh_parstriangularis,0.8771514952897664,0.9048626555555032,0.027711160265736723
maxSW,aparc,0.4,Node Strength,lh_pericalcarine,0.0053827348359070356,0.004873346572254479,-0.0005093882636525568
maxSW,aparc,0.4,Node Strength,lh_postcentral,0.6619057046403861,0.5807070113347171,-0.08119869330566898
maxSW,aparc,0.4,Node Strength,lh_posteriorcingulate,0.7797250961642337,0.7654340875337082,-0.014291008630525459
maxSW,aparc,0.4,Node Strength,lh_precentral,0.9216701013135541,0.9352113160074305,0.013541214693876369
maxSW,aparc,0.4,Node Strength,lh_precuneus,0.9578355050547214,0.9784196038559755,0.020584098801254114
maxSW,aparc,0.4,Node Strength,lh_rostralanteriorcingulate,0.2858181024098053,0.2597764118136002,-0.02604169059620509
maxSW,aparc,0.4,Node Strength,lh_rostralmiddlefrontal,0.7558331167149224,0.8109378323185213,0.055104715603598975
maxSW,aparc,0.4,Node Strength,lh_superiorfrontal,0.6698539521539082,0.7271151392088178,0.05726118705490957
maxSW,aparc,0.4,Node Strength,lh_superiorparietal,0.7770542025272221,0.825143429750632,0.048089227223409914
maxSW,aparc,0.4,Node Strength,lh_superiortemporal,0.6502377622883581,0.6149216893898075,-0.03531607289855054
maxSW,aparc,0.4,Node Strength,lh_supramarginal,0.9533180048745679,0.9505861503784336,-0.002731854496134223
maxSW,aparc,0.4,Node Strength,lh_temporalpole,0.0017492823640676836,0.000998723423116519,-0.0007505589409511646
maxSW,aparc,0.4,Node Strength,lh_transversetemporal,0.161055178789173,0.15978612500033784,-0.001269053788835156
maxSW,aparc,0.4,Node Strength,rh_bankssts,0.044575462464412616,0.06293086675639759,0.01835540429198497
maxSW,aparc,0.4,Node Strength,rh_caudalanteriorcingulate,0.410968362516211,0.3819515386539383,-0.029016823862272667
maxSW,aparc,0.4,Node Strength,rh_caudalmiddlefrontal,0.876024965485486,0.9032043171162905,0.027179351630804427
maxSW,aparc,0.4,Node Strength,rh_cuneus,0.15593234110573687,0.15791296271651453,0.0019806216107776664
maxSW,aparc,0.4,Node Strength,rh_entorhinal,0.004874290988336941,0.02154741360562221,0.01667312261728527
maxSW,aparc,0.4,Node Strength,rh_frontalpole,0.015188967332052963,0.017632776392966926,0.002443809060913963
maxSW,aparc,0.4,Node Strength,rh_fusiform,0.9069763832328871,0.9198224683422884,0.012846085109401328
maxSW,aparc,0.4,Node Strength,rh_inferiorparietal,0.9977310574353913,1.0,0.0022689425646087447
maxSW,aparc,0.4,Node Strength,rh_inferiortemporal,0.8074084596113792,0.6800413253247877,-0.12736713428659152
maxSW,aparc,0.4,Node Strength,rh_insula,0.02793758960121917,0.008324706061322962,-0.01961288353989621
maxSW,aparc,0.4,Node Strength,rh_isthmuscingulate,0.8111700106622884,0.8307253663266907,0.019555355664402252
maxSW,aparc,0.4,Node Strength,rh_lateraloccipital,0.6379501894002366,0.682876061385929,0.04492587198569242
maxSW,aparc,0.4,Node Strength,rh_lateralorbitofrontal,0.9859080658153712,0.9648424736352574,-0.021065592180113724
maxSW,aparc,0.4,Node Strength,rh_lingual,0.34612740068511305,0.3698616274607681,0.023734226775655065
maxSW,aparc,0.4,Node Strength,rh_medialorbitofrontal,0.9119315110961208,0.8813541261554004,-0.030577384940720376
maxSW,aparc,0.4,Node Strength,rh_middletemporal,0.408602202606424,0.4254291583541687,0.016826955747744732
maxSW,aparc,0.4,Node Strength,rh_paracentral,0.877958299771054,0.8109037327391904,-0.06705456703186363
maxSW,aparc,0.4,Node Strength,rh_parahippocampal,0.7373981233729953,0.6772215688788548,-0.0601765544941405
maxSW,aparc,0.4,Node Strength,rh_parsopercularis,0.830384485909841,0.859280633340906,0.028896147431064945
maxSW,aparc,0.4,Node Strength,rh_parsorbitalis,0.025422443993163554,0.04196379698864467,0.016541352995481116
maxSW,aparc,0.4,Node Strength,rh_parstriangularis,0.8765392912201845,0.865552563594661,-0.01098672762552344
maxSW,aparc,0.4,Node Strength,rh_pericalcarine,0.018858019797359845,0.019668959604489167,0.0008109398071293218
maxSW,aparc,0.4,Node Strength,rh_postcentral,0.7224927987608176,0.5322531925836733,-0.1902396061771443
maxSW,aparc,0.4,Node Strength,rh_posteriorcingulate,0.7567163759765614,0.7807865334212241,0.024070157444662676
maxSW,aparc,0.4,Node Strength,rh_precentral,0.8870483898799476,0.9106993365035964,0.02365094662364875
maxSW,aparc,0.4,Node Strength,rh_precuneus,0.9287856444807734,0.9254718504039093,-0.0033137940768640517
maxSW,aparc,0.4,Node Strength,rh_rostralanteriorcingulate,0.4587329686968494,0.26324673866615955,-0.19548623003068982
maxSW,aparc,0.4,Node Strength,rh_rostralmiddlefrontal,0.7904240131034768,0.7929245882055649,0.0025005751020881206
maxSW,aparc,0.4,Node Strength,rh_superiorfrontal,0.769710706211233,0.8173114450570625,0.04760073884582949
maxSW,aparc,0.4,Node Strength,rh_superiorparietal,0.8016976406097391,0.8538620614529953,0.05216442084325612
maxSW,aparc,0.4,Node Strength,rh_superiortemporal,0.6863068953546875,0.6516636077158041,-0.03464328763888336
maxSW,aparc,0.4,Node Strength,rh_supramarginal,0.886652363068771,0.9089008366796056,0.022248473610834596
maxSW,aparc,0.4,Node Strength,rh_temporalpole,0.01611697146274142,0.01454835825405957,-0.0015686132086818495
maxSW,aparc,0.4,Node Strength,rh_transversetemporal,0.06452548224498335,0.06219409412465987,-0.002331388120323477
maxSW,aparc,0.4,Local Efficiency,lh_bankssts,0.452329298163491,0.7585243651533505,0.30619506698985954
maxSW,aparc,0.4,Local Efficiency,lh_caudalanteriorcingulate,0.9112820934225666,0.86476955749558,-0.046512535926986565
maxSW,aparc,0.4,Local Efficiency,lh_caudalmiddlefrontal,0.9230999358040729,0.9506773014940175,0.027577365689944622
maxSW,aparc,0.4,Local Efficiency,lh_cuneus,0.988651712615676,1.0,0.01134828738432403
maxSW,aparc,0.4,Local Efficiency,lh_entorhinal,0.0,0.0,0.0
maxSW,aparc,0.4,Local Efficiency,lh_frontalpole,0.0,0.0,0.0
maxSW,aparc,0.4,Local Efficiency,lh_fusiform,0.8701190869027756,0.8773948905435441,0.007275803640768519
maxSW,aparc,0.4,Local Efficiency,lh_inferiorparietal,0.8931996078745366,0.8848535964469518,-0.008346011427584732
maxSW,aparc,0.4,Local Efficiency,lh_inferiortemporal,0.9121528644711598,0.9145463632019205,0.002393498730760668
maxSW,aparc,0.4,Local Efficiency,lh_insula,0.7799551434593032,0.0,-0.7799551434593032
maxSW,aparc,0.4,Local Efficiency,lh_isthmuscingulate,0.8237106852556797,0.820207009260704,-0.003503675994975697
maxSW,aparc,0.4,Local Efficiency,lh_lateraloccipital,0.8725035408825043,0.8753203558961739,0.0028168150136695935
maxSW,aparc,0.4,Local Efficiency,lh_lateralorbitofrontal,0.8553343181240013,0.8747974562731259,0.019463138149124593
maxSW,aparc,0.4,Local Efficiency,lh_lingual,0.779425913006625,0.7886429236294261,0.009217010622801114
maxSW,aparc,0.4,Local Efficiency,lh_medialorbitofrontal,0.8468838500670952,0.8377108836532704,-0.009172966413824812
maxSW,aparc,0.4,Local Efficiency,lh_middletemporal,0.8157429794345668,0.7781970960842385,-0.03754588335032827
maxSW,aparc,0.4,Local Efficiency,lh_paracentral,0.8798478725684898,0.882285474775505,0.002437602207015166
maxSW,aparc,0.4,Local Efficiency,lh_parahippocampal,0.7943881101191788,0.8525717163046785,0.05818360618549978
maxSW,aparc,0.4,Local Efficiency,lh_parsopercularis,0.8789519916279752,0.9234751109960428,0.04452311936806763
maxSW,aparc,0.4,Local Efficiency,lh_parsorbitalis,0.0,0.14944335511498863,0.14944335511498863
maxSW,aparc,0.4,Local Efficiency,lh_parstriangularis,0.892296581882086,0.8884048558827148,-0.003891725999371265
maxSW,aparc,0.4,Local Efficiency,lh_pericalcarine,0.0,0.0,0.0
maxSW,aparc,0.4,Local Efficiency,lh_postcentral,0.8652217851025752,0.8690820544785912,0.0038602693760160234
maxSW,aparc,0.4,Local Efficiency,lh_posteriorcingulate,0.8615593763769734,0.86871017153721,0.007150795160236534
maxSW,aparc,0.4,Local Efficiency,lh_precentral,0.9076381923237036,0.8920957544494402,-0.015542437874263348
maxSW,aparc,0.4,Local Efficiency,lh_precuneus,0.8433764315605365,0.8260593294115871,-0.017317102148949437
maxSW,aparc,0.4,Local Efficiency,lh_rostralanteriorcingulate,0.9069904627401065,0.8538290380624898,-0.05316142467761675
maxSW,aparc,0.4,Local Efficiency,lh_rostralmiddlefrontal,0.9071376891739017,0.8912892945103843,-0.015848394663517396
maxSW,aparc,0.4,Local Efficiency,lh_superiorfrontal,0.9300823133389841,0.9030900318776134,-0.02699228146137067
maxSW,aparc,0.4,Local Efficiency,lh_superiorparietal,0.9186362920932484,0.9098023593990039,-0.008833932694244484
maxSW,aparc,0.4,Local Efficiency,lh_superiortemporal,0.9169923118330838,0.9467669336996679,0.029774621866584083
maxSW,aparc,0.4,Local Efficiency,lh_supramarginal,0.9017617074502928,0.8998698283703274,-0.001891879079965464
maxSW,aparc,0.4,Local Efficiency,lh_temporalpole,0.0,0.0,0.0
maxSW,aparc,0.4,Local Efficiency,lh_transversetemporal,0.7919571573844567,0.7241451728294981,-0.06781198455495863
maxSW,aparc,0.4,Local Efficiency,rh_bankssts,0.7758781272986398,0.4428794632793623,-0.3329986640192775
maxSW,aparc,0.4,Local Efficiency,rh_caudalanteriorcingulate,0.8991317488572229,0.9094564681459597,0.010324719288736794
maxSW,aparc,0.4,Local Efficiency,rh_caudalmiddlefrontal,0.9255777232140876,0.9176086668418713,-0.007969056372216343
maxSW,aparc,0.4,Local Efficiency,rh_cuneus,0.9867159210605967,0.9999151502237698,0.013199229163173065
maxSW,aparc,0.4,Local Efficiency,rh_entorhinal,0.0,0.0,0.0
maxSW,aparc,0.4,Local Efficiency,rh_frontalpole,0.0,0.0,0.0
maxSW,aparc,0.4,Local Efficiency,rh_fusiform,0.8545691357416321,0.863258726429695,0.008689590688062965
maxSW,aparc,0.4,Local Efficiency,rh_inferiorparietal,0.8864650518680989,0.8866503500355111,0.00018529816741219562
maxSW,aparc,0.4,Local Efficiency,rh_inferiortemporal,0.8868171801211173,0.9085998119425032,0.021782631821385845
maxSW,aparc,0.4,Local Efficiency,rh_insula,0.9529913851721861,0.0,-0.9529913851721861
maxSW,aparc,0.4,Local Efficiency,rh_isthmuscingulate,0.8254368075897901,0.8306355704593739,0.005198762869583762
maxSW,aparc,0.4,Local Efficiency,rh_lateraloccipital,0.8637100793905026,0.8565909123273949,-0.0071191670631076676
maxSW,aparc,0.4,Local Efficiency,rh_lateralorbitofrontal,0.8759314468494082,0.8782910997793306,0.0023596529299224622
maxSW,aparc,0.4,Local Efficiency,rh_lingual,0.8895116415580145,0.8926121379317293,0.0031004963737147895
maxSW,aparc,0.4,Local Efficiency,rh_medialorbitofrontal,0.8506427150819242,0.8445193548810048,-0.006123360200919414
maxSW,aparc,0.4,Local Efficiency,rh_middletemporal,0.9404636514799088,0.9376574565572169,-0.0028061949226919625
maxSW,aparc,0.4,Local Efficiency,rh_paracentral,0.849935066589628,0.8508331974585381,0.0008981308689101075
maxSW,aparc,0.4,Local Efficiency,rh_parahippocampal,0.809699653934592,0.8213265356168648,0.011626881682272772
maxSW,aparc,0.4,Local Efficiency,rh_parsopercularis,0.9393944701628262,0.9096902518905753,-0.029704218272250893
maxSW,aparc,0.4,Local Efficiency,rh_parsorbitalis,0.0,0.29888671022997726,0.29888671022997726
maxSW,aparc,0.4,Local Efficiency,rh_parstriangularis,0.8917574444060281,0.880580227782216,-0.011177216623812103
maxSW,aparc,0.4,Local Efficiency,rh_pericalcarine,0.0,0.0,0.0
maxSW,aparc,0.4,Local Efficiency,rh_postcentral,0.8504759833793442,0.8636350116657913,0.013159028286447105
maxSW,aparc,0.4,Local Efficiency,rh_posteriorcingulate,0.8736892947578696,0.8620249473549175,-0.01166434740295208
maxSW,aparc,0.4,Local Efficiency,rh_precentral,0.9093195684876288,0.8958681476964042,-0.013451420791224633
maxSW,aparc,0.4,Local Efficiency,rh_precuneus,0.8255780372345373,0.81493957782181,-0.01063845941272723
maxSW,aparc,0.4,Local Efficiency,rh_rostralanteriorcingulate,0.8507318693982701,0.8737935993912881,0.023061729993018032
maxSW,aparc,0.4,Local Efficiency,rh_rostralmiddlefrontal,0.8918590175401432,0.8811384404085416,-0.010720577131601572
maxSW,aparc,0.4,Local Efficiency,rh_superiorfrontal,0.905168334597846,0.8979896433651939,-0.007178691232652024
maxSW,aparc,0.4,Local Efficiency,rh_superiorparietal,0.8688266352019546,0.8648855154567704,-0.003941119745184185
maxSW,aparc,0.4,Local Efficiency,rh_superiortemporal,0.8833398531007096,0.9202311583118493,0.0368913052111397
maxSW,aparc,0.4,Local Efficiency,rh_supramarginal,0.9344590597049147,0.9197796933436712,-0.014679366361243562
maxSW,aparc,0.4,Local Efficiency,rh_temporalpole,0.0,0.0,0.0
maxSW,aparc,0.4,Local Efficiency,rh_transversetemporal,0.9166165157023789,0.9044914431660436,-0.012125072536335324
maxSW,aparc,0.4,Clustering Coefficient,lh_bankssts,0.43129744438249107,0.6062157688013072,0.17491832441881616
maxSW,aparc,0.4,Clustering Coefficient,lh_caudalanteriorcingulate,0.8874312336117745,0.8052131608864753,-0.08221807272529913
maxSW,aparc,0.4,Clustering Coefficient,lh_caudalmiddlefrontal,0.8631139037633185,0.9083706504846489,0.0452567467213304
maxSW,aparc,0.4,Clustering Coefficient,lh_cuneus,0.988651712615676,1.0,0.01134828738432403
maxSW,aparc,0.4,Clustering Coefficient,lh_entorhinal,0.0,0.0,0.0
maxSW,aparc,0.4,Clustering Coefficient,lh_frontalpole,0.0,0.0,0.0
maxSW,aparc,0.4,Clustering Coefficient,lh_fusiform,0.7608551166313189,0.7719590343944936,0.011103917763174764
maxSW,aparc,0.4,Clustering Coefficient,lh_inferiorparietal,0.7909345226348616,0.7791304698319478,-0.011804052802913856
maxSW,aparc,0.4,Clustering Coefficient,lh_inferiortemporal,0.8448528615018618,0.847097798143803,0.002244936641941253
maxSW,aparc,0.4,Clustering Coefficient,lh_insula,0.6205586569173109,0.0,-0.6205586569173109
maxSW,aparc,0.4,Clustering Coefficient,lh_isthmuscingulate,0.7238677055533063,0.7083544436276399,-0.015513261925666377
maxSW,aparc,0.4,Clustering Coefficient,lh_lateraloccipital,0.783594158854582,0.7879908896968,0.004396730842218033
maxSW,aparc,0.4,Clustering Coefficient,lh_lateralorbitofrontal,0.7317504215936527,0.7645944147265081,0.032843993132855465
maxSW,aparc,0.4,Clustering Coefficient,lh_lingual,0.721134843058226,0.7304335396932301,0.009298696635004156
maxSW,aparc,0.4,Clustering Coefficient,lh_medialorbitofrontal,0.7364220478561753,0.7271603979076618,-0.009261649948513417
maxSW,aparc,0.4,Clustering Coefficient,lh_middletemporal,0.8010888163041915,0.7781970960842383,-0.022891720219953227
maxSW,aparc,0.4,Clustering Coefficient,lh_paracentral,0.7933788003182186,0.7990183706530818,0.005639570334863175
maxSW,aparc,0.4,Clustering Coefficient,lh_parahippocampal,0.7759739753594977,0.7989063005495914,0.022932325190093694
maxSW,aparc,0.4,Clustering Coefficient,lh_parsopercularis,0.7783431165309532,0.8520890333907264,0.07374591685977316
maxSW,aparc,0.4,Clustering Coefficient,lh_parsorbitalis,0.0,0.14944335511498863,0.14944335511498863
maxSW,aparc,0.4,Clustering Coefficient,lh_parstriangularis,0.807324872116203,0.7960402206060152,-0.01128465151018776
maxSW,aparc,0.4,Clustering Coefficient,lh_pericalcarine,0.0,0.0,0.0
maxSW,aparc,0.4,Clustering Coefficient,lh_postcentral,0.7736743222745898,0.777284392935515,0.0036100706609252242
maxSW,aparc,0.4,Clustering Coefficient,lh_posteriorcingulate,0.7726969118727021,0.7814100754641733,0.008713163591471229
maxSW,aparc,0.4,Clustering Coefficient,lh_precentral,0.8244032519527552,0.7994874470417291,-0.024915804911026074
maxSW,aparc,0.4,Clustering Coefficient,lh_precuneus,0.7196863593312723,0.6867771298742026,-0.032909229457069755
maxSW,aparc,0.4,Clustering Coefficient,lh_rostralanteriorcingulate,0.8758614191849484,0.7889377875949042,-0.08692363159004424
maxSW,aparc,0.4,Clustering Coefficient,lh_rostralmiddlefrontal,0.8452397304113846,0.8039237952764459,-0.0413159351349387
maxSW,aparc,0.4,Clustering Coefficient,lh_superiorfrontal,0.868112589792381,0.8259889997316913,-0.042123590060689775
maxSW,aparc,0.4,Clustering Coefficient,lh_superiorparietal,0.853700687081194,0.8329729237197091,-0.020727763361484852
maxSW,aparc,0.4,Clustering Coefficient,lh_superiortemporal,0.8587769719917563,0.9090195058111251,0.05024253381936883
maxSW,aparc,0.4,Clustering Coefficient,lh_supramarginal,0.8067600422548542,0.804484433902715,-0.0022756083521392467
maxSW,aparc,0.4,Clustering Coefficient,lh_temporalpole,0.0,0.0,0.0
maxSW,aparc,0.4,Clustering Coefficient,lh_transversetemporal,0.677747627555487,0.5523344848969602,-0.12541314265852677
maxSW,aparc,0.4,Clustering Coefficient,rh_bankssts,0.620558656917311,0.4428794632793624,-0.17767919363794865
maxSW,aparc,0.4,Clustering Coefficient,rh_caudalanteriorcingulate,0.8680628398214536,0.8999714130423471,0.031908573220893466
maxSW,aparc,0.4,Clustering Coefficient,rh_caudalmiddlefrontal,0.8599196878523477,0.8409100497205182,-0.019009638131829543
maxSW,aparc,0.4,Clustering Coefficient,rh_cuneus,0.9867159210605968,0.9999151502237698,0.013199229163172954
maxSW,aparc,0.4,Clustering Coefficient,rh_entorhinal,0.0,0.0,0.0
maxSW,aparc,0.4,Clustering Coefficient,rh_frontalpole,0.0,0.0,0.0
maxSW,aparc,0.4,Clustering Coefficient,rh_fusiform,0.743379348592572,0.753120347558169,0.009740998965596992
maxSW,aparc,0.4,Clustering Coefficient,rh_inferiorparietal,0.7778966217226576,0.7765252837620553,-0.0013713379606022924
maxSW,aparc,0.4,Clustering Coefficient,rh_inferiortemporal,0.8006439058941096,0.836847966707206,0.03620406081309635
maxSW,aparc,0.4,Clustering Coefficient,rh_insula,0.9529913851721863,0.0,-0.9529913851721863
maxSW,aparc,0.4,Clustering Coefficient,rh_isthmuscingulate,0.724285543227913,0.7344007386258088,0.010115195397895738
maxSW,aparc,0.4,Clustering Coefficient,rh_lateraloccipital,0.7726885984421387,0.7571271599421534,-0.015561438499985258
maxSW,aparc,0.4,Clustering Coefficient,rh_lateralorbitofrontal,0.7640977903700704,0.7675858888955815,0.0034880985255111296
maxSW,aparc,0.4,Clustering Coefficient,rh_lingual,0.8163969270630207,0.8212543360309288,0.0048574089679080945
maxSW,aparc,0.4,Clustering Coefficient,rh_medialorbitofrontal,0.7467897152747045,0.7409900418023737,-0.005799673472330791
maxSW,aparc,0.4,Clustering Coefficient,rh_middletemporal,0.9073086989039487,0.9090307393681131,0.0017220404641643539
maxSW,aparc,0.4,Clustering Coefficient,rh_paracentral,0.7411786220709489,0.7453611069380564,0.004182484867107483
maxSW,aparc,0.4,Clustering Coefficient,rh_parahippocampal,0.703824163739598,0.7276495112753817,0.023825347535783692
maxSW,aparc,0.4,Clustering Coefficient,rh_parsopercularis,0.8865445375569498,0.8397246254404764,-0.046819912116473406
maxSW,aparc,0.4,Clustering Coefficient,rh_parsorbitalis,0.0,0.29888671022997726,0.29888671022997726
maxSW,aparc,0.4,Clustering Coefficient,rh_parstriangularis,0.8067953346329242,0.7912846903974853,-0.015510644235438908
maxSW,aparc,0.4,Clustering Coefficient,rh_pericalcarine,0.0,0.0,0.0
maxSW,aparc,0.4,Clustering Coefficient,rh_postcentral,0.7479764261674737,0.774781480971715,0.026805054804241224
maxSW,aparc,0.4,Clustering Coefficient,rh_posteriorcingulate,0.7986907838980298,0.7727566579632172,-0.02593412593481259
maxSW,aparc,0.4,Clustering Coefficient,rh_precentral,0.8358183277168854,0.808623496838911,-0.027194830877974363
maxSW,aparc,0.4,Clustering Coefficient,rh_precuneus,0.6898103574912579,0.680174717491056,-0.009635640000201895
maxSW,aparc,0.4,Clustering Coefficient,rh_rostralanteriorcingulate,0.7820086798721316,0.8225437656952812,0.040535085823149575
maxSW,aparc,0.4,Clustering Coefficient,rh_rostralmiddlefrontal,0.8231245769471808,0.7984262375961232,-0.024698339351057585
maxSW,aparc,0.4,Clustering Coefficient,rh_superiorfrontal,0.8315079965752042,0.8142674534310235,-0.017240543144180775
maxSW,aparc,0.4,Clustering Coefficient,rh_superiorparietal,0.773706543240119,0.760893466930897,-0.012813076309222016
maxSW,aparc,0.4,Clustering Coefficient,rh_superiortemporal,0.8006371015229807,0.8648990901286138,0.06426198860563304
maxSW,aparc,0.4,Clustering Coefficient,rh_supramarginal,0.8697395355311907,0.8410678407419185,-0.028671694789272117
maxSW,aparc,0.4,Clustering Coefficient,rh_temporalpole,0.0,0.0,0.0
maxSW,aparc,0.4,Clustering Coefficient,rh_transversetemporal,0.9166165157023789,0.9044914431660439,-0.012125072536334991
maxSW,aparc,0.4,Betweenness Centrality,lh_bankssts,0.4067796610169492,0.012711864406779662,-0.3940677966101695
maxSW,aparc,0.4,Betweenness Centrality,lh_caudalanteriorcingulate,0.0,0.0,0.0
maxSW,aparc,0.4,Betweenness Centrality,lh_caudalmiddlefrontal,0.0,0.0,0.0
maxSW,aparc,0.4,Betweenness Centrality,lh_cuneus,0.0,0.0,0.0
maxSW,aparc,0.4,Betweenness Centrality,lh_entorhinal,0.13983050847457626,0.0,-0.13983050847457626
maxSW,aparc,0.4,Betweenness Centrality,lh_frontalpole,0.0,0.0,0.0
maxSW,aparc,0.4,Betweenness Centrality,lh_fusiform,0.029661016949152543,0.00211864406779661,-0.02754237288135593
maxSW,aparc,0.4,Betweenness Centrality,lh_inferiorparietal,0.029661016949152543,0.03177966101694915,0.002118644067796608
maxSW,aparc,0.4,Betweenness Centrality,lh_inferiortemporal,0.13771186440677965,0.023305084745762712,-0.11440677966101695
maxSW,aparc,0.4,Betweenness Centrality,lh_insula,0.13771186440677965,0.13983050847457626,0.0021186440677966045
maxSW,aparc,0.4,Betweenness Centrality,lh_isthmuscingulate,0.00423728813559322,0.038135593220338986,0.03389830508474576
maxSW,aparc,0.4,Betweenness Centrality,lh_lateraloccipital,0.04025423728813559,0.04025423728813559,0.0
maxSW,aparc,0.4,Betweenness Centrality,lh_lateralorbitofrontal,0.06991525423728813,0.0211864406779661,-0.04872881355932203
maxSW,aparc,0.4,Betweenness Centrality,lh_lingual,0.2754237288135593,0.2754237288135593,0.0
maxSW,aparc,0.4,Betweenness Centrality,lh_medialorbitofrontal,0.11228813559322035,0.023305084745762712,-0.08898305084745764
maxSW,aparc,0.4,Betweenness Centrality,lh_middletemporal,0.7754237288135594,1.0,0.22457627118644063
maxSW,aparc,0.4,Betweenness Centrality,lh_paracentral,0.02754237288135593,0.00423728813559322,-0.023305084745762712
maxSW,aparc,0.4,Betweenness Centrality,lh_parahippocampal,0.2754237288135593,0.0,-0.2754237288135593
maxSW,aparc,0.4,Betweenness Centrality,lh_parsopercularis,0.019067796610169493,0.0423728813559322,0.02330508474576271
maxSW,aparc,0.4,Betweenness Centrality,lh_parsorbitalis,0.5423728813559322,0.5423728813559322,0.0
maxSW,aparc,0.4,Betweenness Centrality,lh_parstriangularis,0.019067796610169493,0.13771186440677965,0.11864406779661016
maxSW,aparc,0.4,Betweenness Centrality,lh_pericalcarine,0.0,0.0,0.0
maxSW,aparc,0.4,Betweenness Centrality,lh_postcentral,0.00847457627118644,0.01059322033898305,0.0021186440677966097
maxSW,aparc,0.4,Betweenness Centrality,lh_posteriorcingulate,0.046610169491525424,0.006355932203389831,-0.0402542372881356
maxSW,aparc,0.4,Betweenness Centrality,lh_precentral,0.05296610169491525,0.023305084745762712,-0.02966101694915254
maxSW,aparc,0.4,Betweenness Centrality,lh_precuneus,0.2521186440677966,0.1843220338983051,-0.06779661016949151
maxSW,aparc,0.4,Betweenness Centrality,lh_rostralanteriorcingulate,0.0,0.0,0.0
maxSW,aparc,0.4,Betweenness Centrality,lh_rostralmiddlefrontal,0.0,0.023305084745762712,0.023305084745762712
maxSW,aparc,0.4,Betweenness Centrality,lh_superiorfrontal,0.07627118644067797,0.0211864406779661,-0.05508474576271187
maxSW,aparc,0.4,Betweenness Centrality,lh_superiorparietal,0.2542372881355932,0.3389830508474576,0.0847457627118644
maxSW,aparc,0.4,Betweenness Centrality,lh_superiortemporal,0.0,0.0,0.0
maxSW,aparc,0.4,Betweenness Centrality,lh_supramarginal,0.2245762711864407,0.25,0.02542372881355931
maxSW,aparc,0.4,Betweenness Centrality,lh_temporalpole,0.0,0.0,0.0
maxSW,aparc,0.4,Betweenness Centrality,lh_transversetemporal,0.012711864406779662,0.01694915254237288,0.0042372881355932195
maxSW,aparc,0.4,Betweenness Centrality,rh_bankssts,0.0,0.2754237288135593,0.2754237288135593
maxSW,aparc,0.4,Betweenness Centrality,rh_caudalanteriorcingulate,0.0,0.0,0.0
maxSW,aparc,0.4,Betweenness Centrality,rh_caudalmiddlefrontal,0.0,0.0,0.0
maxSW,aparc,0.4,Betweenness Centrality,rh_cuneus,0.0,0.0,0.0
maxSW,aparc,0.4,Betweenness Centrality,rh_entorhinal,0.0,0.13983050847457626,0.13983050847457626
maxSW,aparc,0.4,Betweenness Centrality,rh_frontalpole,0.13983050847457626,0.13983050847457626,0.0
maxSW,aparc,0.4,Betweenness Centrality,rh_fusiform,0.01059322033898305,0.057203389830508475,0.046610169491525424
maxSW,aparc,0.4,Betweenness Centrality,rh_inferiorparietal,0.03177966101694915,0.038135593220338986,0.006355932203389834
maxSW,aparc,0.4,Betweenness Centrality,rh_inferiortemporal,0.21610169491525424,0.023305084745762712,-0.19279661016949154
maxSW,aparc,0.4,Betweenness Centrality,rh_insula,0.0,0.0,0.0
maxSW,aparc,0.4,Betweenness Centrality,rh_isthmuscingulate,0.04449152542372881,0.023305084745762712,-0.0211864406779661
maxSW,aparc,0.4,Betweenness Centrality,rh_lateraloccipital,0.1271186440677966,0.15254237288135594,0.025423728813559338
maxSW,aparc,0.4,Betweenness Centrality,rh_lateralorbitofrontal,0.2330508474576271,0.3008474576271186,0.06779661016949151
maxSW,aparc,0.4,Betweenness Centrality,rh_lingual,0.00847457627118644,0.019067796610169493,0.010593220338983052
maxSW,aparc,0.4,Betweenness Centrality,rh_medialorbitofrontal,0.03177966101694915,0.014830508474576272,-0.016949152542372878
maxSW,aparc,0.4,Betweenness Centrality,rh_middletemporal,0.0,0.0,0.0
maxSW,aparc,0.4,Betweenness Centrality,rh_paracentral,0.012711864406779662,0.014830508474576272,0.0021186440677966097
maxSW,aparc,0.4,Betweenness Centrality,rh_parahippocampal,0.07627118644067797,0.006355932203389831,-0.06991525423728814
maxSW,aparc,0.4,Betweenness Centrality,rh_parsopercularis,0.0,0.0,0.0
maxSW,aparc,0.4,Betweenness Centrality,rh_parsorbitalis,0.6567796610169492,0.2754237288135593,-0.38135593220338987
maxSW,aparc,0.4,Betweenness Centrality,rh_parstriangularis,0.0,0.0,0.0
maxSW,aparc,0.4,Betweenness Centrality,rh_pericalcarine,0.13983050847457626,0.13983050847457626,0.0
maxSW,aparc,0.4,Betweenness Centrality,rh_postcentral,0.06567796610169492,0.00211864406779661,-0.06355932203389832
maxSW,aparc,0.4,Betweenness Centrality,rh_posteriorcingulate,0.029661016949152543,0.01694915254237288,-0.012711864406779662
maxSW,aparc,0.4,Betweenness Centrality,rh_precentral,0.0,0.00423728813559322,0.00423728813559322
maxSW,aparc,0.4,Betweenness Centrality,rh_precuneus,0.3707627118644068,0.4936440677966102,0.1228813559322034
maxSW,aparc,0.4,Betweenness Centrality,rh_rostralanteriorcingulate,0.0,0.0,0.0
maxSW,aparc,0.4,Betweenness Centrality,rh_rostralmiddlefrontal,0.00211864406779661,0.0,-0.00211864406779661
maxSW,aparc,0.4,Betweenness Centrality,rh_superiorfrontal,0.1038135593220339,0.2775423728813559,0.17372881355932202
maxSW,aparc,0.4,Betweenness Centrality,rh_superiorparietal,0.04025423728813559,0.08050847457627118,0.04025423728813559
maxSW,aparc,0.4,Betweenness Centrality,rh_superiortemporal,0.00847457627118644,0.0211864406779661,0.01271186440677966
maxSW,aparc,0.4,Betweenness Centrality,rh_supramarginal,0.01694915254237288,0.046610169491525424,0.029661016949152543
maxSW,aparc,0.4,Betweenness Centrality,rh_temporalpole,0.13983050847457626,0.13983050847457626,0.0
maxSW,aparc,0.4,Betweenness Centrality,rh_transversetemporal,0.0,0.0,0.0
maxSW,aparc,0.4,Eigenvector Centrality,lh_bankssts,0.08348086790217742,0.08365944948619178,0.00017858158401436175
maxSW,aparc,0.4,Eigenvector Centrality,lh_caudalanteriorcingulate,0.3533513255981739,0.48201916427418096,0.12866783867600706
maxSW,aparc,0.4,Eigenvector Centrality,lh_caudalmiddlefrontal,0.8673768193436541,0.8510411328447073,-0.01633568649894679
maxSW,aparc,0.4,Eigenvector Centrality,lh_cuneus,0.09774543074853013,0.09451948921098478,-0.0032259415375453515
maxSW,aparc,0.4,Eigenvector Centrality,lh_entorhinal,0.007838786131176055,4.684068758655166e-06,-0.0078341020624174
maxSW,aparc,0.4,Eigenvector Centrality,lh_frontalpole,0.0,3.7440483508390026e-06,3.7440483508390026e-06
maxSW,aparc,0.4,Eigenvector Centrality,lh_fusiform,0.9148839719686424,0.9288176990253582,0.013933727056715806
maxSW,aparc,0.4,Eigenvector Centrality,lh_inferiorparietal,0.978550321665513,0.9712649954157541,-0.007285326249758972
maxSW,aparc,0.4,Eigenvector Centrality,lh_inferiortemporal,0.7156328494767061,0.6224900153838424,-0.09314283409286372
maxSW,aparc,0.4,Eigenvector Centrality,lh_insula,0.001992241663178386,0.0006009668203209812,-0.0013912748428574048
maxSW,aparc,0.4,Eigenvector Centrality,lh_isthmuscingulate,0.8370242418733058,0.861944180449751,0.024919938576445144
maxSW,aparc,0.4,Eigenvector Centrality,lh_lateraloccipital,0.432324026703432,0.42879062264091955,-0.0035334040625124574
maxSW,aparc,0.4,Eigenvector Centrality,lh_lateralorbitofrontal,0.9660335110169703,0.9489700992395511,-0.017063411777419213
maxSW,aparc,0.4,Eigenvector Centrality,lh_lingual,0.24348576875360767,0.28369233294127727,0.0402065641876696
maxSW,aparc,0.4,Eigenvector Centrality,lh_medialorbitofrontal,0.9215437257182651,0.910292365489552,-0.011251360228713203
maxSW,aparc,0.4,Eigenvector Centrality,lh_middletemporal,0.2487424000520146,0.3746998138880876,0.125957413836073
maxSW,aparc,0.4,Eigenvector Centrality,lh_paracentral,0.7831610568481479,0.7854710705578869,0.002310013709739045
maxSW,aparc,0.4,Eigenvector Centrality,lh_parahippocampal,0.3760968036016391,0.6645577745752524,0.28846097097361334
maxSW,aparc,0.4,Eigenvector Centrality,lh_parsopercularis,0.9293010401540713,0.917689877113657,-0.011611163040414318
maxSW,aparc,0.4,Eigenvector Centrality,lh_parsorbitalis,0.00016336914044140657,0.008743884372692067,0.00858051523225066
maxSW,aparc,0.4,Eigenvector Centrality,lh_parstriangularis,0.8996921352940286,0.9230712582460207,0.02337912295199207
maxSW,aparc,0.4,Eigenvector Centrality,lh_pericalcarine,0.00010821904920753124,0.0001358997043894063,2.7680655181875054e-05
maxSW,aparc,0.4,Eigenvector Centrality,lh_postcentral,0.6360262124029125,0.5441768132161136,-0.09184939918679891
maxSW,aparc,0.4,Eigenvector Centrality,lh_posteriorcingulate,0.7869779169161967,0.7791430618272748,-0.0078348550889219
maxSW,aparc,0.4,Eigenvector Centrality,lh_precentral,0.9460379702971619,0.9530048993086887,0.006966929011526846
maxSW,aparc,0.4,Eigenvector Centrality,lh_precuneus,0.9311109398524817,0.9353403353565806,0.004229395504098843
maxSW,aparc,0.4,Eigenvector Centrality,lh_rostralanteriorcingulate,0.27381020405537887,0.24895037880107032,-0.02485982525430855
maxSW,aparc,0.4,Eigenvector Centrality,lh_rostralmiddlefrontal,0.7917764841797503,0.8257242571020067,0.03394777292225637
maxSW,aparc,0.4,Eigenvector Centrality,lh_superiorfrontal,0.6861221250779239,0.7370876149761079,0.05096548989818395
maxSW,aparc,0.4,Eigenvector Centrality,lh_superiorparietal,0.7997980737096123,0.8433127171271575,0.043514643417545185
maxSW,aparc,0.4,Eigenvector Centrality,lh_superiortemporal,0.6770209648579821,0.6538261923291954,-0.023194772528786767
maxSW,aparc,0.4,Eigenvector Centrality,lh_supramarginal,0.9654643585035356,0.9665685697745852,0.0011042112710495378
maxSW,aparc,0.4,Eigenvector Centrality,lh_temporalpole,2.9505766453110123e-09,3.0708700931580995e-06,3.0679195165127886e-06
maxSW,aparc,0.4,Eigenvector Centrality,lh_transversetemporal,0.14743285735544784,0.12132988629850464,-0.026102971056943203
maxSW,aparc,0.4,Eigenvector Centrality,rh_bankssts,0.0023245117255548836,0.02519335737696655,0.022868845651411666
maxSW,aparc,0.4,Eigenvector Centrality,rh_caudalanteriorcingulate,0.4372626443735321,0.41878971376014384,-0.018472930613388228
maxSW,aparc,0.4,Eigenvector Centrality,rh_caudalmiddlefrontal,0.9197734625482058,0.9404826327493497,0.020709170201143934
maxSW,aparc,0.4,Eigenvector Centrality,rh_cuneus,0.09799266714695132,0.09510934231365617,-0.0028833248332951478
maxSW,aparc,0.4,Eigenvector Centrality,rh_entorhinal,0.00020429326076815214,0.00017684287740678226,-2.7450383361369874e-05
maxSW,aparc,0.4,Eigenvector Centrality,rh_frontalpole,3.006067012419915e-06,0.0001643685940017378,0.00016136252698931787
maxSW,aparc,0.4,Eigenvector Centrality,rh_fusiform,0.8921654669523478,0.91117549977728,0.019010032824932188
maxSW,aparc,0.4,Eigenvector Centrality,rh_inferiorparietal,0.9949138664037026,1.0,0.005086133596297393
maxSW,aparc,0.4,Eigenvector Centrality,rh_inferiortemporal,0.8107352931644038,0.6935323803588769,-0.11720291280552697
maxSW,aparc,0.4,Eigenvector Centrality,rh_insula,0.00011629433812340235,1.8216313582199862e-05,-9.807802454120249e-05
maxSW,aparc,0.4,Eigenvector Centrality,rh_isthmuscingulate,0.7979223544045652,0.8270931403064492,0.029170785901884044
maxSW,aparc,0.4,Eigenvector Centrality,rh_lateraloccipital,0.6122340340562492,0.6511095909168733,0.03887555686062405
maxSW,aparc,0.4,Eigenvector Centrality,rh_lateralorbitofrontal,0.9714865326760019,0.9544645140836502,-0.01702201859235175
maxSW,aparc,0.4,Eigenvector Centrality,rh_lingual,0.2921742910718543,0.31221272926143184,0.020038438189577568
maxSW,aparc,0.4,Eigenvector Centrality,rh_medialorbitofrontal,0.9037459895926064,0.8753957681527035,-0.028350221439902956
maxSW,aparc,0.4,Eigenvector Centrality,rh_middletemporal,0.4121032995457385,0.43429028128011027,0.02218698173437178
maxSW,aparc,0.4,Eigenvector Centrality,rh_paracentral,0.8637718511093988,0.7965283413604927,-0.06724350974890614
maxSW,aparc,0.4,Eigenvector Centrality,rh_parahippocampal,0.7237938749472502,0.6731495368146706,-0.050644338132579625
maxSW,aparc,0.4,Eigenvector Centrality,rh_parsopercularis,0.8836644550322957,0.8985448199792934,0.014880364946997626
maxSW,aparc,0.4,Eigenvector Centrality,rh_parsorbitalis,0.005807106242969667,0.008855873006755572,0.003048766763785905
maxSW,aparc,0.4,Eigenvector Centrality,rh_parstriangularis,0.8986754191411607,0.8880113857164914,-0.010664033424669261
maxSW,aparc,0.4,Eigenvector Centrality,rh_pericalcarine,0.004055762016979532,0.005201916803699875,0.0011461547867203433
maxSW,aparc,0.4,Eigenvector Centrality,rh_postcentral,0.6900426254191234,0.4875714623220542,-0.2024711630970692
maxSW,aparc,0.4,Eigenvector Centrality,rh_posteriorcingulate,0.7756406843662745,0.7915065255152779,0.015865841149003357
maxSW,aparc,0.4,Eigenvector Centrality,rh_precentral,0.9196083910798755,0.9321083981977747,0.012500007117899226
maxSW,aparc,0.4,Eigenvector Centrality,rh_precuneus,0.8847289481717805,0.8805979139666691,-0.004131034205111406
maxSW,aparc,0.4,Eigenvector Centrality,rh_rostralanteriorcingulate,0.4661358449962353,0.2615861311302388,-0.20454971386599646
maxSW,aparc,0.4,Eigenvector Centrality,rh_rostralmiddlefrontal,0.824932051647407,0.8230598035826084,-0.0018722480647985762
maxSW,aparc,0.4,Eigenvector Centrality,rh_superiorfrontal,0.7851580619710542,0.830157260582297,0.0449991986112428
maxSW,aparc,0.4,Eigenvector Centrality,rh_superiorparietal,0.7898661984510509,0.8371058806160241,0.04723968216497321
maxSW,aparc,0.4,Eigenvector Centrality,rh_superiortemporal,0.6925868328297979,0.6855796166822617,-0.007007216147536188
maxSW,aparc,0.4,Eigenvector Centrality,rh_supramarginal,0.9305364082232664,0.9427602295975562,0.01222382137428979
maxSW,aparc,0.4,Eigenvector Centrality,rh_temporalpole,2.84046657431313e-06,0.0001467377837223054,0.00014389731714799226
maxSW,aparc,0.4,Eigenvector Centrality,rh_transversetemporal,0.06386041342808778,0.060664396894916504,-0.003196016533171274
maxSW,aparc,0.4,Node Degree,lh_bankssts,0.13333333333333333,0.1111111111111111,-0.022222222222222227
maxSW,aparc,0.4,Node Degree,lh_caudalanteriorcingulate,0.35555555555555557,0.5111111111111111,0.1555555555555555
maxSW,aparc,0.4,Node Degree,lh_caudalmiddlefrontal,0.8222222222222222,0.7777777777777778,-0.0444444444444444
maxSW,aparc,0.4,Node Degree,lh_cuneus,0.15555555555555556,0.15555555555555556,0.0
maxSW,aparc,0.4,Node Degree,lh_entorhinal,0.022222222222222223,0.0,-0.022222222222222223
maxSW,aparc,0.4,Node Degree,lh_frontalpole,0.0,0.0,0.0
maxSW,aparc,0.4,Node Degree,lh_fusiform,0.9333333333333333,0.9333333333333333,0.0
maxSW,aparc,0.4,Node Degree,lh_inferiorparietal,0.9555555555555556,0.9555555555555556,0.0
maxSW,aparc,0.4,Node Degree,lh_inferiortemporal,0.7111111111111111,0.6222222222222222,-0.0888888888888889
maxSW,aparc,0.4,Node Degree,lh_insula,0.044444444444444446,0.022222222222222223,-0.022222222222222223
maxSW,aparc,0.4,Node Degree,lh_isthmuscingulate,0.9333333333333333,0.9555555555555556,0.022222222222222254
maxSW,aparc,0.4,Node Degree,lh_lateraloccipital,0.4888888888888889,0.4888888888888889,0.0
maxSW,aparc,0.4,Node Degree,lh_lateralorbitofrontal,1.0,0.9555555555555556,-0.0444444444444444
maxSW,aparc,0.4,Node Degree,lh_lingual,0.3333333333333333,0.37777777777777777,0.04444444444444445
maxSW,aparc,0.4,Node Degree,lh_medialorbitofrontal,0.9777777777777777,0.9777777777777777,0.0
maxSW,aparc,0.4,Node Degree,lh_middletemporal,0.28888888888888886,0.4222222222222222,0.13333333333333336
maxSW,aparc,0.4,Node Degree,lh_paracentral,0.8,0.8,0.0
maxSW,aparc,0.4,Node Degree,lh_parahippocampal,0.4,0.7111111111111111,0.3111111111111111
maxSW,aparc,0.4,Node Degree,lh_parsopercularis,0.9333333333333333,0.8666666666666667,-0.06666666666666665
maxSW,aparc,0.4,Node Degree,lh_parsorbitalis,0.044444444444444446,0.06666666666666667,0.02222222222222222
maxSW,aparc,0.4,Node Degree,lh_parstriangularis,0.8888888888888888,0.9111111111111111,0.022222222222222254
maxSW,aparc,0.4,Node Degree,lh_pericalcarine,0.0,0.0,0.0
maxSW,aparc,0.4,Node Degree,lh_postcentral,0.6888888888888889,0.6,-0.0888888888888889
maxSW,aparc,0.4,Node Degree,lh_posteriorcingulate,0.8222222222222222,0.8,-0.022222222222222143
maxSW,aparc,0.4,Node Degree,lh_precentral,0.9111111111111111,0.9333333333333333,0.022222222222222254
maxSW,aparc,0.4,Node Degree,lh_precuneus,0.9777777777777777,1.0,0.022222222222222254
maxSW,aparc,0.4,Node Degree,lh_rostralanteriorcingulate,0.3111111111111111,0.28888888888888886,-0.022222222222222254
maxSW,aparc,0.4,Node Degree,lh_rostralmiddlefrontal,0.7777777777777778,0.8222222222222222,0.0444444444444444
maxSW,aparc,0.4,Node Degree,lh_superiorfrontal,0.6666666666666666,0.7333333333333333,0.06666666666666665
maxSW,aparc,0.4,Node Degree,lh_superiorparietal,0.7777777777777778,0.8222222222222222,0.0444444444444444
maxSW,aparc,0.4,Node Degree,lh_superiortemporal,0.6666666666666666,0.6222222222222222,-0.0444444444444444
maxSW,aparc,0.4,Node Degree,lh_supramarginal,0.9333333333333333,0.9333333333333333,0.0
maxSW,aparc,0.4,Node Degree,lh_temporalpole,0.0,0.0,0.0
maxSW,aparc,0.4,Node Degree,lh_transversetemporal,0.17777777777777778,0.17777777777777778,0.0
maxSW,aparc,0.4,Node Degree,rh_bankssts,0.044444444444444446,0.06666666666666667,0.02222222222222222
maxSW,aparc,0.4,Node Degree,rh_caudalanteriorcingulate,0.4444444444444444,0.4222222222222222,-0.0222222222222222
maxSW,aparc,0.4,Node Degree,rh_caudalmiddlefrontal,0.8666666666666667,0.8888888888888888,0.022222222222222143
maxSW,aparc,0.4,Node Degree,rh_cuneus,0.15555555555555556,0.15555555555555556,0.0
maxSW,aparc,0.4,Node Degree,rh_entorhinal,0.0,0.022222222222222223,0.022222222222222223
maxSW,aparc,0.4,Node Degree,rh_frontalpole,0.022222222222222223,0.022222222222222223,0.0
maxSW,aparc,0.4,Node Degree,rh_fusiform,0.9333333333333333,0.9333333333333333,0.0
maxSW,aparc,0.4,Node Degree,rh_inferiorparietal,0.9777777777777777,0.9777777777777777,0.0
maxSW,aparc,0.4,Node Degree,rh_inferiortemporal,0.8222222222222222,0.6888888888888889,-0.1333333333333333
maxSW,aparc,0.4,Node Degree,rh_insula,0.022222222222222223,0.0,-0.022222222222222223
maxSW,aparc,0.4,Node Degree,rh_isthmuscingulate,0.8888888888888888,0.9111111111111111,0.022222222222222254
maxSW,aparc,0.4,Node Degree,rh_lateraloccipital,0.6666666666666666,0.7111111111111111,0.04444444444444451
maxSW,aparc,0.4,Node Degree,rh_lateralorbitofrontal,0.9777777777777777,0.9555555555555556,-0.022222222222222143
maxSW,aparc,0.4,Node Degree,rh_lingual,0.35555555555555557,0.37777777777777777,0.0222222222222222
maxSW,aparc,0.4,Node Degree,rh_medialorbitofrontal,0.9555555555555556,0.9333333333333333,-0.022222222222222254
maxSW,aparc,0.4,Node Degree,rh_middletemporal,0.4222222222222222,0.4444444444444444,0.0222222222222222
maxSW,aparc,0.4,Node Degree,rh_paracentral,0.9111111111111111,0.8444444444444444,-0.06666666666666665
maxSW,aparc,0.4,Node Degree,rh_parahippocampal,0.8222222222222222,0.7555555555555555,-0.06666666666666665
maxSW,aparc,0.4,Node Degree,rh_parsopercularis,0.8222222222222222,0.8666666666666667,0.04444444444444451
maxSW,aparc,0.4,Node Degree,rh_parsorbitalis,0.022222222222222223,0.044444444444444446,0.022222222222222223
maxSW,aparc,0.4,Node Degree,rh_parstriangularis,0.8888888888888888,0.8888888888888888,0.0
maxSW,aparc,0.4,Node Degree,rh_pericalcarine,0.022222222222222223,0.022222222222222223,0.0
maxSW,aparc,0.4,Node Degree,rh_postcentral,0.7555555555555555,0.5555555555555556,-0.19999999999999996
maxSW,aparc,0.4,Node Degree,rh_posteriorcingulate,0.8,0.8222222222222222,0.022222222222222143
maxSW,aparc,0.4,Node Degree,rh_precentral,0.8888888888888888,0.9111111111111111,0.022222222222222254
maxSW,aparc,0.4,Node Degree,rh_precuneus,0.9555555555555556,0.9555555555555556,0.0
maxSW,aparc,0.4,Node Degree,rh_rostralanteriorcingulate,0.5111111111111111,0.28888888888888886,-0.2222222222222222
maxSW,aparc,0.4,Node Degree,rh_rostralmiddlefrontal,0.8222222222222222,0.8222222222222222,0.0
maxSW,aparc,0.4,Node Degree,rh_superiorfrontal,0.7777777777777778,0.8222222222222222,0.0444444444444444
maxSW,aparc,0.4,Node Degree,rh_superiorparietal,0.8222222222222222,0.8666666666666667,0.04444444444444451
maxSW,aparc,0.4,Node Degree,rh_superiortemporal,0.7111111111111111,0.6666666666666666,-0.04444444444444451
maxSW,aparc,0.4,Node Degree,rh_supramarginal,0.8666666666666667,0.8888888888888888,0.022222222222222143
maxSW,aparc,0.4,Node Degree,rh_temporalpole,0.022222222222222223,0.022222222222222223,0.0
maxSW,aparc,0.4,Node Degree,rh_transversetemporal,0.06666666666666667,0.06666666666666667,0.0
maxSW,aparc,0.5,Participation Coefficient,lh_bankssts,0.7488276488159139,0.39974836757988014,-0.34907928123603377
maxSW,aparc,0.5,Participation Coefficient,lh_caudalanteriorcingulate,0.9111896944578755,0.8850321672114075,-0.026157527246467915
maxSW,aparc,0.5,Participation Coefficient,lh_caudalmiddlefrontal,0.9221242893306758,0.8744368523958995,-0.047687436934776284
maxSW,aparc,0.5,Participation Coefficient,lh_cuneus,0.0,0.0,0.0
maxSW,aparc,0.5,Participation Coefficient,lh_entorhinal,0.0,0.0,0.0
maxSW,aparc,0.5,Participation Coefficient,lh_frontalpole,0.0,0.0,0.0
maxSW,aparc,0.5,Participation Coefficient,lh_fusiform,0.8881727110359529,0.8692448363779923,-0.01892787465796053
maxSW,aparc,0.5,Participation Coefficient,lh_inferiorparietal,0.9221985091378601,0.9147406321816997,-0.007457876956160403
maxSW,aparc,0.5,Participation Coefficient,lh_inferiortemporal,0.682068936905131,0.6610216163887045,-0.02104732051642655
maxSW,aparc,0.5,Participation Coefficient,lh_insula,0.0,0.0,0.0
maxSW,aparc,0.5,Participation Coefficient,lh_isthmuscingulate,0.9277719938826506,0.9331159659438059,0.005343972061155222
maxSW,aparc,0.5,Participation Coefficient,lh_lateraloccipital,0.8541099577237327,0.9477032510337773,0.09359329331004462
maxSW,aparc,0.5,Participation Coefficient,lh_lateralorbitofrontal,0.9077539075006704,0.8741735447149296,-0.033580362785740836
maxSW,aparc,0.5,Participation Coefficient,lh_lingual,0.6616506331212366,0.8761664358445124,0.21451580272327575
maxSW,aparc,0.5,Participation Coefficient,lh_medialorbitofrontal,0.910012859929653,0.903841544742128,-0.006171315187525006
maxSW,aparc,0.5,Participation Coefficient,lh_middletemporal,0.12542474899573197,0.3442745933016968,0.21884984430596482
maxSW,aparc,0.5,Participation Coefficient,lh_paracentral,0.9677546726174207,0.9717737290887689,0.004019056471348259
maxSW,aparc,0.5,Participation Coefficient,lh_parahippocampal,0.9258595162673071,0.9467530857859259,0.02089356951861876
maxSW,aparc,0.5,Participation Coefficient,lh_parsopercularis,0.8756807025011907,0.8702208737069183,-0.0054598287942724255
maxSW,aparc,0.5,Participation Coefficient,lh_parsorbitalis,0.0,0.7270152164802474,0.7270152164802474
maxSW,aparc,0.5,Participation Coefficient,lh_parstriangularis,0.8659836614680946,0.8922160248041886,0.026232363336094022
maxSW,aparc,0.5,Participation Coefficient,lh_pericalcarine,0.0,0.0,0.0
maxSW,aparc,0.5,Participation Coefficient,lh_postcentral,0.918559122973747,0.98456106927212,0.06600194629837297
maxSW,aparc,0.5,Participation Coefficient,lh_posteriorcingulate,0.9659276556545753,0.9312652722357309,-0.03466238341884442
maxSW,aparc,0.5,Participation Coefficient,lh_precentral,0.9266889691809927,0.9412716964041908,0.014582727223198089
maxSW,aparc,0.5,Participation Coefficient,lh_precuneus,0.961715718301139,0.944779036381942,-0.01693668191919695
maxSW,aparc,0.5,Participation Coefficient,lh_rostralanteriorcingulate,0.5788964084830565,0.5919440353960094,0.013047626912952914
maxSW,aparc,0.5,Participation Coefficient,lh_rostralmiddlefrontal,0.8408723131372882,0.7866908234434208,-0.05418148969386738
maxSW,aparc,0.5,Participation Coefficient,lh_superiorfrontal,0.7549096371472049,0.757935378026285,0.00302574087908003
maxSW,aparc,0.5,Participation Coefficient,lh_superiorparietal,0.9512978699894102,0.9605920866568873,0.009294216667477095
maxSW,aparc,0.5,Participation Coefficient,lh_superiortemporal,0.7461191178004369,0.7648983855280358,0.01877926772759886
maxSW,aparc,0.5,Participation Coefficient,lh_supramarginal,0.8764067939397044,0.8783229257924595,0.0019161318527550764
maxSW,aparc,0.5,Participation Coefficient,lh_temporalpole,0.0,0.0,0.0
maxSW,aparc,0.5,Participation Coefficient,lh_transversetemporal,1.0,0.9061819094989311,-0.09381809050106893
maxSW,aparc,0.5,Participation Coefficient,rh_bankssts,0.0,0.0,0.0
maxSW,aparc,0.5,Participation Coefficient,rh_caudalanteriorcingulate,0.9841792652439726,0.9849397062779536,0.0007604410339809853
maxSW,aparc,0.5,Participation Coefficient,rh_caudalmiddlefrontal,0.9352133925542052,0.9077234041360703,-0.02748998841813488
maxSW,aparc,0.5,Participation Coefficient,rh_cuneus,0.0,0.0,0.0
maxSW,aparc,0.5,Participation Coefficient,rh_entorhinal,0.0,0.0,0.0
maxSW,aparc,0.5,Participation Coefficient,rh_frontalpole,0.0,0.0,0.0
maxSW,aparc,0.5,Participation Coefficient,rh_fusiform,0.9196664402466102,0.8792222905924107,-0.0404441496541994
maxSW,aparc,0.5,Participation Coefficient,rh_inferiorparietal,0.9141998312423129,0.896362821323164,-0.017837009919148827
maxSW,aparc,0.5,Participation Coefficient,rh_inferiortemporal,0.8202358495792255,0.7170892396714255,-0.1031466099078
maxSW,aparc,0.5,Participation Coefficient,rh_insula,0.0,0.0,0.0
maxSW,aparc,0.5,Participation Coefficient,rh_isthmuscingulate,0.9391508882157868,0.9302057687739611,-0.008945119441825744
maxSW,aparc,0.5,Participation Coefficient,rh_lateraloccipital,0.91674877049531,0.9863603236449956,0.06961155314968559
maxSW,aparc,0.5,Participation Coefficient,rh_lateralorbitofrontal,0.916418508421538,0.8847407623020461,-0.03167774611949192
maxSW,aparc,0.5,Participation Coefficient,rh_lingual,0.7486065596310337,0.9243176411058289,0.1757110814747952
maxSW,aparc,0.5,Participation Coefficient,rh_medialorbitofrontal,0.9136606715720043,0.9130537656703833,-0.0006069059016209355
maxSW,aparc,0.5,Participation Coefficient,rh_middletemporal,0.3356699593930027,0.39530434130887365,0.05963438191587095
maxSW,aparc,0.5,Participation Coefficient,rh_paracentral,0.9613425262529125,0.9800823318830302,0.01873980563011768
maxSW,aparc,0.5,Participation Coefficient,rh_parahippocampal,0.9786966087092503,0.9849388206683808,0.006242211959130439
maxSW,aparc,0.5,Participation Coefficient,rh_parsopercularis,0.8981635801084865,0.8538382013582403,-0.044325378750246225
maxSW,aparc,0.5,Participation Coefficient,rh_parsorbitalis,0.7127055205674186,0.739568363722155,0.026862843154736304
maxSW,aparc,0.5,Participation Coefficient,rh_parstriangularis,0.859330960669436,0.8574726354806375,-0.0018583251887985819
maxSW,aparc,0.5,Participation Coefficient,rh_pericalcarine,0.0,0.0,0.0
maxSW,aparc,0.5,Participation Coefficient,rh_postcentral,0.9211134776396698,0.9796877195172168,0.058574241877547006
maxSW,aparc,0.5,Participation Coefficient,rh_posteriorcingulate,0.94827504530245,0.9386898793718905,-0.00958516593055947
maxSW,aparc,0.5,Participation Coefficient,rh_precentral,0.9463173325147473,0.9528826042489441,0.006565271734196854
maxSW,aparc,0.5,Participation Coefficient,rh_precuneus,0.9714493639618567,0.9535441641757355,-0.01790519978612115
maxSW,aparc,0.5,Participation Coefficient,rh_rostralanteriorcingulate,0.838105064260793,0.6520056195813365,-0.1860994446794565
maxSW,aparc,0.5,Participation Coefficient,rh_rostralmiddlefrontal,0.8867090073812851,0.879627758896469,-0.007081248484816061
maxSW,aparc,0.5,Participation Coefficient,rh_superiorfrontal,0.8168223926455649,0.8106629068508954,-0.006159485794669517
maxSW,aparc,0.5,Participation Coefficient,rh_superiorparietal,0.9281587881657173,0.9676722277111307,0.03951343954541342
maxSW,aparc,0.5,Participation Coefficient,rh_superiortemporal,0.7507753780750193,0.7702652133532996,0.0194898352782803
maxSW,aparc,0.5,Participation Coefficient,rh_supramarginal,0.8953610837980546,0.882424834342923,-0.01293624945513161
maxSW,aparc,0.5,Participation Coefficient,rh_temporalpole,0.0,0.0,0.0
maxSW,aparc,0.5,Participation Coefficient,rh_transversetemporal,0.7548390698700572,0.4616928450671906,-0.2931462248028666
maxSW,aparc,0.5,Node Versatility,lh_bankssts,0.3587539414831258,0.5146719671082162,0.15591802562509038
maxSW,aparc,0.5,Node Versatility,lh_caudalanteriorcingulate,0.1726467976359125,0.20422780011676034,0.03158100248084783
maxSW,aparc,0.5,Node Versatility,lh_caudalmiddlefrontal,0.0051674256109402175,0.05970374840419399,0.05453632279325377
maxSW,aparc,0.5,Node Versatility,lh_cuneus,0.04080762459773831,0.12838664559353274,0.08757902099579443
maxSW,aparc,0.5,Node Versatility,lh_entorhinal,0.0024557664230564795,0.2682227862128262,0.2657670197897697
maxSW,aparc,0.5,Node Versatility,lh_frontalpole,0.025069163733192054,0.2682227862128262,0.24315362247963412
maxSW,aparc,0.5,Node Versatility,lh_fusiform,0.0999942168563568,0.05786948293697919,-0.04212473391937761
maxSW,aparc,0.5,Node Versatility,lh_inferiorparietal,0.004335899164203686,0.023413027730926482,0.019077128566722796
maxSW,aparc,0.5,Node Versatility,lh_inferiortemporal,0.19619920076310207,0.18922003111330343,-0.006979169649798639
maxSW,aparc,0.5,Node Versatility,lh_insula,0.3358413800083481,0.4877725449677941,0.15193116495944597
maxSW,aparc,0.5,Node Versatility,lh_isthmuscingulate,0.1764296130063076,0.1314958756487762,-0.044933737357531395
maxSW,aparc,0.5,Node Versatility,lh_lateraloccipital,0.04080762459773831,0.12838664559353274,0.08757902099579443
maxSW,aparc,0.5,Node Versatility,lh_lateralorbitofrontal,0.004707452498331059,0.040275178605782905,0.03556772610745185
maxSW,aparc,0.5,Node Versatility,lh_lingual,0.04080762459773831,0.12838664559353274,0.08757902099579443
maxSW,aparc,0.5,Node Versatility,lh_medialorbitofrontal,0.018436092810123556,0.12991721186599955,0.111481119055876
maxSW,aparc,0.5,Node Versatility,lh_middletemporal,0.1068186544798033,0.1216625974984264,0.014843943018623101
maxSW,aparc,0.5,Node Versatility,lh_paracentral,0.027730149852518572,0.03289962629535355,0.005169476442834976
maxSW,aparc,0.5,Node Versatility,lh_parahippocampal,0.007724560941698273,0.43928533447715346,0.4315607735354552
maxSW,aparc,0.5,Node Versatility,lh_parsopercularis,0.06013277232786922,0.040275178605782905,-0.019857593722086314
maxSW,aparc,0.5,Node Versatility,lh_parsorbitalis,0.15316239357226683,0.5401648799438433,0.3870024863715765
maxSW,aparc,0.5,Node Versatility,lh_parstriangularis,0.004707452498331059,0.028229494370362925,0.023522041872031867
maxSW,aparc,0.5,Node Versatility,lh_pericalcarine,0.0,0.08453866440967275,0.08453866440967275
maxSW,aparc,0.5,Node Versatility,lh_postcentral,0.08052850324147073,0.12838664559353274,0.04785814235206201
maxSW,aparc,0.5,Node Versatility,lh_posteriorcingulate,0.5659994547384569,1.0,0.4340005452615431
maxSW,aparc,0.5,Node Versatility,lh_precentral,0.008799032054827323,0.1498690834299736,0.14107005137514628
maxSW,aparc,0.5,Node Versatility,lh_precuneus,0.7080914470775648,0.8790152415078598,0.17092379443029504
maxSW,aparc,0.5,Node Versatility,lh_rostralanteriorcingulate,0.160193556667189,0.18028323885748923,0.020089682190300218
maxSW,aparc,0.5,Node Versatility,lh_rostralmiddlefrontal,0.016756666830480528,0.040275178605782905,0.023518511775302377
maxSW,aparc,0.5,Node Versatility,lh_superiorfrontal,0.30821099765532173,0.158810986746271,-0.14940001090905072
maxSW,aparc,0.5,Node Versatility,lh_superiorparietal,0.018436092810123556,0.027222390117374137,0.008786297307250581
maxSW,aparc,0.5,Node Versatility,lh_superiortemporal,0.12084887642391237,0.11995408223890462,-0.0008947941850077495
maxSW,aparc,0.5,Node Versatility,lh_supramarginal,0.004707452498331059,0.16853559168948146,0.16382813919115038
maxSW,aparc,0.5,Node Versatility,lh_temporalpole,0.0003258350549086714,0.2682227862128262,0.2678969511579175
maxSW,aparc,0.5,Node Versatility,lh_transversetemporal,0.2870319241440019,0.6075587981768007,0.3205268740327988
maxSW,aparc,0.5,Node Versatility,rh_bankssts,0.3358413800083481,0.5146719671082162,0.17883058709986804
maxSW,aparc,0.5,Node Versatility,rh_caudalanteriorcingulate,0.166265842636531,0.1925665531761373,0.02630071053960631
maxSW,aparc,0.5,Node Versatility,rh_caudalmiddlefrontal,0.03125661611458922,0.023413027730926482,-0.007843588383662739
maxSW,aparc,0.5,Node Versatility,rh_cuneus,0.04080762459773831,0.12838664559353274,0.08757902099579443
maxSW,aparc,0.5,Node Versatility,rh_entorhinal,0.0024557664230564795,0.2682227862128262,0.2657670197897697
maxSW,aparc,0.5,Node Versatility,rh_frontalpole,0.025069163733192054,0.2682227862128262,0.24315362247963412
maxSW,aparc,0.5,Node Versatility,rh_fusiform,0.11114524925414306,0.22337439546312135,0.1122291462089783
maxSW,aparc,0.5,Node Versatility,rh_inferiorparietal,0.004335899164203686,0.028229494370362925,0.02389359520615924
maxSW,aparc,0.5,Node Versatility,rh_inferiortemporal,0.1192588214259801,0.11046512518084979,-0.008793696245130309
maxSW,aparc,0.5,Node Versatility,rh_insula,0.3358413800083481,0.4877725449677941,0.15193116495944597
maxSW,aparc,0.5,Node Versatility,rh_isthmuscingulate,0.17159668482002974,0.1968711195270481,0.025274434707018373
maxSW,aparc,0.5,Node Versatility,rh_lateraloccipital,0.08722039802548402,0.12838664559353274,0.04116624756804872
maxSW,aparc,0.5,Node Versatility,rh_lateralorbitofrontal,0.004707452498331059,0.1526155446270168,0.14790809212868572
maxSW,aparc,0.5,Node Versatility,rh_lingual,0.04080762459773831,0.12838664559353274,0.08757902099579443
maxSW,aparc,0.5,Node Versatility,rh_medialorbitofrontal,0.018436092810123556,0.13033400112211638,0.11189790831199282
maxSW,aparc,0.5,Node Versatility,rh_middletemporal,0.1068186544798033,0.1216625974984264,0.014843943018623101
maxSW,aparc,0.5,Node Versatility,rh_paracentral,0.06296130689326204,0.34422127431626165,0.28125996742299963
maxSW,aparc,0.5,Node Versatility,rh_parahippocampal,0.023478044402307517,0.531727209615635,0.5082491652133275
maxSW,aparc,0.5,Node Versatility,rh_parsopercularis,0.004707452498331059,0.08333861761264633,0.07863116511431527
maxSW,aparc,0.5,Node Versatility,rh_parsorbitalis,0.1080781597622731,0.5401648799438433,0.43208672018157024
maxSW,aparc,0.5,Node Versatility,rh_parstriangularis,0.08542100963343421,0.040275178605782905,-0.04514583102765131
maxSW,aparc,0.5,Node Versatility,rh_pericalcarine,0.0,0.08453866440967275,0.08453866440967275
maxSW,aparc,0.5,Node Versatility,rh_postcentral,0.11034984458230701,0.12838664559353274,0.018036801011225734
maxSW,aparc,0.5,Node Versatility,rh_posteriorcingulate,0.14364734331385787,0.8101856041509717,0.6665382608371139
maxSW,aparc,0.5,Node Versatility,rh_precentral,0.00876508362731935,0.1473181690088373,0.13855308538151795
maxSW,aparc,0.5,Node Versatility,rh_precuneus,0.5992143142988944,0.4690116590114653,-0.13020265528742908
maxSW,aparc,0.5,Node Versatility,rh_rostralanteriorcingulate,0.016756666830480528,0.1497850874111971,0.13302842058071657
maxSW,aparc,0.5,Node Versatility,rh_rostralmiddlefrontal,0.08543162627853818,0.028229494370362925,-0.05720213190817525
maxSW,aparc,0.5,Node Versatility,rh_superiorfrontal,0.1129020986603677,0.13654213097657825,0.02364003231621055
maxSW,aparc,0.5,Node Versatility,rh_superiorparietal,0.018436092810123556,0.03442160512322207,0.015985512313098516
maxSW,aparc,0.5,Node Versatility,rh_superiortemporal,0.030537512059431015,0.11995408223890462,0.0894165701794736
maxSW,aparc,0.5,Node Versatility,rh_supramarginal,0.004707452498331059,0.028229494370362925,0.023522041872031867
maxSW,aparc,0.5,Node Versatility,rh_temporalpole,0.0003258350549086714,0.2682227862128262,0.2678969511579175
maxSW,aparc,0.5,Node Versatility,rh_transversetemporal,0.2838750645578259,0.5872206466364913,0.3033455820786654
maxSW,aparc,0.5,Node Strength,lh_bankssts,0.2698001113285882,0.18928920801829385,-0.08051090331029437
maxSW,aparc,0.5,Node Strength,lh_caudalanteriorcingulate,0.5974845681477046,0.7196200480969636,0.122135479949259
maxSW,aparc,0.5,Node Strength,lh_caudalmiddlefrontal,0.9011502302924057,0.898773815652435,-0.0023764146399707364
maxSW,aparc,0.5,Node Strength,lh_cuneus,0.16096345188891847,0.16189255551401854,0.0009291036251000695
maxSW,aparc,0.5,Node Strength,lh_entorhinal,0.020002943675226596,0.004996899538468137,-0.015006044136758458
maxSW,aparc,0.5,Node Strength,lh_frontalpole,0.0,0.0022611345666682927,0.0022611345666682927
maxSW,aparc,0.5,Node Strength,lh_fusiform,0.918639849233798,0.9218174516503929,0.003177602416594816
maxSW,aparc,0.5,Node Strength,lh_inferiorparietal,0.979903272187449,0.9865762971498854,0.00667302496243638
maxSW,aparc,0.5,Node Strength,lh_inferiortemporal,0.7116636290595766,0.7120907085326154,0.0004270794730387717
maxSW,aparc,0.5,Node Strength,lh_insula,0.10868191777449826,0.05750641393604837,-0.05117550383844989
maxSW,aparc,0.5,Node Strength,lh_isthmuscingulate,0.8440402893811265,0.8766676517413587,0.032627362360232226
maxSW,aparc,0.5,Node Strength,lh_lateraloccipital,0.6281867931257875,0.5817230534464919,-0.046463739679295624
maxSW,aparc,0.5,Node Strength,lh_lateralorbitofrontal,0.9473986067601503,0.929158905949271,-0.018239700810879333
maxSW,aparc,0.5,Node Strength,lh_lingual,0.4499247472091108,0.5031004060186687,0.05317565880955788
maxSW,aparc,0.5,Node Strength,lh_medialorbitofrontal,0.9276840981791942,0.9133344507409329,-0.014349647438261282
maxSW,aparc,0.5,Node Strength,lh_middletemporal,0.3855301825934626,0.5057236064992016,0.12019342390573895
maxSW,aparc,0.5,Node Strength,lh_paracentral,0.8642352850173979,0.8306066200922876,-0.033628664925110296
maxSW,aparc,0.5,Node Strength,lh_parahippocampal,0.7366211493116644,0.75085087020175,0.014229720890085562
maxSW,aparc,0.5,Node Strength,lh_parsopercularis,0.9192223843149724,0.9242606856825586,0.0050383013675862065
maxSW,aparc,0.5,Node Strength,lh_parsorbitalis,0.033216532884222064,0.06567494169707508,0.032458408812853015
maxSW,aparc,0.5,Node Strength,lh_parstriangularis,0.8882577002929767,0.9120915597267379,0.023833859433761262
maxSW,aparc,0.5,Node Strength,lh_pericalcarine,0.004953576607333965,0.004484801186696961,-0.0004687754206370038
maxSW,aparc,0.5,Node Strength,lh_postcentral,0.7408294066139596,0.7297172922922004,-0.011112114321759181
maxSW,aparc,0.5,Node Strength,lh_posteriorcingulate,0.9281472700808435,0.9012250418004306,-0.026922228280412908
maxSW,aparc,0.5,Node Strength,lh_precentral,0.9934448939270911,0.9568108844076376,-0.0366340095194535
maxSW,aparc,0.5,Node Strength,lh_precuneus,0.9949001645564636,0.982806940923643,-0.012093223632820616
maxSW,aparc,0.5,Node Strength,lh_rostralanteriorcingulate,0.5387396494756195,0.5293954720674536,-0.009344177408165844
maxSW,aparc,0.5,Node Strength,lh_rostralmiddlefrontal,0.841872806584635,0.8109409145643607,-0.030931892020274354
maxSW,aparc,0.5,Node Strength,lh_superiorfrontal,0.7650421288397978,0.7983907395612678,0.033348610721469996
maxSW,aparc,0.5,Node Strength,lh_superiorparietal,0.8777847100446347,0.9199331197994602,0.04214840975482559
maxSW,aparc,0.5,Node Strength,lh_superiortemporal,0.7301481630675863,0.7771911062424506,0.04704294317486424
maxSW,aparc,0.5,Node Strength,lh_supramarginal,0.9443429279626476,0.9564322005997584,0.012089272637110793
maxSW,aparc,0.5,Node Strength,lh_temporalpole,0.001609814427503259,0.0009190965441850222,-0.0006907178833182367
maxSW,aparc,0.5,Node Strength,lh_transversetemporal,0.4245424144108526,0.38671840992396417,-0.03782400448688844
maxSW,aparc,0.5,Node Strength,rh_bankssts,0.10446977173233475,0.12253370301570742,0.018063931283372664
maxSW,aparc,0.5,Node Strength,rh_caudalanteriorcingulate,0.7034857262585157,0.6571041384848425,-0.04638158777367318
maxSW,aparc,0.5,Node Strength,rh_caudalmiddlefrontal,0.9690447547069294,0.9766329566489426,0.007588201942013151
maxSW,aparc,0.5,Node Strength,rh_cuneus,0.191705435890076,0.16193148036140398,-0.029773955528672014
maxSW,aparc,0.5,Node Strength,rh_entorhinal,0.004485670305751919,0.019829467220518163,0.015343796914766243
maxSW,aparc,0.5,Node Strength,rh_frontalpole,0.013977971339719323,0.016226938782102036,0.002248967442382713
maxSW,aparc,0.5,Node Strength,rh_fusiform,0.9300014185870825,0.9113449614230813,-0.018656457164001217
maxSW,aparc,0.5,Node Strength,rh_inferiorparietal,1.0,0.985880177532346,-0.014119822467653975
maxSW,aparc,0.5,Node Strength,rh_inferiortemporal,0.8247396550691019,0.7556452305227676,-0.0690944245463343
maxSW,aparc,0.5,Node Strength,rh_insula,0.041472950869834185,0.024118896556709696,-0.01735405431312449
maxSW,aparc,0.5,Node Strength,rh_isthmuscingulate,0.812155168014919,0.8453811749187696,0.03322600690385058
maxSW,aparc,0.5,Node Strength,rh_lateraloccipital,0.7330332594315303,0.7442943101103596,0.01126105067882932
maxSW,aparc,0.5,Node Strength,rh_lateralorbitofrontal,0.9724185679620696,0.9517758250989484,-0.020642742863121177
maxSW,aparc,0.5,Node Strength,rh_lingual,0.4804898647590843,0.5342968276428522,0.05380696288376796
maxSW,aparc,0.5,Node Strength,rh_medialorbitofrontal,0.9040557878822233,0.8918362768649049,-0.01221951101731844
maxSW,aparc,0.5,Node Strength,rh_middletemporal,0.5222962519807861,0.5361429065431034,0.013846654562317262
maxSW,aparc,0.5,Node Strength,rh_paracentral,0.8889230703807148,0.8280491536659621,-0.06087391671475273
maxSW,aparc,0.5,Node Strength,rh_parahippocampal,0.7609142309446146,0.7506670772756125,-0.010247153669002085
maxSW,aparc,0.5,Node Strength,rh_parsopercularis,0.9287503151703633,0.8543015747765182,-0.07444874039384508
maxSW,aparc,0.5,Node Strength,rh_parsorbitalis,0.040022671738556954,0.07039504548219569,0.030372373743638735
maxSW,aparc,0.5,Node Strength,rh_parstriangularis,0.8872664519479602,0.8756142977560135,-0.011652154191946651
maxSW,aparc,0.5,Node Strength,rh_pericalcarine,0.01735449517328887,0.01810077983731409,0.0007462846640252201
maxSW,aparc,0.5,Node Strength,rh_postcentral,0.7630863873428415,0.6498518912413846,-0.11323449610145686
maxSW,aparc,0.5,Node Strength,rh_posteriorcingulate,0.892233380482256,0.913554807638033,0.021321427155777006
maxSW,aparc,0.5,Node Strength,rh_precentral,0.9314533821248059,0.9356442175294658,0.0041908354046599205
maxSW,aparc,0.5,Node Strength,rh_precuneus,0.9692071476710424,0.9810287296038293,0.011821581932786818
maxSW,aparc,0.5,Node Strength,rh_rostralanteriorcingulate,0.7006839851486568,0.599079897833437,-0.10160408731521986
maxSW,aparc,0.5,Node Strength,rh_rostralmiddlefrontal,0.8256792644788149,0.8759874682229205,0.050308203744105606
maxSW,aparc,0.5,Node Strength,rh_superiorfrontal,0.8238471042451105,0.8491760455170845,0.025328941271973937
maxSW,aparc,0.5,Node Strength,rh_superiorparietal,0.8024797271485024,0.8962777320758837,0.09379800492738133
maxSW,aparc,0.5,Node Strength,rh_superiortemporal,0.7290629120891565,0.7791833359996523,0.05012042391049576
maxSW,aparc,0.5,Node Strength,rh_supramarginal,0.9470436448169038,0.9484888071968153,0.0014451623799114355
maxSW,aparc,0.5,Node Strength,rh_temporalpole,0.014831986945805368,0.01338843716426163,-0.0014435497815437383
maxSW,aparc,0.5,Node Strength,rh_transversetemporal,0.17024344481831272,0.15235625962890578,-0.017887185189406934
maxSW,aparc,0.5,Local Efficiency,lh_bankssts,0.724849370705982,0.7680477007156757,0.04319833000969375
maxSW,aparc,0.5,Local Efficiency,lh_caudalanteriorcingulate,0.8672730416043153,0.8596424977727042,-0.007630543831611103
maxSW,aparc,0.5,Local Efficiency,lh_caudalmiddlefrontal,0.8983086050136474,0.891974353920511,-0.006334251093136345
maxSW,aparc,0.5,Local Efficiency,lh_cuneus,0.9920548045675858,0.9996620895455474,0.0076072849779615925
maxSW,aparc,0.5,Local Efficiency,lh_entorhinal,0.0,0.0,0.0
maxSW,aparc,0.5,Local Efficiency,lh_frontalpole,0.0,0.0,0.0
maxSW,aparc,0.5,Local Efficiency,lh_fusiform,0.9130288016800439,0.9070300379428442,-0.005998763737199653
maxSW,aparc,0.5,Local Efficiency,lh_inferiorparietal,0.9139266139698009,0.8986468536829837,-0.015279760286817212
maxSW,aparc,0.5,Local Efficiency,lh_inferiortemporal,0.9409043683176207,0.9295281182426731,-0.01137625007494758
maxSW,aparc,0.5,Local Efficiency,lh_insula,0.7853713791703748,0.7369238289155001,-0.04844755025487468
maxSW,aparc,0.5,Local Efficiency,lh_isthmuscingulate,0.8668557076451511,0.8667761426971758,-7.956494797523028e-05
maxSW,aparc,0.5,Local Efficiency,lh_lateraloccipital,0.8649240706703636,0.878031399999872,0.013107329329508421
maxSW,aparc,0.5,Local Efficiency,lh_lateralorbitofrontal,0.9137646941121887,0.9205630673595927,0.006798373247403955
maxSW,aparc,0.5,Local Efficiency,lh_lingual,0.8022917374656098,0.8012886587938008,-0.0010030786718089324
maxSW,aparc,0.5,Local Efficiency,lh_medialorbitofrontal,0.8772408415093247,0.874433713323009,-0.002807128186315677
maxSW,aparc,0.5,Local Efficiency,lh_middletemporal,0.8932322886098609,0.8584479422132909,-0.03478434639657002
maxSW,aparc,0.5,Local Efficiency,lh_paracentral,0.8817176636154507,0.9028909143275292,0.02117325071207854
maxSW,aparc,0.5,Local Efficiency,lh_parahippocampal,0.803507768485838,0.8357480222643905,0.03224025377855244
maxSW,aparc,0.5,Local Efficiency,lh_parsopercularis,0.9172431314472802,0.9205079611340972,0.0032648296868169613
maxSW,aparc,0.5,Local Efficiency,lh_parsorbitalis,0.0,0.26993366196762486,0.26993366196762486
maxSW,aparc,0.5,Local Efficiency,lh_parstriangularis,0.9088068095398038,0.9066226077650061,-0.0021842017747976117
maxSW,aparc,0.5,Local Efficiency,lh_pericalcarine,0.0,0.0,0.0
maxSW,aparc,0.5,Local Efficiency,lh_postcentral,0.8835808241694634,0.8711051718720503,-0.012475652297413098
maxSW,aparc,0.5,Local Efficiency,lh_posteriorcingulate,0.8186057111047031,0.8487530236417068,0.030147312537003645
maxSW,aparc,0.5,Local Efficiency,lh_precentral,0.8746992542837483,0.8830035887790385,0.008304334495290222
maxSW,aparc,0.5,Local Efficiency,lh_precuneus,0.8429677956659187,0.8581666352551934,0.015198839589274704
maxSW,aparc,0.5,Local Efficiency,lh_rostralanteriorcingulate,0.873889212758417,0.8632960271886336,-0.010593185569783392
maxSW,aparc,0.5,Local Efficiency,lh_rostralmiddlefrontal,0.8944643869941065,0.9299260207541805,0.03546163376007405
maxSW,aparc,0.5,Local Efficiency,lh_superiorfrontal,0.9320075449601057,0.9248205872077235,-0.007186957752382206
maxSW,aparc,0.5,Local Efficiency,lh_superiorparietal,0.878186758558935,0.8762260807007375,-0.001960677858197535
maxSW,aparc,0.5,Local Efficiency,lh_superiortemporal,0.9227846736586307,0.9096284663386206,-0.013156207320010105
maxSW,aparc,0.5,Local Efficiency,lh_supramarginal,0.9334444462079992,0.9208476866416828,-0.01259675956631634
maxSW,aparc,0.5,Local Efficiency,lh_temporalpole,0.0,0.0,0.0
maxSW,aparc,0.5,Local Efficiency,lh_transversetemporal,0.7894405701818034,0.8046555245996551,0.0152149544178517
maxSW,aparc,0.5,Local Efficiency,rh_bankssts,0.7837484144887369,0.7015102741623234,-0.08223814032641352
maxSW,aparc,0.5,Local Efficiency,rh_caudalanteriorcingulate,0.8473342700160488,0.830520045403536,-0.016814224612512807
maxSW,aparc,0.5,Local Efficiency,rh_caudalmiddlefrontal,0.8836673390068388,0.8926362995707987,0.008968960563959905
maxSW,aparc,0.5,Local Efficiency,rh_cuneus,0.9423184991675064,1.0,0.05768150083249357
maxSW,aparc,0.5,Local Efficiency,rh_entorhinal,0.0,0.0,0.0
maxSW,aparc,0.5,Local Efficiency,rh_frontalpole,0.0,0.0,0.0
maxSW,aparc,0.5,Local Efficiency,rh_fusiform,0.870751371423168,0.9003181898066087,0.029566818383440663
maxSW,aparc,0.5,Local Efficiency,rh_inferiorparietal,0.9050899190423202,0.9194014376950229,0.014311518652702748
maxSW,aparc,0.5,Local Efficiency,rh_inferiortemporal,0.9215861162337156,0.9268541178832009,0.0052680016494853765
maxSW,aparc,0.5,Local Efficiency,rh_insula,0.9201091719849802,0.9285679905094475,0.008458818524467282
maxSW,aparc,0.5,Local Efficiency,rh_isthmuscingulate,0.8783453828906516,0.8674995600858477,-0.01084582280480384
maxSW,aparc,0.5,Local Efficiency,rh_lateraloccipital,0.8766695701592527,0.8825989054103829,0.005929335251130152
maxSW,aparc,0.5,Local Efficiency,rh_lateralorbitofrontal,0.9042957902478099,0.9155055419078937,0.011209751660083755
maxSW,aparc,0.5,Local Efficiency,rh_lingual,0.8736626732295718,0.8681632996888751,-0.005499373540696739
maxSW,aparc,0.5,Local Efficiency,rh_medialorbitofrontal,0.8795261751137448,0.877713570890626,-0.0018126042231187967
maxSW,aparc,0.5,Local Efficiency,rh_middletemporal,0.8974074307547413,0.8713616016061773,-0.026045829148564015
maxSW,aparc,0.5,Local Efficiency,rh_paracentral,0.8828675107585107,0.8879647222919302,0.005097211533419577
maxSW,aparc,0.5,Local Efficiency,rh_parahippocampal,0.8613686894208792,0.8419996714038298,-0.019369018017049378
maxSW,aparc,0.5,Local Efficiency,rh_parsopercularis,0.9019569230188538,0.9300780920160929,0.028121168997239154
maxSW,aparc,0.5,Local Efficiency,rh_parsorbitalis,0.3142612288916519,0.49385828861849035,0.17959705972683843
maxSW,aparc,0.5,Local Efficiency,rh_parstriangularis,0.9136363994293752,0.899841991366322,-0.01379440806305321
maxSW,aparc,0.5,Local Efficiency,rh_pericalcarine,0.0,0.0,0.0
maxSW,aparc,0.5,Local Efficiency,rh_postcentral,0.8843042651097073,0.8693109097446556,-0.014993355365051642
maxSW,aparc,0.5,Local Efficiency,rh_posteriorcingulate,0.8457106671867073,0.8405349906176027,-0.005175676569104559
maxSW,aparc,0.5,Local Efficiency,rh_precentral,0.8962965465866704,0.8886506845882294,-0.007645861998440973
maxSW,aparc,0.5,Local Efficiency,rh_precuneus,0.8435568455250905,0.8280537418269115,-0.015503103698178977
maxSW,aparc,0.5,Local Efficiency,rh_rostralanteriorcingulate,0.8525702996075467,0.8602984690486323,0.007728169441085564
maxSW,aparc,0.5,Local Efficiency,rh_rostralmiddlefrontal,0.9041128826818495,0.8783128503632796,-0.025800032318569976
maxSW,aparc,0.5,Local Efficiency,rh_superiorfrontal,0.9207886321233786,0.9081737734600059,-0.012614858663372641
maxSW,aparc,0.5,Local Efficiency,rh_superiorparietal,0.8992874122385828,0.8760887792397895,-0.023198632998793323
maxSW,aparc,0.5,Local Efficiency,rh_superiortemporal,0.9215931315479944,0.9112354992423569,-0.010357632305637465
maxSW,aparc,0.5,Local Efficiency,rh_supramarginal,0.9131843548637613,0.9133459867544476,0.0001616318906862979
maxSW,aparc,0.5,Local Efficiency,rh_temporalpole,0.0,0.0,0.0
maxSW,aparc,0.5,Local Efficiency,rh_transversetemporal,0.8479776419323328,0.8793306550582822,0.0313530131259494
maxSW,aparc,0.5,Clustering Coefficient,lh_bankssts,0.6012863305477391,0.6629221474048276,0.06163581685708852
maxSW,aparc,0.5,Clustering Coefficient,lh_caudalanteriorcingulate,0.8358360224696212,0.8233965957454594,-0.012439426724161762
maxSW,aparc,0.5,Clustering Coefficient,lh_caudalmiddlefrontal,0.8383201243365701,0.8286655666643251,-0.00965455767224499
maxSW,aparc,0.5,Clustering Coefficient,lh_cuneus,0.9920548045675858,0.9996620895455476,0.007607284977961815
maxSW,aparc,0.5,Clustering Coefficient,lh_entorhinal,0.0,0.0,0.0
maxSW,aparc,0.5,Clustering Coefficient,lh_frontalpole,0.0,0.0,0.0
maxSW,aparc,0.5,Clustering Coefficient,lh_fusiform,0.8549857190054235,0.8421366436860032,-0.012849075319420367
maxSW,aparc,0.5,Clustering Coefficient,lh_inferiorparietal,0.8444867601713815,0.8242849918210433,-0.020201768350338156
maxSW,aparc,0.5,Clustering Coefficient,lh_inferiortemporal,0.9129339554436082,0.9074871847691074,-0.005446770674500834
maxSW,aparc,0.5,Clustering Coefficient,lh_insula,0.6981462132181914,0.5834833453700137,-0.1146628678481777
maxSW,aparc,0.5,Clustering Coefficient,lh_isthmuscingulate,0.8136729910197636,0.8054998114368899,-0.00817317958287378
maxSW,aparc,0.5,Clustering Coefficient,lh_lateraloccipital,0.8045902522374546,0.8220058479047374,0.01741559566728279
maxSW,aparc,0.5,Clustering Coefficient,lh_lateralorbitofrontal,0.850783828436359,0.8637768375094296,0.01299300907307055
maxSW,aparc,0.5,Clustering Coefficient,lh_lingual,0.7573766137872677,0.7538635437417619,-0.0035130700455058284
maxSW,aparc,0.5,Clustering Coefficient,lh_medialorbitofrontal,0.8043074457038458,0.80859606399021,0.004288618286364176
maxSW,aparc,0.5,Clustering Coefficient,lh_middletemporal,0.8552768914981016,0.8012115355203121,-0.0540653559777895
maxSW,aparc,0.5,Clustering Coefficient,lh_paracentral,0.8165689623979636,0.8547130845775833,0.03814412217961971
maxSW,aparc,0.5,Clustering Coefficient,lh_parahippocampal,0.7640864340905719,0.7807814056803626,0.01669497158979072
maxSW,aparc,0.5,Clustering Coefficient,lh_parsopercularis,0.8628330406853498,0.8667786375938515,0.003945596908501714
maxSW,aparc,0.5,Clustering Coefficient,lh_parsorbitalis,0.0,0.2699336619676248,0.2699336619676248
maxSW,aparc,0.5,Clustering Coefficient,lh_parstriangularis,0.8520743303888022,0.8463847445825199,-0.005689585806282316
maxSW,aparc,0.5,Clustering Coefficient,lh_pericalcarine,0.0,0.0,0.0
maxSW,aparc,0.5,Clustering Coefficient,lh_postcentral,0.8250214000611724,0.8084901972715833,-0.016531202789589083
maxSW,aparc,0.5,Clustering Coefficient,lh_posteriorcingulate,0.7145895974319608,0.7671610023031374,0.05257140487117662
maxSW,aparc,0.5,Clustering Coefficient,lh_precentral,0.784786249163777,0.7979461469652046,0.013159897801427567
maxSW,aparc,0.5,Clustering Coefficient,lh_precuneus,0.7341024861272506,0.7592625187714336,0.025160032644182984
maxSW,aparc,0.5,Clustering Coefficient,lh_rostralanteriorcingulate,0.8527329565593695,0.8440572824230916,-0.0086756741362779
maxSW,aparc,0.5,Clustering Coefficient,lh_rostralmiddlefrontal,0.8419630472217584,0.8920136575556028,0.05005061033384439
maxSW,aparc,0.5,Clustering Coefficient,lh_superiorfrontal,0.9002367420053673,0.8926117943665819,-0.0076249476387854065
maxSW,aparc,0.5,Clustering Coefficient,lh_superiorparietal,0.8018647897787682,0.7955434704207698,-0.006321319357998401
maxSW,aparc,0.5,Clustering Coefficient,lh_superiortemporal,0.8938714455041253,0.8782608350937753,-0.015610610410350056
maxSW,aparc,0.5,Clustering Coefficient,lh_supramarginal,0.8783744246514391,0.8604265566037015,-0.017947868047737625
maxSW,aparc,0.5,Clustering Coefficient,lh_temporalpole,0.0,0.0,0.0
maxSW,aparc,0.5,Clustering Coefficient,lh_transversetemporal,0.6997858629393974,0.7330904036837955,0.03330454074439815
maxSW,aparc,0.5,Clustering Coefficient,rh_bankssts,0.7016805304470367,0.5672026351920514,-0.13447789525498532
maxSW,aparc,0.5,Clustering Coefficient,rh_caudalanteriorcingulate,0.8000151897926959,0.776121359150466,-0.02389383064222994
maxSW,aparc,0.5,Clustering Coefficient,rh_caudalmiddlefrontal,0.805119446249593,0.8190688304843854,0.013949384234792417
maxSW,aparc,0.5,Clustering Coefficient,rh_cuneus,0.9247054092885373,1.0,0.07529459071146272
maxSW,aparc,0.5,Clustering Coefficient,rh_entorhinal,0.0,0.0,0.0
maxSW,aparc,0.5,Clustering Coefficient,rh_frontalpole,0.0,0.0,0.0
maxSW,aparc,0.5,Clustering Coefficient,rh_fusiform,0.7907744068916586,0.835591143171655,0.04481673627999638
maxSW,aparc,0.5,Clustering Coefficient,rh_inferiorparietal,0.8278414936198493,0.8522075727016233,0.024366079081774017
maxSW,aparc,0.5,Clustering Coefficient,rh_inferiortemporal,0.8804815284777993,0.8992371871150374,0.01875565863723816
maxSW,aparc,0.5,Clustering Coefficient,rh_insula,0.9201091719849805,0.9285679905094475,0.008458818524466949
maxSW,aparc,0.5,Clustering Coefficient,rh_isthmuscingulate,0.8322137262837416,0.8148189510274476,-0.01739477525629396
maxSW,aparc,0.5,Clustering Coefficient,rh_lateraloccipital,0.8178672095646776,0.8192133559628109,0.001346146398133241
maxSW,aparc,0.5,Clustering Coefficient,rh_lateralorbitofrontal,0.8298796423264906,0.8529177448395241,0.02303810251303351
maxSW,aparc,0.5,Clustering Coefficient,rh_lingual,0.8224048669838618,0.8150255095266653,-0.007379357457196534
maxSW,aparc,0.5,Clustering Coefficient,rh_medialorbitofrontal,0.8107149074903968,0.8159205697566478,0.0052056622662510765
maxSW,aparc,0.5,Clustering Coefficient,rh_middletemporal,0.8601408245234112,0.8134121604914765,-0.046728664031934763
maxSW,aparc,0.5,Clustering Coefficient,rh_paracentral,0.8160020211689403,0.8279941136883411,0.01199209251940081
maxSW,aparc,0.5,Clustering Coefficient,rh_parahippocampal,0.8096351290608387,0.7802399202813072,-0.0293952087795315
maxSW,aparc,0.5,Clustering Coefficient,rh_parsopercularis,0.8404745540927254,0.890325361653103,0.04985080756037763
maxSW,aparc,0.5,Clustering Coefficient,rh_parsorbitalis,0.314261228891652,0.4479857013031779,0.1337244724115259
maxSW,aparc,0.5,Clustering Coefficient,rh_parstriangularis,0.862979169965262,0.8440037148594652,-0.01897545510579679
maxSW,aparc,0.5,Clustering Coefficient,rh_pericalcarine,0.0,0.0,0.0
maxSW,aparc,0.5,Clustering Coefficient,rh_postcentral,0.8240000898750665,0.811837586391797,-0.012162503483269416
maxSW,aparc,0.5,Clustering Coefficient,rh_posteriorcingulate,0.766017970627895,0.7552128145694568,-0.010805156058438237
maxSW,aparc,0.5,Clustering Coefficient,rh_precentral,0.8273135213889922,0.8095456873860758,-0.01776783400291637
maxSW,aparc,0.5,Clustering Coefficient,rh_precuneus,0.7381087636911688,0.7219706265444209,-0.016138137146747944
maxSW,aparc,0.5,Clustering Coefficient,rh_rostralanteriorcingulate,0.8101952137246937,0.8381233017329783,0.027928088008284613
maxSW,aparc,0.5,Clustering Coefficient,rh_rostralmiddlefrontal,0.8576107117541316,0.8146164679183597,-0.042994243835771884
maxSW,aparc,0.5,Clustering Coefficient,rh_superiorfrontal,0.8793493174598116,0.8570890028504199,-0.022260314609391707
maxSW,aparc,0.5,Clustering Coefficient,rh_superiorparietal,0.837947375767093,0.7973908556324439,-0.040556520134649054
maxSW,aparc,0.5,Clustering Coefficient,rh_superiortemporal,0.8914724955319282,0.8797099230459651,-0.01176257248596313
maxSW,aparc,0.5,Clustering Coefficient,rh_supramarginal,0.8509727528326791,0.8515936855594595,0.0006209327267803211
maxSW,aparc,0.5,Clustering Coefficient,rh_temporalpole,0.0,0.0,0.0
maxSW,aparc,0.5,Clustering Coefficient,rh_transversetemporal,0.8247955481448574,0.8793306550582825,0.054535106913425
maxSW,aparc,0.5,Betweenness Centrality,lh_bankssts,0.05806451612903226,0.0064516129032258064,-0.05161290322580645
maxSW,aparc,0.5,Betweenness Centrality,lh_caudalanteriorcingulate,0.0,0.0,0.0
maxSW,aparc,0.5,Betweenness Centrality,lh_caudalmiddlefrontal,0.0,0.03225806451612903,0.03225806451612903
maxSW,aparc,0.5,Betweenness Centrality,lh_cuneus,0.0,0.0,0.0
maxSW,aparc,0.5,Betweenness Centrality,lh_entorhinal,0.2129032258064516,0.0,-0.2129032258064516
maxSW,aparc,0.5,Betweenness Centrality,lh_frontalpole,0.0,0.0,0.0
maxSW,aparc,0.5,Betweenness Centrality,lh_fusiform,0.025806451612903226,0.06451612903225806,0.03870967741935484
maxSW,aparc,0.5,Betweenness Centrality,lh_inferiorparietal,0.09032258064516129,0.02903225806451613,-0.06129032258064515
maxSW,aparc,0.5,Betweenness Centrality,lh_inferiortemporal,0.07096774193548387,0.0,-0.07096774193548387
maxSW,aparc,0.5,Betweenness Centrality,lh_insula,0.14838709677419354,0.1967741935483871,0.04838709677419356
maxSW,aparc,0.5,Betweenness Centrality,lh_isthmuscingulate,0.0032258064516129032,0.04516129032258064,0.04193548387096774
maxSW,aparc,0.5,Betweenness Centrality,lh_lateraloccipital,0.025806451612903226,0.04516129032258064,0.019354838709677417
maxSW,aparc,0.5,Betweenness Centrality,lh_lateralorbitofrontal,0.035483870967741936,0.012903225806451613,-0.022580645161290325
maxSW,aparc,0.5,Betweenness Centrality,lh_lingual,0.41935483870967744,0.42258064516129035,0.0032258064516129115
maxSW,aparc,0.5,Betweenness Centrality,lh_medialorbitofrontal,0.18064516129032257,0.05161290322580645,-0.12903225806451613
maxSW,aparc,0.5,Betweenness Centrality,lh_middletemporal,0.23225806451612904,0.967741935483871,0.7354838709677419
maxSW,aparc,0.5,Betweenness Centrality,lh_paracentral,0.012903225806451613,0.0,-0.012903225806451613
maxSW,aparc,0.5,Betweenness Centrality,lh_parahippocampal,0.41935483870967744,0.0,-0.41935483870967744
maxSW,aparc,0.5,Betweenness Centrality,lh_parsopercularis,0.04516129032258064,0.025806451612903226,-0.019354838709677417
maxSW,aparc,0.5,Betweenness Centrality,lh_parsorbitalis,0.8258064516129032,0.8258064516129032,0.0
maxSW,aparc,0.5,Betweenness Centrality,lh_parstriangularis,0.03225806451612903,0.14516129032258066,0.11290322580645162
maxSW,aparc,0.5,Betweenness Centrality,lh_pericalcarine,0.0,0.0,0.0
maxSW,aparc,0.5,Betweenness Centrality,lh_postcentral,0.012903225806451613,0.016129032258064516,0.003225806451612903
maxSW,aparc,0.5,Betweenness Centrality,lh_posteriorcingulate,0.07741935483870968,0.012903225806451613,-0.06451612903225806
maxSW,aparc,0.5,Betweenness Centrality,lh_precentral,0.016129032258064516,0.016129032258064516,0.0
maxSW,aparc,0.5,Betweenness Centrality,lh_precuneus,0.47096774193548385,0.2064516129032258,-0.2645161290322581
maxSW,aparc,0.5,Betweenness Centrality,lh_rostralanteriorcingulate,0.0,0.0,0.0
maxSW,aparc,0.5,Betweenness Centrality,lh_rostralmiddlefrontal,0.0,0.0,0.0
maxSW,aparc,0.5,Betweenness Centrality,lh_superiorfrontal,0.07419354838709677,0.0,-0.07419354838709677
maxSW,aparc,0.5,Betweenness Centrality,lh_superiorparietal,0.16774193548387098,0.1774193548387097,0.009677419354838707
maxSW,aparc,0.5,Betweenness Centrality,lh_superiortemporal,0.0,0.0,0.0
maxSW,aparc,0.5,Betweenness Centrality,lh_supramarginal,0.23548387096774193,0.11935483870967742,-0.11612903225806451
maxSW,aparc,0.5,Betweenness Centrality,lh_temporalpole,0.0,0.0,0.0
maxSW,aparc,0.5,Betweenness Centrality,lh_transversetemporal,0.00967741935483871,0.00967741935483871,0.0
maxSW,aparc,0.5,Betweenness Centrality,rh_bankssts,0.0,0.016129032258064516,0.016129032258064516
maxSW,aparc,0.5,Betweenness Centrality,rh_caudalanteriorcingulate,0.012903225806451613,0.0,-0.012903225806451613
maxSW,aparc,0.5,Betweenness Centrality,rh_caudalmiddlefrontal,0.0,0.0,0.0
maxSW,aparc,0.5,Betweenness Centrality,rh_cuneus,0.0,0.0,0.0
maxSW,aparc,0.5,Betweenness Centrality,rh_entorhinal,0.0,0.2129032258064516,0.2129032258064516
maxSW,aparc,0.5,Betweenness Centrality,rh_frontalpole,0.2129032258064516,0.2129032258064516,0.0
maxSW,aparc,0.5,Betweenness Centrality,rh_fusiform,0.054838709677419356,0.06774193548387097,0.012903225806451618
maxSW,aparc,0.5,Betweenness Centrality,rh_inferiorparietal,0.02258064516129032,0.05806451612903226,0.03548387096774194
maxSW,aparc,0.5,Betweenness Centrality,rh_inferiortemporal,0.08387096774193549,0.01935483870967742,-0.06451612903225806
maxSW,aparc,0.5,Betweenness Centrality,rh_insula,0.0,0.0,0.0
maxSW,aparc,0.5,Betweenness Centrality,rh_isthmuscingulate,0.012903225806451613,0.016129032258064516,0.003225806451612903
maxSW,aparc,0.5,Betweenness Centrality,rh_lateraloccipital,0.1870967741935484,0.18064516129032257,-0.006451612903225823
maxSW,aparc,0.5,Betweenness Centrality,rh_lateralorbitofrontal,0.20967741935483872,0.15806451612903225,-0.05161290322580647
maxSW,aparc,0.5,Betweenness Centrality,rh_lingual,0.012903225806451613,0.02903225806451613,0.016129032258064516
maxSW,aparc,0.5,Betweenness Centrality,rh_medialorbitofrontal,0.08064516129032258,0.12580645161290321,0.045161290322580636
maxSW,aparc,0.5,Betweenness Centrality,rh_middletemporal,0.9290322580645162,0.035483870967741936,-0.8935483870967742
maxSW,aparc,0.5,Betweenness Centrality,rh_paracentral,0.00967741935483871,0.03225806451612903,0.02258064516129032
maxSW,aparc,0.5,Betweenness Centrality,rh_parahippocampal,0.01935483870967742,0.0,-0.01935483870967742
maxSW,aparc,0.5,Betweenness Centrality,rh_parsopercularis,0.0,0.0,0.0
maxSW,aparc,0.5,Betweenness Centrality,rh_parsorbitalis,1.0,0.41935483870967744,-0.5806451612903225
maxSW,aparc,0.5,Betweenness Centrality,rh_parstriangularis,0.0,0.0,0.0
maxSW,aparc,0.5,Betweenness Centrality,rh_pericalcarine,0.2129032258064516,0.2129032258064516,0.0
maxSW,aparc,0.5,Betweenness Centrality,rh_postcentral,0.06774193548387097,0.0064516129032258064,-0.061290322580645165
maxSW,aparc,0.5,Betweenness Centrality,rh_posteriorcingulate,0.01935483870967742,0.012903225806451613,-0.006451612903225807
maxSW,aparc,0.5,Betweenness Centrality,rh_precentral,0.0,0.0,0.0
maxSW,aparc,0.5,Betweenness Centrality,rh_precuneus,0.2129032258064516,0.6161290322580645,0.4032258064516129
maxSW,aparc,0.5,Betweenness Centrality,rh_rostralanteriorcingulate,0.0,0.0,0.0
maxSW,aparc,0.5,Betweenness Centrality,rh_rostralmiddlefrontal,0.0,0.0,0.0
maxSW,aparc,0.5,Betweenness Centrality,rh_superiorfrontal,0.04516129032258064,0.6612903225806451,0.6161290322580645
maxSW,aparc,0.5,Betweenness Centrality,rh_superiorparietal,0.03225806451612903,0.13225806451612904,0.1
maxSW,aparc,0.5,Betweenness Centrality,rh_superiortemporal,0.02258064516129032,0.0032258064516129032,-0.019354838709677417
maxSW,aparc,0.5,Betweenness Centrality,rh_supramarginal,0.02903225806451613,0.025806451612903226,-0.0032258064516129045
maxSW,aparc,0.5,Betweenness Centrality,rh_temporalpole,0.2129032258064516,0.2129032258064516,0.0
maxSW,aparc,0.5,Betweenness Centrality,rh_transversetemporal,0.0,0.0,0.0
maxSW,aparc,0.5,Eigenvector Centrality,lh_bankssts,0.2255755346374835,0.16649323205212713,-0.05908230258535638
maxSW,aparc,0.5,Eigenvector Centrality,lh_caudalanteriorcingulate,0.6339921857437039,0.750459518217465,0.11646733247376118
maxSW,aparc,0.5,Eigenvector Centrality,lh_caudalmiddlefrontal,0.9191457343493665,0.9134064014264545,-0.005739332922912066
maxSW,aparc,0.5,Eigenvector Centrality,lh_cuneus,0.1257522547076707,0.12582891940622806,7.666469855735492e-05
maxSW,aparc,0.5,Eigenvector Centrality,lh_entorhinal,0.01385479431843616,1.5389826957562403e-05,-0.013839404491478597
maxSW,aparc,0.5,Eigenvector Centrality,lh_frontalpole,0.0,6.996441641662117e-06,6.996441641662117e-06
maxSW,aparc,0.5,Eigenvector Centrality,lh_fusiform,0.9354078566423742,0.9322336750801956,-0.003174181562178635
maxSW,aparc,0.5,Eigenvector Centrality,lh_inferiorparietal,0.9880222668565936,0.9885200952012905,0.0004978283446969156
maxSW,aparc,0.5,Eigenvector Centrality,lh_inferiortemporal,0.7407316842550304,0.7462156884412047,0.0054840041861742295
maxSW,aparc,0.5,Eigenvector Centrality,lh_insula,0.06728354055393923,0.022427864257936234,-0.044855676296003
maxSW,aparc,0.5,Eigenvector Centrality,lh_isthmuscingulate,0.8592918561922213,0.8839955920355785,0.024703735843357277
maxSW,aparc,0.5,Eigenvector Centrality,lh_lateraloccipital,0.6169054172415273,0.567706143690198,-0.04919927355132925
maxSW,aparc,0.5,Eigenvector Centrality,lh_lateralorbitofrontal,0.9593389659664948,0.9471737226504768,-0.012165243316017982
maxSW,aparc,0.5,Eigenvector Centrality,lh_lingual,0.4184089841210325,0.46696374058613,0.04855475646509749
maxSW,aparc,0.5,Eigenvector Centrality,lh_medialorbitofrontal,0.9253730246559569,0.9173125837738937,-0.008060440882063258
maxSW,aparc,0.5,Eigenvector Centrality,lh_middletemporal,0.3846322713013708,0.4992563838415198,0.11462411254014904
maxSW,aparc,0.5,Eigenvector Centrality,lh_paracentral,0.8715241448868312,0.8513012602977915,-0.020222884589039647
maxSW,aparc,0.5,Eigenvector Centrality,lh_parahippocampal,0.7494055331488984,0.7647473635562154,0.01534183040731707
maxSW,aparc,0.5,Eigenvector Centrality,lh_parsopercularis,0.9409140231478565,0.9475725686126896,0.006658545464833021
maxSW,aparc,0.5,Eigenvector Centrality,lh_parsorbitalis,0.000461904585632873,0.020932051650551703,0.02047014706491883
maxSW,aparc,0.5,Eigenvector Centrality,lh_parstriangularis,0.9102718255105918,0.9306493129709245,0.020377487460332633
maxSW,aparc,0.5,Eigenvector Centrality,lh_pericalcarine,0.00014628556379306555,0.00017509016992514533,2.880460613207978e-05
maxSW,aparc,0.5,Eigenvector Centrality,lh_postcentral,0.738656194962188,0.7228640152529882,-0.015792179709199883
maxSW,aparc,0.5,Eigenvector Centrality,lh_posteriorcingulate,0.8888428113208879,0.8895773774553518,0.0007345661344638765
maxSW,aparc,0.5,Eigenvector Centrality,lh_precentral,0.9783716464123519,0.9495839046327779,-0.028787741779573994
maxSW,aparc,0.5,Eigenvector Centrality,lh_precuneus,0.9526149330251689,0.9528704370294755,0.0002555040043066281
maxSW,aparc,0.5,Eigenvector Centrality,lh_rostralanteriorcingulate,0.5644659268951088,0.5548131378516933,-0.009652789043415488
maxSW,aparc,0.5,Eigenvector Centrality,lh_rostralmiddlefrontal,0.8669881870708788,0.8461821995296699,-0.02080598754120888
maxSW,aparc,0.5,Eigenvector Centrality,lh_superiorfrontal,0.7984369009176734,0.8318430937558768,0.03340619283820345
maxSW,aparc,0.5,Eigenvector Centrality,lh_superiorparietal,0.8701053767778602,0.9093539096732765,0.0392485328954163
maxSW,aparc,0.5,Eigenvector Centrality,lh_superiortemporal,0.7650299943539735,0.8126061696720197,0.047576175318046254
maxSW,aparc,0.5,Eigenvector Centrality,lh_supramarginal,0.9669169574596904,0.9737252484404155,0.006808290980725107
maxSW,aparc,0.5,Eigenvector Centrality,lh_temporalpole,6.561876364179571e-09,5.73471188463683e-06,5.72815000827265e-06
maxSW,aparc,0.5,Eigenvector Centrality,lh_transversetemporal,0.41072016976713815,0.38352381604714303,-0.027196353719995126
maxSW,aparc,0.5,Eigenvector Centrality,rh_bankssts,0.06708307258610079,0.08364358525457286,0.01656051266847207
maxSW,aparc,0.5,Eigenvector Centrality,rh_caudalanteriorcingulate,0.7190725502068972,0.6691107484767231,-0.04996180173017406
maxSW,aparc,0.5,Eigenvector Centrality,rh_caudalmiddlefrontal,0.9676820206677406,0.9803197856921562,0.012637765024415604
maxSW,aparc,0.5,Eigenvector Centrality,rh_cuneus,0.159042471003751,0.12633970896842067,-0.03270276203533032
maxSW,aparc,0.5,Eigenvector Centrality,rh_entorhinal,0.0003202942929165178,0.0006539280841781285,0.00033363379126161066
maxSW,aparc,0.5,Eigenvector Centrality,rh_frontalpole,7.5562825251920054e-06,0.0003481567012549417,0.0003406004187297497
maxSW,aparc,0.5,Eigenvector Centrality,rh_fusiform,0.9225511980265175,0.9209900851810363,-0.0015611128454812162
maxSW,aparc,0.5,Eigenvector Centrality,rh_inferiorparietal,1.0,0.9963755762990395,-0.0036244237009604996
maxSW,aparc,0.5,Eigenvector Centrality,rh_inferiortemporal,0.8511169701668232,0.7890844758815242,-0.062032494285299
maxSW,aparc,0.5,Eigenvector Centrality,rh_insula,0.0074865494341483175,0.002242854075511889,-0.005243695358636428
maxSW,aparc,0.5,Eigenvector Centrality,rh_isthmuscingulate,0.8337809352192239,0.8606117903536097,0.026830855134385767
maxSW,aparc,0.5,Eigenvector Centrality,rh_lateraloccipital,0.728787405772695,0.7374982188424976,0.008710813069802592
maxSW,aparc,0.5,Eigenvector Centrality,rh_lateralorbitofrontal,0.9722929638004773,0.964159609902965,-0.008133353897512241
maxSW,aparc,0.5,Eigenvector Centrality,rh_lingual,0.4610804021866241,0.5138508451172652,0.05277044293064109
maxSW,aparc,0.5,Eigenvector Centrality,rh_medialorbitofrontal,0.9068896894793785,0.9012869429209386,-0.005602746558439953
maxSW,aparc,0.5,Eigenvector Centrality,rh_middletemporal,0.5321892097707291,0.5335582801687813,0.001369070398052119
maxSW,aparc,0.5,Eigenvector Centrality,rh_paracentral,0.894241650849864,0.8364999264589641,-0.05774172439089986
maxSW,aparc,0.5,Eigenvector Centrality,rh_parahippocampal,0.7792643127114361,0.7549976570905786,-0.024266655620857502
maxSW,aparc,0.5,Eigenvector Centrality,rh_parsopercularis,0.944899000786792,0.8937403616738747,-0.05115863911291729
maxSW,aparc,0.5,Eigenvector Centrality,rh_parsorbitalis,0.018508557693886048,0.0370062847666049,0.01849772707271885
maxSW,aparc,0.5,Eigenvector Centrality,rh_parstriangularis,0.9135131922398427,0.8978181791965468,-0.015695013043295902
maxSW,aparc,0.5,Eigenvector Centrality,rh_pericalcarine,0.006181995810553879,0.0075759884922913965,0.0013939926817375173
maxSW,aparc,0.5,Eigenvector Centrality,rh_postcentral,0.761283371102041,0.637001000527334,-0.12428237057470704
maxSW,aparc,0.5,Eigenvector Centrality,rh_posteriorcingulate,0.8823922247022629,0.8963727201920213,0.013980495489758438
maxSW,aparc,0.5,Eigenvector Centrality,rh_precentral,0.9392144622865697,0.9334575361883577,-0.00575692609821199
maxSW,aparc,0.5,Eigenvector Centrality,rh_precuneus,0.930994344164641,0.9347629637212445,0.0037686195566034586
maxSW,aparc,0.5,Eigenvector Centrality,rh_rostralanteriorcingulate,0.7196780723721917,0.6264008853758195,-0.09327718699637222
maxSW,aparc,0.5,Eigenvector Centrality,rh_rostralmiddlefrontal,0.8584283725491619,0.8894683009055929,0.03103992835643099
maxSW,aparc,0.5,Eigenvector Centrality,rh_superiorfrontal,0.8514852872548043,0.8661353681005785,0.014650080845774127
maxSW,aparc,0.5,Eigenvector Centrality,rh_superiorparietal,0.8083757481457226,0.8857200424987729,0.07734429435305035
maxSW,aparc,0.5,Eigenvector Centrality,rh_superiortemporal,0.7647325442041377,0.8145135477634236,0.04978100355928583
maxSW,aparc,0.5,Eigenvector Centrality,rh_supramarginal,0.9631135890445224,0.9655320525962209,0.002418463551698502
maxSW,aparc,0.5,Eigenvector Centrality,rh_temporalpole,7.140833653216279e-06,0.0003108167882037147,0.0003036759545504984
maxSW,aparc,0.5,Eigenvector Centrality,rh_transversetemporal,0.17274582665664803,0.16402791262057162,-0.008717914036076413
maxSW,aparc,0.5,Node Degree,lh_bankssts,0.3137254901960784,0.21568627450980393,-0.0980392156862745
maxSW,aparc,0.5,Node Degree,lh_caudalanteriorcingulate,0.6666666666666666,0.803921568627451,0.13725490196078438
maxSW,aparc,0.5,Node Degree,lh_caudalmiddlefrontal,0.9019607843137255,0.9019607843137255,0.0
maxSW,aparc,0.5,Node Degree,lh_cuneus,0.1568627450980392,0.1568627450980392,0.0
maxSW,aparc,0.5,Node Degree,lh_entorhinal,0.0196078431372549,0.0,-0.0196078431372549
maxSW,aparc,0.5,Node Degree,lh_frontalpole,0.0,0.0,0.0
maxSW,aparc,0.5,Node Degree,lh_fusiform,0.9019607843137255,0.9019607843137255,0.0
maxSW,aparc,0.5,Node Degree,lh_inferiorparietal,0.9411764705882353,0.9607843137254902,0.019607843137254943
maxSW,aparc,0.5,Node Degree,lh_inferiortemporal,0.7058823529411765,0.7254901960784313,0.019607843137254832
maxSW,aparc,0.5,Node Degree,lh_insula,0.11764705882352941,0.058823529411764705,-0.058823529411764705
maxSW,aparc,0.5,Node Degree,lh_isthmuscingulate,0.9019607843137255,0.9215686274509803,0.019607843137254832
maxSW,aparc,0.5,Node Degree,lh_lateraloccipital,0.6666666666666666,0.6078431372549019,-0.05882352941176472
maxSW,aparc,0.5,Node Degree,lh_lateralorbitofrontal,0.9215686274509803,0.9019607843137255,-0.019607843137254832
maxSW,aparc,0.5,Node Degree,lh_lingual,0.49019607843137253,0.5490196078431373,0.058823529411764774
maxSW,aparc,0.5,Node Degree,lh_medialorbitofrontal,0.9411764705882353,0.9411764705882353,0.0
maxSW,aparc,0.5,Node Degree,lh_middletemporal,0.4117647058823529,0.5490196078431373,0.13725490196078438
maxSW,aparc,0.5,Node Degree,lh_paracentral,0.8823529411764706,0.8431372549019608,-0.039215686274509776
maxSW,aparc,0.5,Node Degree,lh_parahippocampal,0.8431372549019608,0.8431372549019608,0.0
maxSW,aparc,0.5,Node Degree,lh_parsopercularis,0.9019607843137255,0.9019607843137255,0.0
maxSW,aparc,0.5,Node Degree,lh_parsorbitalis,0.0392156862745098,0.0784313725490196,0.0392156862745098
maxSW,aparc,0.5,Node Degree,lh_parstriangularis,0.8823529411764706,0.9019607843137255,0.019607843137254943
maxSW,aparc,0.5,Node Degree,lh_pericalcarine,0.0,0.0,0.0
maxSW,aparc,0.5,Node Degree,lh_postcentral,0.7647058823529411,0.7647058823529411,0.0
maxSW,aparc,0.5,Node Degree,lh_posteriorcingulate,0.9803921568627451,0.9411764705882353,-0.039215686274509776
maxSW,aparc,0.5,Node Degree,lh_precentral,0.9803921568627451,0.9411764705882353,-0.039215686274509776
maxSW,aparc,0.5,Node Degree,lh_precuneus,1.0,0.9803921568627451,-0.019607843137254943
maxSW,aparc,0.5,Node Degree,lh_rostralanteriorcingulate,0.6078431372549019,0.6078431372549019,0.0
maxSW,aparc,0.5,Node Degree,lh_rostralmiddlefrontal,0.8627450980392157,0.803921568627451,-0.05882352941176472
maxSW,aparc,0.5,Node Degree,lh_superiorfrontal,0.7647058823529411,0.803921568627451,0.03921568627450989
maxSW,aparc,0.5,Node Degree,lh_superiorparietal,0.8823529411764706,0.9215686274509803,0.039215686274509776
maxSW,aparc,0.5,Node Degree,lh_superiortemporal,0.7450980392156863,0.803921568627451,0.05882352941176472
maxSW,aparc,0.5,Node Degree,lh_supramarginal,0.9019607843137255,0.9215686274509803,0.019607843137254832
maxSW,aparc,0.5,Node Degree,lh_temporalpole,0.0,0.0,0.0
maxSW,aparc,0.5,Node Degree,lh_transversetemporal,0.49019607843137253,0.45098039215686275,-0.039215686274509776
maxSW,aparc,0.5,Node Degree,rh_bankssts,0.11764705882352941,0.13725490196078433,0.019607843137254916
maxSW,aparc,0.5,Node Degree,rh_caudalanteriorcingulate,0.7843137254901961,0.7450980392156863,-0.039215686274509776
maxSW,aparc,0.5,Node Degree,rh_caudalmiddlefrontal,0.9607843137254902,0.9607843137254902,0.0
maxSW,aparc,0.5,Node Degree,rh_cuneus,0.19607843137254902,0.1568627450980392,-0.0392156862745098
maxSW,aparc,0.5,Node Degree,rh_entorhinal,0.0,0.0196078431372549,0.0196078431372549
maxSW,aparc,0.5,Node Degree,rh_frontalpole,0.0196078431372549,0.0196078431372549,0.0
maxSW,aparc,0.5,Node Degree,rh_fusiform,0.9411764705882353,0.9019607843137255,-0.039215686274509776
maxSW,aparc,0.5,Node Degree,rh_inferiorparietal,0.9607843137254902,0.9411764705882353,-0.019607843137254943
maxSW,aparc,0.5,Node Degree,rh_inferiortemporal,0.8235294117647058,0.7647058823529411,-0.05882352941176472
maxSW,aparc,0.5,Node Degree,rh_insula,0.0392156862745098,0.0196078431372549,-0.0196078431372549
maxSW,aparc,0.5,Node Degree,rh_isthmuscingulate,0.8627450980392157,0.9019607843137255,0.039215686274509776
maxSW,aparc,0.5,Node Degree,rh_lateraloccipital,0.7647058823529411,0.7647058823529411,0.0
maxSW,aparc,0.5,Node Degree,rh_lateralorbitofrontal,0.9411764705882353,0.9215686274509803,-0.019607843137254943
maxSW,aparc,0.5,Node Degree,rh_lingual,0.5098039215686274,0.5686274509803921,0.05882352941176472
maxSW,aparc,0.5,Node Degree,rh_medialorbitofrontal,0.9215686274509803,0.9215686274509803,0.0
maxSW,aparc,0.5,Node Degree,rh_middletemporal,0.5490196078431373,0.5686274509803921,0.019607843137254832
maxSW,aparc,0.5,Node Degree,rh_paracentral,0.9019607843137255,0.8431372549019608,-0.05882352941176472
maxSW,aparc,0.5,Node Degree,rh_parahippocampal,0.8235294117647058,0.8235294117647058,0.0
maxSW,aparc,0.5,Node Degree,rh_parsopercularis,0.9215686274509803,0.8431372549019608,-0.07843137254901955
maxSW,aparc,0.5,Node Degree,rh_parsorbitalis,0.0392156862745098,0.0784313725490196,0.0392156862745098
maxSW,aparc,0.5,Node Degree,rh_parstriangularis,0.8823529411764706,0.8823529411764706,0.0
maxSW,aparc,0.5,Node Degree,rh_pericalcarine,0.0196078431372549,0.0196078431372549,0.0
maxSW,aparc,0.5,Node Degree,rh_postcentral,0.7843137254901961,0.6862745098039216,-0.0980392156862745
maxSW,aparc,0.5,Node Degree,rh_posteriorcingulate,0.9411764705882353,0.9607843137254902,0.019607843137254943
maxSW,aparc,0.5,Node Degree,rh_precentral,0.9215686274509803,0.9215686274509803,0.0
maxSW,aparc,0.5,Node Degree,rh_precuneus,0.9803921568627451,1.0,0.019607843137254943
maxSW,aparc,0.5,Node Degree,rh_rostralanteriorcingulate,0.7843137254901961,0.6862745098039216,-0.0980392156862745
maxSW,aparc,0.5,Node Degree,rh_rostralmiddlefrontal,0.8431372549019608,0.9019607843137255,0.05882352941176472
maxSW,aparc,0.5,Node Degree,rh_superiorfrontal,0.8235294117647058,0.8431372549019608,0.019607843137254943
maxSW,aparc,0.5,Node Degree,rh_superiorparietal,0.803921568627451,0.9019607843137255,0.0980392156862745
maxSW,aparc,0.5,Node Degree,rh_superiortemporal,0.7450980392156863,0.803921568627451,0.05882352941176472
maxSW,aparc,0.5,Node Degree,rh_supramarginal,0.9215686274509803,0.9215686274509803,0.0
maxSW,aparc,0.5,Node Degree,rh_temporalpole,0.0196078431372549,0.0196078431372549,0.0
maxSW,aparc,0.5,Node Degree,rh_transversetemporal,0.19607843137254902,0.17647058823529413,-0.019607843137254888
maxSW,aparc,0.6,Participation Coefficient,lh_bankssts,0.8394589612834881,0.7820369823900578,-0.05742197889343026
maxSW,aparc,0.6,Participation Coefficient,lh_caudalanteriorcingulate,0.9783148496912575,0.982107910793756,0.0037930611024985517
maxSW,aparc,0.6,Participation Coefficient,lh_caudalmiddlefrontal,0.9880774814609358,0.9900098927618304,0.0019324113008946098
maxSW,aparc,0.6,Participation Coefficient,lh_cuneus,0.0,0.0,0.0
maxSW,aparc,0.6,Participation Coefficient,lh_entorhinal,0.5810159048634134,0.23046945248455833,-0.35054645237885507
maxSW,aparc,0.6,Participation Coefficient,lh_frontalpole,0.0,0.0,0.0
maxSW,aparc,0.6,Participation Coefficient,lh_fusiform,0.9947653254391985,0.9925702826420886,-0.002195042797109914
maxSW,aparc,0.6,Participation Coefficient,lh_inferiorparietal,0.988987443010545,0.9950907811525589,0.006103338142013914
maxSW,aparc,0.6,Participation Coefficient,lh_inferiortemporal,0.9879731652543464,0.977207012645363,-0.010766152608983393
maxSW,aparc,0.6,Participation Coefficient,lh_insula,0.4840018501252679,0.14445111050428505,-0.33955073962098287
maxSW,aparc,0.6,Participation Coefficient,lh_isthmuscingulate,0.9884642806695592,0.9970989344925211,0.008634653822961913
maxSW,aparc,0.6,Participation Coefficient,lh_lateraloccipital,0.8748276757770289,0.8971470868185287,0.022319411041499815
maxSW,aparc,0.6,Participation Coefficient,lh_lateralorbitofrontal,0.9942418484436846,0.9953326135239644,0.0010907650802798319
maxSW,aparc,0.6,Participation Coefficient,lh_lingual,0.8428760646283796,0.8872084419085501,0.044332377280170476
maxSW,aparc,0.6,Participation Coefficient,lh_medialorbitofrontal,0.983700995103747,0.9984693033189586,0.014768308215211579
maxSW,aparc,0.6,Participation Coefficient,lh_middletemporal,0.8749532140260692,0.8927058136577946,0.017752599631725374
maxSW,aparc,0.6,Participation Coefficient,lh_paracentral,0.9694883888473195,0.9680775200775578,-0.0014108687697617084
maxSW,aparc,0.6,Participation Coefficient,lh_parahippocampal,0.9958325593230731,0.9976451446600475,0.0018125853369743705
maxSW,aparc,0.6,Participation Coefficient,lh_parsopercularis,0.9942216612903002,0.9982380030264826,0.004016341736182372
maxSW,aparc,0.6,Participation Coefficient,lh_parsorbitalis,0.0,0.0,0.0
maxSW,aparc,0.6,Participation Coefficient,lh_parstriangularis,0.9878782767005142,0.9981687789329968,0.010290502232482623
maxSW,aparc,0.6,Participation Coefficient,lh_pericalcarine,0.0,0.0,0.0
maxSW,aparc,0.6,Participation Coefficient,lh_postcentral,0.9447695029646619,0.9321615676555292,-0.012607935309132734
maxSW,aparc,0.6,Participation Coefficient,lh_posteriorcingulate,0.9816064107858729,0.9786688329539494,-0.002937577831923499
maxSW,aparc,0.6,Participation Coefficient,lh_precentral,0.9902376817732695,0.9935652979712474,0.003327616197977834
maxSW,aparc,0.6,Participation Coefficient,lh_precuneus,0.9801066433848238,0.9820325853978147,0.0019259420129909
maxSW,aparc,0.6,Participation Coefficient,lh_rostralanteriorcingulate,0.9661340478991078,0.9621684844131415,-0.003965563485966328
maxSW,aparc,0.6,Participation Coefficient,lh_rostralmiddlefrontal,0.9891433922925538,1.0,0.01085660770744623
maxSW,aparc,0.6,Participation Coefficient,lh_superiorfrontal,0.9869682380016452,0.987056032453347,8.779445170181699e-05
maxSW,aparc,0.6,Participation Coefficient,lh_superiorparietal,0.9580856849166164,0.9839560497699414,0.025870364853325056
maxSW,aparc,0.6,Participation Coefficient,lh_superiortemporal,0.9813352653563513,0.9803375510467682,-0.0009977143095830643
maxSW,aparc,0.6,Participation Coefficient,lh_supramarginal,0.9928292021690053,0.9988512366599073,0.006022034490901995
maxSW,aparc,0.6,Participation Coefficient,lh_temporalpole,0.0,0.0,0.0
maxSW,aparc,0.6,Participation Coefficient,lh_transversetemporal,0.9008809815108123,0.8755753716865046,-0.02530560982430774
maxSW,aparc,0.6,Participation Coefficient,rh_bankssts,0.0,0.40265672296584676,0.40265672296584676
maxSW,aparc,0.6,Participation Coefficient,rh_caudalanteriorcingulate,0.9766409732512482,0.9841825570896964,0.007541583838448163
maxSW,aparc,0.6,Participation Coefficient,rh_caudalmiddlefrontal,0.9867069487249066,0.9914333238281903,0.004726375103283664
maxSW,aparc,0.6,Participation Coefficient,rh_cuneus,0.0,0.0,0.0
maxSW,aparc,0.6,Participation Coefficient,rh_entorhinal,0.2571289412146062,0.0,-0.2571289412146062
maxSW,aparc,0.6,Participation Coefficient,rh_frontalpole,0.0,0.0,0.0
maxSW,aparc,0.6,Participation Coefficient,rh_fusiform,0.991980029666947,0.9918332785000096,-0.00014675116693740886
maxSW,aparc,0.6,Participation Coefficient,rh_inferiorparietal,0.9900395605263711,0.9969067887654001,0.006867228239028966
maxSW,aparc,0.6,Participation Coefficient,rh_inferiortemporal,0.9901641480390531,0.9883865178081377,-0.0017776302309153724
maxSW,aparc,0.6,Participation Coefficient,rh_insula,0.1551682317456539,0.46114161728689773,0.30597338554124387
maxSW,aparc,0.6,Participation Coefficient,rh_isthmuscingulate,0.9804030693320006,0.9949578111790691,0.014554741847068509
maxSW,aparc,0.6,Participation Coefficient,rh_lateraloccipital,0.9332539015522747,0.9529203601993324,0.019666458647057627
maxSW,aparc,0.6,Participation Coefficient,rh_lateralorbitofrontal,0.9946940223465547,0.9941741632787373,-0.0005198590678173742
maxSW,aparc,0.6,Participation Coefficient,rh_lingual,0.8531033734756055,0.8890407071450437,0.03593733366943819
maxSW,aparc,0.6,Participation Coefficient,rh_medialorbitofrontal,0.9852760993811825,0.9980925733383728,0.012816473957190211
maxSW,aparc,0.6,Participation Coefficient,rh_middletemporal,0.9306364250657593,0.9234086189103685,-0.007227806155390759
maxSW,aparc,0.6,Participation Coefficient,rh_paracentral,0.9770038250151547,0.9791552715622251,0.002151446547070446
maxSW,aparc,0.6,Participation Coefficient,rh_parahippocampal,0.9864537366490385,0.9843863413243128,-0.0020673953247256627
maxSW,aparc,0.6,Participation Coefficient,rh_parsopercularis,0.9931612071365296,0.9964978402486061,0.003336633112076548
maxSW,aparc,0.6,Participation Coefficient,rh_parsorbitalis,0.0,0.36967505330233885,0.36967505330233885
maxSW,aparc,0.6,Participation Coefficient,rh_parstriangularis,0.9886051309355837,0.9979991645067633,0.009394033571179627
maxSW,aparc,0.6,Participation Coefficient,rh_pericalcarine,0.0,0.0,0.0
maxSW,aparc,0.6,Participation Coefficient,rh_postcentral,0.9497967672781239,0.9053187180706384,-0.04447804920748555
maxSW,aparc,0.6,Participation Coefficient,rh_posteriorcingulate,0.9759009142219329,0.9841319019965044,0.00823098777457143
maxSW,aparc,0.6,Participation Coefficient,rh_precentral,0.9802873971361523,0.9926304076867697,0.012343010550617373
maxSW,aparc,0.6,Participation Coefficient,rh_precuneus,0.9735713363472389,0.9758052581763799,0.00223392182914095
maxSW,aparc,0.6,Participation Coefficient,rh_rostralanteriorcingulate,0.9866049802136099,0.9627827202834539,-0.023822259930155965
maxSW,aparc,0.6,Participation Coefficient,rh_rostralmiddlefrontal,0.9869861969674695,0.9974670199696751,0.010480823002205653
maxSW,aparc,0.6,Participation Coefficient,rh_superiorfrontal,0.9890470983237165,0.9950513925633134,0.006004294239596919
maxSW,aparc,0.6,Participation Coefficient,rh_superiorparietal,0.9565315322287957,0.9727077910975369,0.01617625886874119
maxSW,aparc,0.6,Participation Coefficient,rh_superiortemporal,0.9813269785154601,0.980687647102824,-0.0006393314126361682
maxSW,aparc,0.6,Participation Coefficient,rh_supramarginal,0.9931811780040761,0.9954738101157626,0.00229263211168651
maxSW,aparc,0.6,Participation Coefficient,rh_temporalpole,0.0,0.0,0.0
maxSW,aparc,0.6,Participation Coefficient,rh_transversetemporal,0.878313550847076,0.8729185719945736,-0.005394978852502397
maxSW,aparc,0.6,Node Versatility,lh_bankssts,0.27867215493229136,0.3034892144922926,0.024817059560001242
maxSW,aparc,0.6,Node Versatility,lh_caudalanteriorcingulate,0.6843652579133942,0.7957627220110374,0.11139746409764317
maxSW,aparc,0.6,Node Versatility,lh_caudalmiddlefrontal,0.13911683117509635,0.3092903352298359,0.17017350405473955
maxSW,aparc,0.6,Node Versatility,lh_cuneus,0.06090176760577745,0.1601244187453567,0.09922265113957926
maxSW,aparc,0.6,Node Versatility,lh_entorhinal,0.6714198408909403,0.5414757790035202,-0.12994406188742014
maxSW,aparc,0.6,Node Versatility,lh_frontalpole,0.1838333717970716,0.2607548944576793,0.0769215226606077
maxSW,aparc,0.6,Node Versatility,lh_fusiform,0.126039753766021,0.06866680999342552,-0.05737294377259548
maxSW,aparc,0.6,Node Versatility,lh_inferiorparietal,0.1255499761208187,0.2526672385065382,0.12711726238571952
maxSW,aparc,0.6,Node Versatility,lh_inferiortemporal,0.8369369951471263,0.23770181730405646,-0.5992351778430698
maxSW,aparc,0.6,Node Versatility,lh_insula,0.27867215493229136,0.30468921339434596,0.0260170584620546
maxSW,aparc,0.6,Node Versatility,lh_isthmuscingulate,0.09746338288286775,0.0840087402308178,-0.013454642652049958
maxSW,aparc,0.6,Node Versatility,lh_lateraloccipital,0.06090176760577745,0.1601244187453567,0.09922265113957926
maxSW,aparc,0.6,Node Versatility,lh_lateralorbitofrontal,0.03899854998266847,0.31879462028530997,0.27979607030264153
maxSW,aparc,0.6,Node Versatility,lh_lingual,0.06090176760577745,0.316184059083698,0.2552822914779206
maxSW,aparc,0.6,Node Versatility,lh_medialorbitofrontal,0.02909736358479928,0.1414161237280697,0.11231876014327041
maxSW,aparc,0.6,Node Versatility,lh_middletemporal,0.2796300894948867,0.12789805039677776,-0.15173203909810895
maxSW,aparc,0.6,Node Versatility,lh_paracentral,0.02909736358479928,0.03679881161547574,0.007701448030676461
maxSW,aparc,0.6,Node Versatility,lh_parahippocampal,0.2959377400772219,0.29153727775033006,-0.004400462326891841
maxSW,aparc,0.6,Node Versatility,lh_parsopercularis,0.06534170563330746,0.061801190893172736,-0.003540514740134726
maxSW,aparc,0.6,Node Versatility,lh_parsorbitalis,0.5257205554892678,0.5414757790035202,0.015755223514252403
maxSW,aparc,0.6,Node Versatility,lh_parstriangularis,0.12460303497371776,0.061801190893172736,-0.06280184408054502
maxSW,aparc,0.6,Node Versatility,lh_pericalcarine,0.0,0.18536560048366013,0.18536560048366013
maxSW,aparc,0.6,Node Versatility,lh_postcentral,0.17818050743313438,0.4846114610654813,0.30643095363234696
maxSW,aparc,0.6,Node Versatility,lh_posteriorcingulate,0.5401813283897516,0.6642792248342257,0.12409789644447411
maxSW,aparc,0.6,Node Versatility,lh_precentral,0.027674714704213257,0.26205226226728334,0.23437754756307008
maxSW,aparc,0.6,Node Versatility,lh_precuneus,0.7686208484932555,0.5948509708385256,-0.17376987765472995
maxSW,aparc,0.6,Node Versatility,lh_rostralanteriorcingulate,0.2646142997770066,0.1938652753384095,-0.07074902443859712
maxSW,aparc,0.6,Node Versatility,lh_rostralmiddlefrontal,0.12460303497371776,0.061801190893172736,-0.06280184408054502
maxSW,aparc,0.6,Node Versatility,lh_superiorfrontal,0.7884242176153149,0.22742775724113135,-0.5609964603741835
maxSW,aparc,0.6,Node Versatility,lh_superiorparietal,0.02909736358479928,0.03679881161547574,0.007701448030676461
maxSW,aparc,0.6,Node Versatility,lh_superiortemporal,0.1907414680054157,0.15239610114268687,-0.038345366862728825
maxSW,aparc,0.6,Node Versatility,lh_supramarginal,0.12460303497371776,0.061801190893172736,-0.06280184408054502
maxSW,aparc,0.6,Node Versatility,lh_temporalpole,0.32167462436298927,0.26075489445767924,-0.06091972990531003
maxSW,aparc,0.6,Node Versatility,lh_transversetemporal,0.27867215493229136,0.3010641012318468,0.022391946299555432
maxSW,aparc,0.6,Node Versatility,rh_bankssts,0.27867215493229136,0.3034892144922926,0.024817059560001242
maxSW,aparc,0.6,Node Versatility,rh_caudalanteriorcingulate,0.2635064692392772,0.42349619277174644,0.15998972353246926
maxSW,aparc,0.6,Node Versatility,rh_caudalmiddlefrontal,0.03869969578072094,0.2989976753015413,0.26029797952082034
maxSW,aparc,0.6,Node Versatility,rh_cuneus,0.06090176760577745,0.1601244187453567,0.09922265113957926
maxSW,aparc,0.6,Node Versatility,rh_entorhinal,0.6714198408909403,0.5414757790035202,-0.12994406188742014
maxSW,aparc,0.6,Node Versatility,rh_frontalpole,0.1838333717970716,0.2607548944576793,0.0769215226606077
maxSW,aparc,0.6,Node Versatility,rh_fusiform,0.10009150194224564,0.2323401726547381,0.13224867071249247
maxSW,aparc,0.6,Node Versatility,rh_inferiorparietal,0.15030915078684876,0.2526672385065382,0.10235808771968946
maxSW,aparc,0.6,Node Versatility,rh_inferiortemporal,0.8654236052404412,0.5519772073396512,-0.31344639790079
maxSW,aparc,0.6,Node Versatility,rh_insula,0.27867215493229136,0.30468921339434596,0.0260170584620546
maxSW,aparc,0.6,Node Versatility,rh_isthmuscingulate,0.02909736358479928,0.18023880749920185,0.15114144391440257
maxSW,aparc,0.6,Node Versatility,rh_lateraloccipital,0.15464106366760785,0.3612613661315318,0.20662030246392396
maxSW,aparc,0.6,Node Versatility,rh_lateralorbitofrontal,0.13507989320008623,0.2909222992604027,0.15584240606031646
maxSW,aparc,0.6,Node Versatility,rh_lingual,0.06090176760577745,0.1601244187453567,0.09922265113957926
maxSW,aparc,0.6,Node Versatility,rh_medialorbitofrontal,0.02909736358479928,0.14386991538782942,0.11477255180303014
maxSW,aparc,0.6,Node Versatility,rh_middletemporal,0.2796300894948867,0.12789805039677776,-0.15173203909810895
maxSW,aparc,0.6,Node Versatility,rh_paracentral,0.02909736358479928,0.03679881161547574,0.007701448030676461
maxSW,aparc,0.6,Node Versatility,rh_parahippocampal,0.13729193502189996,0.5288879019142251,0.3915959668923251
maxSW,aparc,0.6,Node Versatility,rh_parsopercularis,0.20359745388211567,0.061801190893172736,-0.14179626298894293
maxSW,aparc,0.6,Node Versatility,rh_parsorbitalis,0.5056922398726169,0.5414757790035202,0.035783539130903264
maxSW,aparc,0.6,Node Versatility,rh_parstriangularis,0.12460303497371776,0.061801190893172736,-0.06280184408054502
maxSW,aparc,0.6,Node Versatility,rh_pericalcarine,0.0,0.18536560048366013,0.18536560048366013
maxSW,aparc,0.6,Node Versatility,rh_postcentral,0.02909736358479928,0.2237206597603908,0.19462329617559151
maxSW,aparc,0.6,Node Versatility,rh_posteriorcingulate,0.4420105345885576,0.5622729620286322,0.12026242744007459
maxSW,aparc,0.6,Node Versatility,rh_precentral,0.06605608168113292,0.35571217864016963,0.2896560969590367
maxSW,aparc,0.6,Node Versatility,rh_precuneus,0.9348301884702981,0.8706878868435873,-0.06414230162671075
maxSW,aparc,0.6,Node Versatility,rh_rostralanteriorcingulate,0.3689364068502832,0.3121029157928077,-0.05683349105747554
maxSW,aparc,0.6,Node Versatility,rh_rostralmiddlefrontal,0.1757820203991551,0.061801190893172736,-0.11398082950598237
maxSW,aparc,0.6,Node Versatility,rh_superiorfrontal,1.0,0.07054600388231179,-0.9294539961176882
maxSW,aparc,0.6,Node Versatility,rh_superiorparietal,0.02909736358479928,0.03679881161547574,0.007701448030676461
maxSW,aparc,0.6,Node Versatility,rh_superiortemporal,0.1907414680054157,0.15239610114268687,-0.038345366862728825
maxSW,aparc,0.6,Node Versatility,rh_supramarginal,0.12460303497371776,0.28164121691530036,0.1570381819415826
maxSW,aparc,0.6,Node Versatility,rh_temporalpole,0.32167462436298927,0.26075489445767924,-0.06091972990531003
maxSW,aparc,0.6,Node Versatility,rh_transversetemporal,0.27867215493229136,0.3010641012318468,0.022391946299555432
maxSW,aparc,0.6,Node Strength,lh_bankssts,0.47919817952010313,0.45725142382225253,-0.021946755697850595
maxSW,aparc,0.6,Node Strength,lh_caudalanteriorcingulate,0.8074798915458543,0.8353937058716032,0.02791381432574891
maxSW,aparc,0.6,Node Strength,lh_caudalmiddlefrontal,0.9688414019310688,0.9671743783841631,-0.0016670235469057326
maxSW,aparc,0.6,Node Strength,lh_cuneus,0.23569081743966544,0.2087991679933784,-0.026891649446287053
maxSW,aparc,0.6,Node Strength,lh_entorhinal,0.14404107369930805,0.12740506459623369,-0.016636009103074362
maxSW,aparc,0.6,Node Strength,lh_frontalpole,0.0,0.0021467896089853384,0.0021467896089853384
maxSW,aparc,0.6,Node Strength,lh_fusiform,0.955877376629274,0.9874276720362946,0.03155029540702059
maxSW,aparc,0.6,Node Strength,lh_inferiorparietal,0.9733892788937898,0.9646957972835449,-0.008693481610244858
maxSW,aparc,0.6,Node Strength,lh_inferiortemporal,0.8442776949608455,0.7867070874433691,-0.057570607517476335
maxSW,aparc,0.6,Node Strength,lh_insula,0.2700313946704331,0.22175549855631194,-0.04827589611412114
maxSW,aparc,0.6,Node Strength,lh_isthmuscingulate,0.883187836422408,0.8885829190615162,0.005395082639108262
maxSW,aparc,0.6,Node Strength,lh_lateraloccipital,0.6952236808721827,0.6944801656751234,-0.0007435151970592857
maxSW,aparc,0.6,Node Strength,lh_lateralorbitofrontal,0.9713293700117828,0.9792967659108732,0.007967395899090457
maxSW,aparc,0.6,Node Strength,lh_lingual,0.6085036561469094,0.6842322915516932,0.0757286354047838
maxSW,aparc,0.6,Node Strength,lh_medialorbitofrontal,0.9374802776980325,0.9226556185654178,-0.01482465913261477
maxSW,aparc,0.6,Node Strength,lh_middletemporal,0.5208787696776851,0.5625607727813436,0.04168200310365855
maxSW,aparc,0.6,Node Strength,lh_paracentral,0.9046186913717783,0.873363732001902,-0.03125495936987632
maxSW,aparc,0.6,Node Strength,lh_parahippocampal,0.811547907756744,0.8243687333597937,0.012820825603049646
maxSW,aparc,0.6,Node Strength,lh_parsopercularis,0.9269931073308247,0.9454181555043777,0.01842504817355295
maxSW,aparc,0.6,Node Strength,lh_parsorbitalis,0.06019483164463049,0.14500901224672705,0.08481418060209656
maxSW,aparc,0.6,Node Strength,lh_parstriangularis,0.9000047861006889,0.9075785335504977,0.007573747449808765
maxSW,aparc,0.6,Node Strength,lh_pericalcarine,0.004703075590767104,0.004258006015162813,-0.000445069575604291
maxSW,aparc,0.6,Node Strength,lh_postcentral,0.8272526471262021,0.7745448991145042,-0.052707748011697864
maxSW,aparc,0.6,Node Strength,lh_posteriorcingulate,0.9231887654986443,0.913443799346381,-0.009744966152263279
maxSW,aparc,0.6,Node Strength,lh_precentral,0.9572006196336192,0.9645319255615524,0.007331305927933185
maxSW,aparc,0.6,Node Strength,lh_precuneus,0.9725554825556961,0.9750946388333486,0.0025391562776524434
maxSW,aparc,0.6,Node Strength,lh_rostralanteriorcingulate,0.6520160217076869,0.6285829959211348,-0.023433025786552153
maxSW,aparc,0.6,Node Strength,lh_rostralmiddlefrontal,0.8404821404837899,0.8671152396948318,0.026633099211041955
maxSW,aparc,0.6,Node Strength,lh_superiorfrontal,0.8536927405485145,0.8540042562030373,0.00031151565452280927
maxSW,aparc,0.6,Node Strength,lh_superiorparietal,0.9041650281190546,0.9399049023547934,0.03573987423573877
maxSW,aparc,0.6,Node Strength,lh_superiortemporal,0.7907721237518119,0.7643341083360253,-0.02643801541578661
maxSW,aparc,0.6,Node Strength,lh_supramarginal,0.9663994206335571,0.9492920503315366,-0.017107370302020475
maxSW,aparc,0.6,Node Strength,lh_temporalpole,0.0015284065514291263,0.0008726180828848446,-0.0006557884685442816
maxSW,aparc,0.6,Node Strength,lh_transversetemporal,0.6248842780894179,0.605227573502692,-0.01965670458672597
maxSW,aparc,0.6,Node Strength,rh_bankssts,0.1813351751629564,0.2945622293913294,0.11322705422837301
maxSW,aparc,0.6,Node Strength,rh_caudalanteriorcingulate,0.8088386401558119,0.7913221168364174,-0.01751652331939446
maxSW,aparc,0.6,Node Strength,rh_caudalmiddlefrontal,0.976026835980931,0.9959995719208724,0.01997273593994142
maxSW,aparc,0.6,Node Strength,rh_cuneus,0.23687919073297004,0.2236889860429962,-0.013190204689973839
maxSW,aparc,0.6,Node Strength,rh_entorhinal,0.11536128479806444,0.07348314833857487,-0.04187813645948957
maxSW,aparc,0.6,Node Strength,rh_frontalpole,0.013271109145449825,0.015406346918302739,0.0021352377728529135
maxSW,aparc,0.6,Node Strength,rh_fusiform,0.9646493842887529,0.97838361947859,0.013734235189837074
maxSW,aparc,0.6,Node Strength,rh_inferiorparietal,0.9783726400744,0.9781427159912184,-0.0002299240831815652
maxSW,aparc,0.6,Node Strength,rh_inferiortemporal,0.8824569706434295,0.828253039782554,-0.05420393086087549
maxSW,aparc,0.6,Node Strength,rh_insula,0.20562577212099803,0.24437212000497216,0.03874634788397413
maxSW,aparc,0.6,Node Strength,rh_isthmuscingulate,0.8817703998997475,0.8856452807356828,0.003874880835935346
maxSW,aparc,0.6,Node Strength,rh_lateraloccipital,0.7919721239143723,0.8162309346668021,0.02425881075242975
maxSW,aparc,0.6,Node Strength,rh_lateralorbitofrontal,0.9800811000631808,1.0,0.019918899936819168
maxSW,aparc,0.6,Node Strength,rh_lingual,0.6524690775775817,0.688765719373528,0.03629664179594638
maxSW,aparc,0.6,Node Strength,rh_medialorbitofrontal,0.9421848303109284,0.9297386580692956,-0.012446172241632802
maxSW,aparc,0.6,Node Strength,rh_middletemporal,0.6470036132710191,0.6333541216207053,-0.013649491650313816
maxSW,aparc,0.6,Node Strength,rh_paracentral,0.9272053736361344,0.908924351089471,-0.018281022546663417
maxSW,aparc,0.6,Node Strength,rh_parahippocampal,0.8368448650213928,0.8240144760833926,-0.012830388938000148
maxSW,aparc,0.6,Node Strength,rh_parsopercularis,0.9507045636052128,0.936315039008338,-0.014389524596874814
maxSW,aparc,0.6,Node Strength,rh_parsorbitalis,0.12381397965742404,0.1508178063711837,0.027003826713759657
maxSW,aparc,0.6,Node Strength,rh_parstriangularis,0.8985406675133458,0.8745701789787163,-0.023970488534629575
maxSW,aparc,0.6,Node Strength,rh_pericalcarine,0.016476883090641926,0.017185428342964135,0.0007085452523222097
maxSW,aparc,0.6,Node Strength,rh_postcentral,0.8490160611374836,0.7292398310310962,-0.11977623010638738
maxSW,aparc,0.6,Node Strength,rh_posteriorcingulate,0.9035365374644898,0.9226633411110365,0.01912680364654673
maxSW,aparc,0.6,Node Strength,rh_precentral,0.9407341944393481,0.9581970541959184,0.017462859756570248
maxSW,aparc,0.6,Node Strength,rh_precuneus,0.9492010992779233,0.9457745465097849,-0.0034265527681384134
maxSW,aparc,0.6,Node Strength,rh_rostralanteriorcingulate,0.774197492244913,0.6913100265294416,-0.08288746571547134
maxSW,aparc,0.6,Node Strength,rh_rostralmiddlefrontal,0.8688011921248874,0.8596169418248526,-0.00918425030003478
maxSW,aparc,0.6,Node Strength,rh_superiorfrontal,0.8823302429630967,0.8891559518860462,0.006825708922949536
maxSW,aparc,0.6,Node Strength,rh_superiorparietal,0.8886838978667194,0.8923469983740268,0.0036631005073073375
maxSW,aparc,0.6,Node Strength,rh_superiortemporal,0.7904047039098477,0.7666960003362712,-0.023708703573576573
maxSW,aparc,0.6,Node Strength,rh_supramarginal,0.968563073501657,0.9702336948530512,0.0016706213513941748
maxSW,aparc,0.6,Node Strength,rh_temporalpole,0.014081937415506429,0.012711387552285583,-0.001370549863220846
maxSW,aparc,0.6,Node Strength,rh_transversetemporal,0.5257333135273694,0.5298137743578225,0.004080460830453103
maxSW,aparc,0.6,Local Efficiency,lh_bankssts,0.8488647045476664,0.8417404309937137,-0.007124273553952731
maxSW,aparc,0.6,Local Efficiency,lh_caudalanteriorcingulate,0.8610651095111364,0.866219040407323,0.005153930896186654
maxSW,aparc,0.6,Local Efficiency,lh_caudalmiddlefrontal,0.9216286941628763,0.9194991745601574,-0.002129519602718899
maxSW,aparc,0.6,Local Efficiency,lh_cuneus,0.9716416184614964,1.0,0.028358381538503563
maxSW,aparc,0.6,Local Efficiency,lh_entorhinal,0.8117538671392592,0.7802980371797865,-0.031455829959472714
maxSW,aparc,0.6,Local Efficiency,lh_frontalpole,0.0,0.0,0.0
maxSW,aparc,0.6,Local Efficiency,lh_fusiform,0.952612850775486,0.9323829836219173,-0.02022986715356867
maxSW,aparc,0.6,Local Efficiency,lh_inferiorparietal,0.9962461058937548,0.9872251579861112,-0.009020947907643628
maxSW,aparc,0.6,Local Efficiency,lh_inferiortemporal,0.9282487356312809,0.9275123255314712,-0.0007364100998096257
maxSW,aparc,0.6,Local Efficiency,lh_insula,0.853869041850755,0.852128422480673,-0.0017406193700819639
maxSW,aparc,0.6,Local Efficiency,lh_isthmuscingulate,0.9119998050552944,0.9359959622953404,0.023996157240046
maxSW,aparc,0.6,Local Efficiency,lh_lateraloccipital,0.9367327778523425,0.9353757783134546,-0.0013569995388879041
maxSW,aparc,0.6,Local Efficiency,lh_lateralorbitofrontal,0.9709039161942139,0.9500624562290443,-0.020841459965169618
maxSW,aparc,0.6,Local Efficiency,lh_lingual,0.861511683162983,0.8526549073475249,-0.008856775815458073
maxSW,aparc,0.6,Local Efficiency,lh_medialorbitofrontal,0.9360348814617694,0.9226321468120438,-0.013402734649725634
maxSW,aparc,0.6,Local Efficiency,lh_middletemporal,0.8650685036580896,0.8783227718033444,0.013254268145254766
maxSW,aparc,0.6,Local Efficiency,lh_paracentral,0.9375417991664786,0.9430037327112254,0.005461933544746778
maxSW,aparc,0.6,Local Efficiency,lh_parahippocampal,0.8702450845801167,0.8822281167494312,0.011983032169314511
maxSW,aparc,0.6,Local Efficiency,lh_parsopercularis,0.9822596338944567,0.9737973539885914,-0.008462279905865344
maxSW,aparc,0.6,Local Efficiency,lh_parsorbitalis,0.2817653512697812,0.5528955577848628,0.2711302065150816
maxSW,aparc,0.6,Local Efficiency,lh_parstriangularis,0.9862146075000074,0.988067786445284,0.00185317894527659
maxSW,aparc,0.6,Local Efficiency,lh_pericalcarine,0.0,0.0,0.0
maxSW,aparc,0.6,Local Efficiency,lh_postcentral,0.928786809974098,0.9326294981804676,0.003842688206369571
maxSW,aparc,0.6,Local Efficiency,lh_posteriorcingulate,0.9096703714957254,0.918285161523955,0.008614790028229624
maxSW,aparc,0.6,Local Efficiency,lh_precentral,0.9853564777643774,0.9637351664100683,-0.021621311354309114
maxSW,aparc,0.6,Local Efficiency,lh_precuneus,0.9411332985617424,0.9417618544008366,0.0006285558390941581
maxSW,aparc,0.6,Local Efficiency,lh_rostralanteriorcingulate,0.9198512887516301,0.9195657756233184,-0.0002855131283117096
maxSW,aparc,0.6,Local Efficiency,lh_rostralmiddlefrontal,0.9801403677605323,0.9774054151159287,-0.00273495264460355
maxSW,aparc,0.6,Local Efficiency,lh_superiorfrontal,0.9353307714400161,0.9173331450975524,-0.017997626342463713
maxSW,aparc,0.6,Local Efficiency,lh_superiorparietal,0.9514148878434767,0.9385128937573395,-0.012901994086137236
maxSW,aparc,0.6,Local Efficiency,lh_superiortemporal,0.9765416699445999,0.9873941993999419,0.010852529455341986
maxSW,aparc,0.6,Local Efficiency,lh_supramarginal,0.9908610814293439,0.9970940064357423,0.006232925006398382
maxSW,aparc,0.6,Local Efficiency,lh_temporalpole,0.0,0.0,0.0
maxSW,aparc,0.6,Local Efficiency,lh_transversetemporal,0.8504697495592021,0.8508946016283281,0.0004248520691260138
maxSW,aparc,0.6,Local Efficiency,rh_bankssts,0.8650806226010767,0.849795801818312,-0.015284820782764608
maxSW,aparc,0.6,Local Efficiency,rh_caudalanteriorcingulate,0.892745171102162,0.879529688257004,-0.013215482845158055
maxSW,aparc,0.6,Local Efficiency,rh_caudalmiddlefrontal,0.9493805117831651,0.9377763943540218,-0.011604117429143246
maxSW,aparc,0.6,Local Efficiency,rh_cuneus,0.9726446333817499,0.9846792034062236,0.012034570024473723
maxSW,aparc,0.6,Local Efficiency,rh_entorhinal,0.8380376808539172,0.8475180751601532,0.00948039430623604
maxSW,aparc,0.6,Local Efficiency,rh_frontalpole,0.0,0.0,0.0
maxSW,aparc,0.6,Local Efficiency,rh_fusiform,0.9189578237605655,0.9271075320857678,0.008149708325202343
maxSW,aparc,0.6,Local Efficiency,rh_inferiorparietal,0.9994361141331158,0.995853167546607,-0.0035829465865088173
maxSW,aparc,0.6,Local Efficiency,rh_inferiortemporal,0.9406316994475517,0.9283302182969556,-0.012301481150596039
maxSW,aparc,0.6,Local Efficiency,rh_insula,0.8503979984727805,0.8429341472493312,-0.00746385122344928
maxSW,aparc,0.6,Local Efficiency,rh_isthmuscingulate,0.9063082458560449,0.9103393860644247,0.004031140208379802
maxSW,aparc,0.6,Local Efficiency,rh_lateraloccipital,0.939569203663334,0.9335214900992092,-0.0060477135641248125
maxSW,aparc,0.6,Local Efficiency,rh_lateralorbitofrontal,0.9762862875892654,0.9403972393705631,-0.03588904821870231
maxSW,aparc,0.6,Local Efficiency,rh_lingual,0.913692866697877,0.9081976590649522,-0.00549520763292477
maxSW,aparc,0.6,Local Efficiency,rh_medialorbitofrontal,0.921489555736529,0.9100509616342084,-0.01143859410232062
maxSW,aparc,0.6,Local Efficiency,rh_middletemporal,0.877609037135173,0.8839496805749655,0.006340643439792459
maxSW,aparc,0.6,Local Efficiency,rh_paracentral,0.9364228011954564,0.9139710273772691,-0.022451773818187304
maxSW,aparc,0.6,Local Efficiency,rh_parahippocampal,0.9219456685642834,0.9027329660257557,-0.019212702538527693
maxSW,aparc,0.6,Local Efficiency,rh_parsopercularis,0.9568580517998911,0.9435881626407263,-0.013269889159164827
maxSW,aparc,0.6,Local Efficiency,rh_parsorbitalis,0.8192382520821505,0.8097363009537404,-0.009501951128410124
maxSW,aparc,0.6,Local Efficiency,rh_parstriangularis,0.9850606641229958,0.9837385116896078,-0.0013221524333879575
maxSW,aparc,0.6,Local Efficiency,rh_pericalcarine,0.0,0.0,0.0
maxSW,aparc,0.6,Local Efficiency,rh_postcentral,0.9302693871402571,0.9275232344374079,-0.0027461527028491695
maxSW,aparc,0.6,Local Efficiency,rh_posteriorcingulate,0.9130289097476486,0.9085262531105611,-0.004502656637087488
maxSW,aparc,0.6,Local Efficiency,rh_precentral,0.9692188140040907,0.959563925869122,-0.009654888134968731
maxSW,aparc,0.6,Local Efficiency,rh_precuneus,0.942301093336902,0.9390742789483942,-0.0032268143885078038
maxSW,aparc,0.6,Local Efficiency,rh_rostralanteriorcingulate,0.8845470847137059,0.8800637518060042,-0.004483332907701754
maxSW,aparc,0.6,Local Efficiency,rh_rostralmiddlefrontal,0.9645158158642834,0.9732636777716552,0.008747861907371868
maxSW,aparc,0.6,Local Efficiency,rh_superiorfrontal,0.940484129559861,0.9402309971694381,-0.0002531323904229055
maxSW,aparc,0.6,Local Efficiency,rh_superiorparietal,0.940243416333077,0.9592470152651885,0.019003598932111565
maxSW,aparc,0.6,Local Efficiency,rh_superiortemporal,0.9764023086091189,0.989608904189605,0.013206595580486091
maxSW,aparc,0.6,Local Efficiency,rh_supramarginal,0.9682495783536054,0.9656613850516305,-0.002588193301974906
maxSW,aparc,0.6,Local Efficiency,rh_temporalpole,0.0,0.0,0.0
maxSW,aparc,0.6,Local Efficiency,rh_transversetemporal,0.832745170253974,0.834541078815471,0.0017959085614970283
maxSW,aparc,0.6,Clustering Coefficient,lh_bankssts,0.8042910616996567,0.8024862486022769,-0.0018048130973797871
maxSW,aparc,0.6,Clustering Coefficient,lh_caudalanteriorcingulate,0.8024645527029403,0.8054721742804025,0.0030076215774622606
maxSW,aparc,0.6,Clustering Coefficient,lh_caudalmiddlefrontal,0.8486304724867453,0.8465716652423839,-0.0020588072443613603
maxSW,aparc,0.6,Clustering Coefficient,lh_cuneus,0.9668953998347647,1.0,0.03310460016523531
maxSW,aparc,0.6,Clustering Coefficient,lh_entorhinal,0.7646547086093634,0.7128030827501354,-0.05185162585922798
maxSW,aparc,0.6,Clustering Coefficient,lh_frontalpole,0.0,0.0,0.0
maxSW,aparc,0.6,Clustering Coefficient,lh_fusiform,0.8928382178014782,0.858630531117156,-0.03420768668432217
maxSW,aparc,0.6,Clustering Coefficient,lh_inferiorparietal,0.9535281454614655,0.942153671199724,-0.01137447426174143
maxSW,aparc,0.6,Clustering Coefficient,lh_inferiortemporal,0.8692479674075541,0.869331786744683,8.381933712897638e-05
maxSW,aparc,0.6,Clustering Coefficient,lh_insula,0.8239749674425586,0.8376721998142285,0.013697232371669865
maxSW,aparc,0.6,Clustering Coefficient,lh_isthmuscingulate,0.8603705549213716,0.892109371517889,0.03173881659651745
maxSW,aparc,0.6,Clustering Coefficient,lh_lateraloccipital,0.9018931982615891,0.9015277079915812,-0.00036549027000787326
maxSW,aparc,0.6,Clustering Coefficient,lh_lateralorbitofrontal,0.9179100869421054,0.8860223384235804,-0.03188774851852505
maxSW,aparc,0.6,Clustering Coefficient,lh_lingual,0.8314127425929865,0.8181858154871607,-0.013226927105825736
maxSW,aparc,0.6,Clustering Coefficient,lh_medialorbitofrontal,0.8692476928157986,0.8526381080401663,-0.016609584775632347
maxSW,aparc,0.6,Clustering Coefficient,lh_middletemporal,0.7820116754520465,0.8002798932937303,0.018268217841683754
maxSW,aparc,0.6,Clustering Coefficient,lh_paracentral,0.8842815047709325,0.890093405632673,0.005811900861740549
maxSW,aparc,0.6,Clustering Coefficient,lh_parahippocampal,0.816686654118098,0.8327998084756896,0.01611315435759153
maxSW,aparc,0.6,Clustering Coefficient,lh_parsopercularis,0.9441956417054492,0.9290874294815696,-0.015108212223879591
maxSW,aparc,0.6,Clustering Coefficient,lh_parsorbitalis,0.2817653512697812,0.5302008584824716,0.24843550721269037
maxSW,aparc,0.6,Clustering Coefficient,lh_parstriangularis,0.9555913394847345,0.9540897583698987,-0.0015015811148357816
maxSW,aparc,0.6,Clustering Coefficient,lh_pericalcarine,0.0,0.0,0.0
maxSW,aparc,0.6,Clustering Coefficient,lh_postcentral,0.8829453002443145,0.8907541405855604,0.0078088403412458485
maxSW,aparc,0.6,Clustering Coefficient,lh_posteriorcingulate,0.8422806509463098,0.85448165368011,0.012201002733800204
maxSW,aparc,0.6,Clustering Coefficient,lh_precentral,0.9430548320358988,0.9096156107705524,-0.033439221265346375
maxSW,aparc,0.6,Clustering Coefficient,lh_precuneus,0.8721233006413002,0.8725796191866557,0.0004563185453555496
maxSW,aparc,0.6,Clustering Coefficient,lh_rostralanteriorcingulate,0.9060809363420705,0.9106256753915091,0.004544739049438529
maxSW,aparc,0.6,Clustering Coefficient,lh_rostralmiddlefrontal,0.95813187354083,0.9481756522442792,-0.009956221296550716
maxSW,aparc,0.6,Clustering Coefficient,lh_superiorfrontal,0.875870968459901,0.8437272627746979,-0.03214370568520308
maxSW,aparc,0.6,Clustering Coefficient,lh_superiorparietal,0.8989733516943362,0.876120202234603,-0.02285314945973327
maxSW,aparc,0.6,Clustering Coefficient,lh_superiortemporal,0.9608002832035655,0.9730625908703254,0.012262307666759953
maxSW,aparc,0.6,Clustering Coefficient,lh_supramarginal,0.9482345772172973,0.9582790137211707,0.010044436503873433
maxSW,aparc,0.6,Clustering Coefficient,lh_temporalpole,0.0,0.0,0.0
maxSW,aparc,0.6,Clustering Coefficient,lh_transversetemporal,0.8004193598436057,0.8074208763177488,0.007001516474143155
maxSW,aparc,0.6,Clustering Coefficient,rh_bankssts,0.8537210757992962,0.8246924369848676,-0.02902863881442863
maxSW,aparc,0.6,Clustering Coefficient,rh_caudalanteriorcingulate,0.8515244664038577,0.8386178543365884,-0.012906612067269285
maxSW,aparc,0.6,Clustering Coefficient,rh_caudalmiddlefrontal,0.8864080986678079,0.8643166546490268,-0.022091444018781048
maxSW,aparc,0.6,Clustering Coefficient,rh_cuneus,0.9679745992075856,0.9792013060233319,0.011226706815746335
maxSW,aparc,0.6,Clustering Coefficient,rh_entorhinal,0.8148037104925185,0.8475180751601533,0.03271436466763478
maxSW,aparc,0.6,Clustering Coefficient,rh_frontalpole,0.0,0.0,0.0
maxSW,aparc,0.6,Clustering Coefficient,rh_fusiform,0.8457628508345711,0.8535832166078824,0.007820365773311244
maxSW,aparc,0.6,Clustering Coefficient,rh_inferiorparietal,0.9565326602688549,0.9503420437779194,-0.006190616490935441
maxSW,aparc,0.6,Clustering Coefficient,rh_inferiortemporal,0.8785275594491859,0.8674060831949302,-0.011121476254255747
maxSW,aparc,0.6,Clustering Coefficient,rh_insula,0.8378411889019763,0.822284744589046,-0.015556444312930351
maxSW,aparc,0.6,Clustering Coefficient,rh_isthmuscingulate,0.8501332660553005,0.855730834929034,0.005597568873733527
maxSW,aparc,0.6,Clustering Coefficient,rh_lateraloccipital,0.9017224665402414,0.8873860638017915,-0.014336402738449827
maxSW,aparc,0.6,Clustering Coefficient,rh_lateralorbitofrontal,0.9230316024941713,0.8666158812327469,-0.056415721261424356
maxSW,aparc,0.6,Clustering Coefficient,rh_lingual,0.8809418089759096,0.871708020648862,-0.009233788327047576
maxSW,aparc,0.6,Clustering Coefficient,rh_medialorbitofrontal,0.8509402837520825,0.8370595460461525,-0.013880737705930013
maxSW,aparc,0.6,Clustering Coefficient,rh_middletemporal,0.8034110620582493,0.8101719304005661,0.006760868342316817
maxSW,aparc,0.6,Clustering Coefficient,rh_paracentral,0.8792647351676742,0.8491370923200036,-0.030127642847670666
maxSW,aparc,0.6,Clustering Coefficient,rh_parahippocampal,0.8878498715923436,0.8608308709860764,-0.027019000606267274
maxSW,aparc,0.6,Clustering Coefficient,rh_parsopercularis,0.90486706918317,0.8893481774001735,-0.01551889178299648
maxSW,aparc,0.6,Clustering Coefficient,rh_parsorbitalis,0.7410180674827502,0.740384888476316,-0.0006331790064342258
maxSW,aparc,0.6,Clustering Coefficient,rh_parstriangularis,0.9545389941721945,0.9541825374238151,-0.0003564567483793635
maxSW,aparc,0.6,Clustering Coefficient,rh_pericalcarine,0.0,0.0,0.0
maxSW,aparc,0.6,Clustering Coefficient,rh_postcentral,0.8833963562370506,0.889522147099449,0.006125790862398395
maxSW,aparc,0.6,Clustering Coefficient,rh_posteriorcingulate,0.8499522726659706,0.8412717567899647,-0.008680515876005934
maxSW,aparc,0.6,Clustering Coefficient,rh_precentral,0.9223016519087792,0.9056629875582591,-0.016638664350520083
maxSW,aparc,0.6,Clustering Coefficient,rh_precuneus,0.8770681651055622,0.8740192328789265,-0.0030489322266357144
maxSW,aparc,0.6,Clustering Coefficient,rh_rostralanteriorcingulate,0.8348840002480035,0.8375680649360983,0.0026840646880947894
maxSW,aparc,0.6,Clustering Coefficient,rh_rostralmiddlefrontal,0.9348323236921167,0.9443642456223439,0.009531921930227227
maxSW,aparc,0.6,Clustering Coefficient,rh_superiorfrontal,0.8784382640905528,0.8744607685041188,-0.00397749558643401
maxSW,aparc,0.6,Clustering Coefficient,rh_superiorparietal,0.8880876419375644,0.908752853830195,0.020665211892630597
maxSW,aparc,0.6,Clustering Coefficient,rh_superiortemporal,0.9606696133126479,0.9752306219108761,0.014561008598228176
maxSW,aparc,0.6,Clustering Coefficient,rh_supramarginal,0.9157575363366717,0.9104567733764083,-0.005300762960263383
maxSW,aparc,0.6,Clustering Coefficient,rh_temporalpole,0.0,0.0,0.0
maxSW,aparc,0.6,Clustering Coefficient,rh_transversetemporal,0.7888095323009652,0.8047041868760341,0.01589465457506889
maxSW,aparc,0.6,Betweenness Centrality,lh_bankssts,0.00390625,0.0,-0.00390625
maxSW,aparc,0.6,Betweenness Centrality,lh_caudalanteriorcingulate,0.0,0.0,0.0
maxSW,aparc,0.6,Betweenness Centrality,lh_caudalmiddlefrontal,0.00390625,0.12109375,0.1171875
maxSW,aparc,0.6,Betweenness Centrality,lh_cuneus,0.0,0.0,0.0
maxSW,aparc,0.6,Betweenness Centrality,lh_entorhinal,0.0078125,0.01171875,0.00390625
maxSW,aparc,0.6,Betweenness Centrality,lh_frontalpole,0.0,0.0,0.0
maxSW,aparc,0.6,Betweenness Centrality,lh_fusiform,0.06640625,0.14453125,0.078125
maxSW,aparc,0.6,Betweenness Centrality,lh_inferiorparietal,0.10546875,0.046875,-0.05859375
maxSW,aparc,0.6,Betweenness Centrality,lh_inferiortemporal,0.05859375,0.00390625,-0.0546875
maxSW,aparc,0.6,Betweenness Centrality,lh_insula,0.0,0.00390625,0.00390625
maxSW,aparc,0.6,Betweenness Centrality,lh_isthmuscingulate,0.00390625,0.0390625,0.03515625
maxSW,aparc,0.6,Betweenness Centrality,lh_lateraloccipital,0.015625,0.015625,0.0
maxSW,aparc,0.6,Betweenness Centrality,lh_lateralorbitofrontal,0.015625,0.0,-0.015625
maxSW,aparc,0.6,Betweenness Centrality,lh_lingual,0.5078125,0.5234375,0.015625
maxSW,aparc,0.6,Betweenness Centrality,lh_medialorbitofrontal,0.30859375,0.07421875,-0.234375
maxSW,aparc,0.6,Betweenness Centrality,lh_middletemporal,0.35546875,0.12109375,-0.234375
maxSW,aparc,0.6,Betweenness Centrality,lh_paracentral,0.00390625,0.0,-0.00390625
maxSW,aparc,0.6,Betweenness Centrality,lh_parahippocampal,0.07421875,0.078125,0.00390625
maxSW,aparc,0.6,Betweenness Centrality,lh_parsopercularis,0.0234375,0.01171875,-0.01171875
maxSW,aparc,0.6,Betweenness Centrality,lh_parsorbitalis,1.0,1.0,0.0
maxSW,aparc,0.6,Betweenness Centrality,lh_parstriangularis,0.0390625,0.0390625,0.0
maxSW,aparc,0.6,Betweenness Centrality,lh_pericalcarine,0.0,0.0,0.0
maxSW,aparc,0.6,Betweenness Centrality,lh_postcentral,0.0234375,0.01171875,-0.01171875
maxSW,aparc,0.6,Betweenness Centrality,lh_posteriorcingulate,0.0390625,0.03515625,-0.00390625
maxSW,aparc,0.6,Betweenness Centrality,lh_precentral,0.0,0.015625,0.015625
maxSW,aparc,0.6,Betweenness Centrality,lh_precuneus,0.30859375,0.1640625,-0.14453125
maxSW,aparc,0.6,Betweenness Centrality,lh_rostralanteriorcingulate,0.0,0.0,0.0
maxSW,aparc,0.6,Betweenness Centrality,lh_rostralmiddlefrontal,0.0,0.0,0.0
maxSW,aparc,0.6,Betweenness Centrality,lh_superiorfrontal,0.00390625,0.29296875,0.2890625
maxSW,aparc,0.6,Betweenness Centrality,lh_superiorparietal,0.01953125,0.015625,-0.00390625
maxSW,aparc,0.6,Betweenness Centrality,lh_superiortemporal,0.0,0.0,0.0
maxSW,aparc,0.6,Betweenness Centrality,lh_supramarginal,0.1015625,0.0234375,-0.078125
maxSW,aparc,0.6,Betweenness Centrality,lh_temporalpole,0.0,0.0,0.0
maxSW,aparc,0.6,Betweenness Centrality,lh_transversetemporal,0.0,0.0,0.0
maxSW,aparc,0.6,Betweenness Centrality,rh_bankssts,0.0,0.0,0.0
maxSW,aparc,0.6,Betweenness Centrality,rh_caudalanteriorcingulate,0.0,0.0,0.0
maxSW,aparc,0.6,Betweenness Centrality,rh_caudalmiddlefrontal,0.0,0.0,0.0
maxSW,aparc,0.6,Betweenness Centrality,rh_cuneus,0.0,0.0,0.0
maxSW,aparc,0.6,Betweenness Centrality,rh_entorhinal,0.0,0.0,0.0
maxSW,aparc,0.6,Betweenness Centrality,rh_frontalpole,0.2578125,0.2578125,0.0
maxSW,aparc,0.6,Betweenness Centrality,rh_fusiform,0.16015625,0.1015625,-0.05859375
maxSW,aparc,0.6,Betweenness Centrality,rh_inferiorparietal,0.0,0.0390625,0.0390625
maxSW,aparc,0.6,Betweenness Centrality,rh_inferiortemporal,0.2109375,0.03515625,-0.17578125
maxSW,aparc,0.6,Betweenness Centrality,rh_insula,0.0,0.0,0.0
maxSW,aparc,0.6,Betweenness Centrality,rh_isthmuscingulate,0.00390625,0.0,-0.00390625
maxSW,aparc,0.6,Betweenness Centrality,rh_lateraloccipital,0.16015625,0.15234375,-0.0078125
maxSW,aparc,0.6,Betweenness Centrality,rh_lateralorbitofrontal,0.13671875,0.0859375,-0.05078125
maxSW,aparc,0.6,Betweenness Centrality,rh_lingual,0.015625,0.0234375,0.0078125
maxSW,aparc,0.6,Betweenness Centrality,rh_medialorbitofrontal,0.08203125,0.2421875,0.16015625
maxSW,aparc,0.6,Betweenness Centrality,rh_middletemporal,0.7578125,0.03125,-0.7265625
maxSW,aparc,0.6,Betweenness Centrality,rh_paracentral,0.00390625,0.0078125,0.00390625
maxSW,aparc,0.6,Betweenness Centrality,rh_parahippocampal,0.00390625,0.0078125,0.00390625
maxSW,aparc,0.6,Betweenness Centrality,rh_parsopercularis,0.0,0.0,0.0
maxSW,aparc,0.6,Betweenness Centrality,rh_parsorbitalis,0.078125,0.15625,0.078125
maxSW,aparc,0.6,Betweenness Centrality,rh_parstriangularis,0.0,0.0,0.0
maxSW,aparc,0.6,Betweenness Centrality,rh_pericalcarine,0.2578125,0.2578125,0.0
maxSW,aparc,0.6,Betweenness Centrality,rh_postcentral,0.03125,0.015625,-0.015625
maxSW,aparc,0.6,Betweenness Centrality,rh_posteriorcingulate,0.01171875,0.0078125,-0.00390625
maxSW,aparc,0.6,Betweenness Centrality,rh_precentral,0.0,0.0,0.0
maxSW,aparc,0.6,Betweenness Centrality,rh_precuneus,0.19140625,0.203125,0.01171875
maxSW,aparc,0.6,Betweenness Centrality,rh_rostralanteriorcingulate,0.0078125,0.0078125,0.0
maxSW,aparc,0.6,Betweenness Centrality,rh_rostralmiddlefrontal,0.0,0.0,0.0
maxSW,aparc,0.6,Betweenness Centrality,rh_superiorfrontal,0.24609375,0.9140625,0.66796875
maxSW,aparc,0.6,Betweenness Centrality,rh_superiorparietal,0.04296875,0.07421875,0.03125
maxSW,aparc,0.6,Betweenness Centrality,rh_superiortemporal,0.0,0.00390625,0.00390625
maxSW,aparc,0.6,Betweenness Centrality,rh_supramarginal,0.0234375,0.00390625,-0.01953125
maxSW,aparc,0.6,Betweenness Centrality,rh_temporalpole,0.2578125,0.2578125,0.0
maxSW,aparc,0.6,Betweenness Centrality,rh_transversetemporal,0.0,0.0,0.0
maxSW,aparc,0.6,Eigenvector Centrality,lh_bankssts,0.4737104386346266,0.4556825239102243,-0.018027914724402294
maxSW,aparc,0.6,Eigenvector Centrality,lh_caudalanteriorcingulate,0.7994991136650681,0.8307568910388125,0.031257777373744355
maxSW,aparc,0.6,Eigenvector Centrality,lh_caudalmiddlefrontal,0.9535685726887879,0.9584206058050334,0.004852033116245491
maxSW,aparc,0.6,Eigenvector Centrality,lh_cuneus,0.224728388010012,0.19578859584531957,-0.02893979216469242
maxSW,aparc,0.6,Eigenvector Centrality,lh_entorhinal,0.12134229438087246,0.08853875222434675,-0.032803542156525714
maxSW,aparc,0.6,Eigenvector Centrality,lh_frontalpole,0.0,1.8130550243232537e-05,1.8130550243232537e-05
maxSW,aparc,0.6,Eigenvector Centrality,lh_fusiform,0.9542562006791789,0.9770790168055405,0.02282281612636161
maxSW,aparc,0.6,Eigenvector Centrality,lh_inferiorparietal,0.9899909626945884,0.9865838614090234,-0.003407101285564984
maxSW,aparc,0.6,Eigenvector Centrality,lh_inferiortemporal,0.8440000651230715,0.7919336233496796,-0.052066441773391814
maxSW,aparc,0.6,Eigenvector Centrality,lh_insula,0.2498596827395631,0.20419488070189085,-0.04566480203767226
maxSW,aparc,0.6,Eigenvector Centrality,lh_isthmuscingulate,0.8853207178641485,0.9044579968929043,0.019137279028755838
maxSW,aparc,0.6,Eigenvector Centrality,lh_lateraloccipital,0.7081766566785992,0.7104192397635539,0.00224258308495473
maxSW,aparc,0.6,Eigenvector Centrality,lh_lateralorbitofrontal,0.9756748424622299,0.9802868082859467,0.004611965823716813
maxSW,aparc,0.6,Eigenvector Centrality,lh_lingual,0.6061066310048419,0.6770787845785855,0.07097215357374365
maxSW,aparc,0.6,Eigenvector Centrality,lh_medialorbitofrontal,0.9280212051403393,0.9178235251525225,-0.010197679987816732
maxSW,aparc,0.6,Eigenvector Centrality,lh_middletemporal,0.49983105289276114,0.5442104862293701,0.04437943333660893
maxSW,aparc,0.6,Eigenvector Centrality,lh_paracentral,0.90718689400131,0.8846528460146568,-0.02253404798665326
maxSW,aparc,0.6,Eigenvector Centrality,lh_parahippocampal,0.8102342748620169,0.8331903562153047,0.02295608135328775
maxSW,aparc,0.6,Eigenvector Centrality,lh_parsopercularis,0.947666422721863,0.967027132790935,0.01936071006907203
maxSW,aparc,0.6,Eigenvector Centrality,lh_parsorbitalis,0.020625374541086424,0.07940413674665314,0.058778762205566715
maxSW,aparc,0.6,Eigenvector Centrality,lh_parstriangularis,0.9281077523165693,0.94021542490202,0.012107672585450757
maxSW,aparc,0.6,Eigenvector Centrality,lh_pericalcarine,0.0001759722887509371,0.00021400593340883682,3.8033644657899714e-05
maxSW,aparc,0.6,Eigenvector Centrality,lh_postcentral,0.8312006456692629,0.7845743013754123,-0.0466263442938506
maxSW,aparc,0.6,Eigenvector Centrality,lh_posteriorcingulate,0.9072715316106885,0.9087766108305887,0.001505079219900174
maxSW,aparc,0.6,Eigenvector Centrality,lh_precentral,0.973786207309233,0.9767760357707832,0.002989828461550159
maxSW,aparc,0.6,Eigenvector Centrality,lh_precuneus,0.9585497392086748,0.968049827902015,0.00950008869334018
maxSW,aparc,0.6,Eigenvector Centrality,lh_rostralanteriorcingulate,0.6853253381828494,0.6690706883986367,-0.01625464978421265
maxSW,aparc,0.6,Eigenvector Centrality,lh_rostralmiddlefrontal,0.8761686370104851,0.9027180801064546,0.026549443095969516
maxSW,aparc,0.6,Eigenvector Centrality,lh_superiorfrontal,0.8535959251253024,0.8454990177218622,-0.008096907403440157
maxSW,aparc,0.6,Eigenvector Centrality,lh_superiorparietal,0.9071107661897985,0.9404249774074783,0.03331421121767986
maxSW,aparc,0.6,Eigenvector Centrality,lh_superiortemporal,0.8291907510156946,0.8088223816894283,-0.02036836932626629
maxSW,aparc,0.6,Eigenvector Centrality,lh_supramarginal,0.9832536517917438,0.9774198754851516,-0.005833776306592209
maxSW,aparc,0.6,Eigenvector Centrality,lh_temporalpole,2.502382211856234e-07,1.4000617967899334e-05,1.375037974671371e-05
maxSW,aparc,0.6,Eigenvector Centrality,lh_transversetemporal,0.6208753806699885,0.6044825039304693,-0.01639287673951917
maxSW,aparc,0.6,Eigenvector Centrality,rh_bankssts,0.15698278393297543,0.2844935030618789,0.1275107191289035
maxSW,aparc,0.6,Eigenvector Centrality,rh_caudalanteriorcingulate,0.8188667261021968,0.8064262129994231,-0.01244051310277372
maxSW,aparc,0.6,Eigenvector Centrality,rh_caudalmiddlefrontal,0.9727363812454976,0.989208210646272,0.016471829400774407
maxSW,aparc,0.6,Eigenvector Centrality,rh_cuneus,0.2252671421667156,0.21110053676964757,-0.014166605397068016
maxSW,aparc,0.6,Eigenvector Centrality,rh_entorhinal,0.09049426183039255,0.036771411662455906,-0.053722850167936646
maxSW,aparc,0.6,Eigenvector Centrality,rh_frontalpole,0.0003122634276846864,0.0012221025730330128,0.0009098391453483264
maxSW,aparc,0.6,Eigenvector Centrality,rh_fusiform,0.9468304434049677,0.9671530233933039,0.020322579988336198
maxSW,aparc,0.6,Eigenvector Centrality,rh_inferiorparietal,0.9950229003511093,1.0,0.004977099648890704
maxSW,aparc,0.6,Eigenvector Centrality,rh_inferiortemporal,0.8798520018468735,0.8320488928185009,-0.04780310902837259
maxSW,aparc,0.6,Eigenvector Centrality,rh_insula,0.1820588280670008,0.23770581996333132,0.05564699189633052
maxSW,aparc,0.6,Eigenvector Centrality,rh_isthmuscingulate,0.8789785788046147,0.8910585576131463,0.012079978808531622
maxSW,aparc,0.6,Eigenvector Centrality,rh_lateraloccipital,0.803592418940653,0.8244651731831968,0.020872754242543756
maxSW,aparc,0.6,Eigenvector Centrality,rh_lateralorbitofrontal,0.9841159866702004,0.9904158067023396,0.006299820032139247
maxSW,aparc,0.6,Eigenvector Centrality,rh_lingual,0.6633073032724893,0.6948382816254858,0.03153097835299645
maxSW,aparc,0.6,Eigenvector Centrality,rh_medialorbitofrontal,0.9274760225536969,0.9194095945329797,-0.00806642802071722
maxSW,aparc,0.6,Eigenvector Centrality,rh_middletemporal,0.6298923857459608,0.6193286468652414,-0.010563738880719487
maxSW,aparc,0.6,Eigenvector Centrality,rh_paracentral,0.9270174070405872,0.9066301285825779,-0.02038727845800936
maxSW,aparc,0.6,Eigenvector Centrality,rh_parahippocampal,0.8541987570724566,0.8388364117385151,-0.01536234533394154
maxSW,aparc,0.6,Eigenvector Centrality,rh_parsopercularis,0.9584169198143828,0.9490497187829178,-0.009367201031465044
maxSW,aparc,0.6,Eigenvector Centrality,rh_parsorbitalis,0.08316998760675862,0.11108513157917847,0.027915143972419856
maxSW,aparc,0.6,Eigenvector Centrality,rh_parstriangularis,0.9265134469979658,0.9107695768065496,-0.01574387019141621
maxSW,aparc,0.6,Eigenvector Centrality,rh_pericalcarine,0.00827156358395104,0.010198430424090101,0.0019268668401390618
maxSW,aparc,0.6,Eigenvector Centrality,rh_postcentral,0.8515727605371844,0.7377860047265987,-0.11378675581058573
maxSW,aparc,0.6,Eigenvector Centrality,rh_posteriorcingulate,0.8935853115674576,0.9145735082932676,0.020988196725809982
maxSW,aparc,0.6,Eigenvector Centrality,rh_precentral,0.9530753603120125,0.9701481767123662,0.01707281640035374
maxSW,aparc,0.6,Eigenvector Centrality,rh_precuneus,0.9383916824626092,0.9412804920646163,0.002888809602007103
maxSW,aparc,0.6,Eigenvector Centrality,rh_rostralanteriorcingulate,0.7764336639962051,0.7068257006953985,-0.06960796330080654
maxSW,aparc,0.6,Eigenvector Centrality,rh_rostralmiddlefrontal,0.8967397671118158,0.8960771524719446,-0.0006626146398711619
maxSW,aparc,0.6,Eigenvector Centrality,rh_superiorfrontal,0.8799941768233621,0.89014490567387,0.010150728850507829
maxSW,aparc,0.6,Eigenvector Centrality,rh_superiorparietal,0.8907896820349319,0.904585374614471,0.013795692579539054
maxSW,aparc,0.6,Eigenvector Centrality,rh_superiortemporal,0.828905732704552,0.8112226676459097,-0.017683065058642367
maxSW,aparc,0.6,Eigenvector Centrality,rh_supramarginal,0.9764262704086623,0.9830287268134352,0.006602456404772972
maxSW,aparc,0.6,Eigenvector Centrality,rh_temporalpole,0.0002951153593633017,0.0010905331030000064,0.0007954177436367047
maxSW,aparc,0.6,Eigenvector Centrality,rh_transversetemporal,0.5241762372876784,0.5386717480129468,0.014495510725268446
maxSW,aparc,0.6,Node Degree,lh_bankssts,0.5925925925925926,0.5740740740740741,-0.01851851851851849
maxSW,aparc,0.6,Node Degree,lh_caudalanteriorcingulate,0.9444444444444444,0.9629629629629629,0.01851851851851849
maxSW,aparc,0.6,Node Degree,lh_caudalmiddlefrontal,1.0,1.0,0.0
maxSW,aparc,0.6,Node Degree,lh_cuneus,0.25925925925925924,0.2222222222222222,-0.037037037037037035
maxSW,aparc,0.6,Node Degree,lh_entorhinal,0.18518518518518517,0.16666666666666666,-0.018518518518518517
maxSW,aparc,0.6,Node Degree,lh_frontalpole,0.0,0.0,0.0
maxSW,aparc,0.6,Node Degree,lh_fusiform,0.9629629629629629,1.0,0.03703703703703709
maxSW,aparc,0.6,Node Degree,lh_inferiorparietal,0.9444444444444444,0.9444444444444444,0.0
maxSW,aparc,0.6,Node Degree,lh_inferiortemporal,0.8888888888888888,0.8333333333333334,-0.05555555555555547
maxSW,aparc,0.6,Node Degree,lh_insula,0.3333333333333333,0.2777777777777778,-0.055555555555555525
maxSW,aparc,0.6,Node Degree,lh_isthmuscingulate,0.9629629629629629,0.9444444444444444,-0.01851851851851849
maxSW,aparc,0.6,Node Degree,lh_lateraloccipital,0.7592592592592593,0.7592592592592593,0.0
maxSW,aparc,0.6,Node Degree,lh_lateralorbitofrontal,0.9629629629629629,0.9814814814814815,0.0185185185185186
maxSW,aparc,0.6,Node Degree,lh_lingual,0.7037037037037037,0.7962962962962963,0.09259259259259256
maxSW,aparc,0.6,Node Degree,lh_medialorbitofrontal,0.9629629629629629,0.9629629629629629,0.0
maxSW,aparc,0.6,Node Degree,lh_middletemporal,0.5925925925925926,0.6296296296296297,0.03703703703703709
maxSW,aparc,0.6,Node Degree,lh_paracentral,0.9444444444444444,0.9074074074074074,-0.03703703703703698
maxSW,aparc,0.6,Node Degree,lh_parahippocampal,0.9444444444444444,0.9444444444444444,0.0
maxSW,aparc,0.6,Node Degree,lh_parsopercularis,0.9259259259259259,0.9444444444444444,0.01851851851851849
maxSW,aparc,0.6,Node Degree,lh_parsorbitalis,0.07407407407407407,0.18518518518518517,0.1111111111111111
maxSW,aparc,0.6,Node Degree,lh_parstriangularis,0.9074074074074074,0.9074074074074074,0.0
maxSW,aparc,0.6,Node Degree,lh_pericalcarine,0.0,0.0,0.0
maxSW,aparc,0.6,Node Degree,lh_postcentral,0.8888888888888888,0.8333333333333334,-0.05555555555555547
maxSW,aparc,0.6,Node Degree,lh_posteriorcingulate,0.9814814814814815,0.9629629629629629,-0.0185185185185186
maxSW,aparc,0.6,Node Degree,lh_precentral,0.9444444444444444,0.9629629629629629,0.01851851851851849
maxSW,aparc,0.6,Node Degree,lh_precuneus,0.9814814814814815,0.9814814814814815,0.0
maxSW,aparc,0.6,Node Degree,lh_rostralanteriorcingulate,0.7592592592592593,0.7407407407407407,-0.0185185185185186
maxSW,aparc,0.6,Node Degree,lh_rostralmiddlefrontal,0.8703703703703703,0.8888888888888888,0.01851851851851849
maxSW,aparc,0.6,Node Degree,lh_superiorfrontal,0.8888888888888888,0.8888888888888888,0.0
maxSW,aparc,0.6,Node Degree,lh_superiorparietal,0.9259259259259259,0.9629629629629629,0.03703703703703698
maxSW,aparc,0.6,Node Degree,lh_superiortemporal,0.8333333333333334,0.7962962962962963,-0.03703703703703709
maxSW,aparc,0.6,Node Degree,lh_supramarginal,0.9444444444444444,0.9259259259259259,-0.01851851851851849
maxSW,aparc,0.6,Node Degree,lh_temporalpole,0.0,0.0,0.0
maxSW,aparc,0.6,Node Degree,lh_transversetemporal,0.7592592592592593,0.7407407407407407,-0.0185185185185186
maxSW,aparc,0.6,Node Degree,rh_bankssts,0.2222222222222222,0.37037037037037035,0.14814814814814814
maxSW,aparc,0.6,Node Degree,rh_caudalanteriorcingulate,0.9259259259259259,0.9259259259259259,0.0
maxSW,aparc,0.6,Node Degree,rh_caudalmiddlefrontal,0.9814814814814815,1.0,0.01851851851851849
maxSW,aparc,0.6,Node Degree,rh_cuneus,0.25925925925925924,0.24074074074074073,-0.018518518518518517
maxSW,aparc,0.6,Node Degree,rh_entorhinal,0.14814814814814814,0.09259259259259259,-0.05555555555555555
maxSW,aparc,0.6,Node Degree,rh_frontalpole,0.018518518518518517,0.018518518518518517,0.0
maxSW,aparc,0.6,Node Degree,rh_fusiform,1.0,1.0,0.0
maxSW,aparc,0.6,Node Degree,rh_inferiorparietal,0.9444444444444444,0.9444444444444444,0.0
maxSW,aparc,0.6,Node Degree,rh_inferiortemporal,0.9074074074074074,0.8703703703703703,-0.03703703703703709
maxSW,aparc,0.6,Node Degree,rh_insula,0.25925925925925924,0.3148148148148148,0.05555555555555558
maxSW,aparc,0.6,Node Degree,rh_isthmuscingulate,0.9629629629629629,0.9629629629629629,0.0
maxSW,aparc,0.6,Node Degree,rh_lateraloccipital,0.8518518518518519,0.8703703703703703,0.01851851851851849
maxSW,aparc,0.6,Node Degree,rh_lateralorbitofrontal,0.9629629629629629,1.0,0.03703703703703709
maxSW,aparc,0.6,Node Degree,rh_lingual,0.7407407407407407,0.7777777777777778,0.03703703703703709
maxSW,aparc,0.6,Node Degree,rh_medialorbitofrontal,0.9814814814814815,0.9814814814814815,0.0
maxSW,aparc,0.6,Node Degree,rh_middletemporal,0.7222222222222222,0.7037037037037037,-0.01851851851851849
maxSW,aparc,0.6,Node Degree,rh_paracentral,0.9629629629629629,0.9629629629629629,0.0
maxSW,aparc,0.6,Node Degree,rh_parahippocampal,0.9259259259259259,0.9259259259259259,0.0
maxSW,aparc,0.6,Node Degree,rh_parsopercularis,0.9629629629629629,0.9629629629629629,0.0
maxSW,aparc,0.6,Node Degree,rh_parsorbitalis,0.14814814814814814,0.18518518518518517,0.037037037037037035
maxSW,aparc,0.6,Node Degree,rh_parstriangularis,0.9074074074074074,0.8888888888888888,-0.0185185185185186
maxSW,aparc,0.6,Node Degree,rh_pericalcarine,0.018518518518518517,0.018518518518518517,0.0
maxSW,aparc,0.6,Node Degree,rh_postcentral,0.9074074074074074,0.7962962962962963,-0.11111111111111116
maxSW,aparc,0.6,Node Degree,rh_posteriorcingulate,0.9629629629629629,0.9814814814814815,0.0185185185185186
maxSW,aparc,0.6,Node Degree,rh_precentral,0.9444444444444444,0.9629629629629629,0.01851851851851849
maxSW,aparc,0.6,Node Degree,rh_precuneus,0.9629629629629629,0.9629629629629629,0.0
maxSW,aparc,0.6,Node Degree,rh_rostralanteriorcingulate,0.8888888888888888,0.8148148148148148,-0.07407407407407407
maxSW,aparc,0.6,Node Degree,rh_rostralmiddlefrontal,0.9074074074074074,0.8888888888888888,-0.0185185185185186
maxSW,aparc,0.6,Node Degree,rh_superiorfrontal,0.9074074074074074,0.9074074074074074,0.0
maxSW,aparc,0.6,Node Degree,rh_superiorparietal,0.9259259259259259,0.9074074074074074,-0.01851851851851849
maxSW,aparc,0.6,Node Degree,rh_superiortemporal,0.8333333333333334,0.7962962962962963,-0.03703703703703709
maxSW,aparc,0.6,Node Degree,rh_supramarginal,0.9629629629629629,0.9629629629629629,0.0
maxSW,aparc,0.6,Node Degree,rh_temporalpole,0.018518518518518517,0.018518518518518517,0.0
maxSW,aparc,0.6,Node Degree,rh_transversetemporal,0.6666666666666666,0.6851851851851852,0.0185185185185186
maxSW,aparc,0.7,Participation Coefficient,lh_bankssts,0.9206272388602288,0.8190089460387181,-0.10161829282151069
maxSW,aparc,0.7,Participation Coefficient,lh_caudalanteriorcingulate,0.9726578728621978,0.9322469252762332,-0.04041094758596464
maxSW,aparc,0.7,Participation Coefficient,lh_caudalmiddlefrontal,0.9805890784293736,0.9402451576749882,-0.04034392075438542
maxSW,aparc,0.7,Participation Coefficient,lh_cuneus,0.6931175285418214,0.7823562051264886,0.08923867658466722
maxSW,aparc,0.7,Participation Coefficient,lh_entorhinal,0.9381415188066178,0.8733363750625808,-0.06480514374403701
maxSW,aparc,0.7,Participation Coefficient,lh_frontalpole,0.0,0.0,0.0
maxSW,aparc,0.7,Participation Coefficient,lh_fusiform,0.9898384320982946,0.9447435296204909,-0.04509490247780368
maxSW,aparc,0.7,Participation Coefficient,lh_inferiorparietal,0.9874727846735615,0.9636670166936441,-0.023805767979917403
maxSW,aparc,0.7,Participation Coefficient,lh_inferiortemporal,0.9945739929479546,0.9697843016298302,-0.024789691318124363
maxSW,aparc,0.7,Participation Coefficient,lh_insula,0.6664020507055205,0.3635206808125724,-0.3028813698929481
maxSW,aparc,0.7,Participation Coefficient,lh_isthmuscingulate,0.985866999080252,0.9567625805878398,-0.029104418492412187
maxSW,aparc,0.7,Participation Coefficient,lh_lateraloccipital,0.9630128680895017,0.9594404780362478,-0.0035723900532539377
maxSW,aparc,0.7,Participation Coefficient,lh_lateralorbitofrontal,0.9944516456434669,0.9590006363296365,-0.035451009313830384
maxSW,aparc,0.7,Participation Coefficient,lh_lingual,0.8702514870412765,0.8933214693828472,0.02306998234157065
maxSW,aparc,0.7,Participation Coefficient,lh_medialorbitofrontal,0.9995696251591754,0.9851026381199899,-0.014466987039185475
maxSW,aparc,0.7,Participation Coefficient,lh_middletemporal,0.9669474998048655,0.9406364270654045,-0.026311072739460983
maxSW,aparc,0.7,Participation Coefficient,lh_paracentral,0.9862776003429878,0.9609516438917421,-0.02532595645124569
maxSW,aparc,0.7,Participation Coefficient,lh_parahippocampal,0.9955341193948741,0.9560712636617723,-0.03946285573310182
maxSW,aparc,0.7,Participation Coefficient,lh_parsopercularis,0.9942941694013235,0.9555230657440654,-0.03877110365725811
maxSW,aparc,0.7,Participation Coefficient,lh_parsorbitalis,0.0,0.24136047045729664,0.24136047045729664
maxSW,aparc,0.7,Participation Coefficient,lh_parstriangularis,0.9960421586290867,0.9750509656418144,-0.020991192987272367
maxSW,aparc,0.7,Participation Coefficient,lh_pericalcarine,0.0,0.0,0.0
maxSW,aparc,0.7,Participation Coefficient,lh_postcentral,0.971949297384434,0.9598544738886211,-0.012094823495812923
maxSW,aparc,0.7,Participation Coefficient,lh_posteriorcingulate,0.9717853959284753,0.9342454680445998,-0.0375399278838755
maxSW,aparc,0.7,Participation Coefficient,lh_precentral,0.9887964926777117,0.9536275227624841,-0.035168969915227666
maxSW,aparc,0.7,Participation Coefficient,lh_precuneus,0.9747197308676878,0.9396926449866775,-0.035027085881010334
maxSW,aparc,0.7,Participation Coefficient,lh_rostralanteriorcingulate,0.9686470040851732,0.9236277247570881,-0.04501927932808514
maxSW,aparc,0.7,Participation Coefficient,lh_rostralmiddlefrontal,0.9951512189559282,0.9664324051643743,-0.028718813791553832
maxSW,aparc,0.7,Participation Coefficient,lh_superiorfrontal,0.9996654411753201,0.9727757642170803,-0.02688967695823974
maxSW,aparc,0.7,Participation Coefficient,lh_superiorparietal,0.9814826619512126,0.9647398497825553,-0.01674281216865725
maxSW,aparc,0.7,Participation Coefficient,lh_superiortemporal,0.9879483218454689,0.9480113681581547,-0.0399369536873142
maxSW,aparc,0.7,Participation Coefficient,lh_supramarginal,0.9935429156638117,0.9630333959989867,-0.030509519664824958
maxSW,aparc,0.7,Participation Coefficient,lh_temporalpole,0.0,0.0,0.0
maxSW,aparc,0.7,Participation Coefficient,lh_transversetemporal,0.9495127178615523,0.8878446548846815,-0.061668062976870885
maxSW,aparc,0.7,Participation Coefficient,rh_bankssts,0.3992340243539657,0.5131105495296122,0.1138765251756465
maxSW,aparc,0.7,Participation Coefficient,rh_caudalanteriorcingulate,0.9696009111639354,0.9419226213184556,-0.02767828984547982
maxSW,aparc,0.7,Participation Coefficient,rh_caudalmiddlefrontal,0.9840671029637161,0.9511653223697341,-0.03290178059398208
maxSW,aparc,0.7,Participation Coefficient,rh_cuneus,0.692907914148144,0.7879472841089602,0.09503936996081619
maxSW,aparc,0.7,Participation Coefficient,rh_entorhinal,0.8106288761356649,0.6498827689980388,-0.16074610713762616
maxSW,aparc,0.7,Participation Coefficient,rh_frontalpole,0.0,0.0,0.0
maxSW,aparc,0.7,Participation Coefficient,rh_fusiform,0.985492144215524,0.9422685632765566,-0.04322358093896739
maxSW,aparc,0.7,Participation Coefficient,rh_inferiorparietal,0.9910489540474432,0.9656180286334352,-0.025430925414008043
maxSW,aparc,0.7,Participation Coefficient,rh_inferiortemporal,0.9976460474015082,0.969300934578612,-0.0283451128228962
maxSW,aparc,0.7,Participation Coefficient,rh_insula,0.5666411526827904,0.509334576539544,-0.05730657614324641
maxSW,aparc,0.7,Participation Coefficient,rh_isthmuscingulate,0.9931082226106077,0.9665642456294987,-0.026543976981108997
maxSW,aparc,0.7,Participation Coefficient,rh_lateraloccipital,0.971517703388311,0.9585914847891184,-0.01292621859919263
maxSW,aparc,0.7,Participation Coefficient,rh_lateralorbitofrontal,0.9924755536404352,0.9548069909754188,-0.03766856266501639
maxSW,aparc,0.7,Participation Coefficient,rh_lingual,0.9128222689752996,0.9420249691290521,0.02920270015375248
maxSW,aparc,0.7,Participation Coefficient,rh_medialorbitofrontal,0.9994052027651572,0.987086606976573,-0.012318595788584186
maxSW,aparc,0.7,Participation Coefficient,rh_middletemporal,0.9899897328370577,0.9578019283568792,-0.03218780448017855
maxSW,aparc,0.7,Participation Coefficient,rh_paracentral,0.9797789377709013,0.9410735662036415,-0.03870537156725984
maxSW,aparc,0.7,Participation Coefficient,rh_parahippocampal,0.9844062392525476,0.9455240846940132,-0.03888215455853439
maxSW,aparc,0.7,Participation Coefficient,rh_parsopercularis,0.9871554646997944,0.955248561007852,-0.03190690369194238
maxSW,aparc,0.7,Participation Coefficient,rh_parsorbitalis,0.4658552214782994,0.8202623442389496,0.35440712276065023
maxSW,aparc,0.7,Participation Coefficient,rh_parstriangularis,0.999213621688566,0.9793284761197174,-0.019885145568848572
maxSW,aparc,0.7,Participation Coefficient,rh_pericalcarine,0.0,0.0,0.0
maxSW,aparc,0.7,Participation Coefficient,rh_postcentral,0.9776864125928343,0.9553406650289682,-0.022345747563866092
maxSW,aparc,0.7,Participation Coefficient,rh_posteriorcingulate,0.9740997043153742,0.9400667509252256,-0.03403295339014856
maxSW,aparc,0.7,Participation Coefficient,rh_precentral,0.9787508215997918,0.9526185272335728,-0.026132294366219
maxSW,aparc,0.7,Participation Coefficient,rh_precuneus,0.97287863647266,0.9360879050271111,-0.036790731445548897
maxSW,aparc,0.7,Participation Coefficient,rh_rostralanteriorcingulate,0.9855493902539677,0.9074463660124912,-0.07810302424147653
maxSW,aparc,0.7,Participation Coefficient,rh_rostralmiddlefrontal,0.996753355006556,0.9700105854367616,-0.02674276956979449
maxSW,aparc,0.7,Participation Coefficient,rh_superiorfrontal,1.0,0.9764887998306321,-0.02351120016936792
maxSW,aparc,0.7,Participation Coefficient,rh_superiorparietal,0.9806389953137763,0.9698169825759317,-0.010822012737844555
maxSW,aparc,0.7,Participation Coefficient,rh_superiortemporal,0.9888661518837567,0.9530178456298541,-0.03584830625390256
maxSW,aparc,0.7,Participation Coefficient,rh_supramarginal,0.9886527630423846,0.950290172423259,-0.038362590619125614
maxSW,aparc,0.7,Participation Coefficient,rh_temporalpole,0.0,0.0,0.0
maxSW,aparc,0.7,Participation Coefficient,rh_transversetemporal,0.932738174460952,0.8642675740857245,-0.06847060037522745
maxSW,aparc,0.7,Node Versatility,lh_bankssts,0.042956761490352116,0.0712793365016234,0.028322575011271278
maxSW,aparc,0.7,Node Versatility,lh_caudalanteriorcingulate,0.19550403825309148,0.14783554991857845,-0.04766848833451304
maxSW,aparc,0.7,Node Versatility,lh_caudalmiddlefrontal,0.00838413100907708,0.25860027766829413,0.25021614665921704
maxSW,aparc,0.7,Node Versatility,lh_cuneus,0.5068872909694369,0.6039767279598925,0.09708943699045569
maxSW,aparc,0.7,Node Versatility,lh_entorhinal,0.12793890466712496,0.5916553201625422,0.4637164154954172
maxSW,aparc,0.7,Node Versatility,lh_frontalpole,0.161533465737023,1.0,0.838466534262977
maxSW,aparc,0.7,Node Versatility,lh_fusiform,0.011002963166546642,0.03175609653976895,0.020753133373222307
maxSW,aparc,0.7,Node Versatility,lh_inferiorparietal,0.0,0.021081162852311715,0.021081162852311715
maxSW,aparc,0.7,Node Versatility,lh_inferiortemporal,0.44118088051709586,0.5811066482115179,0.13992576769442205
maxSW,aparc,0.7,Node Versatility,lh_insula,0.042956761490352116,0.0783949188894414,0.03543815739908929
maxSW,aparc,0.7,Node Versatility,lh_isthmuscingulate,0.0471573038779632,0.004191845687876062,-0.04296545819008714
maxSW,aparc,0.7,Node Versatility,lh_lateraloccipital,0.5111795282294587,0.6267186402718173,0.11553911204235867
maxSW,aparc,0.7,Node Versatility,lh_lateralorbitofrontal,0.002618832157469557,0.19642546831537455,0.193806636157905
maxSW,aparc,0.7,Node Versatility,lh_lingual,0.2748822011906549,0.4107965898899212,0.1359143886992663
maxSW,aparc,0.7,Node Versatility,lh_medialorbitofrontal,0.017305067564512135,0.12752478887759672,0.11021972131308458
maxSW,aparc,0.7,Node Versatility,lh_middletemporal,0.15635756779398544,0.6104365455157164,0.4540789777217309
maxSW,aparc,0.7,Node Versatility,lh_paracentral,0.10014541534639382,0.005109648168488455,-0.09503576717790536
maxSW,aparc,0.7,Node Versatility,lh_parahippocampal,0.002618832157469557,0.024784754035444105,0.02216592187797455
maxSW,aparc,0.7,Node Versatility,lh_parsopercularis,0.1553490358806557,0.1625673264659779,0.007218290585322196
maxSW,aparc,0.7,Node Versatility,lh_parsorbitalis,0.4065905597186258,0.5659532097065612,0.15936264998793537
maxSW,aparc,0.7,Node Versatility,lh_parstriangularis,0.18588438665870832,0.26799735850276046,0.08211297184405214
maxSW,aparc,0.7,Node Versatility,lh_pericalcarine,0.5201571778920074,0.9965756313372017,0.4764184534451943
maxSW,aparc,0.7,Node Versatility,lh_postcentral,0.7329471862445072,0.3446933159791863,-0.3882538702653209
maxSW,aparc,0.7,Node Versatility,lh_posteriorcingulate,0.18460384948159553,0.020668800720548552,-0.16393504876104698
maxSW,aparc,0.7,Node Versatility,lh_precentral,0.0,0.13727623016229357,0.13727623016229357
maxSW,aparc,0.7,Node Versatility,lh_precuneus,0.00838413100907708,0.10820720703208735,0.09982307602301027
maxSW,aparc,0.7,Node Versatility,lh_rostralanteriorcingulate,0.15965816389790352,0.14411189577738218,-0.015546268120521345
maxSW,aparc,0.7,Node Versatility,lh_rostralmiddlefrontal,0.16361403866584734,0.15928636052793338,-0.0043276781379139595
maxSW,aparc,0.7,Node Versatility,lh_superiorfrontal,0.3622368125293261,0.6339189885849104,0.27168217605558426
maxSW,aparc,0.7,Node Versatility,lh_superiorparietal,0.011327689028728247,0.005109648168488455,-0.006218040860239793
maxSW,aparc,0.7,Node Versatility,lh_superiortemporal,0.1553490358806557,0.10741265414539719,-0.04793638173525852
maxSW,aparc,0.7,Node Versatility,lh_supramarginal,0.16361403866584734,0.15928636052793338,-0.0043276781379139595
maxSW,aparc,0.7,Node Versatility,lh_temporalpole,0.161533465737023,1.0,0.838466534262977
maxSW,aparc,0.7,Node Versatility,lh_transversetemporal,0.042956761490352116,0.0712793365016234,0.028322575011271278
maxSW,aparc,0.7,Node Versatility,rh_bankssts,0.042956761490352116,0.0712793365016234,0.028322575011271278
maxSW,aparc,0.7,Node Versatility,rh_caudalanteriorcingulate,0.00838413100907708,0.020668800720548552,0.012284669711471472
maxSW,aparc,0.7,Node Versatility,rh_caudalmiddlefrontal,0.09403035819207999,0.12910291030639967,0.035072552114319686
maxSW,aparc,0.7,Node Versatility,rh_cuneus,0.5068872909694369,0.6039767279598925,0.09708943699045569
maxSW,aparc,0.7,Node Versatility,rh_entorhinal,0.12793890466712496,0.5916553201625422,0.4637164154954172
maxSW,aparc,0.7,Node Versatility,rh_frontalpole,0.161533465737023,1.0,0.838466534262977
maxSW,aparc,0.7,Node Versatility,rh_fusiform,0.011002963166546642,0.03175609653976895,0.020753133373222307
maxSW,aparc,0.7,Node Versatility,rh_inferiorparietal,0.002618832157469557,0.17201765543647873,0.16939882327900918
maxSW,aparc,0.7,Node Versatility,rh_inferiortemporal,0.36588784449435424,0.6107616878342428,0.24487384333988854
maxSW,aparc,0.7,Node Versatility,rh_insula,0.042956761490352116,0.0783949188894414,0.03543815739908929
maxSW,aparc,0.7,Node Versatility,rh_isthmuscingulate,0.24315484812074742,0.004191845687876062,-0.23896300243287136
maxSW,aparc,0.7,Node Versatility,rh_lateraloccipital,0.5537307948171718,0.26683721186592524,-0.28689358295124656
maxSW,aparc,0.7,Node Versatility,rh_lateralorbitofrontal,0.2741049791180607,0.19868124823136607,-0.07542373088669463
maxSW,aparc,0.7,Node Versatility,rh_lingual,0.2748822011906549,0.4107965898899212,0.1359143886992663
maxSW,aparc,0.7,Node Versatility,rh_medialorbitofrontal,0.013946521186197809,0.12752478887759672,0.11357826769139891
maxSW,aparc,0.7,Node Versatility,rh_middletemporal,0.15635756779398544,0.6104365455157164,0.4540789777217309
maxSW,aparc,0.7,Node Versatility,rh_paracentral,0.0,0.005109648168488455,0.005109648168488455
maxSW,aparc,0.7,Node Versatility,rh_parahippocampal,0.0,0.12089861365047234,0.12089861365047234
maxSW,aparc,0.7,Node Versatility,rh_parsopercularis,0.024889180150330557,0.12910291030639967,0.1042137301560691
maxSW,aparc,0.7,Node Versatility,rh_parsorbitalis,0.12304171220411078,0.5659532097065612,0.4429114975024504
maxSW,aparc,0.7,Node Versatility,rh_parstriangularis,0.16361403866584734,0.17234284483472462,0.008728806168877279
maxSW,aparc,0.7,Node Versatility,rh_pericalcarine,0.5201571778920074,0.9965756313372017,0.4764184534451943
maxSW,aparc,0.7,Node Versatility,rh_postcentral,0.46417897292289645,0.6949512432122028,0.23077227028930636
maxSW,aparc,0.7,Node Versatility,rh_posteriorcingulate,0.00838413100907708,0.020668800720548552,0.012284669711471472
maxSW,aparc,0.7,Node Versatility,rh_precentral,0.0,0.13727623016229357,0.13727623016229357
maxSW,aparc,0.7,Node Versatility,rh_precuneus,0.00838413100907708,0.21795455519380816,0.20957042418473107
maxSW,aparc,0.7,Node Versatility,rh_rostralanteriorcingulate,0.011002963166546642,0.1377597402869433,0.12675677712039665
maxSW,aparc,0.7,Node Versatility,rh_rostralmiddlefrontal,0.002618832157469557,0.12988947705594503,0.12727064489847548
maxSW,aparc,0.7,Node Versatility,rh_superiorfrontal,0.7119865988212635,0.2064858197334541,-0.5055007790878094
maxSW,aparc,0.7,Node Versatility,rh_superiorparietal,0.048383674595499235,0.005109648168488455,-0.04327402642701078
maxSW,aparc,0.7,Node Versatility,rh_superiortemporal,0.1553490358806557,0.2761508023935564,0.12080176651290067
maxSW,aparc,0.7,Node Versatility,rh_supramarginal,0.024889180150330557,0.12910291030639967,0.1042137301560691
maxSW,aparc,0.7,Node Versatility,rh_temporalpole,0.161533465737023,1.0,0.838466534262977
maxSW,aparc,0.7,Node Versatility,rh_transversetemporal,0.042956761490352116,0.0712793365016234,0.028322575011271278
maxSW,aparc,0.7,Node Strength,lh_bankssts,0.6482632773812007,0.6116768452797171,-0.0365864321014836
maxSW,aparc,0.7,Node Strength,lh_caudalanteriorcingulate,0.8010051348349195,0.816371231999702,0.015366097164782433
maxSW,aparc,0.7,Node Strength,lh_caudalmiddlefrontal,0.9186448055573714,0.9170641520891625,-0.0015806534682089035
maxSW,aparc,0.7,Node Strength,lh_cuneus,0.39299754933162095,0.4022080424867652,0.009210493155144273
maxSW,aparc,0.7,Node Strength,lh_entorhinal,0.4356542280918146,0.2959671215058663,-0.1396871065859483
maxSW,aparc,0.7,Node Strength,lh_frontalpole,0.0,0.03612113596757606,0.03612113596757606
maxSW,aparc,0.7,Node Strength,lh_fusiform,0.952549655771913,0.9467823656661739,-0.005767290105739065
maxSW,aparc,0.7,Node Strength,lh_inferiorparietal,0.9816306872325588,0.9841627609442934,0.0025320737117346948
maxSW,aparc,0.7,Node Strength,lh_inferiortemporal,0.8462186426238767,0.8038520991521804,-0.04236654347169633
maxSW,aparc,0.7,Node Strength,lh_insula,0.42741938175626826,0.39503341058824815,-0.03238597116802011
maxSW,aparc,0.7,Node Strength,lh_isthmuscingulate,0.8828590326863428,0.8993202138671695,0.016461181180826734
maxSW,aparc,0.7,Node Strength,lh_lateraloccipital,0.7647512323520833,0.7394165622410827,-0.025334670111000657
maxSW,aparc,0.7,Node Strength,lh_lateralorbitofrontal,0.9900120341645975,0.9736227500431277,-0.016389284121469783
maxSW,aparc,0.7,Node Strength,lh_lingual,0.6603419210460892,0.681374020037301,0.021032098991211723
maxSW,aparc,0.7,Node Strength,lh_medialorbitofrontal,0.9368318747322473,0.9330527670583316,-0.0037791076739156493
maxSW,aparc,0.7,Node Strength,lh_middletemporal,0.6529627312360372,0.6717994827292622,0.018836751493224946
maxSW,aparc,0.7,Node Strength,lh_paracentral,0.9256782924613886,0.9087167929614075,-0.016961499499981048
maxSW,aparc,0.7,Node Strength,lh_parahippocampal,0.8262871908584998,0.8388728846669818,0.012585693808482068
maxSW,aparc,0.7,Node Strength,lh_parsopercularis,0.9598351306354166,0.9751669784685331,0.015331847833116474
maxSW,aparc,0.7,Node Strength,lh_parsorbitalis,0.15117544912885156,0.24833709203832155,0.09716164290946999
maxSW,aparc,0.7,Node Strength,lh_parstriangularis,0.9227199877151941,0.9297330939742197,0.007013106259025514
maxSW,aparc,0.7,Node Strength,lh_pericalcarine,0.02617998891138733,0.014632686962648404,-0.011547301948738927
maxSW,aparc,0.7,Node Strength,lh_postcentral,0.8298279729137183,0.8132972929558132,-0.016530679957905137
maxSW,aparc,0.7,Node Strength,lh_posteriorcingulate,0.8868683651430395,0.9010465511012465,0.014178185958207079
maxSW,aparc,0.7,Node Strength,lh_precentral,0.9775904858865933,0.961700300328275,-0.015890185558318226
maxSW,aparc,0.7,Node Strength,lh_precuneus,0.9556118220557775,0.9590533748056416,0.0034415527498640186
maxSW,aparc,0.7,Node Strength,lh_rostralanteriorcingulate,0.7332252485824742,0.733271615221386,4.6366638911776725e-05
maxSW,aparc,0.7,Node Strength,lh_rostralmiddlefrontal,0.866103896441078,0.9002914669150891,0.03418757047401111
maxSW,aparc,0.7,Node Strength,lh_superiorfrontal,0.8557692035927531,0.8547975610181804,-0.0009716425745727175
maxSW,aparc,0.7,Node Strength,lh_superiorparietal,0.8919851439774876,0.9243839854193727,0.032398841441885096
maxSW,aparc,0.7,Node Strength,lh_superiortemporal,0.8519475418328354,0.8795174116740101,0.02756986984117471
maxSW,aparc,0.7,Node Strength,lh_supramarginal,0.9940610092993682,1.0,0.005938990700631752
maxSW,aparc,0.7,Node Strength,lh_temporalpole,0.034448185010171294,0.022523211148857598,-0.011924973861313696
maxSW,aparc,0.7,Node Strength,lh_transversetemporal,0.7227426552956474,0.7010763010274565,-0.021666354268190857
maxSW,aparc,0.7,Node Strength,rh_bankssts,0.34608107973547364,0.4396732638549811,0.09359218411950748
maxSW,aparc,0.7,Node Strength,rh_caudalanteriorcingulate,0.8239613135405858,0.8180147685912659,-0.0059465449493198985
maxSW,aparc,0.7,Node Strength,rh_caudalmiddlefrontal,0.9595614338202976,0.9552507936024122,-0.004310640217885409
maxSW,aparc,0.7,Node Strength,rh_cuneus,0.39510156510552824,0.3819075766096023,-0.013193988495925957
maxSW,aparc,0.7,Node Strength,rh_entorhinal,0.29115948009847076,0.1948903076494652,-0.09626917244900557
maxSW,aparc,0.7,Node Strength,rh_frontalpole,0.0354534955233792,0.0366760013599248,0.0012225058365455954
maxSW,aparc,0.7,Node Strength,rh_fusiform,0.9257497720294176,0.9382484918326625,0.012498719803244907
maxSW,aparc,0.7,Node Strength,rh_inferiorparietal,0.996179093517031,0.996070397292115,-0.00010869622491604947
maxSW,aparc,0.7,Node Strength,rh_inferiortemporal,0.8940817438736779,0.8525673411023361,-0.041514402771341774
maxSW,aparc,0.7,Node Strength,rh_insula,0.37805804169307405,0.42642180568215937,0.04836376398908532
maxSW,aparc,0.7,Node Strength,rh_isthmuscingulate,0.8711949912281249,0.8843552322882839,0.013160241060159006
maxSW,aparc,0.7,Node Strength,rh_lateraloccipital,0.8207267322444574,0.8293977322844871,0.008671000040029742
maxSW,aparc,0.7,Node Strength,rh_lateralorbitofrontal,0.9875966547876588,0.9699842859056544,-0.017612368882004348
maxSW,aparc,0.7,Node Strength,rh_lingual,0.7187853556755797,0.7295529598101647,0.010767604134584996
maxSW,aparc,0.7,Node Strength,rh_medialorbitofrontal,0.9285449019849956,0.9273899909665229,-0.0011549110184727596
maxSW,aparc,0.7,Node Strength,rh_middletemporal,0.7303046220194207,0.717635915753914,-0.012668706265506646
maxSW,aparc,0.7,Node Strength,rh_paracentral,0.9352482466663913,0.9177531063600702,-0.017495140306321044
maxSW,aparc,0.7,Node Strength,rh_parahippocampal,0.8858690409329311,0.8600435499421698,-0.025825490990761257
maxSW,aparc,0.7,Node Strength,rh_parsopercularis,0.9250896851279176,0.9219900561160163,-0.003099629011901306
maxSW,aparc,0.7,Node Strength,rh_parsorbitalis,0.29981782559177517,0.36659643531358804,0.06677860972181288
maxSW,aparc,0.7,Node Strength,rh_parstriangularis,0.9317027912678815,0.9201688070440942,-0.011533984223787264
maxSW,aparc,0.7,Node Strength,rh_pericalcarine,0.026350278256888047,0.0392526974028514,0.012902419145963354
maxSW,aparc,0.7,Node Strength,rh_postcentral,0.8502559350030511,0.7593046168305254,-0.09095131817252566
maxSW,aparc,0.7,Node Strength,rh_posteriorcingulate,0.8914701492656766,0.9083877023228079,0.016917553057131274
maxSW,aparc,0.7,Node Strength,rh_precentral,0.9510184056419108,0.9558177259326046,0.004799320290693854
maxSW,aparc,0.7,Node Strength,rh_precuneus,0.9457832185324971,0.9424949228747609,-0.003288295657736251
maxSW,aparc,0.7,Node Strength,rh_rostralanteriorcingulate,0.813432219082849,0.7243071919361027,-0.0891250271467463
maxSW,aparc,0.7,Node Strength,rh_rostralmiddlefrontal,0.8929768192885787,0.8852489812020504,-0.007727838086528327
maxSW,aparc,0.7,Node Strength,rh_superiorfrontal,0.8825043687745514,0.8993585346878625,0.016854165913311125
maxSW,aparc,0.7,Node Strength,rh_superiorparietal,0.8765065842558322,0.9047333495554677,0.028226765299635526
maxSW,aparc,0.7,Node Strength,rh_superiortemporal,0.8531197075579711,0.8736363521688489,0.020516644610877877
maxSW,aparc,0.7,Node Strength,rh_supramarginal,0.9417919818964621,0.9443991666438433,0.002607184747381197
maxSW,aparc,0.7,Node Strength,rh_temporalpole,0.035923052519927536,0.012052798448805963,-0.023870254071121574
maxSW,aparc,0.7,Node Strength,rh_transversetemporal,0.660729834733834,0.6387453911735032,-0.021984443560330802
maxSW,aparc,0.7,Local Efficiency,lh_bankssts,0.8406029556627748,0.8350110920949975,-0.0055918635677773
maxSW,aparc,0.7,Local Efficiency,lh_caudalanteriorcingulate,0.8984215298647406,0.9103528804945599,0.011931350629819315
maxSW,aparc,0.7,Local Efficiency,lh_caudalmiddlefrontal,0.9824210830256229,0.9813087142846477,-0.0011123687409752003
maxSW,aparc,0.7,Local Efficiency,lh_cuneus,0.8855604075802617,0.8520704122438381,-0.033489995336423606
maxSW,aparc,0.7,Local Efficiency,lh_entorhinal,0.7785081631783273,0.7711690866169962,-0.007339076561331037
maxSW,aparc,0.7,Local Efficiency,lh_frontalpole,0.0,0.6435922080574515,0.6435922080574515
maxSW,aparc,0.7,Local Efficiency,lh_fusiform,0.9644765433709416,0.9798126724926075,0.015336129121665931
maxSW,aparc,0.7,Local Efficiency,lh_inferiorparietal,0.9854529243783551,0.9666723657392265,-0.01878055863912853
maxSW,aparc,0.7,Local Efficiency,lh_inferiortemporal,0.9433961624751819,0.9391708319479938,-0.004225330527188098
maxSW,aparc,0.7,Local Efficiency,lh_insula,0.8458673132874284,0.8428154921899191,-0.003051821097509233
maxSW,aparc,0.7,Local Efficiency,lh_isthmuscingulate,0.9206435826634352,0.9297176260571657,0.009074043393730524
maxSW,aparc,0.7,Local Efficiency,lh_lateraloccipital,0.9248267062700574,0.9377594646173953,0.01293275834733798
maxSW,aparc,0.7,Local Efficiency,lh_lateralorbitofrontal,0.9498591098257941,0.9546961365005683,0.0048370266747741475
maxSW,aparc,0.7,Local Efficiency,lh_lingual,0.8774958068148517,0.8771875585336476,-0.0003082482812041265
maxSW,aparc,0.7,Local Efficiency,lh_medialorbitofrontal,0.9522459885871948,0.9233411211617892,-0.028904867425405545
maxSW,aparc,0.7,Local Efficiency,lh_middletemporal,0.8511095041950637,0.8862431253902372,0.03513362119517349
maxSW,aparc,0.7,Local Efficiency,lh_paracentral,0.9279455714856127,0.9287829597669378,0.0008373882813250688
maxSW,aparc,0.7,Local Efficiency,lh_parahippocampal,0.8806667270025779,0.8842588212348897,0.003592094232311882
maxSW,aparc,0.7,Local Efficiency,lh_parsopercularis,0.9430986879123547,0.934076811677752,-0.00902187623460271
maxSW,aparc,0.7,Local Efficiency,lh_parsorbitalis,0.6796442892207747,0.6697923480256892,-0.009851941195085478
maxSW,aparc,0.7,Local Efficiency,lh_parstriangularis,0.9633980421620512,0.9627662592226973,-0.0006317829393538421
maxSW,aparc,0.7,Local Efficiency,lh_pericalcarine,0.8046870082763357,0.8059576015898978,0.0012705933135621628
maxSW,aparc,0.7,Local Efficiency,lh_postcentral,0.9460156147839631,0.9353486276953175,-0.010666987088645663
maxSW,aparc,0.7,Local Efficiency,lh_posteriorcingulate,0.9600575894220789,0.9508975677789328,-0.00916002164314611
maxSW,aparc,0.7,Local Efficiency,lh_precentral,0.9643968307084089,0.9725027031521963,0.008105872443787465
maxSW,aparc,0.7,Local Efficiency,lh_precuneus,0.9681506862026393,0.9706788145626698,0.0025281283600304683
maxSW,aparc,0.7,Local Efficiency,lh_rostralanteriorcingulate,0.8713111571774498,0.861297227229963,-0.010013929947486733
maxSW,aparc,0.7,Local Efficiency,lh_rostralmiddlefrontal,0.9626419699046689,0.9421502267572122,-0.02049174314745672
maxSW,aparc,0.7,Local Efficiency,lh_superiorfrontal,0.9511978852305341,0.9474604575931895,-0.003737427637344526
maxSW,aparc,0.7,Local Efficiency,lh_superiorparietal,0.9825965861807981,0.9625028881280799,-0.020093698052718212
maxSW,aparc,0.7,Local Efficiency,lh_superiortemporal,0.9209772335883784,0.8838539012508713,-0.03712333233750709
maxSW,aparc,0.7,Local Efficiency,lh_supramarginal,0.9519419938476193,0.9347308226442307,-0.017211171203388664
maxSW,aparc,0.7,Local Efficiency,lh_temporalpole,0.6874252436043825,0.24960272730414043,-0.43782251630024205
maxSW,aparc,0.7,Local Efficiency,lh_transversetemporal,0.8664141466951869,0.862152789499125,-0.00426135719606191
maxSW,aparc,0.7,Local Efficiency,rh_bankssts,0.8494462108765674,0.847931939884358,-0.0015142709922093545
maxSW,aparc,0.7,Local Efficiency,rh_caudalanteriorcingulate,0.8932102242002962,0.8753041750850876,-0.017906049115208544
maxSW,aparc,0.7,Local Efficiency,rh_caudalmiddlefrontal,0.9708441669683451,0.9873491290304083,0.0165049620620632
maxSW,aparc,0.7,Local Efficiency,rh_cuneus,0.8895729988679159,0.8884859690058787,-0.0010870298620371255
maxSW,aparc,0.7,Local Efficiency,rh_entorhinal,0.7892433276879873,0.7988807787348806,0.009637451046893286
maxSW,aparc,0.7,Local Efficiency,rh_frontalpole,0.3774728262068105,0.6476523014540111,0.2701794752472006
maxSW,aparc,0.7,Local Efficiency,rh_fusiform,0.9681309320829121,0.9744189790078139,0.006288046924901813
maxSW,aparc,0.7,Local Efficiency,rh_inferiorparietal,0.9761104236314707,0.9739694862990584,-0.002140937332412274
maxSW,aparc,0.7,Local Efficiency,rh_inferiortemporal,0.9492715985952689,0.926745673171033,-0.022525925424235926
maxSW,aparc,0.7,Local Efficiency,rh_insula,0.8360377054373416,0.8303629145896966,-0.005674790847644995
maxSW,aparc,0.7,Local Efficiency,rh_isthmuscingulate,0.9290265797245771,0.9168105920159317,-0.012215987708645404
maxSW,aparc,0.7,Local Efficiency,rh_lateraloccipital,0.9386542586477566,0.9476833460836372,0.0090290874358806
maxSW,aparc,0.7,Local Efficiency,rh_lateralorbitofrontal,0.9664751536336146,0.974661190100936,0.008186036467321411
maxSW,aparc,0.7,Local Efficiency,rh_lingual,0.8735506258064893,0.8974709771178396,0.023920351311350285
maxSW,aparc,0.7,Local Efficiency,rh_medialorbitofrontal,0.9466031517527623,0.9192044577713187,-0.027398693981443678
maxSW,aparc,0.7,Local Efficiency,rh_middletemporal,0.8959024603108228,0.8980526006543944,0.002150140343571638
maxSW,aparc,0.7,Local Efficiency,rh_paracentral,0.9367886187222103,0.9220656095681072,-0.014723009154103073
maxSW,aparc,0.7,Local Efficiency,rh_parahippocampal,0.8859523771375464,0.8846894673484655,-0.001262909789080835
maxSW,aparc,0.7,Local Efficiency,rh_parsopercularis,0.9867671012175576,0.9634496326752796,-0.023317468542278008
maxSW,aparc,0.7,Local Efficiency,rh_parsorbitalis,0.7126835471206402,0.7383511959473729,0.02566764882673267
maxSW,aparc,0.7,Local Efficiency,rh_parstriangularis,0.9483546458795368,0.9358908040123359,-0.012463841867200842
maxSW,aparc,0.7,Local Efficiency,rh_pericalcarine,0.8061387465538755,0.7070328863983002,-0.09910586015557532
maxSW,aparc,0.7,Local Efficiency,rh_postcentral,0.9470537802170376,0.9377068610807511,-0.009346919136286491
maxSW,aparc,0.7,Local Efficiency,rh_posteriorcingulate,0.9440496851720735,0.9371405347411745,-0.006909150430899014
maxSW,aparc,0.7,Local Efficiency,rh_precentral,0.9654320768471271,0.9686257935168624,0.003193716669735336
maxSW,aparc,0.7,Local Efficiency,rh_precuneus,0.9615809200906101,0.9595001397577431,-0.0020807803328670715
maxSW,aparc,0.7,Local Efficiency,rh_rostralanteriorcingulate,0.8836586977500825,0.8954426317804137,0.011783934030331178
maxSW,aparc,0.7,Local Efficiency,rh_rostralmiddlefrontal,0.9435630936027997,0.9559467336333549,0.012383640030555254
maxSW,aparc,0.7,Local Efficiency,rh_superiorfrontal,0.9559259246008286,0.9493359595357911,-0.006589965065037506
maxSW,aparc,0.7,Local Efficiency,rh_superiorparietal,0.9709477996232257,0.9674989396831533,-0.0034488599400724906
maxSW,aparc,0.7,Local Efficiency,rh_superiortemporal,0.9219737546806633,0.8960940632667816,-0.02587969141388169
maxSW,aparc,0.7,Local Efficiency,rh_supramarginal,0.997982127254036,1.0,0.002017872745963989
maxSW,aparc,0.7,Local Efficiency,rh_temporalpole,0.714547662441243,0.0,-0.714547662441243
maxSW,aparc,0.7,Local Efficiency,rh_transversetemporal,0.8407726937367381,0.8357949211280928,-0.004977772608645292
maxSW,aparc,0.7,Clustering Coefficient,lh_bankssts,0.8426023359889759,0.8423564857662275,-0.00024585022274847823
maxSW,aparc,0.7,Clustering Coefficient,lh_caudalanteriorcingulate,0.8951952230092195,0.9091099429261336,0.013914719916914065
maxSW,aparc,0.7,Clustering Coefficient,lh_caudalmiddlefrontal,0.9801076101346471,0.9807375699278098,0.0006299597931627154
maxSW,aparc,0.7,Clustering Coefficient,lh_cuneus,0.913194983819592,0.8534814835785137,-0.05971350024107824
maxSW,aparc,0.7,Clustering Coefficient,lh_entorhinal,0.7649259256435279,0.7637375580388476,-0.0011883676046803293
maxSW,aparc,0.7,Clustering Coefficient,lh_frontalpole,0.0,0.5454228359138422,0.5454228359138422
maxSW,aparc,0.7,Clustering Coefficient,lh_fusiform,0.9485267941849833,0.9708982709354078,0.0223714767504245
maxSW,aparc,0.7,Clustering Coefficient,lh_inferiorparietal,0.9699866248220063,0.9454609734205254,-0.024525651401480886
maxSW,aparc,0.7,Clustering Coefficient,lh_inferiortemporal,0.9300008157120137,0.9258491653336615,-0.00415165037835219
maxSW,aparc,0.7,Clustering Coefficient,lh_insula,0.8659613718999252,0.8692994041807419,0.0033380322808167495
maxSW,aparc,0.7,Clustering Coefficient,lh_isthmuscingulate,0.9058291666198401,0.9140273787842886,0.008198212164448493
maxSW,aparc,0.7,Clustering Coefficient,lh_lateraloccipital,0.9279554490566054,0.9478601996940874,0.019904750637481983
maxSW,aparc,0.7,Clustering Coefficient,lh_lateralorbitofrontal,0.9188856561099104,0.9287389948424144,0.009853338732504047
maxSW,aparc,0.7,Clustering Coefficient,lh_lingual,0.8591542005057026,0.86225465182749,0.0031004513217873786
maxSW,aparc,0.7,Clustering Coefficient,lh_medialorbitofrontal,0.9321384359798197,0.8898372504986356,-0.04230118548118411
maxSW,aparc,0.7,Clustering Coefficient,lh_middletemporal,0.8271051387800045,0.8746781556372722,0.04757301685726778
maxSW,aparc,0.7,Clustering Coefficient,lh_paracentral,0.9051546420586501,0.906863576789137,0.001708934730486833
maxSW,aparc,0.7,Clustering Coefficient,lh_parahippocampal,0.8644824016229812,0.8646091624698559,0.00012676084687468503
maxSW,aparc,0.7,Clustering Coefficient,lh_parsopercularis,0.9141965804914355,0.8994923420830218,-0.014704238408413728
maxSW,aparc,0.7,Clustering Coefficient,lh_parsorbitalis,0.5669949485121302,0.6176243341666872,0.05062938565455699
maxSW,aparc,0.7,Clustering Coefficient,lh_parstriangularis,0.9529423482654268,0.9476872745327564,-0.005255073732670423
maxSW,aparc,0.7,Clustering Coefficient,lh_pericalcarine,0.8308230022858011,0.8321348640911994,0.0013118618053983289
maxSW,aparc,0.7,Clustering Coefficient,lh_postcentral,0.9472410964636653,0.9393437100647406,-0.007897386398924677
maxSW,aparc,0.7,Clustering Coefficient,lh_posteriorcingulate,0.9571183515600735,0.9431405823809805,-0.013977769179092991
maxSW,aparc,0.7,Clustering Coefficient,lh_precentral,0.9439954127586745,0.958572575287317,0.014577162528642496
maxSW,aparc,0.7,Clustering Coefficient,lh_precuneus,0.9523096508475577,0.9563096307268115,0.003999979879253823
maxSW,aparc,0.7,Clustering Coefficient,lh_rostralanteriorcingulate,0.8594410796186098,0.8519644538818065,-0.0074766257368032996
maxSW,aparc,0.7,Clustering Coefficient,lh_rostralmiddlefrontal,0.9659394840847232,0.9282674009134488,-0.03767208317127435
maxSW,aparc,0.7,Clustering Coefficient,lh_superiorfrontal,0.9371989043969213,0.9318426693387166,-0.005356235058204706
maxSW,aparc,0.7,Clustering Coefficient,lh_superiorparietal,0.9865331473428888,0.9516256682018379,-0.03490747914105086
maxSW,aparc,0.7,Clustering Coefficient,lh_superiortemporal,0.9082081536965724,0.852684574712557,-0.05552357898401539
maxSW,aparc,0.7,Clustering Coefficient,lh_supramarginal,0.9221254822278518,0.8975233083849663,-0.024602173842885544
maxSW,aparc,0.7,Clustering Coefficient,lh_temporalpole,0.6433616950490655,0.25770974943631203,-0.38565194561275346
maxSW,aparc,0.7,Clustering Coefficient,lh_transversetemporal,0.8669302015265486,0.866255950534713,-0.000674250991835601
maxSW,aparc,0.7,Clustering Coefficient,rh_bankssts,0.8747154743546036,0.8702358091409781,-0.004479665213625528
maxSW,aparc,0.7,Clustering Coefficient,rh_caudalanteriorcingulate,0.8802786287696637,0.861107843362762,-0.019170785406901647
maxSW,aparc,0.7,Clustering Coefficient,rh_caudalmiddlefrontal,0.9553811029104747,0.9801670947527242,0.0247859918422495
maxSW,aparc,0.7,Clustering Coefficient,rh_cuneus,0.9173363745034887,0.9161590957337732,-0.0011772787697155174
maxSW,aparc,0.7,Clustering Coefficient,rh_entorhinal,0.7865767358421489,0.8097321273653246,0.023155391523175695
maxSW,aparc,0.7,Clustering Coefficient,rh_frontalpole,0.38973303101067536,0.5495687735473971,0.15983574253672173
maxSW,aparc,0.7,Clustering Coefficient,rh_fusiform,0.9602450920243649,0.9654321509030132,0.005187058878648232
maxSW,aparc,0.7,Clustering Coefficient,rh_inferiorparietal,0.955765114432425,0.952839845951603,-0.002925268480821974
maxSW,aparc,0.7,Clustering Coefficient,rh_inferiortemporal,0.9331912381692753,0.9058278622217844,-0.027363375947490942
maxSW,aparc,0.7,Clustering Coefficient,rh_insula,0.8584726369168023,0.8513849886958652,-0.007087648220937104
maxSW,aparc,0.7,Clustering Coefficient,rh_isthmuscingulate,0.91851056183179,0.8982370210209455,-0.020273540810844537
maxSW,aparc,0.7,Clustering Coefficient,rh_lateraloccipital,0.9394881432228873,0.9517876354546598,0.012299492231772513
maxSW,aparc,0.7,Clustering Coefficient,rh_lateralorbitofrontal,0.9416815491682342,0.958623746961032,0.01694219779279782
maxSW,aparc,0.7,Clustering Coefficient,rh_lingual,0.8550590334644874,0.891976593668352,0.03691756020386461
maxSW,aparc,0.7,Clustering Coefficient,rh_medialorbitofrontal,0.9265209406574988,0.8855815040832574,-0.04093943657424137
maxSW,aparc,0.7,Clustering Coefficient,rh_middletemporal,0.8837755253324415,0.8863189327040516,0.0025434073716100736
maxSW,aparc,0.7,Clustering Coefficient,rh_paracentral,0.9163478071363216,0.9001178608684555,-0.016229946267866113
maxSW,aparc,0.7,Clustering Coefficient,rh_parahippocampal,0.8578182281420234,0.8630422284426799,0.005224000300656506
maxSW,aparc,0.7,Clustering Coefficient,rh_parsopercularis,0.9848448277888426,0.9556960378102418,-0.02914878997860082
maxSW,aparc,0.7,Clustering Coefficient,rh_parsorbitalis,0.641741953173635,0.6910176218338545,0.049275668660219485
maxSW,aparc,0.7,Clustering Coefficient,rh_parstriangularis,0.929879616515556,0.9134061315133207,-0.016473485002235222
maxSW,aparc,0.7,Clustering Coefficient,rh_pericalcarine,0.832321892589576,0.5798430552043148,-0.2524788373852612
maxSW,aparc,0.7,Clustering Coefficient,rh_postcentral,0.9469603846429056,0.9463758357657867,-0.0005845488771188956
maxSW,aparc,0.7,Clustering Coefficient,rh_posteriorcingulate,0.9346332821343205,0.922819855072233,-0.011813427062087545
maxSW,aparc,0.7,Clustering Coefficient,rh_precentral,0.9500831765232559,0.9546982366515956,0.004615060128339676
maxSW,aparc,0.7,Clustering Coefficient,rh_precuneus,0.9456717223849507,0.9451306808603213,-0.0005410415246294153
maxSW,aparc,0.7,Clustering Coefficient,rh_rostralanteriorcingulate,0.870164909532975,0.9012569576191324,0.031092048086157398
maxSW,aparc,0.7,Clustering Coefficient,rh_rostralmiddlefrontal,0.9330980943743,0.9514106923675817,0.018312597993281665
maxSW,aparc,0.7,Clustering Coefficient,rh_superiorfrontal,0.9408902508727802,0.9301700343423893,-0.010720216530390902
maxSW,aparc,0.7,Clustering Coefficient,rh_superiorparietal,0.9745965452234086,0.9620319218560083,-0.012564623367400274
maxSW,aparc,0.7,Clustering Coefficient,rh_superiortemporal,0.90906002960612,0.868721058490548,-0.04033897111557194
maxSW,aparc,0.7,Clustering Coefficient,rh_supramarginal,0.996161539206673,1.0,0.0038384607933269477
maxSW,aparc,0.7,Clustering Coefficient,rh_temporalpole,0.6706201051440954,0.0,-0.6706201051440954
maxSW,aparc,0.7,Clustering Coefficient,rh_transversetemporal,0.8432925724075584,0.8418599873001616,-0.0014325851073967444
maxSW,aparc,0.7,Betweenness Centrality,lh_bankssts,0.0,0.0,0.0
maxSW,aparc,0.7,Betweenness Centrality,lh_caudalanteriorcingulate,0.0,0.0,0.0
maxSW,aparc,0.7,Betweenness Centrality,lh_caudalmiddlefrontal,0.005235602094240838,0.04712041884816754,0.041884816753926704
maxSW,aparc,0.7,Betweenness Centrality,lh_cuneus,0.0,0.005235602094240838,0.005235602094240838
maxSW,aparc,0.7,Betweenness Centrality,lh_entorhinal,0.0,0.0,0.0
maxSW,aparc,0.7,Betweenness Centrality,lh_frontalpole,0.0,0.06282722513089005,0.06282722513089005
maxSW,aparc,0.7,Betweenness Centrality,lh_fusiform,0.06282722513089005,0.07853403141361257,0.015706806282722516
maxSW,aparc,0.7,Betweenness Centrality,lh_inferiorparietal,0.06806282722513089,0.03664921465968586,-0.03141361256544503
maxSW,aparc,0.7,Betweenness Centrality,lh_inferiortemporal,0.015706806282722512,0.0,-0.015706806282722512
maxSW,aparc,0.7,Betweenness Centrality,lh_insula,0.0,0.0,0.0
maxSW,aparc,0.7,Betweenness Centrality,lh_isthmuscingulate,0.0,0.05235602094240838,0.05235602094240838
maxSW,aparc,0.7,Betweenness Centrality,lh_lateraloccipital,0.005235602094240838,0.0,-0.005235602094240838
maxSW,aparc,0.7,Betweenness Centrality,lh_lateralorbitofrontal,0.010471204188481676,0.015706806282722512,0.005235602094240836
maxSW,aparc,0.7,Betweenness Centrality,lh_lingual,0.5968586387434555,0.6596858638743456,0.06282722513089012
maxSW,aparc,0.7,Betweenness Centrality,lh_medialorbitofrontal,0.2094240837696335,0.10471204188481675,-0.10471204188481675
maxSW,aparc,0.7,Betweenness Centrality,lh_middletemporal,0.32460732984293195,0.03664921465968586,-0.2879581151832461
maxSW,aparc,0.7,Betweenness Centrality,lh_paracentral,0.0,0.005235602094240838,0.005235602094240838
maxSW,aparc,0.7,Betweenness Centrality,lh_parahippocampal,0.031413612565445025,0.04712041884816754,0.015706806282722516
maxSW,aparc,0.7,Betweenness Centrality,lh_parsopercularis,0.05235602094240838,0.04712041884816754,-0.005235602094240836
maxSW,aparc,0.7,Betweenness Centrality,lh_parsorbitalis,0.0,0.900523560209424,0.900523560209424
maxSW,aparc,0.7,Betweenness Centrality,lh_parstriangularis,0.041884816753926704,0.02617801047120419,-0.015706806282722516
maxSW,aparc,0.7,Betweenness Centrality,lh_pericalcarine,0.0,0.0,0.0
maxSW,aparc,0.7,Betweenness Centrality,lh_postcentral,0.015706806282722512,0.0,-0.015706806282722512
maxSW,aparc,0.7,Betweenness Centrality,lh_posteriorcingulate,0.02617801047120419,0.015706806282722512,-0.010471204188481676
maxSW,aparc,0.7,Betweenness Centrality,lh_precentral,0.0,0.010471204188481676,0.010471204188481676
maxSW,aparc,0.7,Betweenness Centrality,lh_precuneus,0.18848167539267016,0.09424083769633508,-0.09424083769633508
maxSW,aparc,0.7,Betweenness Centrality,lh_rostralanteriorcingulate,0.0,0.0,0.0
maxSW,aparc,0.7,Betweenness Centrality,lh_rostralmiddlefrontal,0.0,0.0,0.0
maxSW,aparc,0.7,Betweenness Centrality,lh_superiorfrontal,0.005235602094240838,0.11518324607329843,0.10994764397905758
maxSW,aparc,0.7,Betweenness Centrality,lh_superiorparietal,0.005235602094240838,0.010471204188481676,0.005235602094240838
maxSW,aparc,0.7,Betweenness Centrality,lh_superiortemporal,0.0,0.0,0.0
maxSW,aparc,0.7,Betweenness Centrality,lh_supramarginal,0.031413612565445025,0.0,-0.031413612565445025
maxSW,aparc,0.7,Betweenness Centrality,lh_temporalpole,0.010471204188481676,0.010471204188481676,0.0
maxSW,aparc,0.7,Betweenness Centrality,lh_transversetemporal,0.0,0.0,0.0
maxSW,aparc,0.7,Betweenness Centrality,rh_bankssts,0.0,0.0,0.0
maxSW,aparc,0.7,Betweenness Centrality,rh_caudalanteriorcingulate,0.0,0.0,0.0
maxSW,aparc,0.7,Betweenness Centrality,rh_caudalmiddlefrontal,0.0,0.0,0.0
maxSW,aparc,0.7,Betweenness Centrality,rh_cuneus,0.0,0.0,0.0
maxSW,aparc,0.7,Betweenness Centrality,rh_entorhinal,0.0,0.0,0.0
maxSW,aparc,0.7,Betweenness Centrality,rh_frontalpole,0.34554973821989526,0.0,-0.34554973821989526
maxSW,aparc,0.7,Betweenness Centrality,rh_fusiform,0.06282722513089005,0.03664921465968586,-0.02617801047120419
maxSW,aparc,0.7,Betweenness Centrality,rh_inferiorparietal,0.0,0.015706806282722512,0.015706806282722512
maxSW,aparc,0.7,Betweenness Centrality,rh_inferiortemporal,0.13089005235602094,0.041884816753926704,-0.08900523560209424
maxSW,aparc,0.7,Betweenness Centrality,rh_insula,0.0,0.0,0.0
maxSW,aparc,0.7,Betweenness Centrality,rh_isthmuscingulate,0.0,0.0,0.0
maxSW,aparc,0.7,Betweenness Centrality,rh_lateraloccipital,0.1099476439790576,0.08376963350785341,-0.02617801047120419
maxSW,aparc,0.7,Betweenness Centrality,rh_lateralorbitofrontal,0.193717277486911,0.09424083769633508,-0.09947643979057592
maxSW,aparc,0.7,Betweenness Centrality,rh_lingual,0.07853403141361257,0.02617801047120419,-0.05235602094240838
maxSW,aparc,0.7,Betweenness Centrality,rh_medialorbitofrontal,0.2931937172774869,0.6178010471204188,0.32460732984293195
maxSW,aparc,0.7,Betweenness Centrality,rh_middletemporal,0.005235602094240838,0.005235602094240838,0.0
maxSW,aparc,0.7,Betweenness Centrality,rh_paracentral,0.0,0.0,0.0
maxSW,aparc,0.7,Betweenness Centrality,rh_parahippocampal,0.010471204188481676,0.0,-0.010471204188481676
maxSW,aparc,0.7,Betweenness Centrality,rh_parsopercularis,0.0,0.0,0.0
maxSW,aparc,0.7,Betweenness Centrality,rh_parsorbitalis,1.0,0.4031413612565445,-0.5968586387434556
maxSW,aparc,0.7,Betweenness Centrality,rh_parstriangularis,0.0,0.0,0.0
maxSW,aparc,0.7,Betweenness Centrality,rh_pericalcarine,0.0,0.005235602094240838,0.005235602094240838
maxSW,aparc,0.7,Betweenness Centrality,rh_postcentral,0.02617801047120419,0.010471204188481676,-0.015706806282722512
maxSW,aparc,0.7,Betweenness Centrality,rh_posteriorcingulate,0.005235602094240838,0.0,-0.005235602094240838
maxSW,aparc,0.7,Betweenness Centrality,rh_precentral,0.0,0.0,0.0
maxSW,aparc,0.7,Betweenness Centrality,rh_precuneus,0.14659685863874344,0.16230366492146597,0.01570680628272253
maxSW,aparc,0.7,Betweenness Centrality,rh_rostralanteriorcingulate,0.0,0.0,0.0
maxSW,aparc,0.7,Betweenness Centrality,rh_rostralmiddlefrontal,0.0,0.0,0.0
maxSW,aparc,0.7,Betweenness Centrality,rh_superiorfrontal,0.6963350785340314,0.6335078534031413,-0.06282722513089012
maxSW,aparc,0.7,Betweenness Centrality,rh_superiorparietal,0.02617801047120419,0.07329842931937172,0.04712041884816753
maxSW,aparc,0.7,Betweenness Centrality,rh_superiortemporal,0.0,0.0,0.0
maxSW,aparc,0.7,Betweenness Centrality,rh_supramarginal,0.0,0.0,0.0
maxSW,aparc,0.7,Betweenness Centrality,rh_temporalpole,0.0,0.27225130890052357,0.27225130890052357
maxSW,aparc,0.7,Betweenness Centrality,rh_transversetemporal,0.0,0.0,0.0
maxSW,aparc,0.7,Eigenvector Centrality,lh_bankssts,0.6569606172815896,0.6245268584701464,-0.03243375881144317
maxSW,aparc,0.7,Eigenvector Centrality,lh_caudalanteriorcingulate,0.8103399108250233,0.8302213373395514,0.019881426514528067
maxSW,aparc,0.7,Eigenvector Centrality,lh_caudalmiddlefrontal,0.9336667650157852,0.9369180623965288,0.0032512973807435896
maxSW,aparc,0.7,Eigenvector Centrality,lh_cuneus,0.4049101296898718,0.4047401212725042,-0.0001700084173675842
maxSW,aparc,0.7,Eigenvector Centrality,lh_entorhinal,0.4269593034210165,0.2834195251481515,-0.14353977827286502
maxSW,aparc,0.7,Eigenvector Centrality,lh_frontalpole,0.0,0.007130991859683685,0.007130991859683685
maxSW,aparc,0.7,Eigenvector Centrality,lh_fusiform,0.9539704419493708,0.9585907419976033,0.004620300048232551
maxSW,aparc,0.7,Eigenvector Centrality,lh_inferiorparietal,0.9864067279705236,0.987282000917266,0.0008752729467423892
maxSW,aparc,0.7,Eigenvector Centrality,lh_inferiortemporal,0.8519075972538486,0.8155151982596467,-0.03639239899420188
maxSW,aparc,0.7,Eigenvector Centrality,lh_insula,0.43303885705054385,0.4043194723140263,-0.028719384736517528
maxSW,aparc,0.7,Eigenvector Centrality,lh_isthmuscingulate,0.8829671168140256,0.9030641464046997,0.020097029590674054
maxSW,aparc,0.7,Eigenvector Centrality,lh_lateraloccipital,0.7784288819683357,0.7616842987998007,-0.016744583168535
maxSW,aparc,0.7,Eigenvector Centrality,lh_lateralorbitofrontal,0.976989475792625,0.9705522417572419,-0.006437234035383099
maxSW,aparc,0.7,Eigenvector Centrality,lh_lingual,0.6555251180074462,0.6778694263318408,0.0223443083243946
maxSW,aparc,0.7,Eigenvector Centrality,lh_medialorbitofrontal,0.9318110780517107,0.9208181152244033,-0.01099296282730744
maxSW,aparc,0.7,Eigenvector Centrality,lh_middletemporal,0.646902613523115,0.6788026512945176,0.0319000377714026
maxSW,aparc,0.7,Eigenvector Centrality,lh_paracentral,0.9199712725678497,0.909476525184281,-0.010494747383568703
maxSW,aparc,0.7,Eigenvector Centrality,lh_parahippocampal,0.824120893333495,0.8377219280347578,0.013601034701262726
maxSW,aparc,0.7,Eigenvector Centrality,lh_parsopercularis,0.9523898473028775,0.9663235795063687,0.013933732203491256
maxSW,aparc,0.7,Eigenvector Centrality,lh_parsorbitalis,0.09790202655469431,0.19738095531296765,0.09947892875827334
maxSW,aparc,0.7,Eigenvector Centrality,lh_parstriangularis,0.9333370678083799,0.9415772374171978,0.008240169608817904
maxSW,aparc,0.7,Eigenvector Centrality,lh_pericalcarine,0.017547982741717424,0.00880287456528589,-0.008745108176431534
maxSW,aparc,0.7,Eigenvector Centrality,lh_postcentral,0.8419356520278798,0.8305974653525153,-0.011338186675364459
maxSW,aparc,0.7,Eigenvector Centrality,lh_posteriorcingulate,0.8965555141268782,0.9105372870779466,0.013981772951068394
maxSW,aparc,0.7,Eigenvector Centrality,lh_precentral,0.9764707835828105,0.9703547371418612,-0.006116046440949319
maxSW,aparc,0.7,Eigenvector Centrality,lh_precuneus,0.9562193298417184,0.9642820216677185,0.008062691826000057
maxSW,aparc,0.7,Eigenvector Centrality,lh_rostralanteriorcingulate,0.736870294735862,0.7411172865186777,0.004246991782815734
maxSW,aparc,0.7,Eigenvector Centrality,lh_rostralmiddlefrontal,0.8884282053133303,0.912405367093402,0.0239771617800717
maxSW,aparc,0.7,Eigenvector Centrality,lh_superiorfrontal,0.8621257044419552,0.8634323513525131,0.0013066469105578182
maxSW,aparc,0.7,Eigenvector Centrality,lh_superiorparietal,0.9104479644908757,0.9343054419804022,0.02385747748952649
maxSW,aparc,0.7,Eigenvector Centrality,lh_superiortemporal,0.8578892723097217,0.8723836439687908,0.014494371659069083
maxSW,aparc,0.7,Eigenvector Centrality,lh_supramarginal,0.9861865162013376,0.9894929285139463,0.003306412312608753
maxSW,aparc,0.7,Eigenvector Centrality,lh_temporalpole,0.0046257772031323,0.00015130720887571335,-0.004474469994256587
maxSW,aparc,0.7,Eigenvector Centrality,lh_transversetemporal,0.7324745549860607,0.7149859270000963,-0.0174886279859644
maxSW,aparc,0.7,Eigenvector Centrality,rh_bankssts,0.35415437702054975,0.4526148460620948,0.09846046904154504
maxSW,aparc,0.7,Eigenvector Centrality,rh_caudalanteriorcingulate,0.8256999840384869,0.8205222132527951,-0.005177770785691815
maxSW,aparc,0.7,Eigenvector Centrality,rh_caudalmiddlefrontal,0.9639518550747785,0.9709515319410097,0.006999676866231153
maxSW,aparc,0.7,Eigenvector Centrality,rh_cuneus,0.40833120223598046,0.39464859737436175,-0.013682604861618708
maxSW,aparc,0.7,Eigenvector Centrality,rh_entorhinal,0.2790303721818849,0.1783985331102679,-0.10063183907161702
maxSW,aparc,0.7,Eigenvector Centrality,rh_frontalpole,0.004883384629800054,0.0074196478486945,0.0025362632188944455
maxSW,aparc,0.7,Eigenvector Centrality,rh_fusiform,0.9331075752872912,0.9491456018847917,0.016038026597500532
maxSW,aparc,0.7,Eigenvector Centrality,rh_inferiorparietal,0.9961841890379242,1.0,0.0038158109620758385
maxSW,aparc,0.7,Eigenvector Centrality,rh_inferiortemporal,0.8953473591769061,0.8557607982169594,-0.039586560959946726
maxSW,aparc,0.7,Eigenvector Centrality,rh_insula,0.38457791349230186,0.43747543812071665,0.052897524628414794
maxSW,aparc,0.7,Eigenvector Centrality,rh_isthmuscingulate,0.8748724289607599,0.8853760538129984,0.010503624852238547
maxSW,aparc,0.7,Eigenvector Centrality,rh_lateraloccipital,0.8315551089951789,0.8470415169648722,0.01548640796969325
maxSW,aparc,0.7,Eigenvector Centrality,rh_lateralorbitofrontal,0.9802561750401858,0.9752444024013731,-0.005011772638812695
maxSW,aparc,0.7,Eigenvector Centrality,rh_lingual,0.7140988651361232,0.7371615284881975,0.023062663352074297
maxSW,aparc,0.7,Eigenvector Centrality,rh_medialorbitofrontal,0.9236630901581762,0.9145182478245253,-0.009144842333650871
maxSW,aparc,0.7,Eigenvector Centrality,rh_middletemporal,0.7354753917163763,0.7259432288611201,-0.009532162855256265
maxSW,aparc,0.7,Eigenvector Centrality,rh_paracentral,0.931616130764157,0.9158861484550588,-0.015729982309098167
maxSW,aparc,0.7,Eigenvector Centrality,rh_parahippocampal,0.8720538766661073,0.8562421702736481,-0.015811706392459213
maxSW,aparc,0.7,Eigenvector Centrality,rh_parsopercularis,0.9421902665110033,0.937706844481398,-0.004483422029605388
maxSW,aparc,0.7,Eigenvector Centrality,rh_parsorbitalis,0.2502019268879186,0.33539712435299973,0.08519519746508114
maxSW,aparc,0.7,Eigenvector Centrality,rh_parstriangularis,0.9346689420176275,0.924369702271322,-0.010299239746305533
maxSW,aparc,0.7,Eigenvector Centrality,rh_pericalcarine,0.017679736123410165,0.025106551979039722,0.007426815855629557
maxSW,aparc,0.7,Eigenvector Centrality,rh_postcentral,0.8606807725322922,0.7796782434486597,-0.08100252908363259
maxSW,aparc,0.7,Eigenvector Centrality,rh_posteriorcingulate,0.8966368696313608,0.9121834375319354,0.015546567900574626
maxSW,aparc,0.7,Eigenvector Centrality,rh_precentral,0.9549521721944719,0.9639879851119308,0.009035812917458919
maxSW,aparc,0.7,Eigenvector Centrality,rh_precuneus,0.9455599733607125,0.9469541911408791,0.0013942177801665734
maxSW,aparc,0.7,Eigenvector Centrality,rh_rostralanteriorcingulate,0.8132046182366806,0.7453492856729893,-0.06785533256369125
maxSW,aparc,0.7,Eigenvector Centrality,rh_rostralmiddlefrontal,0.9024873252081532,0.9045361239887396,0.0020487987805863916
maxSW,aparc,0.7,Eigenvector Centrality,rh_superiorfrontal,0.8864925453225189,0.9040564887638235,0.01756394344130463
maxSW,aparc,0.7,Eigenvector Centrality,rh_superiorparietal,0.8942101157741319,0.9187591165859761,0.02454900081184419
maxSW,aparc,0.7,Eigenvector Centrality,rh_superiortemporal,0.8585399779412233,0.8704638452263127,0.011923867285089429
maxSW,aparc,0.7,Eigenvector Centrality,rh_supramarginal,0.9594614179638175,0.966801506936828,0.007340088973010528
maxSW,aparc,0.7,Eigenvector Centrality,rh_temporalpole,0.012848985413220208,0.0025083840900762544,-0.010340601323143954
maxSW,aparc,0.7,Eigenvector Centrality,rh_transversetemporal,0.6717623198708265,0.6539372181540979,-0.017825101716728575
maxSW,aparc,0.7,Node Degree,lh_bankssts,0.8305084745762712,0.7966101694915254,-0.03389830508474578
maxSW,aparc,0.7,Node Degree,lh_caudalanteriorcingulate,0.9152542372881356,0.9152542372881356,0.0
maxSW,aparc,0.7,Node Degree,lh_caudalmiddlefrontal,0.9152542372881356,0.9152542372881356,0.0
maxSW,aparc,0.7,Node Degree,lh_cuneus,0.4915254237288136,0.5084745762711864,0.016949152542372836
maxSW,aparc,0.7,Node Degree,lh_entorhinal,0.6101694915254238,0.423728813559322,-0.18644067796610175
maxSW,aparc,0.7,Node Degree,lh_frontalpole,0.0,0.05084745762711865,0.05084745762711865
maxSW,aparc,0.7,Node Degree,lh_fusiform,0.9491525423728814,0.9322033898305084,-0.016949152542372947
maxSW,aparc,0.7,Node Degree,lh_inferiorparietal,0.9491525423728814,0.9661016949152542,0.016949152542372836
maxSW,aparc,0.7,Node Degree,lh_inferiortemporal,0.8813559322033898,0.847457627118644,-0.03389830508474578
maxSW,aparc,0.7,Node Degree,lh_insula,0.559322033898305,0.5254237288135594,-0.03389830508474567
maxSW,aparc,0.7,Node Degree,lh_isthmuscingulate,0.9491525423728814,0.9491525423728814,0.0
maxSW,aparc,0.7,Node Degree,lh_lateraloccipital,0.847457627118644,0.8135593220338984,-0.03389830508474567
maxSW,aparc,0.7,Node Degree,lh_lateralorbitofrontal,0.9830508474576272,0.9661016949152542,-0.016949152542372947
maxSW,aparc,0.7,Node Degree,lh_lingual,0.7627118644067796,0.7796610169491526,0.016949152542372947
maxSW,aparc,0.7,Node Degree,lh_medialorbitofrontal,0.9491525423728814,0.9661016949152542,0.016949152542372836
maxSW,aparc,0.7,Node Degree,lh_middletemporal,0.7796610169491526,0.7796610169491526,0.0
maxSW,aparc,0.7,Node Degree,lh_paracentral,0.9661016949152542,0.9491525423728814,-0.016949152542372836
maxSW,aparc,0.7,Node Degree,lh_parahippocampal,0.9491525423728814,0.9491525423728814,0.0
maxSW,aparc,0.7,Node Degree,lh_parsopercularis,0.9661016949152542,0.9830508474576272,0.016949152542372947
maxSW,aparc,0.7,Node Degree,lh_parsorbitalis,0.2033898305084746,0.3389830508474576,0.13559322033898302
maxSW,aparc,0.7,Node Degree,lh_parstriangularis,0.9322033898305084,0.9322033898305084,0.0
maxSW,aparc,0.7,Node Degree,lh_pericalcarine,0.03389830508474576,0.01694915254237288,-0.01694915254237288
maxSW,aparc,0.7,Node Degree,lh_postcentral,0.8813559322033898,0.8813559322033898,0.0
maxSW,aparc,0.7,Node Degree,lh_posteriorcingulate,0.9152542372881356,0.9322033898305084,0.016949152542372836
maxSW,aparc,0.7,Node Degree,lh_precentral,0.9661016949152542,0.9491525423728814,-0.016949152542372836
maxSW,aparc,0.7,Node Degree,lh_precuneus,0.9491525423728814,0.9491525423728814,0.0
maxSW,aparc,0.7,Node Degree,lh_rostralanteriorcingulate,0.864406779661017,0.8813559322033898,0.016949152542372836
maxSW,aparc,0.7,Node Degree,lh_rostralmiddlefrontal,0.8983050847457628,0.9322033898305084,0.03389830508474567
maxSW,aparc,0.7,Node Degree,lh_superiorfrontal,0.8813559322033898,0.8813559322033898,0.0
maxSW,aparc,0.7,Node Degree,lh_superiorparietal,0.8983050847457628,0.9322033898305084,0.03389830508474567
maxSW,aparc,0.7,Node Degree,lh_superiortemporal,0.9152542372881356,0.9661016949152542,0.05084745762711862
maxSW,aparc,0.7,Node Degree,lh_supramarginal,0.9830508474576272,1.0,0.016949152542372836
maxSW,aparc,0.7,Node Degree,lh_temporalpole,0.05084745762711865,0.03389830508474576,-0.016949152542372885
maxSW,aparc,0.7,Node Degree,lh_transversetemporal,0.8813559322033898,0.864406779661017,-0.016949152542372836
maxSW,aparc,0.7,Node Degree,rh_bankssts,0.4576271186440678,0.576271186440678,0.11864406779661019
maxSW,aparc,0.7,Node Degree,rh_caudalanteriorcingulate,0.9322033898305084,0.9491525423728814,0.016949152542372947
maxSW,aparc,0.7,Node Degree,rh_caudalmiddlefrontal,0.9491525423728814,0.9322033898305084,-0.016949152542372947
maxSW,aparc,0.7,Node Degree,rh_cuneus,0.4915254237288136,0.4745762711864407,-0.01694915254237289
maxSW,aparc,0.7,Node Degree,rh_entorhinal,0.4067796610169492,0.2711864406779661,-0.13559322033898308
maxSW,aparc,0.7,Node Degree,rh_frontalpole,0.05084745762711865,0.05084745762711865,0.0
maxSW,aparc,0.7,Node Degree,rh_fusiform,0.9322033898305084,0.9322033898305084,0.0
maxSW,aparc,0.7,Node Degree,rh_inferiorparietal,0.9661016949152542,0.9661016949152542,0.0
maxSW,aparc,0.7,Node Degree,rh_inferiortemporal,0.9152542372881356,0.8983050847457628,-0.016949152542372836
maxSW,aparc,0.7,Node Degree,rh_insula,0.5084745762711864,0.576271186440678,0.06779661016949157
maxSW,aparc,0.7,Node Degree,rh_isthmuscingulate,0.9322033898305084,0.9491525423728814,0.016949152542372947
maxSW,aparc,0.7,Node Degree,rh_lateraloccipital,0.8813559322033898,0.8813559322033898,0.0
maxSW,aparc,0.7,Node Degree,rh_lateralorbitofrontal,0.9661016949152542,0.9491525423728814,-0.016949152542372836
maxSW,aparc,0.7,Node Degree,rh_lingual,0.8305084745762712,0.8305084745762712,0.0
maxSW,aparc,0.7,Node Degree,rh_medialorbitofrontal,0.9491525423728814,0.9661016949152542,0.016949152542372836
maxSW,aparc,0.7,Node Degree,rh_middletemporal,0.8305084745762712,0.8135593220338984,-0.016949152542372836
maxSW,aparc,0.7,Node Degree,rh_paracentral,0.9661016949152542,0.9661016949152542,0.0
maxSW,aparc,0.7,Node Degree,rh_parahippocampal,0.9830508474576272,0.9661016949152542,-0.016949152542372947
maxSW,aparc,0.7,Node Degree,rh_parsopercularis,0.9152542372881356,0.9322033898305084,0.016949152542372836
maxSW,aparc,0.7,Node Degree,rh_parsorbitalis,0.4067796610169492,0.5084745762711864,0.10169491525423724
maxSW,aparc,0.7,Node Degree,rh_parstriangularis,0.9491525423728814,0.9491525423728814,0.0
maxSW,aparc,0.7,Node Degree,rh_pericalcarine,0.03389830508474576,0.05084745762711865,0.016949152542372885
maxSW,aparc,0.7,Node Degree,rh_postcentral,0.8983050847457628,0.8305084745762712,-0.06779661016949157
maxSW,aparc,0.7,Node Degree,rh_posteriorcingulate,0.9322033898305084,0.9491525423728814,0.016949152542372947
maxSW,aparc,0.7,Node Degree,rh_precentral,0.9491525423728814,0.9491525423728814,0.0
maxSW,aparc,0.7,Node Degree,rh_precuneus,0.9491525423728814,0.9491525423728814,0.0
maxSW,aparc,0.7,Node Degree,rh_rostralanteriorcingulate,0.9322033898305084,0.847457627118644,-0.0847457627118644
maxSW,aparc,0.7,Node Degree,rh_rostralmiddlefrontal,0.9322033898305084,0.9152542372881356,-0.016949152542372836
maxSW,aparc,0.7,Node Degree,rh_superiorfrontal,0.8983050847457628,0.9152542372881356,0.016949152542372836
maxSW,aparc,0.7,Node Degree,rh_superiorparietal,0.8983050847457628,0.9152542372881356,0.016949152542372836
maxSW,aparc,0.7,Node Degree,rh_superiortemporal,0.9152542372881356,0.9491525423728814,0.03389830508474578
maxSW,aparc,0.7,Node Degree,rh_supramarginal,0.9152542372881356,0.9152542372881356,0.0
maxSW,aparc,0.7,Node Degree,rh_temporalpole,0.05084745762711865,0.01694915254237288,-0.03389830508474577
maxSW,aparc,0.7,Node Degree,rh_transversetemporal,0.847457627118644,0.8305084745762712,-0.016949152542372836
maxSW,aparc,0.8,Participation Coefficient,lh_bankssts,0.7103560834253547,0.9320381342134101,0.22168205078805536
maxSW,aparc,0.8,Participation Coefficient,lh_caudalanteriorcingulate,0.7840499554386999,0.9830206921481218,0.1989707367094219
maxSW,aparc,0.8,Participation Coefficient,lh_caudalmiddlefrontal,0.7865741126130557,0.9772467275230371,0.19067261490998144
maxSW,aparc,0.8,Participation Coefficient,lh_cuneus,0.7211469192817858,0.8925083657019905,0.1713614464202048
maxSW,aparc,0.8,Participation Coefficient,lh_entorhinal,0.8810321912296623,1.0,0.11896780877033775
maxSW,aparc,0.8,Participation Coefficient,lh_frontalpole,0.0,0.0,0.0
maxSW,aparc,0.8,Participation Coefficient,lh_fusiform,0.8043919642541091,0.9872157263414226,0.18282376208731355
maxSW,aparc,0.8,Participation Coefficient,lh_inferiorparietal,0.807663418108507,0.9885788473325,0.18091542922399306
maxSW,aparc,0.8,Participation Coefficient,lh_inferiortemporal,0.8110233270761107,0.9826373299318185,0.17161400285570783
maxSW,aparc,0.8,Participation Coefficient,lh_insula,0.6260869442966377,0.878836285225833,0.2527493409291953
maxSW,aparc,0.8,Participation Coefficient,lh_isthmuscingulate,0.8077021769617655,0.9903497093288155,0.18264753236705
maxSW,aparc,0.8,Participation Coefficient,lh_lateraloccipital,0.8364296850198921,0.9873216490860527,0.15089196406616057
maxSW,aparc,0.8,Participation Coefficient,lh_lateralorbitofrontal,0.8103260784182768,0.9910071611703941,0.18068108275211736
maxSW,aparc,0.8,Participation Coefficient,lh_lingual,0.7810476145395304,0.9431218691975631,0.1620742546580327
maxSW,aparc,0.8,Participation Coefficient,lh_medialorbitofrontal,0.8217185484937003,0.995197050343622,0.17347850184992175
maxSW,aparc,0.8,Participation Coefficient,lh_middletemporal,0.8373853459644403,0.9829769016528154,0.14559155568837512
maxSW,aparc,0.8,Participation Coefficient,lh_paracentral,0.8040347060983294,0.9863991197404243,0.18236441364209488
maxSW,aparc,0.8,Participation Coefficient,lh_parahippocampal,0.8283289322834045,0.9940582270833098,0.16572929479990528
maxSW,aparc,0.8,Participation Coefficient,lh_parsopercularis,0.8185206400943136,0.9921246571087938,0.17360401701448025
maxSW,aparc,0.8,Participation Coefficient,lh_parsorbitalis,0.8640038457276699,0.962380604176474,0.09837675844880411
maxSW,aparc,0.8,Participation Coefficient,lh_parstriangularis,0.8210927261746397,0.9941476513989742,0.17305492522433452
maxSW,aparc,0.8,Participation Coefficient,lh_pericalcarine,0.0,0.0,0.0
maxSW,aparc,0.8,Participation Coefficient,lh_postcentral,0.8305360141093114,0.9883713292297852,0.15783531512047377
maxSW,aparc,0.8,Participation Coefficient,lh_posteriorcingulate,0.7753467794035335,0.9678987640098182,0.19255198460628475
maxSW,aparc,0.8,Participation Coefficient,lh_precentral,0.8077967043917837,0.9866054253024793,0.17880872091069555
maxSW,aparc,0.8,Participation Coefficient,lh_precuneus,0.7723515109965736,0.9675010513804233,0.19514954038384968
maxSW,aparc,0.8,Participation Coefficient,lh_rostralanteriorcingulate,0.7845596927232761,0.991262073798358,0.20670238107508188
maxSW,aparc,0.8,Participation Coefficient,lh_rostralmiddlefrontal,0.8173383264430855,0.9934715159251121,0.1761331894820266
maxSW,aparc,0.8,Participation Coefficient,lh_superiorfrontal,0.8143861187677377,0.9841139274332658,0.16972780866552806
maxSW,aparc,0.8,Participation Coefficient,lh_superiorparietal,0.7973538052424974,0.9865410805870837,0.18918727534458624
maxSW,aparc,0.8,Participation Coefficient,lh_superiortemporal,0.7925234038993944,0.9905266840579743,0.19800328015857993
maxSW,aparc,0.8,Participation Coefficient,lh_supramarginal,0.8149171661420239,0.9919014973629732,0.17698433122094925
maxSW,aparc,0.8,Participation Coefficient,lh_temporalpole,0.0,0.0,0.0
maxSW,aparc,0.8,Participation Coefficient,lh_transversetemporal,0.747925260877461,0.9573414465528586,0.20941618567539755
maxSW,aparc,0.8,Participation Coefficient,rh_bankssts,0.627251651122057,0.9222875780208133,0.29503592689875624
maxSW,aparc,0.8,Participation Coefficient,rh_caudalanteriorcingulate,0.7930364075202689,0.9731474378362164,0.18011103031594744
maxSW,aparc,0.8,Participation Coefficient,rh_caudalmiddlefrontal,0.7905530576517833,0.9862177889867638,0.19566473133498052
maxSW,aparc,0.8,Participation Coefficient,rh_cuneus,0.7857187570841575,0.9222105639800733,0.13649180689591578
maxSW,aparc,0.8,Participation Coefficient,rh_entorhinal,0.8647317973367004,0.9824120175594471,0.11768022022274671
maxSW,aparc,0.8,Participation Coefficient,rh_frontalpole,0.0,0.0,0.0
maxSW,aparc,0.8,Participation Coefficient,rh_fusiform,0.8018098557585539,0.9851238011685087,0.18331394540995483
maxSW,aparc,0.8,Participation Coefficient,rh_inferiorparietal,0.8079554604672393,0.9900980983905279,0.18214263792328855
maxSW,aparc,0.8,Participation Coefficient,rh_inferiortemporal,0.8164009987196643,0.9852393782960231,0.16883837957635883
maxSW,aparc,0.8,Participation Coefficient,rh_insula,0.5777987814201165,0.9033099695793059,0.32551118815918934
maxSW,aparc,0.8,Participation Coefficient,rh_isthmuscingulate,0.8119757143342569,0.9917971648434944,0.1798214505092376
maxSW,aparc,0.8,Participation Coefficient,rh_lateraloccipital,0.8337112226665631,0.9888153973655253,0.1551041746989622
maxSW,aparc,0.8,Participation Coefficient,rh_lateralorbitofrontal,0.808120572365169,0.990150325077048,0.18202975271187904
maxSW,aparc,0.8,Participation Coefficient,rh_lingual,0.8002887644545446,0.9520776145433318,0.15178885008878729
maxSW,aparc,0.8,Participation Coefficient,rh_medialorbitofrontal,0.8259211476026997,0.9963999188605894,0.17047877125788968
maxSW,aparc,0.8,Participation Coefficient,rh_middletemporal,0.8288690758498968,0.987557630552082,0.15868855470218524
maxSW,aparc,0.8,Participation Coefficient,rh_paracentral,0.7980519184961353,0.9871920079941682,0.18914008949803285
maxSW,aparc,0.8,Participation Coefficient,rh_parahippocampal,0.8085269103271009,0.9834861494987567,0.1749592391716558
maxSW,aparc,0.8,Participation Coefficient,rh_parsopercularis,0.8047815730181519,0.9898828570713218,0.18510128405316995
maxSW,aparc,0.8,Participation Coefficient,rh_parsorbitalis,0.8832401617493895,0.9939968107181437,0.11075664896875426
maxSW,aparc,0.8,Participation Coefficient,rh_parstriangularis,0.822150762984711,0.9947410794395712,0.17259031645486023
maxSW,aparc,0.8,Participation Coefficient,rh_pericalcarine,0.0,0.4827984044486842,0.4827984044486842
maxSW,aparc,0.8,Participation Coefficient,rh_postcentral,0.82067203494349,0.981854233145901,0.1611821982024111
maxSW,aparc,0.8,Participation Coefficient,rh_posteriorcingulate,0.7866912105845375,0.9742426454920707,0.18755143490753323
maxSW,aparc,0.8,Participation Coefficient,rh_precentral,0.8044222164523382,0.9863867350618852,0.181964518609547
maxSW,aparc,0.8,Participation Coefficient,rh_precuneus,0.773813206219733,0.9613073556418538,0.18749414942212073
maxSW,aparc,0.8,Participation Coefficient,rh_rostralanteriorcingulate,0.7966668547135022,0.9879708698909133,0.19130401517741114
maxSW,aparc,0.8,Participation Coefficient,rh_rostralmiddlefrontal,0.8172486546205822,0.9920718095816787,0.17482315496109657
maxSW,aparc,0.8,Participation Coefficient,rh_superiorfrontal,0.8190029786576619,0.99934067483406,0.18033769617639805
maxSW,aparc,0.8,Participation Coefficient,rh_superiorparietal,0.8012917008281065,0.9881169629062649,0.18682526207815842
maxSW,aparc,0.8,Participation Coefficient,rh_superiortemporal,0.7996132352772148,0.9915331132395944,0.19191987796237953
maxSW,aparc,0.8,Participation Coefficient,rh_supramarginal,0.8070617662030908,0.9877017048609076,0.1806399386578168
maxSW,aparc,0.8,Participation Coefficient,rh_temporalpole,0.0,0.0,0.0
maxSW,aparc,0.8,Participation Coefficient,rh_transversetemporal,0.7410893302494047,0.9497540892244258,0.20866475897502113
maxSW,aparc,0.8,Node Versatility,lh_bankssts,0.1532108656059644,0.22613333522963383,0.07292246962366944
maxSW,aparc,0.8,Node Versatility,lh_caudalanteriorcingulate,0.19097092091653378,0.413880421123651,0.2229095002071172
maxSW,aparc,0.8,Node Versatility,lh_caudalmiddlefrontal,0.3427775819004703,0.28820363942638105,-0.054573942474089254
maxSW,aparc,0.8,Node Versatility,lh_cuneus,0.07780743386115108,0.05615246659139165,-0.021654967269759427
maxSW,aparc,0.8,Node Versatility,lh_entorhinal,0.37496240756525484,0.13177940100910285,-0.243183006556152
maxSW,aparc,0.8,Node Versatility,lh_frontalpole,0.896713302754846,1.0,0.10328669724515405
maxSW,aparc,0.8,Node Versatility,lh_fusiform,0.2862537100157239,0.18746604551488588,-0.09878766450083803
maxSW,aparc,0.8,Node Versatility,lh_inferiorparietal,0.198401318826132,0.1035100014443073,-0.09489131738182469
maxSW,aparc,0.8,Node Versatility,lh_inferiortemporal,0.34060704982444173,0.11423826500867362,-0.2263687848157681
maxSW,aparc,0.8,Node Versatility,lh_insula,0.1532108656059644,0.22613333522963383,0.07292246962366944
maxSW,aparc,0.8,Node Versatility,lh_isthmuscingulate,0.19746977360570425,0.15411313736949853,-0.043356636236205726
maxSW,aparc,0.8,Node Versatility,lh_lateraloccipital,0.07780743386115108,0.0,-0.07780743386115108
maxSW,aparc,0.8,Node Versatility,lh_lateralorbitofrontal,0.04260125773499355,0.005976935830951871,-0.036624321904041676
maxSW,aparc,0.8,Node Versatility,lh_lingual,0.11810071444426683,0.071248175617665,-0.04685253882660183
maxSW,aparc,0.8,Node Versatility,lh_medialorbitofrontal,0.009370373328759864,0.1650154120467468,0.15564503871798693
maxSW,aparc,0.8,Node Versatility,lh_middletemporal,0.37496240756525484,0.11427117379815173,-0.2606912337671031
maxSW,aparc,0.8,Node Versatility,lh_paracentral,0.009370373328759864,0.0,-0.009370373328759864
maxSW,aparc,0.8,Node Versatility,lh_parahippocampal,0.5273106832694553,0.4074443326358483,-0.11986635063360701
maxSW,aparc,0.8,Node Versatility,lh_parsopercularis,0.3043899035036595,0.3992731501356555,0.09488324663199599
maxSW,aparc,0.8,Node Versatility,lh_parsorbitalis,0.2887980739345801,0.44465253796433796,0.15585446402975783
maxSW,aparc,0.8,Node Versatility,lh_parstriangularis,0.02345836406091913,0.07168563046563317,0.048227266404714045
maxSW,aparc,0.8,Node Versatility,lh_pericalcarine,0.6178668709156501,0.09535855657481745,-0.5225083143408327
maxSW,aparc,0.8,Node Versatility,lh_postcentral,0.07780743386115108,0.0,-0.07780743386115108
maxSW,aparc,0.8,Node Versatility,lh_posteriorcingulate,0.3850127888871477,0.38965441275382845,0.004641623866680766
maxSW,aparc,0.8,Node Versatility,lh_precentral,0.20325959585224276,0.15486407919604986,-0.048395516656192905
maxSW,aparc,0.8,Node Versatility,lh_precuneus,0.17830730090342803,0.4759775815642399,0.2976702806608119
maxSW,aparc,0.8,Node Versatility,lh_rostralanteriorcingulate,0.47258693602432544,0.645363279813073,0.1727763437887475
maxSW,aparc,0.8,Node Versatility,lh_rostralmiddlefrontal,0.02345836406091913,0.30916086619614297,0.28570250213522386
maxSW,aparc,0.8,Node Versatility,lh_superiorfrontal,0.3027654974901457,0.11423826500867362,-0.18852723248147207
maxSW,aparc,0.8,Node Versatility,lh_superiorparietal,0.32153167524102155,0.0,-0.32153167524102155
maxSW,aparc,0.8,Node Versatility,lh_superiortemporal,0.03787463115007056,0.2263716026291465,0.18849697147907593
maxSW,aparc,0.8,Node Versatility,lh_supramarginal,0.12517124509532856,0.3427254374749141,0.2175541923795855
maxSW,aparc,0.8,Node Versatility,lh_temporalpole,0.8934328435246351,1.0,0.10656715647536485
maxSW,aparc,0.8,Node Versatility,lh_transversetemporal,0.1527765132621179,0.2455624483690201,0.0927859351069022
maxSW,aparc,0.8,Node Versatility,rh_bankssts,0.1532108656059644,0.22613333522963383,0.07292246962366944
maxSW,aparc,0.8,Node Versatility,rh_caudalanteriorcingulate,0.19097092091653378,0.4081239039748557,0.21715298305832192
maxSW,aparc,0.8,Node Versatility,rh_caudalmiddlefrontal,0.21768909016033317,0.2700763853937077,0.05238729523337454
maxSW,aparc,0.8,Node Versatility,rh_cuneus,0.07780743386115108,0.05615246659139165,-0.021654967269759427
maxSW,aparc,0.8,Node Versatility,rh_entorhinal,0.37496240756525484,0.13177940100910285,-0.243183006556152
maxSW,aparc,0.8,Node Versatility,rh_frontalpole,0.896713302754846,1.0,0.10328669724515405
maxSW,aparc,0.8,Node Versatility,rh_fusiform,0.19390960901868654,0.2834490695690454,0.08953946055035888
maxSW,aparc,0.8,Node Versatility,rh_inferiorparietal,0.198401318826132,0.1035100014443073,-0.09489131738182469
maxSW,aparc,0.8,Node Versatility,rh_inferiortemporal,0.03787463115007056,0.11423826500867362,0.07636363385860306
maxSW,aparc,0.8,Node Versatility,rh_insula,0.1532108656059644,0.22613333522963383,0.07292246962366944
maxSW,aparc,0.8,Node Versatility,rh_isthmuscingulate,0.18878661519965673,0.15411313736949853,-0.0346734778301582
maxSW,aparc,0.8,Node Versatility,rh_lateraloccipital,0.07780743386115108,0.0,-0.07780743386115108
maxSW,aparc,0.8,Node Versatility,rh_lateralorbitofrontal,0.04260125773499355,0.005976935830951871,-0.036624321904041676
maxSW,aparc,0.8,Node Versatility,rh_lingual,0.11810071444426683,0.071248175617665,-0.04685253882660183
maxSW,aparc,0.8,Node Versatility,rh_medialorbitofrontal,0.009370373328759864,0.0,-0.009370373328759864
maxSW,aparc,0.8,Node Versatility,rh_middletemporal,0.3975295696495309,0.11427117379815173,-0.2832583958513792
maxSW,aparc,0.8,Node Versatility,rh_paracentral,0.009370373328759864,0.07467139094457406,0.0653010176158142
maxSW,aparc,0.8,Node Versatility,rh_parahippocampal,0.3630043983961584,0.10088227797457568,-0.2621221204215827
maxSW,aparc,0.8,Node Versatility,rh_parsopercularis,0.40278046103768717,0.33445704657011727,-0.0683234144675699
maxSW,aparc,0.8,Node Versatility,rh_parsorbitalis,0.2887980739345801,0.44465253796433796,0.15585446402975783
maxSW,aparc,0.8,Node Versatility,rh_parstriangularis,0.02345836406091913,0.07168563046563317,0.048227266404714045
maxSW,aparc,0.8,Node Versatility,rh_pericalcarine,0.6178668709156501,0.09535855657481745,-0.5225083143408327
maxSW,aparc,0.8,Node Versatility,rh_postcentral,0.07780743386115108,0.0,-0.07780743386115108
maxSW,aparc,0.8,Node Versatility,rh_posteriorcingulate,0.1790446446682363,0.38965441275382845,0.21060976808559215
maxSW,aparc,0.8,Node Versatility,rh_precentral,0.34795634931847985,0.1551249964037808,-0.19283135291469905
maxSW,aparc,0.8,Node Versatility,rh_precuneus,0.41380561067701405,0.47821267108728066,0.06440706041026661
maxSW,aparc,0.8,Node Versatility,rh_rostralanteriorcingulate,0.3745517293529677,0.7074139602309438,0.3328622308779761
maxSW,aparc,0.8,Node Versatility,rh_rostralmiddlefrontal,0.15012777995795523,0.07168563046563317,-0.07844214949232206
maxSW,aparc,0.8,Node Versatility,rh_superiorfrontal,0.03787463115007056,0.32376615267516257,0.285891521525092
maxSW,aparc,0.8,Node Versatility,rh_superiorparietal,0.07780743386115108,0.0,-0.07780743386115108
maxSW,aparc,0.8,Node Versatility,rh_superiortemporal,0.03787463115007056,0.2263716026291465,0.18849697147907593
maxSW,aparc,0.8,Node Versatility,rh_supramarginal,0.35546948447230625,0.11956375572091152,-0.23590572875139473
maxSW,aparc,0.8,Node Versatility,rh_temporalpole,0.8934328435246351,0.998152956772169,0.10472011324753383
maxSW,aparc,0.8,Node Versatility,rh_transversetemporal,0.1527765132621179,0.2455624483690201,0.0927859351069022
maxSW,aparc,0.8,Node Strength,lh_bankssts,0.6590379032079111,0.64199602313872,-0.017041880069191162
maxSW,aparc,0.8,Node Strength,lh_caudalanteriorcingulate,0.8110589581178955,0.8343826054700589,0.023323647352163412
maxSW,aparc,0.8,Node Strength,lh_caudalmiddlefrontal,0.9387724521708797,0.9359607576736158,-0.002811694497263928
maxSW,aparc,0.8,Node Strength,lh_cuneus,0.5289498531849973,0.5189753222018794,-0.009974530983117957
maxSW,aparc,0.8,Node Strength,lh_entorhinal,0.5895018253959928,0.4973925137880247,-0.09210931160796815
maxSW,aparc,0.8,Node Strength,lh_frontalpole,0.006990491587603341,0.012859329227076038,0.005868837639472697
maxSW,aparc,0.8,Node Strength,lh_fusiform,0.9644356578703337,0.9690950993028479,0.0046594414325141775
maxSW,aparc,0.8,Node Strength,lh_inferiorparietal,0.995002189734484,0.9861457062002371,-0.00885648353424684
maxSW,aparc,0.8,Node Strength,lh_inferiortemporal,0.8965199394775648,0.8553962464175664,-0.04112369305999841
maxSW,aparc,0.8,Node Strength,lh_insula,0.5437544958211297,0.5110165751831074,-0.03273792063802228
maxSW,aparc,0.8,Node Strength,lh_isthmuscingulate,0.8946524819968966,0.9122231004351312,0.017570618438234598
maxSW,aparc,0.8,Node Strength,lh_lateraloccipital,0.8033633122675522,0.8155190879448481,0.012155775677295866
maxSW,aparc,0.8,Node Strength,lh_lateralorbitofrontal,0.9831478938918923,0.9771403520060783,-0.006007541885813983
maxSW,aparc,0.8,Node Strength,lh_lingual,0.7378397707319062,0.7308049829744784,-0.0070347877574278295
maxSW,aparc,0.8,Node Strength,lh_medialorbitofrontal,0.9475066111277509,0.9331897374911342,-0.014316873636616712
maxSW,aparc,0.8,Node Strength,lh_middletemporal,0.6928342736867171,0.7087936125803641,0.01595933889364698
maxSW,aparc,0.8,Node Strength,lh_paracentral,0.9270159110042877,0.9212875194815572,-0.005728391522730525
maxSW,aparc,0.8,Node Strength,lh_parahippocampal,0.8378569813687549,0.8509301162038466,0.01307313483509176
maxSW,aparc,0.8,Node Strength,lh_parsopercularis,0.9631998117822279,0.9683321408495055,0.0051323290672775634
maxSW,aparc,0.8,Node Strength,lh_parsorbitalis,0.39009921239206297,0.4649263314387346,0.07482711904667161
maxSW,aparc,0.8,Node Strength,lh_parstriangularis,0.945977566677616,0.953786671133427,0.007809104455810956
maxSW,aparc,0.8,Node Strength,lh_pericalcarine,0.0017522504418493112,0.0,-0.0017522504418493112
maxSW,aparc,0.8,Node Strength,lh_postcentral,0.8506296000020407,0.8521707776463099,0.0015411776442691982
maxSW,aparc,0.8,Node Strength,lh_posteriorcingulate,0.897938597927019,0.8924797618519411,-0.005458836075077911
maxSW,aparc,0.8,Node Strength,lh_precentral,0.9793218504040785,0.9744156546209759,-0.004906195783102585
maxSW,aparc,0.8,Node Strength,lh_precuneus,0.9461604343480426,0.9491899803200778,0.003029545972035197
maxSW,aparc,0.8,Node Strength,lh_rostralanteriorcingulate,0.7750870650513538,0.7644174869762257,-0.010669578075128139
maxSW,aparc,0.8,Node Strength,lh_rostralmiddlefrontal,0.9099901392188476,0.9233848318339158,0.013394692615068204
maxSW,aparc,0.8,Node Strength,lh_superiorfrontal,0.9057232181038926,0.8960402988295683,-0.009682919274324298
maxSW,aparc,0.8,Node Strength,lh_superiorparietal,0.9230869878483562,0.9530072871040532,0.029920299255697058
maxSW,aparc,0.8,Node Strength,lh_superiortemporal,0.8642920164111847,0.8615732643031294,-0.002718752108055278
maxSW,aparc,0.8,Node Strength,lh_supramarginal,0.9874848925575034,0.9833206804965461,-0.004164212060957295
maxSW,aparc,0.8,Node Strength,lh_temporalpole,0.04883624315997503,0.00813020990664459,-0.040706033253330436
maxSW,aparc,0.8,Node Strength,lh_transversetemporal,0.7304573523758886,0.7195203214316371,-0.010937030944251469
maxSW,aparc,0.8,Node Strength,rh_bankssts,0.5186051084016688,0.5833458067018861,0.06474069830021723
maxSW,aparc,0.8,Node Strength,rh_caudalanteriorcingulate,0.8252448328248766,0.8069156554010328,-0.018329177423843768
maxSW,aparc,0.8,Node Strength,rh_caudalmiddlefrontal,0.9603308498753824,0.9760767025827488,0.015745852707366392
maxSW,aparc,0.8,Node Strength,rh_cuneus,0.5484110390429602,0.5270795438031795,-0.02133149523978073
maxSW,aparc,0.8,Node Strength,rh_entorhinal,0.5334443658250688,0.4472061133079082,-0.08623825251716061
maxSW,aparc,0.8,Node Strength,rh_frontalpole,0.011794518690739525,0.01265576977269732,0.0008612510819577951
maxSW,aparc,0.8,Node Strength,rh_fusiform,0.9467701323430475,0.9601906998315717,0.01342056748852416
maxSW,aparc,0.8,Node Strength,rh_inferiorparietal,0.9995764963160058,1.0,0.0004235036839942419
maxSW,aparc,0.8,Node Strength,rh_inferiortemporal,0.9343781852735263,0.8836517945849286,-0.050726390688597744
maxSW,aparc,0.8,Node Strength,rh_insula,0.49390876093508634,0.5308364011844346,0.036927640249348304
maxSW,aparc,0.8,Node Strength,rh_isthmuscingulate,0.8918398223429546,0.8964474019812863,0.004607579638331694
maxSW,aparc,0.8,Node Strength,rh_lateraloccipital,0.8412239718176837,0.8694859367161535,0.02826196489846977
maxSW,aparc,0.8,Node Strength,rh_lateralorbitofrontal,0.9906419486565615,0.9836799397550544,-0.006962008901507111
maxSW,aparc,0.8,Node Strength,rh_lingual,0.7484885535779313,0.7593062314007842,0.010817677822852922
maxSW,aparc,0.8,Node Strength,rh_medialorbitofrontal,0.9296341121591407,0.9177721660624255,-0.011861946096715204
maxSW,aparc,0.8,Node Strength,rh_middletemporal,0.7764854278471681,0.7625175070182856,-0.01396792082888254
maxSW,aparc,0.8,Node Strength,rh_paracentral,0.9365981154454001,0.918643021433321,-0.017955094012079065
maxSW,aparc,0.8,Node Strength,rh_parahippocampal,0.8672155830781973,0.8513472466196325,-0.01586833645856489
maxSW,aparc,0.8,Node Strength,rh_parsopercularis,0.9578349830887274,0.9450634553586446,-0.012771527730082832
maxSW,aparc,0.8,Node Strength,rh_parsorbitalis,0.5128126164394359,0.539680318169329,0.026867701729893168
maxSW,aparc,0.8,Node Strength,rh_parstriangularis,0.9440989892855498,0.9325981645826155,-0.011500824702934342
maxSW,aparc,0.8,Node Strength,rh_pericalcarine,0.0024725338185832926,0.10534042293181703,0.10286788911323373
maxSW,aparc,0.8,Node Strength,rh_postcentral,0.8611256455578261,0.8170181274836914,-0.04410751807413471
maxSW,aparc,0.8,Node Strength,rh_posteriorcingulate,0.901501285776916,0.8981263577186711,-0.003374928058244908
maxSW,aparc,0.8,Node Strength,rh_precentral,0.954083937128799,0.9675426515075953,0.01345871437879631
maxSW,aparc,0.8,Node Strength,rh_precuneus,0.9364278261794122,0.923948866290744,-0.012478959888668206
maxSW,aparc,0.8,Node Strength,rh_rostralanteriorcingulate,0.8144244202388986,0.7749931583189508,-0.039431261919947835
maxSW,aparc,0.8,Node Strength,rh_rostralmiddlefrontal,0.9137721834068125,0.9163378234575871,0.0025656400507745314
maxSW,aparc,0.8,Node Strength,rh_superiorfrontal,0.9323754841452967,0.9305322539223336,-0.001843230222963066
maxSW,aparc,0.8,Node Strength,rh_superiorparietal,0.9067189350511445,0.9435168550320626,0.03679791998091808
maxSW,aparc,0.8,Node Strength,rh_superiortemporal,0.8742510602778222,0.866500619998484,-0.007750440279338133
maxSW,aparc,0.8,Node Strength,rh_supramarginal,0.97555970288361,0.9773840673816233,0.0018243644980132645
maxSW,aparc,0.8,Node Strength,rh_temporalpole,0.08935824370309335,0.04786022343623894,-0.04149802026685441
maxSW,aparc,0.8,Node Strength,rh_transversetemporal,0.6790659891015295,0.666615817777703,-0.012450171323826531
maxSW,aparc,0.8,Local Efficiency,lh_bankssts,0.6701154894560604,0.6063607192203803,-0.0637547702356801
maxSW,aparc,0.8,Local Efficiency,lh_caudalanteriorcingulate,0.7746882218577305,0.7687240932483969,-0.0059641286093335966
maxSW,aparc,0.8,Local Efficiency,lh_caudalmiddlefrontal,0.9454597708815771,0.9317703626457793,-0.013689408235797784
maxSW,aparc,0.8,Local Efficiency,lh_cuneus,0.5237316148006586,0.5347373863902136,0.011005771589555069
maxSW,aparc,0.8,Local Efficiency,lh_entorhinal,0.4008830474083662,0.389102733785567,-0.011780313622799243
maxSW,aparc,0.8,Local Efficiency,lh_frontalpole,0.28983122039996745,0.37725791001756837,0.08742668961760092
maxSW,aparc,0.8,Local Efficiency,lh_fusiform,0.9414208636548181,0.9447326824397692,0.003311818784951015
maxSW,aparc,0.8,Local Efficiency,lh_inferiorparietal,0.9895988675057267,0.971307505891742,-0.018291361613984702
maxSW,aparc,0.8,Local Efficiency,lh_inferiortemporal,0.8062196820151503,0.8280590440545114,0.0218393620393611
maxSW,aparc,0.8,Local Efficiency,lh_insula,0.5679494215112103,0.556168094260575,-0.011781327250635298
maxSW,aparc,0.8,Local Efficiency,lh_isthmuscingulate,0.8333198540876641,0.8572756277105139,0.02395577362284984
maxSW,aparc,0.8,Local Efficiency,lh_lateraloccipital,0.7772463398365398,0.6998347348904644,-0.07741160494607535
maxSW,aparc,0.8,Local Efficiency,lh_lateralorbitofrontal,0.9732423766504914,0.9583452553006947,-0.014897121349796705
maxSW,aparc,0.8,Local Efficiency,lh_lingual,0.6431178190159647,0.7042209414172973,0.061103122401332643
maxSW,aparc,0.8,Local Efficiency,lh_medialorbitofrontal,0.9159620399088755,0.8891703526597731,-0.026791687249102414
maxSW,aparc,0.8,Local Efficiency,lh_middletemporal,0.6542271904630347,0.7028070632367707,0.04857987277373599
maxSW,aparc,0.8,Local Efficiency,lh_paracentral,0.8818088853009153,0.8673539188557323,-0.01445496644518296
maxSW,aparc,0.8,Local Efficiency,lh_parahippocampal,0.7423177529910424,0.7591412140544005,0.01682346106335808
maxSW,aparc,0.8,Local Efficiency,lh_parsopercularis,0.9390353062582023,0.9432471668691982,0.004211860610995877
maxSW,aparc,0.8,Local Efficiency,lh_parsorbitalis,0.20877647140544187,0.2720596237384546,0.06328315233301274
maxSW,aparc,0.8,Local Efficiency,lh_parstriangularis,0.912211476055739,0.9198510809477901,0.007639604892051066
maxSW,aparc,0.8,Local Efficiency,lh_pericalcarine,0.5005096750045119,0.49129294126206446,-0.00921673374244747
maxSW,aparc,0.8,Local Efficiency,lh_postcentral,0.8628020745026737,0.7651699806628697,-0.09763209383980398
maxSW,aparc,0.8,Local Efficiency,lh_posteriorcingulate,0.9212434509987321,0.9476966195914028,0.026453168592670773
maxSW,aparc,0.8,Local Efficiency,lh_precentral,0.9652285625830369,0.9533809064551381,-0.011847656127898842
maxSW,aparc,0.8,Local Efficiency,lh_precuneus,1.0,0.9813641400319094,-0.018635859968090585
maxSW,aparc,0.8,Local Efficiency,lh_rostralanteriorcingulate,0.7006911733507245,0.6810673570135534,-0.01962381633717114
maxSW,aparc,0.8,Local Efficiency,lh_rostralmiddlefrontal,0.8541061923394024,0.8698166795278517,0.01571048718844925
maxSW,aparc,0.8,Local Efficiency,lh_superiorfrontal,0.8212845965875234,0.857628825709629,0.036344229122105554
maxSW,aparc,0.8,Local Efficiency,lh_superiorparietal,0.9160337093834306,0.8602742945965438,-0.05575941478688684
maxSW,aparc,0.8,Local Efficiency,lh_superiortemporal,0.8506043718271546,0.8425073520128652,-0.008097019814289452
maxSW,aparc,0.8,Local Efficiency,lh_supramarginal,0.9766634516083387,0.9656285246348864,-0.01103492697345232
maxSW,aparc,0.8,Local Efficiency,lh_temporalpole,0.09139750930399253,0.29875158099471893,0.2073540716907264
maxSW,aparc,0.8,Local Efficiency,lh_transversetemporal,0.7007779963442485,0.678661094679397,-0.022116901664851585
maxSW,aparc,0.8,Local Efficiency,rh_bankssts,0.5143756881573338,0.5390629300519124,0.024687241894578604
maxSW,aparc,0.8,Local Efficiency,rh_caudalanteriorcingulate,0.7990871860537512,0.7456577120096032,-0.053429474044147995
maxSW,aparc,0.8,Local Efficiency,rh_caudalmiddlefrontal,0.9803687725275791,0.9543874948042541,-0.025981277723325036
maxSW,aparc,0.8,Local Efficiency,rh_cuneus,0.5767704971419442,0.5618547556371977,-0.014915741504746505
maxSW,aparc,0.8,Local Efficiency,rh_entorhinal,0.3708044419649592,0.37479105366618887,0.003986611701229659
maxSW,aparc,0.8,Local Efficiency,rh_frontalpole,0.368499298585924,0.37283148543467404,0.00433218684875003
maxSW,aparc,0.8,Local Efficiency,rh_fusiform,0.9142177091095108,0.9316289170518289,0.017411207942318097
maxSW,aparc,0.8,Local Efficiency,rh_inferiorparietal,0.9964843737597846,0.9925218461930089,-0.003962527566775731
maxSW,aparc,0.8,Local Efficiency,rh_inferiortemporal,0.8327239177245811,0.8381282935915811,0.005404375867000044
maxSW,aparc,0.8,Local Efficiency,rh_insula,0.5490287726015135,0.5415839267970587,-0.007444845804454814
maxSW,aparc,0.8,Local Efficiency,rh_isthmuscingulate,0.827647332115342,0.8317042587318095,0.004056926616467504
maxSW,aparc,0.8,Local Efficiency,rh_lateraloccipital,0.8458533938339057,0.7945769793224714,-0.051276414511434276
maxSW,aparc,0.8,Local Efficiency,rh_lateralorbitofrontal,0.9839991792668272,0.9679033916714233,-0.016095787595403976
maxSW,aparc,0.8,Local Efficiency,rh_lingual,0.7056597993099653,0.7266306564290318,0.020970857119066544
maxSW,aparc,0.8,Local Efficiency,rh_medialorbitofrontal,0.9264359089331571,0.9018280091928127,-0.024607899740344386
maxSW,aparc,0.8,Local Efficiency,rh_middletemporal,0.6783497741743916,0.7000964249626944,0.021746650788302846
maxSW,aparc,0.8,Local Efficiency,rh_paracentral,0.8977987640679433,0.8634457308828473,-0.03435303318509608
maxSW,aparc,0.8,Local Efficiency,rh_parahippocampal,0.832862557585502,0.7971287966463633,-0.035733760939138715
maxSW,aparc,0.8,Local Efficiency,rh_parsopercularis,0.9308451926248905,0.9062899585927138,-0.024555234032176743
maxSW,aparc,0.8,Local Efficiency,rh_parsorbitalis,0.31425208240328223,0.3225117043200422,0.008259621916759996
maxSW,aparc,0.8,Local Efficiency,rh_parstriangularis,0.9087514225546052,0.8865633498395051,-0.022188072715100038
maxSW,aparc,0.8,Local Efficiency,rh_pericalcarine,0.5161818421730228,0.22375314185149087,-0.2924287003215319
maxSW,aparc,0.8,Local Efficiency,rh_postcentral,0.8882470059594305,0.7427359150193694,-0.1455110909400611
maxSW,aparc,0.8,Local Efficiency,rh_posteriorcingulate,0.8862653927052639,0.9155925522304234,0.029327159525159407
maxSW,aparc,0.8,Local Efficiency,rh_precentral,0.9715988655978625,0.9423448839482762,-0.029253981649586258
maxSW,aparc,0.8,Local Efficiency,rh_precuneus,0.9840204766191818,0.9824811102556764,-0.001539366363505379
maxSW,aparc,0.8,Local Efficiency,rh_rostralanteriorcingulate,0.7714835843837925,0.6995159667736327,-0.0719676176101598
maxSW,aparc,0.8,Local Efficiency,rh_rostralmiddlefrontal,0.8620664095374461,0.8613330928169249,-0.0007333167205211266
maxSW,aparc,0.8,Local Efficiency,rh_superiorfrontal,0.8287456795222988,0.8768470155072833,0.04810133598498445
maxSW,aparc,0.8,Local Efficiency,rh_superiorparietal,0.8883727654586311,0.8449917594287103,-0.04338100602992079
maxSW,aparc,0.8,Local Efficiency,rh_superiortemporal,0.8302648651556285,0.8517219350907774,0.021457069935148954
maxSW,aparc,0.8,Local Efficiency,rh_supramarginal,0.9578740887032056,0.9559989228219302,-0.0018751658812753424
maxSW,aparc,0.8,Local Efficiency,rh_temporalpole,0.08949295295038441,0.0,-0.08949295295038441
maxSW,aparc,0.8,Local Efficiency,rh_transversetemporal,0.6381468251933299,0.6119513810111993,-0.0261954441821306
maxSW,aparc,0.8,Clustering Coefficient,lh_bankssts,0.7561701636211278,0.6883238554020498,-0.067846308219078
maxSW,aparc,0.8,Clustering Coefficient,lh_caudalanteriorcingulate,0.8215968566004822,0.808288102200576,-0.013308754399906197
maxSW,aparc,0.8,Clustering Coefficient,lh_caudalmiddlefrontal,0.9517065920048267,0.9367129940018929,-0.014993598002933761
maxSW,aparc,0.8,Clustering Coefficient,lh_cuneus,0.5942262271635259,0.6082911396633548,0.014064912499828885
maxSW,aparc,0.8,Clustering Coefficient,lh_entorhinal,0.49476337716024793,0.5116819937838128,0.01691861662356492
maxSW,aparc,0.8,Clustering Coefficient,lh_frontalpole,0.46343340461566973,0.5332813310888666,0.06984792647319682
maxSW,aparc,0.8,Clustering Coefficient,lh_fusiform,0.9395524991870566,0.9406886679333148,0.0011361687462582148
maxSW,aparc,0.8,Clustering Coefficient,lh_inferiorparietal,0.977403315768082,0.961546998347386,-0.015856317420696042
maxSW,aparc,0.8,Clustering Coefficient,lh_inferiortemporal,0.8191508189302666,0.8600194099796336,0.04086859104936691
maxSW,aparc,0.8,Clustering Coefficient,lh_insula,0.6821924633640922,0.6747850329651608,-0.007407430398931436
maxSW,aparc,0.8,Clustering Coefficient,lh_isthmuscingulate,0.8537620126371077,0.8709360898427652,0.017174077205657445
maxSW,aparc,0.8,Clustering Coefficient,lh_lateraloccipital,0.8225563342419473,0.7371742615695789,-0.08538207267236841
maxSW,aparc,0.8,Clustering Coefficient,lh_lateralorbitofrontal,0.9641195322216338,0.951053427286661,-0.013066104934972844
maxSW,aparc,0.8,Clustering Coefficient,lh_lingual,0.6805099846370117,0.7384837905569919,0.05797380591998014
maxSW,aparc,0.8,Clustering Coefficient,lh_medialorbitofrontal,0.9185238948629467,0.8955677669257657,-0.022956127937181048
maxSW,aparc,0.8,Clustering Coefficient,lh_middletemporal,0.6960623607999832,0.7524931025487039,0.05643074174872076
maxSW,aparc,0.8,Clustering Coefficient,lh_paracentral,0.8919669128635114,0.878720044264251,-0.013246868599260386
maxSW,aparc,0.8,Clustering Coefficient,lh_parahippocampal,0.7819452223145272,0.7936425091536757,0.011697286839148502
maxSW,aparc,0.8,Clustering Coefficient,lh_parsopercularis,0.9375130897573036,0.9394262926497638,0.0019132028924602196
maxSW,aparc,0.8,Clustering Coefficient,lh_parsorbitalis,0.291361578094476,0.3445191816244084,0.05315760352993243
maxSW,aparc,0.8,Clustering Coefficient,lh_parstriangularis,0.9166192941939701,0.92100509964689,0.004385805452919889
maxSW,aparc,0.8,Clustering Coefficient,lh_pericalcarine,0.6317510347474915,0.6243874968669962,-0.007363537880495263
maxSW,aparc,0.8,Clustering Coefficient,lh_postcentral,0.8904354060246317,0.7885245773878529,-0.1019108286367788
maxSW,aparc,0.8,Clustering Coefficient,lh_posteriorcingulate,0.9376058406418873,0.9603749070376322,0.02276906639574483
maxSW,aparc,0.8,Clustering Coefficient,lh_precentral,0.9583197741281491,0.9472824723237888,-0.011037301804360244
maxSW,aparc,0.8,Clustering Coefficient,lh_precuneus,1.0,0.9671718172629792,-0.03282818273702082
maxSW,aparc,0.8,Clustering Coefficient,lh_rostralanteriorcingulate,0.7588887373640063,0.7437497006685032,-0.015139036695503094
maxSW,aparc,0.8,Clustering Coefficient,lh_rostralmiddlefrontal,0.8711807460701303,0.8819434673681158,0.0107627212979855
maxSW,aparc,0.8,Clustering Coefficient,lh_superiorfrontal,0.8309067158714574,0.8778963901134108,0.04698967424195344
maxSW,aparc,0.8,Clustering Coefficient,lh_superiorparietal,0.9278548422618782,0.8558681940317486,-0.07198664823012957
maxSW,aparc,0.8,Clustering Coefficient,lh_superiortemporal,0.8781482970945858,0.8721317370151758,-0.006016560079409983
maxSW,aparc,0.8,Clustering Coefficient,lh_supramarginal,0.9674015583058827,0.9572006272050017,-0.01020093110088105
maxSW,aparc,0.8,Clustering Coefficient,lh_temporalpole,0.15634710493846643,0.47056016068594864,0.3142130557474822
maxSW,aparc,0.8,Clustering Coefficient,lh_transversetemporal,0.7688386285532587,0.7519429423544924,-0.016895686198766247
maxSW,aparc,0.8,Clustering Coefficient,rh_bankssts,0.6401247985738125,0.6550752586411953,0.014950460067382765
maxSW,aparc,0.8,Clustering Coefficient,rh_caudalanteriorcingulate,0.8409132989873203,0.7820256110362935,-0.058887687951026724
maxSW,aparc,0.8,Clustering Coefficient,rh_caudalmiddlefrontal,0.9791967579489053,0.9487083890358778,-0.03048836891302742
maxSW,aparc,0.8,Clustering Coefficient,rh_cuneus,0.6885903439193729,0.6572496063989399,-0.03134073752043298
maxSW,aparc,0.8,Clustering Coefficient,rh_entorhinal,0.47632523810995014,0.5033202189850743,0.02699498087512414
maxSW,aparc,0.8,Clustering Coefficient,rh_frontalpole,0.5262838015019562,0.5297449215535466,0.003461120051590383
maxSW,aparc,0.8,Clustering Coefficient,rh_fusiform,0.9180841237317708,0.9302713546172335,0.012187230885462697
maxSW,aparc,0.8,Clustering Coefficient,rh_inferiorparietal,0.9829001301501793,0.9782134708515312,-0.004686659298648088
maxSW,aparc,0.8,Clustering Coefficient,rh_inferiortemporal,0.8344709290937731,0.8624437788331972,0.027972849739424155
maxSW,aparc,0.8,Clustering Coefficient,rh_insula,0.6705144647289344,0.6599335780440418,-0.010580886684892543
maxSW,aparc,0.8,Clustering Coefficient,rh_isthmuscingulate,0.8493913799614254,0.8506776959819604,0.0012863160205349722
maxSW,aparc,0.8,Clustering Coefficient,rh_lateraloccipital,0.8769238295326587,0.8117392902582582,-0.06518453927440049
maxSW,aparc,0.8,Clustering Coefficient,rh_lateralorbitofrontal,0.9727847927904371,0.9586753268863127,-0.014109465904124319
maxSW,aparc,0.8,Clustering Coefficient,rh_lingual,0.7347237076875255,0.7553210173235484,0.02059730963602291
maxSW,aparc,0.8,Clustering Coefficient,rh_medialorbitofrontal,0.9319820392466023,0.9102037849883587,-0.021778254258243535
maxSW,aparc,0.8,Clustering Coefficient,rh_middletemporal,0.7094017314058215,0.7434542750848867,0.034052543679065184
maxSW,aparc,0.8,Clustering Coefficient,rh_paracentral,0.9046570710777209,0.8759343601105809,-0.028722710967139964
maxSW,aparc,0.8,Clustering Coefficient,rh_parahippocampal,0.8617869862257842,0.8299504478052789,-0.03183653842050527
maxSW,aparc,0.8,Clustering Coefficient,rh_parsopercularis,0.9315425728713244,0.9105937855855031,-0.02094878728582128
maxSW,aparc,0.8,Clustering Coefficient,rh_parsorbitalis,0.38586798327651556,0.39219074326853665,0.0063227599920210875
maxSW,aparc,0.8,Clustering Coefficient,rh_parstriangularis,0.913972989425516,0.8948179087171648,-0.019155080708351147
maxSW,aparc,0.8,Clustering Coefficient,rh_pericalcarine,0.6442720210143836,0.31422384266805686,-0.33004817834632677
maxSW,aparc,0.8,Clustering Coefficient,rh_postcentral,0.9148492977899468,0.7768301624277176,-0.1380191353622292
maxSW,aparc,0.8,Clustering Coefficient,rh_posteriorcingulate,0.904436123311937,0.9301052897191554,0.02566916640721839
maxSW,aparc,0.8,Clustering Coefficient,rh_precentral,0.9719146724646012,0.938654559486975,-0.03326011297762621
maxSW,aparc,0.8,Clustering Coefficient,rh_precuneus,0.9872046553084279,0.9727764478498597,-0.01442820745856821
maxSW,aparc,0.8,Clustering Coefficient,rh_rostralanteriorcingulate,0.8148713738744794,0.7585222685787196,-0.05634910529575976
maxSW,aparc,0.8,Clustering Coefficient,rh_rostralmiddlefrontal,0.877383156786809,0.8753110927319926,-0.0020720640548164138
maxSW,aparc,0.8,Clustering Coefficient,rh_superiorfrontal,0.8314775937218961,0.8869772227944598,0.05549962907256367
maxSW,aparc,0.8,Clustering Coefficient,rh_superiorparietal,0.9059110045220885,0.8438815074796246,-0.062029497042463855
maxSW,aparc,0.8,Clustering Coefficient,rh_superiortemporal,0.8580034229737492,0.8792132310292455,0.021209808055496326
maxSW,aparc,0.8,Clustering Coefficient,rh_supramarginal,0.9528142026838677,0.9499632453152926,-0.002850957368575102
maxSW,aparc,0.8,Clustering Coefficient,rh_temporalpole,0.1290635877892569,0.0,-0.1290635877892569
maxSW,aparc,0.8,Clustering Coefficient,rh_transversetemporal,0.7228575330257399,0.702326018068775,-0.020531514956964814
maxSW,aparc,0.8,Betweenness Centrality,lh_bankssts,0.0,0.025210084033613446,0.025210084033613446
maxSW,aparc,0.8,Betweenness Centrality,lh_caudalanteriorcingulate,0.0,0.0,0.0
maxSW,aparc,0.8,Betweenness Centrality,lh_caudalmiddlefrontal,0.0,0.0,0.0
maxSW,aparc,0.8,Betweenness Centrality,lh_cuneus,0.0,0.0,0.0
maxSW,aparc,0.8,Betweenness Centrality,lh_entorhinal,0.06722689075630252,0.0,-0.06722689075630252
maxSW,aparc,0.8,Betweenness Centrality,lh_frontalpole,0.0,0.0,0.0
maxSW,aparc,0.8,Betweenness Centrality,lh_fusiform,0.05042016806722689,0.01680672268907563,-0.033613445378151266
maxSW,aparc,0.8,Betweenness Centrality,lh_inferiorparietal,0.0,0.0,0.0
maxSW,aparc,0.8,Betweenness Centrality,lh_inferiortemporal,0.058823529411764705,0.0,-0.058823529411764705
maxSW,aparc,0.8,Betweenness Centrality,lh_insula,0.0,0.0,0.0
maxSW,aparc,0.8,Betweenness Centrality,lh_isthmuscingulate,0.0,0.0,0.0
maxSW,aparc,0.8,Betweenness Centrality,lh_lateraloccipital,0.0,0.0,0.0
maxSW,aparc,0.8,Betweenness Centrality,lh_lateralorbitofrontal,0.008403361344537815,0.04201680672268908,0.033613445378151266
maxSW,aparc,0.8,Betweenness Centrality,lh_lingual,0.8571428571428571,0.773109243697479,-0.08403361344537807
maxSW,aparc,0.8,Betweenness Centrality,lh_medialorbitofrontal,0.12605042016806722,0.07563025210084033,-0.05042016806722689
maxSW,aparc,0.8,Betweenness Centrality,lh_middletemporal,0.23529411764705882,0.06722689075630252,-0.16806722689075632
maxSW,aparc,0.8,Betweenness Centrality,lh_paracentral,0.0,0.0,0.0
maxSW,aparc,0.8,Betweenness Centrality,lh_parahippocampal,0.04201680672268908,0.06722689075630252,0.02521008403361344
maxSW,aparc,0.8,Betweenness Centrality,lh_parsopercularis,0.05042016806722689,0.0,-0.05042016806722689
maxSW,aparc,0.8,Betweenness Centrality,lh_parsorbitalis,0.04201680672268908,0.6386554621848739,0.5966386554621849
maxSW,aparc,0.8,Betweenness Centrality,lh_parstriangularis,0.025210084033613446,0.0,-0.025210084033613446
maxSW,aparc,0.8,Betweenness Centrality,lh_pericalcarine,0.0,0.0,0.0
maxSW,aparc,0.8,Betweenness Centrality,lh_postcentral,0.0,0.05042016806722689,0.05042016806722689
maxSW,aparc,0.8,Betweenness Centrality,lh_posteriorcingulate,0.0,0.0,0.0
maxSW,aparc,0.8,Betweenness Centrality,lh_precentral,0.0,0.0,0.0
maxSW,aparc,0.8,Betweenness Centrality,lh_precuneus,0.058823529411764705,0.10084033613445378,0.04201680672268908
maxSW,aparc,0.8,Betweenness Centrality,lh_rostralanteriorcingulate,0.0,0.0,0.0
maxSW,aparc,0.8,Betweenness Centrality,lh_rostralmiddlefrontal,0.0,0.0,0.0
maxSW,aparc,0.8,Betweenness Centrality,lh_superiorfrontal,0.0,0.04201680672268908,0.04201680672268908
maxSW,aparc,0.8,Betweenness Centrality,lh_superiorparietal,0.0,0.008403361344537815,0.008403361344537815
maxSW,aparc,0.8,Betweenness Centrality,lh_superiortemporal,0.0,0.0,0.0
maxSW,aparc,0.8,Betweenness Centrality,lh_supramarginal,0.008403361344537815,0.0,-0.008403361344537815
maxSW,aparc,0.8,Betweenness Centrality,lh_temporalpole,0.0,0.0,0.0
maxSW,aparc,0.8,Betweenness Centrality,lh_transversetemporal,0.0,0.0,0.0
maxSW,aparc,0.8,Betweenness Centrality,rh_bankssts,0.0,0.0,0.0
maxSW,aparc,0.8,Betweenness Centrality,rh_caudalanteriorcingulate,0.0,0.0,0.0
maxSW,aparc,0.8,Betweenness Centrality,rh_caudalmiddlefrontal,0.0,0.0,0.0
maxSW,aparc,0.8,Betweenness Centrality,rh_cuneus,0.0,0.0,0.0
maxSW,aparc,0.8,Betweenness Centrality,rh_entorhinal,0.0,0.0,0.0
maxSW,aparc,0.8,Betweenness Centrality,rh_frontalpole,0.0,0.0,0.0
maxSW,aparc,0.8,Betweenness Centrality,rh_fusiform,0.025210084033613446,0.03361344537815126,0.008403361344537813
maxSW,aparc,0.8,Betweenness Centrality,rh_inferiorparietal,0.0,0.008403361344537815,0.008403361344537815
maxSW,aparc,0.8,Betweenness Centrality,rh_inferiortemporal,0.16806722689075632,0.03361344537815126,-0.13445378151260506
maxSW,aparc,0.8,Betweenness Centrality,rh_insula,0.0,0.0,0.0
maxSW,aparc,0.8,Betweenness Centrality,rh_isthmuscingulate,0.0,0.0,0.0
maxSW,aparc,0.8,Betweenness Centrality,rh_lateraloccipital,0.03361344537815126,0.04201680672268908,0.00840336134453782
maxSW,aparc,0.8,Betweenness Centrality,rh_lateralorbitofrontal,0.12605042016806722,0.1092436974789916,-0.016806722689075626
maxSW,aparc,0.8,Betweenness Centrality,rh_lingual,0.20168067226890757,0.05042016806722689,-0.1512605042016807
maxSW,aparc,0.8,Betweenness Centrality,rh_medialorbitofrontal,0.24369747899159663,0.42857142857142855,0.18487394957983191
maxSW,aparc,0.8,Betweenness Centrality,rh_middletemporal,0.46218487394957986,0.3865546218487395,-0.07563025210084034
maxSW,aparc,0.8,Betweenness Centrality,rh_paracentral,0.0,0.0,0.0
maxSW,aparc,0.8,Betweenness Centrality,rh_parahippocampal,0.008403361344537815,0.0,-0.008403361344537815
maxSW,aparc,0.8,Betweenness Centrality,rh_parsopercularis,0.0,0.0,0.0
maxSW,aparc,0.8,Betweenness Centrality,rh_parsorbitalis,1.0,0.9411764705882353,-0.05882352941176472
maxSW,aparc,0.8,Betweenness Centrality,rh_parstriangularis,0.0,0.0,0.0
maxSW,aparc,0.8,Betweenness Centrality,rh_pericalcarine,0.0,0.008403361344537815,0.008403361344537815
maxSW,aparc,0.8,Betweenness Centrality,rh_postcentral,0.0,0.0,0.0
maxSW,aparc,0.8,Betweenness Centrality,rh_posteriorcingulate,0.0,0.0,0.0
maxSW,aparc,0.8,Betweenness Centrality,rh_precentral,0.0,0.0,0.0
maxSW,aparc,0.8,Betweenness Centrality,rh_precuneus,0.14285714285714285,0.13445378151260504,-0.008403361344537813
maxSW,aparc,0.8,Betweenness Centrality,rh_rostralanteriorcingulate,0.0,0.0,0.0
maxSW,aparc,0.8,Betweenness Centrality,rh_rostralmiddlefrontal,0.0,0.0,0.0
maxSW,aparc,0.8,Betweenness Centrality,rh_superiorfrontal,0.23529411764705882,0.19327731092436976,-0.042016806722689065
maxSW,aparc,0.8,Betweenness Centrality,rh_superiorparietal,0.01680672268907563,0.058823529411764705,0.04201680672268908
maxSW,aparc,0.8,Betweenness Centrality,rh_superiortemporal,0.0,0.0,0.0
maxSW,aparc,0.8,Betweenness Centrality,rh_supramarginal,0.0,0.0,0.0
maxSW,aparc,0.8,Betweenness Centrality,rh_temporalpole,0.0,0.01680672268907563,0.01680672268907563
maxSW,aparc,0.8,Betweenness Centrality,rh_transversetemporal,0.0,0.0,0.0
maxSW,aparc,0.8,Eigenvector Centrality,lh_bankssts,0.679099027848023,0.6590027859399499,-0.02009624190807313
maxSW,aparc,0.8,Eigenvector Centrality,lh_caudalanteriorcingulate,0.816210872951928,0.8381461124381383,0.021935239486210345
maxSW,aparc,0.8,Eigenvector Centrality,lh_caudalmiddlefrontal,0.9421906062158821,0.942974596430967,0.0007839902150849065
maxSW,aparc,0.8,Eigenvector Centrality,lh_cuneus,0.5407272445303153,0.5320521592279575,-0.008675085302357832
maxSW,aparc,0.8,Eigenvector Centrality,lh_entorhinal,0.5866681591473554,0.5096407635009033,-0.07702739564645211
maxSW,aparc,0.8,Eigenvector Centrality,lh_frontalpole,0.0,0.00214156492164488,0.00214156492164488
maxSW,aparc,0.8,Eigenvector Centrality,lh_fusiform,0.9599186141229783,0.9681673111563628,0.008248697033384489
maxSW,aparc,0.8,Eigenvector Centrality,lh_inferiorparietal,0.9910343492816148,0.9865961699578458,-0.004438179323768998
maxSW,aparc,0.8,Eigenvector Centrality,lh_inferiortemporal,0.8880665652009444,0.8621758912874086,-0.025890673913535833
maxSW,aparc,0.8,Eigenvector Centrality,lh_insula,0.5661965235519067,0.5391221737552544,-0.027074349796652353
maxSW,aparc,0.8,Eigenvector Centrality,lh_isthmuscingulate,0.8886211111539243,0.9091123028286747,0.020491191674750442
maxSW,aparc,0.8,Eigenvector Centrality,lh_lateraloccipital,0.8079068464608334,0.8108339260704035,0.00292707960957006
maxSW,aparc,0.8,Eigenvector Centrality,lh_lateralorbitofrontal,0.9763480085784453,0.9751504066158428,-0.0011976019626024348
maxSW,aparc,0.8,Eigenvector Centrality,lh_lingual,0.7315518178306769,0.7329779274807031,0.0014261096500262083
maxSW,aparc,0.8,Eigenvector Centrality,lh_medialorbitofrontal,0.9399992083240255,0.9292796831765823,-0.010719525147443232
maxSW,aparc,0.8,Eigenvector Centrality,lh_middletemporal,0.6943138249132059,0.7195993933281909,0.02528556841498497
maxSW,aparc,0.8,Eigenvector Centrality,lh_paracentral,0.9217306890244048,0.919060425739336,-0.002670263285068808
maxSW,aparc,0.8,Eigenvector Centrality,lh_parahippocampal,0.8322072903527234,0.8482215140800955,0.016014223727372046
maxSW,aparc,0.8,Eigenvector Centrality,lh_parsopercularis,0.9595038540028934,0.9686142459004048,0.009110391897511394
maxSW,aparc,0.8,Eigenvector Centrality,lh_parsorbitalis,0.3666885568690885,0.4433750315786478,0.0766864747095593
maxSW,aparc,0.8,Eigenvector Centrality,lh_parstriangularis,0.9441814277919505,0.9551624099692971,0.010980982177346665
maxSW,aparc,0.8,Eigenvector Centrality,lh_pericalcarine,0.013051288628127596,0.013941437390486314,0.0008901487623587181
maxSW,aparc,0.8,Eigenvector Centrality,lh_postcentral,0.8555207782292601,0.8479604131164659,-0.007560365112794232
maxSW,aparc,0.8,Eigenvector Centrality,lh_posteriorcingulate,0.9014869697263376,0.9036167903113962,0.002129820585058617
maxSW,aparc,0.8,Eigenvector Centrality,lh_precentral,0.9756596385306688,0.974004029504216,-0.0016556090264527867
maxSW,aparc,0.8,Eigenvector Centrality,lh_precuneus,0.9506168377902972,0.953262739044087,0.0026459012537898285
maxSW,aparc,0.8,Eigenvector Centrality,lh_rostralanteriorcingulate,0.7789330726269955,0.7715409608765645,-0.007392111750430974
maxSW,aparc,0.8,Eigenvector Centrality,lh_rostralmiddlefrontal,0.9093082847892779,0.9254877249576102,0.016179440168332282
maxSW,aparc,0.8,Eigenvector Centrality,lh_superiorfrontal,0.8973683889268081,0.8989846388294185,0.0016162499026103339
maxSW,aparc,0.8,Eigenvector Centrality,lh_superiorparietal,0.9243751358251946,0.9445318883435034,0.02015675251830884
maxSW,aparc,0.8,Eigenvector Centrality,lh_superiortemporal,0.870166231856038,0.8713622157121126,0.0011959838560745562
maxSW,aparc,0.8,Eigenvector Centrality,lh_supramarginal,0.9842843502969304,0.9842085092957886,-7.584100114177428e-05
maxSW,aparc,0.8,Eigenvector Centrality,lh_temporalpole,0.028491170308335246,0.0002560827965501847,-0.02823508751178506
maxSW,aparc,0.8,Eigenvector Centrality,lh_transversetemporal,0.7416938290922706,0.733859277845795,-0.007834551246475585
maxSW,aparc,0.8,Eigenvector Centrality,rh_bankssts,0.5434934266560413,0.6077752094544546,0.06428178279841334
maxSW,aparc,0.8,Eigenvector Centrality,rh_caudalanteriorcingulate,0.8300568472328934,0.8112346097032338,-0.018822237529659613
maxSW,aparc,0.8,Eigenvector Centrality,rh_caudalmiddlefrontal,0.9632765526167644,0.9778612667641473,0.014584714147382938
maxSW,aparc,0.8,Eigenvector Centrality,rh_cuneus,0.5753469686963236,0.5508345512562878,-0.02451241744003585
maxSW,aparc,0.8,Eigenvector Centrality,rh_entorhinal,0.5370811040480706,0.4593267123622667,-0.07775439168580395
maxSW,aparc,0.8,Eigenvector Centrality,rh_frontalpole,0.0021634042275119536,0.00263682665004097,0.00047342242252901637
maxSW,aparc,0.8,Eigenvector Centrality,rh_fusiform,0.942093321555612,0.9587450995716266,0.016651778016014585
maxSW,aparc,0.8,Eigenvector Centrality,rh_inferiorparietal,0.9957585464063223,1.0,0.004241453593677669
maxSW,aparc,0.8,Eigenvector Centrality,rh_inferiortemporal,0.9211068947608567,0.8863873339327827,-0.034719560828074036
maxSW,aparc,0.8,Eigenvector Centrality,rh_insula,0.5203115936924295,0.5582138807771605,0.03790228708473098
maxSW,aparc,0.8,Eigenvector Centrality,rh_isthmuscingulate,0.8859773216241515,0.8932426500936849,0.0072653284695333165
maxSW,aparc,0.8,Eigenvector Centrality,rh_lateraloccipital,0.845527658461547,0.8648992472588395,0.019371588797292505
maxSW,aparc,0.8,Eigenvector Centrality,rh_lateralorbitofrontal,0.9839897095157553,0.9815908056488395,-0.002398903866915769
maxSW,aparc,0.8,Eigenvector Centrality,rh_lingual,0.747894164370588,0.7614977869460499,0.013603622575461882
maxSW,aparc,0.8,Eigenvector Centrality,rh_medialorbitofrontal,0.9264429762450891,0.9175683410685767,-0.008874635176512435
maxSW,aparc,0.8,Eigenvector Centrality,rh_middletemporal,0.7702071064551661,0.7669362545995346,-0.0032708518556314736
maxSW,aparc,0.8,Eigenvector Centrality,rh_paracentral,0.9316599704804972,0.9167957029764298,-0.014864267504067441
maxSW,aparc,0.8,Eigenvector Centrality,rh_parahippocampal,0.8663597660359028,0.8533739505716905,-0.012985815464212291
maxSW,aparc,0.8,Eigenvector Centrality,rh_parsopercularis,0.9559775086269607,0.9470237939705822,-0.008953714656378509
maxSW,aparc,0.8,Eigenvector Centrality,rh_parsorbitalis,0.490446882685844,0.5203573354169397,0.029910452731095716
maxSW,aparc,0.8,Eigenvector Centrality,rh_parstriangularis,0.9422637535932412,0.934354164731242,-0.007909588861999217
maxSW,aparc,0.8,Eigenvector Centrality,rh_pericalcarine,0.013518197575250508,0.10879918120351025,0.09528098362825974
maxSW,aparc,0.8,Eigenvector Centrality,rh_postcentral,0.8671617893058146,0.8171901528278159,-0.04997163647799863
maxSW,aparc,0.8,Eigenvector Centrality,rh_posteriorcingulate,0.9016635130484633,0.9055938621194695,0.003930349071006201
maxSW,aparc,0.8,Eigenvector Centrality,rh_precentral,0.9557562144557488,0.967257794476812,0.011501580021063273
maxSW,aparc,0.8,Eigenvector Centrality,rh_precuneus,0.9402974069721887,0.9312507259562195,-0.009046681015969171
maxSW,aparc,0.8,Eigenvector Centrality,rh_rostralanteriorcingulate,0.817012059639332,0.7826976724983231,-0.03431438714100887
maxSW,aparc,0.8,Eigenvector Centrality,rh_rostralmiddlefrontal,0.9125921823521244,0.9189462333950507,0.006354051042926301
maxSW,aparc,0.8,Eigenvector Centrality,rh_superiorfrontal,0.9197927230054159,0.9295949600834782,0.00980223707806227
maxSW,aparc,0.8,Eigenvector Centrality,rh_superiorparietal,0.9081398052304352,0.9346266712879772,0.026486866057541913
maxSW,aparc,0.8,Eigenvector Centrality,rh_superiortemporal,0.8764709577911568,0.8754107868863668,-0.0010601709047900476
maxSW,aparc,0.8,Eigenvector Centrality,rh_supramarginal,0.9734245001190165,0.9792338042321865,0.005809304113170044
maxSW,aparc,0.8,Eigenvector Centrality,rh_temporalpole,0.06792415121900468,0.027916342873329027,-0.04000780834567565
maxSW,aparc,0.8,Eigenvector Centrality,rh_transversetemporal,0.6939197386061168,0.6845573574025855,-0.009362381203531278
maxSW,aparc,0.8,Node Degree,lh_bankssts,0.8620689655172413,0.8620689655172413,0.0
maxSW,aparc,0.8,Node Degree,lh_caudalanteriorcingulate,0.9482758620689655,0.9655172413793104,0.017241379310344862
maxSW,aparc,0.8,Node Degree,lh_caudalmiddlefrontal,0.9655172413793104,0.9655172413793104,0.0
maxSW,aparc,0.8,Node Degree,lh_cuneus,0.7413793103448276,0.7241379310344828,-0.017241379310344862
maxSW,aparc,0.8,Node Degree,lh_entorhinal,0.896551724137931,0.7931034482758621,-0.10344827586206895
maxSW,aparc,0.8,Node Degree,lh_frontalpole,0.017241379310344827,0.017241379310344827,0.0
maxSW,aparc,0.8,Node Degree,lh_fusiform,0.9827586206896551,0.9827586206896551,0.0
maxSW,aparc,0.8,Node Degree,lh_inferiorparietal,0.9827586206896551,0.9827586206896551,0.0
maxSW,aparc,0.8,Node Degree,lh_inferiortemporal,0.9827586206896551,0.9482758620689655,-0.03448275862068961
maxSW,aparc,0.8,Node Degree,lh_insula,0.7758620689655172,0.7413793103448276,-0.03448275862068961
maxSW,aparc,0.8,Node Degree,lh_isthmuscingulate,0.9827586206896551,0.9827586206896551,0.0
maxSW,aparc,0.8,Node Degree,lh_lateraloccipital,0.9310344827586207,0.9655172413793104,0.034482758620689724
maxSW,aparc,0.8,Node Degree,lh_lateralorbitofrontal,0.9827586206896551,0.9827586206896551,0.0
maxSW,aparc,0.8,Node Degree,lh_lingual,0.9137931034482759,0.8793103448275862,-0.034482758620689724
maxSW,aparc,0.8,Node Degree,lh_medialorbitofrontal,0.9827586206896551,0.9827586206896551,0.0
maxSW,aparc,0.8,Node Degree,lh_middletemporal,0.8620689655172413,0.8620689655172413,0.0
maxSW,aparc,0.8,Node Degree,lh_paracentral,0.9827586206896551,0.9827586206896551,0.0
maxSW,aparc,0.8,Node Degree,lh_parahippocampal,0.9827586206896551,0.9827586206896551,0.0
maxSW,aparc,0.8,Node Degree,lh_parsopercularis,0.9827586206896551,0.9827586206896551,0.0
maxSW,aparc,0.8,Node Degree,lh_parsorbitalis,0.6551724137931034,0.7413793103448276,0.0862068965517242
maxSW,aparc,0.8,Node Degree,lh_parstriangularis,0.9827586206896551,0.9827586206896551,0.0
maxSW,aparc,0.8,Node Degree,lh_pericalcarine,0.0,0.0,0.0
maxSW,aparc,0.8,Node Degree,lh_postcentral,0.9310344827586207,0.9655172413793104,0.034482758620689724
maxSW,aparc,0.8,Node Degree,lh_posteriorcingulate,0.9482758620689655,0.9310344827586207,-0.017241379310344862
maxSW,aparc,0.8,Node Degree,lh_precentral,0.9827586206896551,0.9827586206896551,0.0
maxSW,aparc,0.8,Node Degree,lh_precuneus,0.9482758620689655,0.9482758620689655,0.0
maxSW,aparc,0.8,Node Degree,lh_rostralanteriorcingulate,0.9482758620689655,0.9482758620689655,0.0
maxSW,aparc,0.8,Node Degree,lh_rostralmiddlefrontal,0.9827586206896551,0.9827586206896551,0.0
maxSW,aparc,0.8,Node Degree,lh_superiorfrontal,0.9827586206896551,0.9655172413793104,-0.01724137931034475
maxSW,aparc,0.8,Node Degree,lh_superiorparietal,0.9655172413793104,1.0,0.03448275862068961
maxSW,aparc,0.8,Node Degree,lh_superiortemporal,0.9482758620689655,0.9482758620689655,0.0
maxSW,aparc,0.8,Node Degree,lh_supramarginal,0.9827586206896551,0.9827586206896551,0.0
maxSW,aparc,0.8,Node Degree,lh_temporalpole,0.08620689655172414,0.017241379310344827,-0.06896551724137931
maxSW,aparc,0.8,Node Degree,lh_transversetemporal,0.9137931034482759,0.9137931034482759,0.0
maxSW,aparc,0.8,Node Degree,rh_bankssts,0.7758620689655172,0.8448275862068966,0.06896551724137934
maxSW,aparc,0.8,Node Degree,rh_caudalanteriorcingulate,0.9482758620689655,0.9482758620689655,0.0
maxSW,aparc,0.8,Node Degree,rh_caudalmiddlefrontal,0.9655172413793104,0.9827586206896551,0.01724137931034475
maxSW,aparc,0.8,Node Degree,rh_cuneus,0.7758620689655172,0.7413793103448276,-0.03448275862068961
maxSW,aparc,0.8,Node Degree,rh_entorhinal,0.8448275862068966,0.7241379310344828,-0.12068965517241381
maxSW,aparc,0.8,Node Degree,rh_frontalpole,0.017241379310344827,0.017241379310344827,0.0
maxSW,aparc,0.8,Node Degree,rh_fusiform,0.9827586206896551,0.9827586206896551,0.0
maxSW,aparc,0.8,Node Degree,rh_inferiorparietal,0.9827586206896551,0.9827586206896551,0.0
maxSW,aparc,0.8,Node Degree,rh_inferiortemporal,1.0,0.9655172413793104,-0.03448275862068961
maxSW,aparc,0.8,Node Degree,rh_insula,0.7241379310344828,0.7758620689655172,0.051724137931034475
maxSW,aparc,0.8,Node Degree,rh_isthmuscingulate,0.9827586206896551,0.9827586206896551,0.0
maxSW,aparc,0.8,Node Degree,rh_lateraloccipital,0.9310344827586207,0.9655172413793104,0.034482758620689724
maxSW,aparc,0.8,Node Degree,rh_lateralorbitofrontal,0.9827586206896551,0.9827586206896551,0.0
maxSW,aparc,0.8,Node Degree,rh_lingual,0.896551724137931,0.896551724137931,0.0
maxSW,aparc,0.8,Node Degree,rh_medialorbitofrontal,0.9655172413793104,0.9655172413793104,0.0
maxSW,aparc,0.8,Node Degree,rh_middletemporal,0.9310344827586207,0.9137931034482759,-0.01724137931034475
maxSW,aparc,0.8,Node Degree,rh_paracentral,0.9827586206896551,0.9827586206896551,0.0
maxSW,aparc,0.8,Node Degree,rh_parahippocampal,0.9655172413793104,0.9655172413793104,0.0
maxSW,aparc,0.8,Node Degree,rh_parsopercularis,0.9827586206896551,0.9827586206896551,0.0
maxSW,aparc,0.8,Node Degree,rh_parsorbitalis,0.7931034482758621,0.8275862068965517,0.03448275862068961
maxSW,aparc,0.8,Node Degree,rh_parstriangularis,0.9827586206896551,0.9827586206896551,0.0
maxSW,aparc,0.8,Node Degree,rh_pericalcarine,0.0,0.1896551724137931,0.1896551724137931
maxSW,aparc,0.8,Node Degree,rh_postcentral,0.9310344827586207,0.9482758620689655,0.017241379310344862
maxSW,aparc,0.8,Node Degree,rh_posteriorcingulate,0.9655172413793104,0.9482758620689655,-0.017241379310344862
maxSW,aparc,0.8,Node Degree,rh_precentral,0.9655172413793104,0.9827586206896551,0.01724137931034475
maxSW,aparc,0.8,Node Degree,rh_precuneus,0.9482758620689655,0.9310344827586207,-0.017241379310344862
maxSW,aparc,0.8,Node Degree,rh_rostralanteriorcingulate,0.9482758620689655,0.9482758620689655,0.0
maxSW,aparc,0.8,Node Degree,rh_rostralmiddlefrontal,0.9827586206896551,0.9827586206896551,0.0
maxSW,aparc,0.8,Node Degree,rh_superiorfrontal,1.0,0.9827586206896551,-0.017241379310344862
maxSW,aparc,0.8,Node Degree,rh_superiorparietal,0.9655172413793104,1.0,0.03448275862068961
maxSW,aparc,0.8,Node Degree,rh_superiortemporal,0.9655172413793104,0.9482758620689655,-0.017241379310344862
maxSW,aparc,0.8,Node Degree,rh_supramarginal,0.9827586206896551,0.9827586206896551,0.0
maxSW,aparc,0.8,Node Degree,rh_temporalpole,0.15517241379310345,0.08620689655172414,-0.06896551724137931
maxSW,aparc,0.8,Node Degree,rh_transversetemporal,0.896551724137931,0.896551724137931,0.0
maxSW,aparc,0.9,Participation Coefficient,lh_bankssts,0.8726389637892152,0.8375110878242208,-0.03512787596499445
maxSW,aparc,0.9,Participation Coefficient,lh_caudalanteriorcingulate,0.9137114153463726,0.88365896115013,-0.030052454196242584
maxSW,aparc,0.9,Participation Coefficient,lh_caudalmiddlefrontal,0.9156689050476087,0.8762815079873837,-0.03938739706022498
maxSW,aparc,0.9,Participation Coefficient,lh_cuneus,0.9393534640906208,0.915031520785931,-0.02432194330468984
maxSW,aparc,0.9,Participation Coefficient,lh_entorhinal,0.9908865955837555,0.9658879101035974,-0.024998685480158045
maxSW,aparc,0.9,Participation Coefficient,lh_frontalpole,0.0,0.0,0.0
maxSW,aparc,0.9,Participation Coefficient,lh_fusiform,0.9259285503014052,0.887764427571907,-0.03816412272949821
maxSW,aparc,0.9,Participation Coefficient,lh_inferiorparietal,0.9293726519011041,0.8919632027375713,-0.037409449163532726
maxSW,aparc,0.9,Participation Coefficient,lh_inferiortemporal,0.9365079551942906,0.9092592813779974,-0.027248673816293256
maxSW,aparc,0.9,Participation Coefficient,lh_insula,0.834503975612325,0.7898519674667084,-0.04465200814561665
maxSW,aparc,0.9,Participation Coefficient,lh_isthmuscingulate,0.9294443256648387,0.8917090287410038,-0.03773529692383493
maxSW,aparc,0.9,Participation Coefficient,lh_lateraloccipital,0.9398792589082313,0.9205651734962129,-0.0193140854120184
maxSW,aparc,0.9,Participation Coefficient,lh_lateralorbitofrontal,0.9357234092260359,0.8980792165944801,-0.03764419263155583
maxSW,aparc,0.9,Participation Coefficient,lh_lingual,0.9216145141587259,0.8993168019557901,-0.02229771220293575
maxSW,aparc,0.9,Participation Coefficient,lh_medialorbitofrontal,0.9468490085552707,0.9188815502902988,-0.027967458264971823
maxSW,aparc,0.9,Participation Coefficient,lh_middletemporal,0.9591236968268031,0.9308357696048803,-0.02828792722192275
maxSW,aparc,0.9,Participation Coefficient,lh_paracentral,0.9264855564008831,0.889221158273137,-0.03726439812774618
maxSW,aparc,0.9,Participation Coefficient,lh_parahippocampal,0.9458577747490646,0.9116309189191205,-0.034226855829944114
maxSW,aparc,0.9,Participation Coefficient,lh_parsopercularis,0.9409355582952927,0.9045788692509639,-0.03635668904432887
maxSW,aparc,0.9,Participation Coefficient,lh_parsorbitalis,1.0,0.984368053272243,-0.01563194672775703
maxSW,aparc,0.9,Participation Coefficient,lh_parstriangularis,0.946914200125097,0.9186466962446771,-0.028267503880419875
maxSW,aparc,0.9,Participation Coefficient,lh_pericalcarine,0.7645246238365166,0.7374064941912972,-0.027118129645219424
maxSW,aparc,0.9,Participation Coefficient,lh_postcentral,0.939292960358827,0.9106947510368886,-0.02859820932193846
maxSW,aparc,0.9,Participation Coefficient,lh_posteriorcingulate,0.9051635517572926,0.8701872390137552,-0.03497631274353741
maxSW,aparc,0.9,Participation Coefficient,lh_precentral,0.9310687967976108,0.8937573934542153,-0.037311403343395444
maxSW,aparc,0.9,Participation Coefficient,lh_precuneus,0.9031304512170486,0.8692578757957243,-0.03387257542132427
maxSW,aparc,0.9,Participation Coefficient,lh_rostralanteriorcingulate,0.9172108340266321,0.8970281993457468,-0.020182634680885214
maxSW,aparc,0.9,Participation Coefficient,lh_rostralmiddlefrontal,0.9400628531145866,0.9119275785327866,-0.028135274581799985
maxSW,aparc,0.9,Participation Coefficient,lh_superiorfrontal,0.9404503553772744,0.9094060897078249,-0.03104426566944951
maxSW,aparc,0.9,Participation Coefficient,lh_superiorparietal,0.9203278412421327,0.890567406980603,-0.029760434261529745
maxSW,aparc,0.9,Participation Coefficient,lh_superiortemporal,0.9259864571557765,0.8882035091835638,-0.03778294797221271
maxSW,aparc,0.9,Participation Coefficient,lh_supramarginal,0.9388622475236643,0.9067701822767269,-0.03209206524693742
maxSW,aparc,0.9,Participation Coefficient,lh_temporalpole,0.7335175880704528,0.12444854333959934,-0.6090690447308534
maxSW,aparc,0.9,Participation Coefficient,lh_transversetemporal,0.8963403943688785,0.8668179440827993,-0.029522450286079138
maxSW,aparc,0.9,Participation Coefficient,rh_bankssts,0.83905703428252,0.8081415229402067,-0.030915511342313295
maxSW,aparc,0.9,Participation Coefficient,rh_caudalanteriorcingulate,0.9213016745651164,0.8875451332548518,-0.03375654131026451
maxSW,aparc,0.9,Participation Coefficient,rh_caudalmiddlefrontal,0.919126516036358,0.8842241512286544,-0.03490236480770359
maxSW,aparc,0.9,Participation Coefficient,rh_cuneus,0.9463914210674269,0.9284860565694542,-0.017905364497972753
maxSW,aparc,0.9,Participation Coefficient,rh_entorhinal,0.9888756198005124,0.9780441238191875,-0.010831495981324935
maxSW,aparc,0.9,Participation Coefficient,rh_frontalpole,0.0,0.6485494525285032,0.6485494525285032
maxSW,aparc,0.9,Participation Coefficient,rh_fusiform,0.9195697003396237,0.8865268491193445,-0.03304285122027917
maxSW,aparc,0.9,Participation Coefficient,rh_inferiorparietal,0.9303195901573115,0.9002740539637948,-0.030045536193516686
maxSW,aparc,0.9,Participation Coefficient,rh_inferiortemporal,0.9378440896450599,0.909073521327667,-0.028770568317392997
maxSW,aparc,0.9,Participation Coefficient,rh_insula,0.8124045057488716,0.7896502651196146,-0.022754240629257017
maxSW,aparc,0.9,Participation Coefficient,rh_isthmuscingulate,0.933480538307957,0.8972909816236961,-0.036189556684260826
maxSW,aparc,0.9,Participation Coefficient,rh_lateraloccipital,0.9422348520791958,0.9137459022835992,-0.028488949795596574
maxSW,aparc,0.9,Participation Coefficient,rh_lateralorbitofrontal,0.9335981507970829,0.8950503292731494,-0.038547821523933434
maxSW,aparc,0.9,Participation Coefficient,rh_lingual,0.9263779486830627,0.9046361619004927,-0.021741786782569994
maxSW,aparc,0.9,Participation Coefficient,rh_medialorbitofrontal,0.9475741854846021,0.9221782331912594,-0.025395952293342794
maxSW,aparc,0.9,Participation Coefficient,rh_middletemporal,0.9560290133888584,0.9279195050910432,-0.028109508297815222
maxSW,aparc,0.9,Participation Coefficient,rh_paracentral,0.9212345003886588,0.8792481910231292,-0.041986309365529606
maxSW,aparc,0.9,Participation Coefficient,rh_parahippocampal,0.9359834701175472,0.8926097150316824,-0.04337375508586483
maxSW,aparc,0.9,Participation Coefficient,rh_parsopercularis,0.9319282787631301,0.89937780804534,-0.03255047071779016
maxSW,aparc,0.9,Participation Coefficient,rh_parsorbitalis,0.997442705921658,0.980088434870664,-0.017354271050993963
maxSW,aparc,0.9,Participation Coefficient,rh_parstriangularis,0.9476762396758045,0.9189223690723785,-0.028753870603426046
maxSW,aparc,0.9,Participation Coefficient,rh_pericalcarine,0.7665308802548602,0.748196952883692,-0.018333927371168124
maxSW,aparc,0.9,Participation Coefficient,rh_postcentral,0.9384088766713207,0.9102420130079972,-0.028166863663323438
maxSW,aparc,0.9,Participation Coefficient,rh_posteriorcingulate,0.9097122412658396,0.8736886866214956,-0.036023554644344036
maxSW,aparc,0.9,Participation Coefficient,rh_precentral,0.9169271206418602,0.8932370329371461,-0.023690087704714147
maxSW,aparc,0.9,Participation Coefficient,rh_precuneus,0.9042738486399431,0.8662072968518244,-0.038066551788118685
maxSW,aparc,0.9,Participation Coefficient,rh_rostralanteriorcingulate,0.9240898691595263,0.8826271645364522,-0.04146270462307411
maxSW,aparc,0.9,Participation Coefficient,rh_rostralmiddlefrontal,0.9416503590237341,0.9015000447828789,-0.040150314240855134
maxSW,aparc,0.9,Participation Coefficient,rh_superiorfrontal,0.9405335024024889,0.9085756428788136,-0.03195785952367525
maxSW,aparc,0.9,Participation Coefficient,rh_superiorparietal,0.9279709042228113,0.8968609203612257,-0.03110998386158559
maxSW,aparc,0.9,Participation Coefficient,rh_superiortemporal,0.9278437529012313,0.8908980616756449,-0.03694569122558644
maxSW,aparc,0.9,Participation Coefficient,rh_supramarginal,0.9304119701364679,0.8933381358381053,-0.03707383429836264
maxSW,aparc,0.9,Participation Coefficient,rh_temporalpole,0.9741251907092077,0.8034530138612833,-0.17067217684792435
maxSW,aparc,0.9,Participation Coefficient,rh_transversetemporal,0.899415556853153,0.86660691149127,-0.03280864536188299
maxSW,aparc,0.9,Node Versatility,lh_bankssts,0.5206305860707867,0.33240845379651707,-0.18822213227426965
maxSW,aparc,0.9,Node Versatility,lh_caudalanteriorcingulate,0.9591787358947315,0.5262646476807739,-0.4329140882139576
maxSW,aparc,0.9,Node Versatility,lh_caudalmiddlefrontal,0.7297939326015714,0.19957996813638731,-0.5302139644651841
maxSW,aparc,0.9,Node Versatility,lh_cuneus,0.03507594797741732,0.09286037159278279,0.057784423615365475
maxSW,aparc,0.9,Node Versatility,lh_entorhinal,0.42293690563229475,0.3902963432723143,-0.032640562359980474
maxSW,aparc,0.9,Node Versatility,lh_frontalpole,0.42293690563229475,0.8502360996322444,0.4272991939999497
maxSW,aparc,0.9,Node Versatility,lh_fusiform,0.5282772255991566,0.2751558939704836,-0.25312133162867295
maxSW,aparc,0.9,Node Versatility,lh_inferiorparietal,0.6375763033804891,0.21372653205299524,-0.42384977132749385
maxSW,aparc,0.9,Node Versatility,lh_inferiortemporal,0.2683004726495253,0.39453482846698557,0.1262343558174603
maxSW,aparc,0.9,Node Versatility,lh_insula,0.5206305860707867,0.33240845379651707,-0.18822213227426965
maxSW,aparc,0.9,Node Versatility,lh_isthmuscingulate,0.5649245779298976,0.43652494739901954,-0.12839963053087805
maxSW,aparc,0.9,Node Versatility,lh_lateraloccipital,0.03507594797741732,0.09286037159278279,0.057784423615365475
maxSW,aparc,0.9,Node Versatility,lh_lateralorbitofrontal,0.4832955835794573,0.42014738291450077,-0.06314820066495652
maxSW,aparc,0.9,Node Versatility,lh_lingual,0.6916069607229738,0.09286037159278279,-0.598746589130191
maxSW,aparc,0.9,Node Versatility,lh_medialorbitofrontal,0.0,0.6208230639270965,0.6208230639270965
maxSW,aparc,0.9,Node Versatility,lh_middletemporal,0.47890929624936845,0.5744708974270938,0.09556160117772533
maxSW,aparc,0.9,Node Versatility,lh_paracentral,0.0,0.05986035293828593,0.05986035293828593
maxSW,aparc,0.9,Node Versatility,lh_parahippocampal,0.10250526723446962,0.7322568852498695,0.6297516180153999
maxSW,aparc,0.9,Node Versatility,lh_parsopercularis,0.1476694179911706,0.3270527793262589,0.17938336133508834
maxSW,aparc,0.9,Node Versatility,lh_parsorbitalis,0.42293690563229475,0.3902963432723143,-0.032640562359980474
maxSW,aparc,0.9,Node Versatility,lh_parstriangularis,0.2452913746760147,0.34090113465190836,0.09560975997589366
maxSW,aparc,0.9,Node Versatility,lh_pericalcarine,0.4449167484891609,0.14700102719781669,-0.29791572129134425
maxSW,aparc,0.9,Node Versatility,lh_postcentral,0.03507594797741732,0.05986035293828593,0.02478440496086861
maxSW,aparc,0.9,Node Versatility,lh_posteriorcingulate,1.0,0.5262646476807739,-0.47373535231922614
maxSW,aparc,0.9,Node Versatility,lh_precentral,0.5689462298098744,0.3201915420468061,-0.2487546877630683
maxSW,aparc,0.9,Node Versatility,lh_precuneus,0.40279046123515055,0.3148031276024104,-0.08798733363274014
maxSW,aparc,0.9,Node Versatility,lh_rostralanteriorcingulate,0.45338009586194206,0.5937058362104148,0.14032574034847278
maxSW,aparc,0.9,Node Versatility,lh_rostralmiddlefrontal,0.1303498254287615,0.3995414080182531,0.2691915825894916
maxSW,aparc,0.9,Node Versatility,lh_superiorfrontal,0.2683004726495253,0.39453482846698557,0.1262343558174603
maxSW,aparc,0.9,Node Versatility,lh_superiorparietal,0.0,0.05986035293828593,0.05986035293828593
maxSW,aparc,0.9,Node Versatility,lh_superiortemporal,0.2683004726495253,0.29808786759768546,0.029787394948160184
maxSW,aparc,0.9,Node Versatility,lh_supramarginal,0.23892876636128538,0.34090113465190836,0.10197236829062298
maxSW,aparc,0.9,Node Versatility,lh_temporalpole,0.42293690563229475,0.8502360996322444,0.4272991939999497
maxSW,aparc,0.9,Node Versatility,lh_transversetemporal,0.5538911087267642,0.33050060854697916,-0.223390500179785
maxSW,aparc,0.9,Node Versatility,rh_bankssts,0.5206305860707867,0.33240845379651707,-0.18822213227426965
maxSW,aparc,0.9,Node Versatility,rh_caudalanteriorcingulate,0.647800885416348,0.5632499006003524,-0.08455098481599554
maxSW,aparc,0.9,Node Versatility,rh_caudalmiddlefrontal,0.47871912677431844,0.19957996813638731,-0.27913915863793115
maxSW,aparc,0.9,Node Versatility,rh_cuneus,0.03507594797741732,0.09286037159278279,0.057784423615365475
maxSW,aparc,0.9,Node Versatility,rh_entorhinal,0.42293690563229475,0.3902963432723143,-0.032640562359980474
maxSW,aparc,0.9,Node Versatility,rh_frontalpole,0.42293690563229475,0.8502360996322444,0.4272991939999497
maxSW,aparc,0.9,Node Versatility,rh_fusiform,0.7184574052343796,0.24824856753411714,-0.47020883770026245
maxSW,aparc,0.9,Node Versatility,rh_inferiorparietal,0.56511895600153,0.21372653205299524,-0.3513924239485347
maxSW,aparc,0.9,Node Versatility,rh_inferiortemporal,0.2683004726495253,0.39453482846698557,0.1262343558174603
maxSW,aparc,0.9,Node Versatility,rh_insula,0.5206305860707867,0.33240845379651707,-0.18822213227426965
maxSW,aparc,0.9,Node Versatility,rh_isthmuscingulate,0.3285732140389893,0.43652494739901954,0.10795173336003022
maxSW,aparc,0.9,Node Versatility,rh_lateraloccipital,0.03507594797741732,0.05986035293828593,0.02478440496086861
maxSW,aparc,0.9,Node Versatility,rh_lateralorbitofrontal,0.4832955835794573,0.615937802020538,0.13264221844108076
maxSW,aparc,0.9,Node Versatility,rh_lingual,0.5970896380280263,0.09286037159278279,-0.5042292664352435
maxSW,aparc,0.9,Node Versatility,rh_medialorbitofrontal,0.0,0.05986035293828593,0.05986035293828593
maxSW,aparc,0.9,Node Versatility,rh_middletemporal,0.47890929624936845,0.5744708974270938,0.09556160117772533
maxSW,aparc,0.9,Node Versatility,rh_paracentral,0.0,0.2870483828412328,0.2870483828412328
maxSW,aparc,0.9,Node Versatility,rh_parahippocampal,0.10250526723446962,0.33810141069817246,0.23559614346370283
maxSW,aparc,0.9,Node Versatility,rh_parsopercularis,0.5029855317509241,0.19957996813638731,-0.30340556361453674
maxSW,aparc,0.9,Node Versatility,rh_parsorbitalis,0.42293690563229475,0.3902963432723143,-0.032640562359980474
maxSW,aparc,0.9,Node Versatility,rh_parstriangularis,0.1303498254287615,0.38083496948489,0.2504851440561285
maxSW,aparc,0.9,Node Versatility,rh_pericalcarine,0.4449167484891609,0.14700102719781669,-0.29791572129134425
maxSW,aparc,0.9,Node Versatility,rh_postcentral,0.03507594797741732,0.05986035293828593,0.02478440496086861
maxSW,aparc,0.9,Node Versatility,rh_posteriorcingulate,0.5164250252145094,0.5262646476807739,0.009839622466264464
maxSW,aparc,0.9,Node Versatility,rh_precentral,0.19208272895620893,0.33724418104385834,0.1451614520876494
maxSW,aparc,0.9,Node Versatility,rh_precuneus,0.40279046123515055,0.3205590404719434,-0.08223142076320716
maxSW,aparc,0.9,Node Versatility,rh_rostralanteriorcingulate,0.874079732599131,0.7393219338712375,-0.1347577987278935
maxSW,aparc,0.9,Node Versatility,rh_rostralmiddlefrontal,0.5397862151787843,0.41236113238851646,-0.12742508279026787
maxSW,aparc,0.9,Node Versatility,rh_superiorfrontal,0.2683004726495253,0.39453482846698557,0.1262343558174603
maxSW,aparc,0.9,Node Versatility,rh_superiorparietal,0.0,0.05986035293828593,0.05986035293828593
maxSW,aparc,0.9,Node Versatility,rh_superiortemporal,0.2683004726495253,0.29808786759768546,0.029787394948160184
maxSW,aparc,0.9,Node Versatility,rh_supramarginal,0.4204003636009572,0.19957996813638731,-0.2208203954645699
maxSW,aparc,0.9,Node Versatility,rh_temporalpole,0.42293690563229475,0.8502360996322444,0.4272991939999497
maxSW,aparc,0.9,Node Versatility,rh_transversetemporal,0.5538911087267642,0.33050060854697916,-0.223390500179785
maxSW,aparc,0.9,Node Strength,lh_bankssts,0.6905243303019383,0.6773445659223903,-0.013179764379547931
maxSW,aparc,0.9,Node Strength,lh_caudalanteriorcingulate,0.8183146896061722,0.8355470026881131,0.017232313081940953
maxSW,aparc,0.9,Node Strength,lh_caudalmiddlefrontal,0.9458999814413969,0.9375850962749167,-0.008314885166480157
maxSW,aparc,0.9,Node Strength,lh_cuneus,0.6096472906791434,0.6166809985299686,0.007033707850825244
maxSW,aparc,0.9,Node Strength,lh_entorhinal,0.6164392262531503,0.5811166539705418,-0.03532257228260849
maxSW,aparc,0.9,Node Strength,lh_frontalpole,0.0,0.03420112385053501,0.03420112385053501
maxSW,aparc,0.9,Node Strength,lh_fusiform,0.9575860095209106,0.9675838156489067,0.009997806127996167
maxSW,aparc,0.9,Node Strength,lh_inferiorparietal,0.9957806891088699,0.980950285186653,-0.014830403922216906
maxSW,aparc,0.9,Node Strength,lh_inferiortemporal,0.898104208627344,0.8778660593720867,-0.020238149255257243
maxSW,aparc,0.9,Node Strength,lh_insula,0.586753521747206,0.5729920304017393,-0.01376149134546667
maxSW,aparc,0.9,Node Strength,lh_isthmuscingulate,0.8950024013351334,0.9061960693944369,0.011193668059303441
maxSW,aparc,0.9,Node Strength,lh_lateraloccipital,0.8205441939873244,0.8219604679837385,0.0014162739964140858
maxSW,aparc,0.9,Node Strength,lh_lateralorbitofrontal,0.9893443208210568,0.9760499002091502,-0.013294420611906665
maxSW,aparc,0.9,Node Strength,lh_lingual,0.7599142124375522,0.7704299800846193,0.010515767647067076
maxSW,aparc,0.9,Node Strength,lh_medialorbitofrontal,0.9551433399392971,0.9392871051601074,-0.015856234779189737
maxSW,aparc,0.9,Node Strength,lh_middletemporal,0.752237754292548,0.7709702317093459,0.018732477416797844
maxSW,aparc,0.9,Node Strength,lh_paracentral,0.9275603880945894,0.9159029166869322,-0.01165747140765716
maxSW,aparc,0.9,Node Strength,lh_parahippocampal,0.8233753418735,0.8479969651522515,0.024621623278751503
maxSW,aparc,0.9,Node Strength,lh_parsopercularis,0.9578085804575805,0.9673153239133261,0.009506743455745537
maxSW,aparc,0.9,Node Strength,lh_parsorbitalis,0.5039943757679635,0.5435202321489585,0.03952585638099504
maxSW,aparc,0.9,Node Strength,lh_parstriangularis,0.9516422092473387,0.9584149864654682,0.006772777218129522
maxSW,aparc,0.9,Node Strength,lh_pericalcarine,0.2549842396636416,0.2844019703838994,0.02941773072025783
maxSW,aparc,0.9,Node Strength,lh_postcentral,0.876474589431693,0.8545152738066673,-0.021959315625025733
maxSW,aparc,0.9,Node Strength,lh_posteriorcingulate,0.907527864306574,0.9111679404375136,0.00364007613093964
maxSW,aparc,0.9,Node Strength,lh_precentral,0.9794567642194019,0.9683559416830266,-0.011100822536375232
maxSW,aparc,0.9,Node Strength,lh_precuneus,0.957313248498428,0.9617893284097474,0.004476079911319375
maxSW,aparc,0.9,Node Strength,lh_rostralanteriorcingulate,0.7819451995215253,0.7687403968471622,-0.01320480267436308
maxSW,aparc,0.9,Node Strength,lh_rostralmiddlefrontal,0.9085620929391719,0.9272012603316352,0.018639167392463296
maxSW,aparc,0.9,Node Strength,lh_superiorfrontal,0.9079364547681044,0.9108346694945095,0.0028982147264051683
maxSW,aparc,0.9,Node Strength,lh_superiorparietal,0.9271461860986095,0.9402776855499988,0.01313149945138925
maxSW,aparc,0.9,Node Strength,lh_superiortemporal,0.8753716583175223,0.8699977896533598,-0.005373868664162451
maxSW,aparc,0.9,Node Strength,lh_supramarginal,0.9875936989101729,0.9824399222534187,-0.005153776656754205
maxSW,aparc,0.9,Node Strength,lh_temporalpole,0.1487806011888394,0.054906903924775805,-0.0938736972640636
maxSW,aparc,0.9,Node Strength,lh_transversetemporal,0.7513682874006019,0.7419114957944618,-0.009456791606140103
maxSW,aparc,0.9,Node Strength,rh_bankssts,0.5684380987639662,0.6086685273988937,0.04023042863492743
maxSW,aparc,0.9,Node Strength,rh_caudalanteriorcingulate,0.8349057123118029,0.8166621140384062,-0.01824359827339672
maxSW,aparc,0.9,Node Strength,rh_caudalmiddlefrontal,0.9683172673951232,0.9699682779266295,0.0016510105315062917
maxSW,aparc,0.9,Node Strength,rh_cuneus,0.6152865800278855,0.6088446579965863,-0.00644192203129923
maxSW,aparc,0.9,Node Strength,rh_entorhinal,0.5808787692030281,0.5449245558369338,-0.03595421336609428
maxSW,aparc,0.9,Node Strength,rh_frontalpole,0.03504681753552655,0.07957611223189995,0.0445292946963734
maxSW,aparc,0.9,Node Strength,rh_fusiform,0.9331320633640546,0.9583917448679458,0.02525968150389113
maxSW,aparc,0.9,Node Strength,rh_inferiorparietal,1.0,0.9997411052673636,-0.0002588947326364055
maxSW,aparc,0.9,Node Strength,rh_inferiortemporal,0.9278800769575083,0.8980501115869601,-0.02982996537054816
maxSW,aparc,0.9,Node Strength,rh_insula,0.5402734530797405,0.5701083091846564,0.029834856104915874
maxSW,aparc,0.9,Node Strength,rh_isthmuscingulate,0.8924622219901783,0.8907009761411645,-0.001761245849013826
maxSW,aparc,0.9,Node Strength,rh_lateraloccipital,0.8660414971037638,0.8780604517223706,0.012018954618606803
maxSW,aparc,0.9,Node Strength,rh_lateralorbitofrontal,0.9969309314244896,0.982799313387011,-0.014131618037478644
maxSW,aparc,0.9,Node Strength,rh_lingual,0.7814183542691349,0.7932911891813066,0.011872834912171726
maxSW,aparc,0.9,Node Strength,rh_medialorbitofrontal,0.9457259915105075,0.9326981967865358,-0.013027794723971753
maxSW,aparc,0.9,Node Strength,rh_middletemporal,0.8068594369106334,0.8011281309020157,-0.005731306008617709
maxSW,aparc,0.9,Node Strength,rh_paracentral,0.9369932403983066,0.9128695845131232,-0.024123655885183393
maxSW,aparc,0.9,Node Strength,rh_parahippocampal,0.8733491252807795,0.852542909998003,-0.020806215282776486
maxSW,aparc,0.9,Node Strength,rh_parsopercularis,0.9631391985042767,0.9438449308582358,-0.019294267646040808
maxSW,aparc,0.9,Node Strength,rh_parsorbitalis,0.5715419303940361,0.5901164056811722,0.018574475287136072
maxSW,aparc,0.9,Node Strength,rh_parstriangularis,0.9497898155849203,0.9370692515713784,-0.012720564013541824
maxSW,aparc,0.9,Node Strength,rh_pericalcarine,0.24455244655996777,0.3152424431364461,0.07068999657647834
maxSW,aparc,0.9,Node Strength,rh_postcentral,0.8876233373587346,0.8269755098280366,-0.06064782753069797
maxSW,aparc,0.9,Node Strength,rh_posteriorcingulate,0.9034821238389795,0.9089684668010306,0.005486342962051083
maxSW,aparc,0.9,Node Strength,rh_precentral,0.9631777717929659,0.9619102283203069,-0.0012675434726590051
maxSW,aparc,0.9,Node Strength,rh_precuneus,0.9480281498095321,0.9441519958729417,-0.003876153936590354
maxSW,aparc,0.9,Node Strength,rh_rostralanteriorcingulate,0.8161138597175465,0.7736525207866048,-0.04246133893094162
maxSW,aparc,0.9,Node Strength,rh_rostralmiddlefrontal,0.9191921858452874,0.9092709038237263,-0.009921282021561062
maxSW,aparc,0.9,Node Strength,rh_superiorfrontal,0.9260719996052726,0.937008692954317,0.010936693349044346
maxSW,aparc,0.9,Node Strength,rh_superiorparietal,0.9165031733260586,0.9304807554956267,0.013977582169568126
maxSW,aparc,0.9,Node Strength,rh_superiortemporal,0.8770047477214,0.8755068450547426,-0.0014979026666573914
maxSW,aparc,0.9,Node Strength,rh_supramarginal,0.9747608605455884,0.9762372203772116,0.0014763598316231974
maxSW,aparc,0.9,Node Strength,rh_temporalpole,0.2947720887599689,0.16857020875678724,-0.12620188000318167
maxSW,aparc,0.9,Node Strength,rh_transversetemporal,0.7058882920940973,0.6933461440945007,-0.012542147999596631
maxSW,aparc,0.9,Local Efficiency,lh_bankssts,0.6220646748328935,0.5708781591566223,-0.051186515676271194
maxSW,aparc,0.9,Local Efficiency,lh_caudalanteriorcingulate,0.7640941993912544,0.792663266099094,0.02856906670783954
maxSW,aparc,0.9,Local Efficiency,lh_caudalmiddlefrontal,0.9042525829916247,0.9360167746934499,0.031764191701825206
maxSW,aparc,0.9,Local Efficiency,lh_cuneus,0.46892744907151596,0.4296360275659753,-0.03929142150554066
maxSW,aparc,0.9,Local Efficiency,lh_entorhinal,0.4085563167983483,0.297114688640244,-0.11144162815810432
maxSW,aparc,0.9,Local Efficiency,lh_frontalpole,0.1315206665215544,0.12061859571092932,-0.010902070810625067
maxSW,aparc,0.9,Local Efficiency,lh_fusiform,0.9604528929401407,0.9322350616992723,-0.028217831240868407
maxSW,aparc,0.9,Local Efficiency,lh_inferiorparietal,0.9750171240234706,1.0,0.024982875976529373
maxSW,aparc,0.9,Local Efficiency,lh_inferiortemporal,0.8196800867444761,0.7341239057026204,-0.0855561810418557
maxSW,aparc,0.9,Local Efficiency,lh_insula,0.5294400052570521,0.47172365777058556,-0.05771634748646659
maxSW,aparc,0.9,Local Efficiency,lh_isthmuscingulate,0.8386561065407956,0.8974369940378354,0.0587808874970398
maxSW,aparc,0.9,Local Efficiency,lh_lateraloccipital,0.7565126504665948,0.712367318505524,-0.04414533196107073
maxSW,aparc,0.9,Local Efficiency,lh_lateralorbitofrontal,0.9209356093151521,0.9450746637889109,0.02413905447375886
maxSW,aparc,0.9,Local Efficiency,lh_lingual,0.6613191419536262,0.6787620080329209,0.017442866079294683
maxSW,aparc,0.9,Local Efficiency,lh_medialorbitofrontal,0.875423136531284,0.848324794321536,-0.02709834220974805
maxSW,aparc,0.9,Local Efficiency,lh_middletemporal,0.5551832838482453,0.575808656230208,0.020625372381962714
maxSW,aparc,0.9,Local Efficiency,lh_paracentral,0.8813205158922575,0.9078446322263299,0.02652411633407248
maxSW,aparc,0.9,Local Efficiency,lh_parahippocampal,0.8174108390858509,0.7691767699062512,-0.048234069179599715
maxSW,aparc,0.9,Local Efficiency,lh_parsopercularis,0.9611130088189003,0.9317659466896513,-0.02934706212924898
maxSW,aparc,0.9,Local Efficiency,lh_parsorbitalis,0.2460831727468792,0.306810080702064,0.06072690795518482
maxSW,aparc,0.9,Local Efficiency,lh_parstriangularis,0.8680932414513204,0.8708870467013499,0.0027938052500294797
maxSW,aparc,0.9,Local Efficiency,lh_pericalcarine,0.12665313840861997,0.08472445229332977,-0.0419286861152902
maxSW,aparc,0.9,Local Efficiency,lh_postcentral,0.8015878248537154,0.8107275294858536,0.009139704632138201
maxSW,aparc,0.9,Local Efficiency,lh_posteriorcingulate,0.8930557502192347,0.900558173140257,0.0075024229210223226
maxSW,aparc,0.9,Local Efficiency,lh_precentral,0.9525772807920465,0.982541645264341,0.029964364472294447
maxSW,aparc,0.9,Local Efficiency,lh_precuneus,0.9627845428466335,0.9719639365816415,0.009179393735007979
maxSW,aparc,0.9,Local Efficiency,lh_rostralanteriorcingulate,0.7033353922977078,0.674384911938661,-0.028950480359046793
maxSW,aparc,0.9,Local Efficiency,lh_rostralmiddlefrontal,0.8485045286459685,0.8265096648114911,-0.02199486383447735
maxSW,aparc,0.9,Local Efficiency,lh_superiorfrontal,0.834035636377587,0.7804093915166969,-0.05362624486089018
maxSW,aparc,0.9,Local Efficiency,lh_superiorparietal,0.9185147309713705,0.9401991979981756,0.021684467026805154
maxSW,aparc,0.9,Local Efficiency,lh_superiortemporal,0.8387312320868815,0.8185705765106731,-0.020160655576208386
maxSW,aparc,0.9,Local Efficiency,lh_supramarginal,0.9573912514720256,0.9515513716302312,-0.00583987984179446
maxSW,aparc,0.9,Local Efficiency,lh_temporalpole,0.07959006776252293,0.08237464664679946,0.002784578884276523
maxSW,aparc,0.9,Local Efficiency,lh_transversetemporal,0.6597150018663676,0.6475591317208151,-0.012155870145552417
maxSW,aparc,0.9,Local Efficiency,rh_bankssts,0.4647281511132504,0.5110565452112491,0.046328394097998715
maxSW,aparc,0.9,Local Efficiency,rh_caudalanteriorcingulate,0.78907388284937,0.7650166816475881,-0.024057201201781897
maxSW,aparc,0.9,Local Efficiency,rh_caudalmiddlefrontal,0.9355660261339936,0.9827796759652216,0.047213649831228
maxSW,aparc,0.9,Local Efficiency,rh_cuneus,0.4809217994100104,0.4694254348792082,-0.011496364530802217
maxSW,aparc,0.9,Local Efficiency,rh_entorhinal,0.3489309997307788,0.30170630211426014,-0.04722469761651865
maxSW,aparc,0.9,Local Efficiency,rh_frontalpole,0.11688461772285604,0.0,-0.11688461772285604
maxSW,aparc,0.9,Local Efficiency,rh_fusiform,0.9752188373295135,0.9204431956632494,-0.05477564166626414
maxSW,aparc,0.9,Local Efficiency,rh_inferiorparietal,0.9802971050716766,0.9762788822078987,-0.004018222863777843
maxSW,aparc,0.9,Local Efficiency,rh_inferiortemporal,0.8648523538456897,0.7636494088909491,-0.10120294495474058
maxSW,aparc,0.9,Local Efficiency,rh_insula,0.5437454839425381,0.5028583863784617,-0.04088709756407638
maxSW,aparc,0.9,Local Efficiency,rh_isthmuscingulate,0.8341592959392204,0.8752212612939895,0.041061965354769026
maxSW,aparc,0.9,Local Efficiency,rh_lateraloccipital,0.7859712446335834,0.7974734951429628,0.011502250509379475
maxSW,aparc,0.9,Local Efficiency,rh_lateralorbitofrontal,0.9300270574751393,0.9537418132269093,0.023714755751770067
maxSW,aparc,0.9,Local Efficiency,rh_lingual,0.6947402314389588,0.71470880672945,0.01996857529049123
maxSW,aparc,0.9,Local Efficiency,rh_medialorbitofrontal,0.8620778271911661,0.8383680074943922,-0.02370981969677388
maxSW,aparc,0.9,Local Efficiency,rh_middletemporal,0.6370672740909253,0.6212209529838967,-0.01584632110702866
maxSW,aparc,0.9,Local Efficiency,rh_paracentral,0.8948891332356499,0.9034904661052096,0.008601332869559664
maxSW,aparc,0.9,Local Efficiency,rh_parahippocampal,0.8076427888023053,0.8182168283130484,0.010574039510743094
maxSW,aparc,0.9,Local Efficiency,rh_parsopercularis,0.8829252584165598,0.8992368129566519,0.016311554540092144
maxSW,aparc,0.9,Local Efficiency,rh_parsorbitalis,0.36555144569257514,0.3689374141613077,0.0033859684687325697
maxSW,aparc,0.9,Local Efficiency,rh_parstriangularis,0.8650846885795767,0.8423846797008214,-0.02270000887875523
maxSW,aparc,0.9,Local Efficiency,rh_pericalcarine,0.12775462654205574,0.18440390747375313,0.05664928093169738
maxSW,aparc,0.9,Local Efficiency,rh_postcentral,0.8185708840831544,0.767430957540447,-0.05113992654270738
maxSW,aparc,0.9,Local Efficiency,rh_posteriorcingulate,0.8883692933117099,0.8981477340068412,0.00977844069513134
maxSW,aparc,0.9,Local Efficiency,rh_precentral,0.9305020565776171,0.973541425931307,0.043039369353689905
maxSW,aparc,0.9,Local Efficiency,rh_precuneus,0.9499436130005632,0.9464500112992378,-0.0034936017013253995
maxSW,aparc,0.9,Local Efficiency,rh_rostralanteriorcingulate,0.8018942028925635,0.7286650219809004,-0.07322918091166308
maxSW,aparc,0.9,Local Efficiency,rh_rostralmiddlefrontal,0.8250337096609214,0.8982906701384272,0.07325696047750585
maxSW,aparc,0.9,Local Efficiency,rh_superiorfrontal,0.8615584164059551,0.8181853860870583,-0.04337303031889683
maxSW,aparc,0.9,Local Efficiency,rh_superiorparietal,0.8611333365518293,0.9257141583152162,0.06458082176338686
maxSW,aparc,0.9,Local Efficiency,rh_superiortemporal,0.8417422000577497,0.8276207056065865,-0.014121494451163175
maxSW,aparc,0.9,Local Efficiency,rh_supramarginal,0.944160263254257,0.9425266246690632,-0.0016336385851937196
maxSW,aparc,0.9,Local Efficiency,rh_temporalpole,0.08119098432874038,0.031140548298706973,-0.0500504360300334
maxSW,aparc,0.9,Local Efficiency,rh_transversetemporal,0.5901746478630643,0.5727604449995032,-0.0174142028635611
maxSW,aparc,0.9,Clustering Coefficient,lh_bankssts,0.6350326812407383,0.5908531842403925,-0.044179497000345846
maxSW,aparc,0.9,Clustering Coefficient,lh_caudalanteriorcingulate,0.768022165705415,0.8014017805042449,0.03337961479882989
maxSW,aparc,0.9,Clustering Coefficient,lh_caudalmiddlefrontal,0.8961033357917056,0.9388651053605283,0.042761769568822605
maxSW,aparc,0.9,Clustering Coefficient,lh_cuneus,0.4898292080818781,0.4545337912921456,-0.03529541678973247
maxSW,aparc,0.9,Clustering Coefficient,lh_entorhinal,0.39344089984873515,0.28157039228911174,-0.11187050755962341
maxSW,aparc,0.9,Clustering Coefficient,lh_frontalpole,0.18160332232305315,0.17113441909805743,-0.010468903224995718
maxSW,aparc,0.9,Clustering Coefficient,lh_fusiform,0.950746269214291,0.9237087082363823,-0.02703756097790866
maxSW,aparc,0.9,Clustering Coefficient,lh_inferiorparietal,0.9634386774596777,1.0,0.036561322540322294
maxSW,aparc,0.9,Clustering Coefficient,lh_inferiortemporal,0.7981457940375706,0.6956576984391432,-0.10248809559842742
maxSW,aparc,0.9,Clustering Coefficient,lh_insula,0.5548550200225157,0.5001300234064096,-0.05472499661610619
maxSW,aparc,0.9,Clustering Coefficient,lh_isthmuscingulate,0.832961077622611,0.9017268806281719,0.0687658030055609
maxSW,aparc,0.9,Clustering Coefficient,lh_lateraloccipital,0.7612284002402964,0.7099035508853822,-0.051324849354914215
maxSW,aparc,0.9,Clustering Coefficient,lh_lateralorbitofrontal,0.8990110584231594,0.9357691216796776,0.0367580632565182
maxSW,aparc,0.9,Clustering Coefficient,lh_lingual,0.6691974876585566,0.692306048135892,0.02310856047733545
maxSW,aparc,0.9,Clustering Coefficient,lh_medialorbitofrontal,0.8554156351059118,0.8281986773954678,-0.027216957710443967
maxSW,aparc,0.9,Clustering Coefficient,lh_middletemporal,0.5291671870728207,0.5439531148195486,0.014785927746727823
maxSW,aparc,0.9,Clustering Coefficient,lh_paracentral,0.8739723512192981,0.9119180893343047,0.03794573811500668
maxSW,aparc,0.9,Clustering Coefficient,lh_parahippocampal,0.8268884047509832,0.7681029061288012,-0.058785498622182075
maxSW,aparc,0.9,Clustering Coefficient,lh_parsopercularis,0.9510291611545251,0.9229237447007362,-0.028105416453788834
maxSW,aparc,0.9,Clustering Coefficient,lh_parsorbitalis,0.23515303021986184,0.28584234384107393,0.050689313621212095
maxSW,aparc,0.9,Clustering Coefficient,lh_parstriangularis,0.8492706588774068,0.8503330889350944,0.00106243005768758
maxSW,aparc,0.9,Clustering Coefficient,lh_pericalcarine,0.17385406500436384,0.13503835554849017,-0.038815709455873676
maxSW,aparc,0.9,Clustering Coefficient,lh_postcentral,0.7981066876382944,0.8189984276917279,0.020891740053433527
maxSW,aparc,0.9,Clustering Coefficient,lh_posteriorcingulate,0.8911793731741127,0.9048113934541328,0.013632020280020085
maxSW,aparc,0.9,Clustering Coefficient,lh_precentral,0.942115463115585,0.9834025412850019,0.0412870781694169
maxSW,aparc,0.9,Clustering Coefficient,lh_precuneus,0.9576921054888178,0.9729881567787533,0.015296051289935497
maxSW,aparc,0.9,Clustering Coefficient,lh_rostralanteriorcingulate,0.7048679408818744,0.6706282070508433,-0.03423973383103118
maxSW,aparc,0.9,Clustering Coefficient,lh_rostralmiddlefrontal,0.8374870631035876,0.8079480590851353,-0.02953900401845222
maxSW,aparc,0.9,Clustering Coefficient,lh_superiorfrontal,0.8116536057812512,0.7395218936002674,-0.0721317121809838
maxSW,aparc,0.9,Clustering Coefficient,lh_superiorparietal,0.9158039098153169,0.9428663770759715,0.027062467260654643
maxSW,aparc,0.9,Clustering Coefficient,lh_superiortemporal,0.8340858746472347,0.8073961352261916,-0.026689739421043135
maxSW,aparc,0.9,Clustering Coefficient,lh_supramarginal,0.9406184819986773,0.9420862314643107,0.0014677494656334389
maxSW,aparc,0.9,Clustering Coefficient,lh_temporalpole,0.0731660843155995,0.10244994575518247,0.029283861439582975
maxSW,aparc,0.9,Clustering Coefficient,lh_transversetemporal,0.6683652367735508,0.6626637615685878,-0.005701475204963002
maxSW,aparc,0.9,Clustering Coefficient,rh_bankssts,0.4871543392407812,0.5368323180176021,0.0496779787768209
maxSW,aparc,0.9,Clustering Coefficient,rh_caudalanteriorcingulate,0.7916255563103364,0.7749738046569602,-0.01665175165337618
maxSW,aparc,0.9,Clustering Coefficient,rh_caudalmiddlefrontal,0.9259294499048698,0.9835933544612436,0.057663904556373824
maxSW,aparc,0.9,Clustering Coefficient,rh_cuneus,0.5017458045965909,0.4950288710761997,-0.006716933520391211
maxSW,aparc,0.9,Clustering Coefficient,rh_entorhinal,0.3371912141055542,0.28681219003215697,-0.05037902407339723
maxSW,aparc,0.9,Clustering Coefficient,rh_frontalpole,0.13189340344283831,0.0,-0.13189340344283831
maxSW,aparc,0.9,Clustering Coefficient,rh_fusiform,0.9781000428301956,0.912543785931908,-0.06555625689828759
maxSW,aparc,0.9,Clustering Coefficient,rh_inferiorparietal,0.9685881898692194,0.9656868667377818,-0.0029013231314375387
maxSW,aparc,0.9,Clustering Coefficient,rh_inferiortemporal,0.8409936624664187,0.7236816324551997,-0.11731203001121904
maxSW,aparc,0.9,Clustering Coefficient,rh_insula,0.5774493772134683,0.5342084975096155,-0.04324087970385282
maxSW,aparc,0.9,Clustering Coefficient,rh_isthmuscingulate,0.8287272946374716,0.880418656579704,0.05169136194223234
maxSW,aparc,0.9,Clustering Coefficient,rh_lateraloccipital,0.7832542061364233,0.7908672847905783,0.007613078654155059
maxSW,aparc,0.9,Clustering Coefficient,rh_lateralorbitofrontal,0.9076096190920371,0.9440766095193194,0.0364669904272823
maxSW,aparc,0.9,Clustering Coefficient,rh_lingual,0.7011977642859559,0.7267884659453033,0.025590701659347403
maxSW,aparc,0.9,Clustering Coefficient,rh_medialorbitofrontal,0.8428191619456676,0.8184197398462387,-0.024399422099428913
maxSW,aparc,0.9,Clustering Coefficient,rh_middletemporal,0.6070493700905384,0.5876230812295373,-0.019426288861001062
maxSW,aparc,0.9,Clustering Coefficient,rh_paracentral,0.8869608884904918,0.9078100712048424,0.020849182714350545
maxSW,aparc,0.9,Clustering Coefficient,rh_parahippocampal,0.8038403599717697,0.826062404202941,0.022222044231171245
maxSW,aparc,0.9,Clustering Coefficient,rh_parsopercularis,0.8633362834040171,0.8920207253384591,0.028684441934441973
maxSW,aparc,0.9,Clustering Coefficient,rh_parsorbitalis,0.34899408945759897,0.3459386803113278,-0.0030554091462711708
maxSW,aparc,0.9,Clustering Coefficient,rh_parstriangularis,0.8463635502657709,0.8232088366765676,-0.02315471358920329
maxSW,aparc,0.9,Clustering Coefficient,rh_pericalcarine,0.1770909376239099,0.23182794367015047,0.05473700604624057
maxSW,aparc,0.9,Clustering Coefficient,rh_postcentral,0.8142080625322979,0.7777231349345861,-0.036484927597711825
maxSW,aparc,0.9,Clustering Coefficient,rh_posteriorcingulate,0.886587086052337,0.9024298540215558,0.015842767969218796
maxSW,aparc,0.9,Clustering Coefficient,rh_precentral,0.9210142237754287,0.9747871917318316,0.05377296795640285
maxSW,aparc,0.9,Clustering Coefficient,rh_precuneus,0.9452690216480656,0.9485369817500454,0.0032679601019798277
maxSW,aparc,0.9,Clustering Coefficient,rh_rostralanteriorcingulate,0.8119351435085139,0.7386871754920155,-0.07324796801649847
maxSW,aparc,0.9,Clustering Coefficient,rh_rostralmiddlefrontal,0.8083707927671102,0.9028963265467747,0.09452553377966444
maxSW,aparc,0.9,Clustering Coefficient,rh_superiorfrontal,0.8377911029723769,0.7752674571815461,-0.0625236457908308
maxSW,aparc,0.9,Clustering Coefficient,rh_superiorparietal,0.8548395397024192,0.929090713289039,0.07425117358661981
maxSW,aparc,0.9,Clustering Coefficient,rh_superiortemporal,0.836853209038376,0.8159066667966745,-0.02094654224170156
maxSW,aparc,0.9,Clustering Coefficient,rh_supramarginal,0.9343165020507481,0.9336804605149199,-0.0006360415358281912
maxSW,aparc,0.9,Clustering Coefficient,rh_temporalpole,0.07799886120835357,0.02087351735274058,-0.05712534385561299
maxSW,aparc,0.9,Clustering Coefficient,rh_transversetemporal,0.602252895843955,0.5914453182557579,-0.01080757758819717
maxSW,aparc,0.9,Betweenness Centrality,lh_bankssts,0.02631578947368421,0.008771929824561403,-0.017543859649122806
maxSW,aparc,0.9,Betweenness Centrality,lh_caudalanteriorcingulate,0.0,0.0,0.0
maxSW,aparc,0.9,Betweenness Centrality,lh_caudalmiddlefrontal,0.0,0.0,0.0
maxSW,aparc,0.9,Betweenness Centrality,lh_cuneus,0.0,0.0,0.0
maxSW,aparc,0.9,Betweenness Centrality,lh_entorhinal,0.03508771929824561,0.0,-0.03508771929824561
maxSW,aparc,0.9,Betweenness Centrality,lh_frontalpole,0.0,0.0,0.0
maxSW,aparc,0.9,Betweenness Centrality,lh_fusiform,0.017543859649122806,0.0,-0.017543859649122806
maxSW,aparc,0.9,Betweenness Centrality,lh_inferiorparietal,0.0,0.0,0.0
maxSW,aparc,0.9,Betweenness Centrality,lh_inferiortemporal,0.08771929824561403,0.017543859649122806,-0.07017543859649122
maxSW,aparc,0.9,Betweenness Centrality,lh_insula,0.0,0.0,0.0
maxSW,aparc,0.9,Betweenness Centrality,lh_isthmuscingulate,0.0,0.0,0.0
maxSW,aparc,0.9,Betweenness Centrality,lh_lateraloccipital,0.008771929824561403,0.008771929824561403,0.0
maxSW,aparc,0.9,Betweenness Centrality,lh_lateralorbitofrontal,0.008771929824561403,0.017543859649122806,0.008771929824561403
maxSW,aparc,0.9,Betweenness Centrality,lh_lingual,0.12280701754385964,0.02631578947368421,-0.09649122807017543
maxSW,aparc,0.9,Betweenness Centrality,lh_medialorbitofrontal,0.043859649122807015,0.0,-0.043859649122807015
maxSW,aparc,0.9,Betweenness Centrality,lh_middletemporal,0.07894736842105263,0.18421052631578946,0.10526315789473684
maxSW,aparc,0.9,Betweenness Centrality,lh_paracentral,0.0,0.0,0.0
maxSW,aparc,0.9,Betweenness Centrality,lh_parahippocampal,0.0,0.03508771929824561,0.03508771929824561
maxSW,aparc,0.9,Betweenness Centrality,lh_parsopercularis,0.008771929824561403,0.0,-0.008771929824561403
maxSW,aparc,0.9,Betweenness Centrality,lh_parsorbitalis,0.017543859649122806,0.2982456140350877,0.2807017543859649
maxSW,aparc,0.9,Betweenness Centrality,lh_parstriangularis,0.0,0.0,0.0
maxSW,aparc,0.9,Betweenness Centrality,lh_pericalcarine,0.0,0.0,0.0
maxSW,aparc,0.9,Betweenness Centrality,lh_postcentral,0.0,0.03508771929824561,0.03508771929824561
maxSW,aparc,0.9,Betweenness Centrality,lh_posteriorcingulate,0.0,0.0,0.0
maxSW,aparc,0.9,Betweenness Centrality,lh_precentral,0.0,0.0,0.0
maxSW,aparc,0.9,Betweenness Centrality,lh_precuneus,0.017543859649122806,0.05263157894736842,0.03508771929824561
maxSW,aparc,0.9,Betweenness Centrality,lh_rostralanteriorcingulate,0.0,0.0,0.0
maxSW,aparc,0.9,Betweenness Centrality,lh_rostralmiddlefrontal,0.0,0.0,0.0
maxSW,aparc,0.9,Betweenness Centrality,lh_superiorfrontal,0.0,0.043859649122807015,0.043859649122807015
maxSW,aparc,0.9,Betweenness Centrality,lh_superiorparietal,0.0,0.008771929824561403,0.008771929824561403
maxSW,aparc,0.9,Betweenness Centrality,lh_superiortemporal,0.008771929824561403,0.0,-0.008771929824561403
maxSW,aparc,0.9,Betweenness Centrality,lh_supramarginal,0.0,0.0,0.0
maxSW,aparc,0.9,Betweenness Centrality,lh_temporalpole,0.0,0.0,0.0
maxSW,aparc,0.9,Betweenness Centrality,lh_transversetemporal,0.0,0.0,0.0
maxSW,aparc,0.9,Betweenness Centrality,rh_bankssts,0.0,0.0,0.0
maxSW,aparc,0.9,Betweenness Centrality,rh_caudalanteriorcingulate,0.008771929824561403,0.0,-0.008771929824561403
maxSW,aparc,0.9,Betweenness Centrality,rh_caudalmiddlefrontal,0.0,0.0,0.0
maxSW,aparc,0.9,Betweenness Centrality,rh_cuneus,0.0,0.0,0.0
maxSW,aparc,0.9,Betweenness Centrality,rh_entorhinal,0.0,0.0,0.0
maxSW,aparc,0.9,Betweenness Centrality,rh_frontalpole,0.0,0.0,0.0
maxSW,aparc,0.9,Betweenness Centrality,rh_fusiform,0.0,0.03508771929824561,0.03508771929824561
maxSW,aparc,0.9,Betweenness Centrality,rh_inferiorparietal,0.0,0.0,0.0
maxSW,aparc,0.9,Betweenness Centrality,rh_inferiortemporal,0.08771929824561403,0.017543859649122806,-0.07017543859649122
maxSW,aparc,0.9,Betweenness Centrality,rh_insula,0.0,0.0,0.0
maxSW,aparc,0.9,Betweenness Centrality,rh_isthmuscingulate,0.0,0.0,0.0
maxSW,aparc,0.9,Betweenness Centrality,rh_lateraloccipital,0.0,0.017543859649122806,0.017543859649122806
maxSW,aparc,0.9,Betweenness Centrality,rh_lateralorbitofrontal,0.10526315789473684,0.05263157894736842,-0.05263157894736842
maxSW,aparc,0.9,Betweenness Centrality,rh_lingual,0.17543859649122806,0.05263157894736842,-0.12280701754385964
maxSW,aparc,0.9,Betweenness Centrality,rh_medialorbitofrontal,0.07017543859649122,0.07894736842105263,0.008771929824561403
maxSW,aparc,0.9,Betweenness Centrality,rh_middletemporal,0.19298245614035087,0.37719298245614036,0.1842105263157895
maxSW,aparc,0.9,Betweenness Centrality,rh_paracentral,0.0,0.0,0.0
maxSW,aparc,0.9,Betweenness Centrality,rh_parahippocampal,0.008771929824561403,0.0,-0.008771929824561403
maxSW,aparc,0.9,Betweenness Centrality,rh_parsopercularis,0.0,0.0,0.0
maxSW,aparc,0.9,Betweenness Centrality,rh_parsorbitalis,1.0,0.7807017543859649,-0.2192982456140351
maxSW,aparc,0.9,Betweenness Centrality,rh_parstriangularis,0.0,0.0,0.0
maxSW,aparc,0.9,Betweenness Centrality,rh_pericalcarine,0.0,0.0,0.0
maxSW,aparc,0.9,Betweenness Centrality,rh_postcentral,0.0,0.0,0.0
maxSW,aparc,0.9,Betweenness Centrality,rh_posteriorcingulate,0.0,0.0,0.0
maxSW,aparc,0.9,Betweenness Centrality,rh_precentral,0.0,0.0,0.0
maxSW,aparc,0.9,Betweenness Centrality,rh_precuneus,0.10526315789473684,0.14035087719298245,0.03508771929824561
maxSW,aparc,0.9,Betweenness Centrality,rh_rostralanteriorcingulate,0.0,0.0,0.0
maxSW,aparc,0.9,Betweenness Centrality,rh_rostralmiddlefrontal,0.0,0.0,0.0
maxSW,aparc,0.9,Betweenness Centrality,rh_superiorfrontal,0.0,0.02631578947368421,0.02631578947368421
maxSW,aparc,0.9,Betweenness Centrality,rh_superiorparietal,0.0,0.0,0.0
maxSW,aparc,0.9,Betweenness Centrality,rh_superiortemporal,0.0,0.008771929824561403,0.008771929824561403
maxSW,aparc,0.9,Betweenness Centrality,rh_supramarginal,0.0,0.0,0.0
maxSW,aparc,0.9,Betweenness Centrality,rh_temporalpole,0.0,0.0,0.0
maxSW,aparc,0.9,Betweenness Centrality,rh_transversetemporal,0.0,0.0,0.0
maxSW,aparc,0.9,Eigenvector Centrality,lh_bankssts,0.6974210372600862,0.6854009212517622,-0.012020116008323978
maxSW,aparc,0.9,Eigenvector Centrality,lh_caudalanteriorcingulate,0.8192760980890049,0.8389768215295206,0.019700723440515655
maxSW,aparc,0.9,Eigenvector Centrality,lh_caudalmiddlefrontal,0.9449025295546255,0.9448046564510283,-9.787310359721246e-05
maxSW,aparc,0.9,Eigenvector Centrality,lh_cuneus,0.6171461462533384,0.6220350994738485,0.004888953220510084
maxSW,aparc,0.9,Eigenvector Centrality,lh_entorhinal,0.6062458368022989,0.5681793686115453,-0.038066468190753655
maxSW,aparc,0.9,Eigenvector Centrality,lh_frontalpole,0.0,0.027735131095024214,0.027735131095024214
maxSW,aparc,0.9,Eigenvector Centrality,lh_fusiform,0.9570770386599377,0.9672798447776784,0.010202806117740715
maxSW,aparc,0.9,Eigenvector Centrality,lh_inferiorparietal,0.9919776997054781,0.9856311508320048,-0.006346548873473301
maxSW,aparc,0.9,Eigenvector Centrality,lh_inferiortemporal,0.8900166656172049,0.8671288114244826,-0.022887854192722323
maxSW,aparc,0.9,Eigenvector Centrality,lh_insula,0.6050140967126593,0.5920401487122239,-0.012973948000435387
maxSW,aparc,0.9,Eigenvector Centrality,lh_isthmuscingulate,0.8885516745681057,0.9075398497264262,0.01898817515832052
maxSW,aparc,0.9,Eigenvector Centrality,lh_lateraloccipital,0.8193831221576726,0.8181974638307974,-0.0011856583268752274
maxSW,aparc,0.9,Eigenvector Centrality,lh_lateralorbitofrontal,0.9781656486846639,0.9746479561431077,-0.0035176925415562055
maxSW,aparc,0.9,Eigenvector Centrality,lh_lingual,0.7575194772449674,0.770334377988619,0.012814900743651658
maxSW,aparc,0.9,Eigenvector Centrality,lh_medialorbitofrontal,0.9423937501910864,0.93027107615798,-0.012122674033106406
maxSW,aparc,0.9,Eigenvector Centrality,lh_middletemporal,0.7369830282306067,0.7573008416556409,0.020317813425034248
maxSW,aparc,0.9,Eigenvector Centrality,lh_paracentral,0.9221474126429358,0.9179962770411132,-0.004151135601822564
maxSW,aparc,0.9,Eigenvector Centrality,lh_parahippocampal,0.8266668172367553,0.8461876681486731,0.019520850911917798
maxSW,aparc,0.9,Eigenvector Centrality,lh_parsopercularis,0.9572625205712535,0.9678830424505345,0.010620521879280975
maxSW,aparc,0.9,Eigenvector Centrality,lh_parsorbitalis,0.4881842122201104,0.5261458245860693,0.03796161236595891
maxSW,aparc,0.9,Eigenvector Centrality,lh_parstriangularis,0.9453262021813871,0.9551286546800439,0.009802452498656855
maxSW,aparc,0.9,Eigenvector Centrality,lh_pericalcarine,0.2732624470376033,0.3048561814041908,0.03159373436658752
maxSW,aparc,0.9,Eigenvector Centrality,lh_postcentral,0.8708171899201756,0.8557315155200701,-0.015085674400105553
maxSW,aparc,0.9,Eigenvector Centrality,lh_posteriorcingulate,0.9064780446402793,0.914456306744941,0.007978262104661793
maxSW,aparc,0.9,Eigenvector Centrality,lh_precentral,0.9761129194553789,0.9726158913957117,-0.0034970280596672287
maxSW,aparc,0.9,Eigenvector Centrality,lh_precuneus,0.956667757321794,0.9644230878709952,0.007755330549201189
maxSW,aparc,0.9,Eigenvector Centrality,lh_rostralanteriorcingulate,0.7826589088166306,0.7723063717519829,-0.010352537064647671
maxSW,aparc,0.9,Eigenvector Centrality,lh_rostralmiddlefrontal,0.9075674924404423,0.9245322718534217,0.01696477941297936
maxSW,aparc,0.9,Eigenvector Centrality,lh_superiorfrontal,0.8997773129681269,0.8997678881226217,-9.424845505257018e-06
maxSW,aparc,0.9,Eigenvector Centrality,lh_superiorparietal,0.9266448393736207,0.9430519354613751,0.01640709608775437
maxSW,aparc,0.9,Eigenvector Centrality,lh_superiortemporal,0.8767104487467436,0.8745574022993158,-0.0021530464474278643
maxSW,aparc,0.9,Eigenvector Centrality,lh_supramarginal,0.9839851518142915,0.983712016005078,-0.00027313580921350944
maxSW,aparc,0.9,Eigenvector Centrality,lh_temporalpole,0.1461095637755987,0.049442848857496766,-0.09666671491810193
maxSW,aparc,0.9,Eigenvector Centrality,lh_transversetemporal,0.752850994690517,0.7453956269291834,-0.007455367761333598
maxSW,aparc,0.9,Eigenvector Centrality,rh_bankssts,0.5831887038448434,0.6235147916029145,0.040326087758071005
maxSW,aparc,0.9,Eigenvector Centrality,rh_caudalanteriorcingulate,0.8341979561350703,0.8200408882114434,-0.01415706792362692
maxSW,aparc,0.9,Eigenvector Centrality,rh_caudalmiddlefrontal,0.9665983050552348,0.9761569160860432,0.00955861103080835
maxSW,aparc,0.9,Eigenvector Centrality,rh_cuneus,0.6238033267137917,0.6192251375332483,-0.004578189180543424
maxSW,aparc,0.9,Eigenvector Centrality,rh_entorhinal,0.5717776112444694,0.5362356156469793,-0.03554199559749005
maxSW,aparc,0.9,Eigenvector Centrality,rh_frontalpole,0.03148900382566572,0.07322219694583942,0.041733193120173706
maxSW,aparc,0.9,Eigenvector Centrality,rh_fusiform,0.9376716534177525,0.9577304506515469,0.020058797233794445
maxSW,aparc,0.9,Eigenvector Centrality,rh_inferiorparietal,0.9965875685091586,1.0,0.003412431490841361
maxSW,aparc,0.9,Eigenvector Centrality,rh_inferiortemporal,0.9187049852574213,0.8868844700334495,-0.03182051522397178
maxSW,aparc,0.9,Eigenvector Centrality,rh_insula,0.568398841019671,0.5936444712186315,0.025245630198960534
maxSW,aparc,0.9,Eigenvector Centrality,rh_isthmuscingulate,0.8859951356252196,0.8917291054116893,0.005733969786469673
maxSW,aparc,0.9,Eigenvector Centrality,rh_lateraloccipital,0.8603107424374891,0.8736476353969447,0.013336892959455615
maxSW,aparc,0.9,Eigenvector Centrality,rh_lateralorbitofrontal,0.9858126507339897,0.981209400650085,-0.00460325008390472
maxSW,aparc,0.9,Eigenvector Centrality,rh_lingual,0.77852196641265,0.7931989850256431,0.014677018612993087
maxSW,aparc,0.9,Eigenvector Centrality,rh_medialorbitofrontal,0.9336233438197311,0.9235876214911682,-0.010035722328562868
maxSW,aparc,0.9,Eigenvector Centrality,rh_middletemporal,0.7917709078053142,0.7883072369047703,-0.0034636709005438915
maxSW,aparc,0.9,Eigenvector Centrality,rh_paracentral,0.9320480674509806,0.9153293879958136,-0.016718679455166918
maxSW,aparc,0.9,Eigenvector Centrality,rh_parahippocampal,0.8684206702586972,0.8547520678384846,-0.013668602420212617
maxSW,aparc,0.9,Eigenvector Centrality,rh_parsopercularis,0.9569050831268302,0.9458997269625354,-0.011005356164294766
maxSW,aparc,0.9,Eigenvector Centrality,rh_parsorbitalis,0.5555475200997992,0.573796410754183,0.01824889065438373
maxSW,aparc,0.9,Eigenvector Centrality,rh_parstriangularis,0.9433447440015948,0.9340433094320637,-0.009301434569531142
maxSW,aparc,0.9,Eigenvector Centrality,rh_pericalcarine,0.2655202535530946,0.336076302893554,0.07055604934045939
maxSW,aparc,0.9,Eigenvector Centrality,rh_postcentral,0.8813241481860915,0.8284660007614808,-0.0528581474246107
maxSW,aparc,0.9,Eigenvector Centrality,rh_posteriorcingulate,0.9023441166299957,0.9118873595007674,0.009543242870771684
maxSW,aparc,0.9,Eigenvector Centrality,rh_precentral,0.9597281619258639,0.9659662754326184,0.006238113506754517
maxSW,aparc,0.9,Eigenvector Centrality,rh_precuneus,0.9464303955480893,0.9466837630115397,0.0002533674634503935
maxSW,aparc,0.9,Eigenvector Centrality,rh_rostralanteriorcingulate,0.8210185809681375,0.7832877275306651,-0.0377308534374724
maxSW,aparc,0.9,Eigenvector Centrality,rh_rostralmiddlefrontal,0.9132058419876983,0.9164939634653843,0.003288121477685979
maxSW,aparc,0.9,Eigenvector Centrality,rh_superiorfrontal,0.9173970234823267,0.9258971073267325,0.008500083844405815
maxSW,aparc,0.9,Eigenvector Centrality,rh_superiorparietal,0.9122592030180156,0.9330411362646709,0.020781933246655337
maxSW,aparc,0.9,Eigenvector Centrality,rh_superiortemporal,0.8777453722863235,0.8790447743256282,0.0012994020393046757
maxSW,aparc,0.9,Eigenvector Centrality,rh_supramarginal,0.9734056074446459,0.9784309286643318,0.005025321219685908
maxSW,aparc,0.9,Eigenvector Centrality,rh_temporalpole,0.2919762892979463,0.1645516354529245,-0.12742465384502177
maxSW,aparc,0.9,Eigenvector Centrality,rh_transversetemporal,0.7095863348743817,0.6999752198710357,-0.009611115003345994
maxSW,aparc,0.9,Node Degree,lh_bankssts,0.9285714285714286,0.9464285714285714,0.017857142857142794
maxSW,aparc,0.9,Node Degree,lh_caudalanteriorcingulate,0.9642857142857143,0.9642857142857143,0.0
maxSW,aparc,0.9,Node Degree,lh_caudalmiddlefrontal,0.9821428571428571,0.9642857142857143,-0.017857142857142794
maxSW,aparc,0.9,Node Degree,lh_cuneus,0.9285714285714286,0.9642857142857143,0.0357142857142857
maxSW,aparc,0.9,Node Degree,lh_entorhinal,0.9642857142857143,1.0,0.0357142857142857
maxSW,aparc,0.9,Node Degree,lh_frontalpole,0.0,0.07142857142857142,0.07142857142857142
maxSW,aparc,0.9,Node Degree,lh_fusiform,0.9642857142857143,0.9821428571428571,0.017857142857142794
maxSW,aparc,0.9,Node Degree,lh_inferiorparietal,0.9821428571428571,0.9642857142857143,-0.017857142857142794
maxSW,aparc,0.9,Node Degree,lh_inferiortemporal,0.9821428571428571,1.0,0.017857142857142905
maxSW,aparc,0.9,Node Degree,lh_insula,0.875,0.8928571428571429,0.017857142857142905
maxSW,aparc,0.9,Node Degree,lh_isthmuscingulate,0.9821428571428571,0.9642857142857143,-0.017857142857142794
maxSW,aparc,0.9,Node Degree,lh_lateraloccipital,0.9642857142857143,0.9821428571428571,0.017857142857142794
maxSW,aparc,0.9,Node Degree,lh_lateralorbitofrontal,1.0,0.9821428571428571,-0.017857142857142905
maxSW,aparc,0.9,Node Degree,lh_lingual,0.9642857142857143,0.9642857142857143,0.0
maxSW,aparc,0.9,Node Degree,lh_medialorbitofrontal,1.0,1.0,0.0
maxSW,aparc,0.9,Node Degree,lh_middletemporal,1.0,1.0,0.0
maxSW,aparc,0.9,Node Degree,lh_paracentral,0.9821428571428571,0.9642857142857143,-0.017857142857142794
maxSW,aparc,0.9,Node Degree,lh_parahippocampal,0.9464285714285714,0.9821428571428571,0.0357142857142857
maxSW,aparc,0.9,Node Degree,lh_parsopercularis,0.9642857142857143,0.9821428571428571,0.017857142857142794
maxSW,aparc,0.9,Node Degree,lh_parsorbitalis,0.9285714285714286,0.9285714285714286,0.0
maxSW,aparc,0.9,Node Degree,lh_parstriangularis,1.0,1.0,0.0
maxSW,aparc,0.9,Node Degree,lh_pericalcarine,0.6071428571428571,0.7142857142857143,0.1071428571428572
maxSW,aparc,0.9,Node Degree,lh_postcentral,0.9821428571428571,0.9642857142857143,-0.017857142857142794
maxSW,aparc,0.9,Node Degree,lh_posteriorcingulate,0.9642857142857143,0.9642857142857143,0.0
maxSW,aparc,0.9,Node Degree,lh_precentral,0.9821428571428571,0.9642857142857143,-0.017857142857142794
maxSW,aparc,0.9,Node Degree,lh_precuneus,0.9642857142857143,0.9642857142857143,0.0
maxSW,aparc,0.9,Node Degree,lh_rostralanteriorcingulate,0.9642857142857143,0.9642857142857143,0.0
maxSW,aparc,0.9,Node Degree,lh_rostralmiddlefrontal,0.9821428571428571,1.0,0.017857142857142905
maxSW,aparc,0.9,Node Degree,lh_superiorfrontal,0.9821428571428571,1.0,0.017857142857142905
maxSW,aparc,0.9,Node Degree,lh_superiorparietal,0.9642857142857143,0.9642857142857143,0.0
maxSW,aparc,0.9,Node Degree,lh_superiortemporal,0.9642857142857143,0.9642857142857143,0.0
maxSW,aparc,0.9,Node Degree,lh_supramarginal,0.9821428571428571,0.9821428571428571,0.0
maxSW,aparc,0.9,Node Degree,lh_temporalpole,0.3392857142857143,0.125,-0.2142857142857143
maxSW,aparc,0.9,Node Degree,lh_transversetemporal,0.9642857142857143,0.9642857142857143,0.0
maxSW,aparc,0.9,Node Degree,rh_bankssts,0.8928571428571429,0.9107142857142857,0.017857142857142794
maxSW,aparc,0.9,Node Degree,rh_caudalanteriorcingulate,0.9642857142857143,0.9642857142857143,0.0
maxSW,aparc,0.9,Node Degree,rh_caudalmiddlefrontal,0.9821428571428571,0.9642857142857143,-0.017857142857142794
maxSW,aparc,0.9,Node Degree,rh_cuneus,0.9285714285714286,0.9285714285714286,0.0
maxSW,aparc,0.9,Node Degree,rh_entorhinal,0.9642857142857143,0.9464285714285714,-0.017857142857142905
maxSW,aparc,0.9,Node Degree,rh_frontalpole,0.07142857142857142,0.19642857142857142,0.125
maxSW,aparc,0.9,Node Degree,rh_fusiform,0.9464285714285714,0.9821428571428571,0.0357142857142857
maxSW,aparc,0.9,Node Degree,rh_inferiorparietal,0.9821428571428571,0.9821428571428571,0.0
maxSW,aparc,0.9,Node Degree,rh_inferiortemporal,0.9821428571428571,1.0,0.017857142857142905
maxSW,aparc,0.9,Node Degree,rh_insula,0.8214285714285714,0.875,0.0535714285714286
maxSW,aparc,0.9,Node Degree,rh_isthmuscingulate,0.9821428571428571,0.9642857142857143,-0.017857142857142794
maxSW,aparc,0.9,Node Degree,rh_lateraloccipital,0.9821428571428571,0.9821428571428571,0.0
maxSW,aparc,0.9,Node Degree,rh_lateralorbitofrontal,1.0,0.9821428571428571,-0.017857142857142905
maxSW,aparc,0.9,Node Degree,rh_lingual,0.9642857142857143,0.9642857142857143,0.0
maxSW,aparc,0.9,Node Degree,rh_medialorbitofrontal,1.0,1.0,0.0
maxSW,aparc,0.9,Node Degree,rh_middletemporal,1.0,1.0,0.0
maxSW,aparc,0.9,Node Degree,rh_paracentral,0.9821428571428571,0.9642857142857143,-0.017857142857142794
maxSW,aparc,0.9,Node Degree,rh_parahippocampal,0.9821428571428571,0.9642857142857143,-0.017857142857142794
maxSW,aparc,0.9,Node Degree,rh_parsopercularis,1.0,0.9821428571428571,-0.017857142857142905
maxSW,aparc,0.9,Node Degree,rh_parsorbitalis,0.9285714285714286,0.9464285714285714,0.017857142857142794
maxSW,aparc,0.9,Node Degree,rh_parstriangularis,1.0,1.0,0.0
maxSW,aparc,0.9,Node Degree,rh_pericalcarine,0.5892857142857143,0.6964285714285714,0.1071428571428571
maxSW,aparc,0.9,Node Degree,rh_postcentral,0.9821428571428571,0.9642857142857143,-0.017857142857142794
maxSW,aparc,0.9,Node Degree,rh_posteriorcingulate,0.9642857142857143,0.9642857142857143,0.0
maxSW,aparc,0.9,Node Degree,rh_precentral,0.9821428571428571,0.9642857142857143,-0.017857142857142794
maxSW,aparc,0.9,Node Degree,rh_precuneus,0.9642857142857143,0.9642857142857143,0.0
maxSW,aparc,0.9,Node Degree,rh_rostralanteriorcingulate,0.9464285714285714,0.9464285714285714,0.0
maxSW,aparc,0.9,Node Degree,rh_rostralmiddlefrontal,1.0,0.9642857142857143,-0.0357142857142857
maxSW,aparc,0.9,Node Degree,rh_superiorfrontal,0.9821428571428571,1.0,0.017857142857142905
maxSW,aparc,0.9,Node Degree,rh_superiorparietal,0.9821428571428571,0.9642857142857143,-0.017857142857142794
maxSW,aparc,0.9,Node Degree,rh_superiortemporal,0.9642857142857143,0.9642857142857143,0.0
maxSW,aparc,0.9,Node Degree,rh_supramarginal,0.9821428571428571,0.9821428571428571,0.0
maxSW,aparc,0.9,Node Degree,rh_temporalpole,0.6785714285714286,0.4107142857142857,-0.2678571428571429
maxSW,aparc,0.9,Node Degree,rh_transversetemporal,0.9642857142857143,0.9642857142857143,0.0
maxSW,aparc,1.0,Participation Coefficient,lh_bankssts,0.42309147994464497,0.35202192931962534,-0.07106955062501963
maxSW,aparc,1.0,Participation Coefficient,lh_caudalanteriorcingulate,0.428713462410983,0.3140408652168325,-0.11467259719415052
maxSW,aparc,1.0,Participation Coefficient,lh_caudalmiddlefrontal,0.2903561223973574,0.15661783948245092,-0.1337382829149065
maxSW,aparc,1.0,Participation Coefficient,lh_cuneus,0.442293682641229,0.38013519778039184,-0.06215848486083714
maxSW,aparc,1.0,Participation Coefficient,lh_entorhinal,0.7195295000248979,0.5989922901545585,-0.12053720987033945
maxSW,aparc,1.0,Participation Coefficient,lh_frontalpole,0.9814699990246143,0.8927382960763762,-0.08873170294823807
maxSW,aparc,1.0,Participation Coefficient,lh_fusiform,0.32280155062333105,0.2005618276494319,-0.12223972297389915
maxSW,aparc,1.0,Participation Coefficient,lh_inferiorparietal,0.32377158501127007,0.20837834468675728,-0.11539324032451279
maxSW,aparc,1.0,Participation Coefficient,lh_inferiortemporal,0.34137308933786714,0.19356682619836013,-0.147806263139507
maxSW,aparc,1.0,Participation Coefficient,lh_insula,0.3516750358852617,0.23351158878106545,-0.11816344710419627
maxSW,aparc,1.0,Participation Coefficient,lh_isthmuscingulate,0.49574303432996203,0.3525192310009593,-0.14322380332900275
maxSW,aparc,1.0,Participation Coefficient,lh_lateraloccipital,0.46206964641827103,0.3792749313489534,-0.08279471506931763
maxSW,aparc,1.0,Participation Coefficient,lh_lateralorbitofrontal,0.3987895184736802,0.23977527875263877,-0.15901423972104145
maxSW,aparc,1.0,Participation Coefficient,lh_lingual,0.45310837192221565,0.38429341984844045,-0.06881495207377519
maxSW,aparc,1.0,Participation Coefficient,lh_medialorbitofrontal,0.42771260535637934,0.31505757962745967,-0.11265502572891967
maxSW,aparc,1.0,Participation Coefficient,lh_middletemporal,0.23471182656000042,0.03528679320096897,-0.19942503335903145
maxSW,aparc,1.0,Participation Coefficient,lh_paracentral,0.4364710147500926,0.3506290220162385,-0.08584199273385407
maxSW,aparc,1.0,Participation Coefficient,lh_parahippocampal,0.5165054145071043,0.36864475913230565,-0.14786065537479864
maxSW,aparc,1.0,Participation Coefficient,lh_parsopercularis,0.3269965921719539,0.19907051409964008,-0.12792607807231385
maxSW,aparc,1.0,Participation Coefficient,lh_parsorbitalis,0.7680943783107738,0.6072251383351175,-0.16086923997565628
maxSW,aparc,1.0,Participation Coefficient,lh_parstriangularis,0.31016877885746247,0.19996250534667886,-0.1102062735107836
maxSW,aparc,1.0,Participation Coefficient,lh_pericalcarine,0.5562813493811881,0.5181901910782953,-0.03809115830289278
maxSW,aparc,1.0,Participation Coefficient,lh_postcentral,0.4486892647886015,0.3706239466151396,-0.0780653181734619
maxSW,aparc,1.0,Participation Coefficient,lh_posteriorcingulate,0.3424885692071511,0.19719383552485564,-0.14529473368229545
maxSW,aparc,1.0,Participation Coefficient,lh_precentral,0.35844575877126045,0.28091359611130917,-0.07753216265995128
maxSW,aparc,1.0,Participation Coefficient,lh_precuneus,0.23200398517192594,0.1285886726243231,-0.10341531254760283
maxSW,aparc,1.0,Participation Coefficient,lh_rostralanteriorcingulate,0.48192589897111804,0.37916363744652115,-0.10276226152459689
maxSW,aparc,1.0,Participation Coefficient,lh_rostralmiddlefrontal,0.3216302323740212,0.18519264768465918,-0.13643758468936204
maxSW,aparc,1.0,Participation Coefficient,lh_superiorfrontal,0.33866592768710924,0.17862642977325674,-0.1600394979138525
maxSW,aparc,1.0,Participation Coefficient,lh_superiorparietal,0.3537324950351982,0.24533955460818951,-0.1083929404270087
maxSW,aparc,1.0,Participation Coefficient,lh_superiortemporal,0.3008976083241575,0.127782340687054,-0.17311526763710353
maxSW,aparc,1.0,Participation Coefficient,lh_supramarginal,0.28023197504800035,0.15264064379769085,-0.1275913312503095
maxSW,aparc,1.0,Participation Coefficient,lh_temporalpole,0.8717765387100261,0.7379971345954954,-0.1337794041145307
maxSW,aparc,1.0,Participation Coefficient,lh_transversetemporal,0.45264251449417436,0.411025002811677,-0.04161751168249739
maxSW,aparc,1.0,Participation Coefficient,rh_bankssts,0.41710503612056726,0.33157774530182543,-0.08552729081874183
maxSW,aparc,1.0,Participation Coefficient,rh_caudalanteriorcingulate,0.45833005339856303,0.35252288727074993,-0.1058071661278131
maxSW,aparc,1.0,Participation Coefficient,rh_caudalmiddlefrontal,0.29050981793069325,0.16265490948803074,-0.1278549084426625
maxSW,aparc,1.0,Participation Coefficient,rh_cuneus,0.4669277284284776,0.3880922014457942,-0.07883552698268337
maxSW,aparc,1.0,Participation Coefficient,rh_entorhinal,0.7162978541178173,0.6488245805912093,-0.06747327352660804
maxSW,aparc,1.0,Participation Coefficient,rh_frontalpole,1.0,0.9147758338582348,-0.0852241661417652
maxSW,aparc,1.0,Participation Coefficient,rh_fusiform,0.3574293691246676,0.25473184950584576,-0.10269751961882184
maxSW,aparc,1.0,Participation Coefficient,rh_inferiorparietal,0.30857809733641484,0.18433418392614892,-0.12424391341026592
maxSW,aparc,1.0,Participation Coefficient,rh_inferiortemporal,0.3810408332874886,0.20312557368351142,-0.1779152596039772
maxSW,aparc,1.0,Participation Coefficient,rh_insula,0.3423297377581524,0.20092177826694163,-0.14140795949121077
maxSW,aparc,1.0,Participation Coefficient,rh_isthmuscingulate,0.5046663800796743,0.39168500025698566,-0.11298137982268869
maxSW,aparc,1.0,Participation Coefficient,rh_lateraloccipital,0.4517032699405123,0.36648530363938453,-0.08521796630112777
maxSW,aparc,1.0,Participation Coefficient,rh_lateralorbitofrontal,0.3769131379492196,0.23346260846287767,-0.14345052948634193
maxSW,aparc,1.0,Participation Coefficient,rh_lingual,0.4515952461402246,0.37349386957701797,-0.07810137656320665
maxSW,aparc,1.0,Participation Coefficient,rh_medialorbitofrontal,0.4280362538498165,0.326785825536936,-0.10125042831288045
maxSW,aparc,1.0,Participation Coefficient,rh_middletemporal,0.18514469535002517,0.0,-0.18514469535002517
maxSW,aparc,1.0,Participation Coefficient,rh_paracentral,0.39540194688264346,0.34337056213540545,-0.05203138474723801
maxSW,aparc,1.0,Participation Coefficient,rh_parahippocampal,0.4616370910437117,0.3647480579015693,-0.09688903314214242
maxSW,aparc,1.0,Participation Coefficient,rh_parsopercularis,0.2910382161079167,0.17461869831173882,-0.11641951779617787
maxSW,aparc,1.0,Participation Coefficient,rh_parsorbitalis,0.6892463543297435,0.5602078067542637,-0.12903854757547972
maxSW,aparc,1.0,Participation Coefficient,rh_parstriangularis,0.31202330175876486,0.21485969569461133,-0.09716360606415353
maxSW,aparc,1.0,Participation Coefficient,rh_pericalcarine,0.5415195250644683,0.49028734423695125,-0.05123218082751707
maxSW,aparc,1.0,Participation Coefficient,rh_postcentral,0.4532227443423421,0.39109094271761813,-0.06213180162472398
maxSW,aparc,1.0,Participation Coefficient,rh_posteriorcingulate,0.3628412251732967,0.21505775713689781,-0.14778346803639889
maxSW,aparc,1.0,Participation Coefficient,rh_precentral,0.38894081733925995,0.30351349434968383,-0.08542732298957612
maxSW,aparc,1.0,Participation Coefficient,rh_precuneus,0.27269740505173223,0.15760283803676023,-0.115094567014972
maxSW,aparc,1.0,Participation Coefficient,rh_rostralanteriorcingulate,0.3925083574439115,0.35429845051517295,-0.038209906928738546
maxSW,aparc,1.0,Participation Coefficient,rh_rostralmiddlefrontal,0.4001180655317528,0.25237316648515856,-0.1477448990465942
maxSW,aparc,1.0,Participation Coefficient,rh_superiorfrontal,0.3612480302559239,0.19727502677377018,-0.1639730034821537
maxSW,aparc,1.0,Participation Coefficient,rh_superiorparietal,0.3702151961319748,0.27192686898621155,-0.09828832714576324
maxSW,aparc,1.0,Participation Coefficient,rh_superiortemporal,0.32736962662786245,0.16097661852498957,-0.16639300810287289
maxSW,aparc,1.0,Participation Coefficient,rh_supramarginal,0.2665214053562941,0.1399657267273443,-0.12655567862894979
maxSW,aparc,1.0,Participation Coefficient,rh_temporalpole,0.8617618649739128,0.7066102165719809,-0.15515164840193196
maxSW,aparc,1.0,Participation Coefficient,rh_transversetemporal,0.48345468473909237,0.3980915045619323,-0.08536318017716005
maxSW,aparc,1.0,Node Versatility,lh_bankssts,0.43972081869664537,0.3949739500228673,-0.044746868673778084
maxSW,aparc,1.0,Node Versatility,lh_caudalanteriorcingulate,0.5541662244552651,0.6369759753516364,0.08280975089637133
maxSW,aparc,1.0,Node Versatility,lh_caudalmiddlefrontal,0.3635750086071343,0.3879412474924754,0.024366238885341063
maxSW,aparc,1.0,Node Versatility,lh_cuneus,0.5552496765917174,0.5620111174584655,0.006761440866748125
maxSW,aparc,1.0,Node Versatility,lh_entorhinal,0.432345872922482,0.6744409715264073,0.24209509860392525
maxSW,aparc,1.0,Node Versatility,lh_frontalpole,0.432345872922482,0.41746985068775433,-0.01487602223472767
maxSW,aparc,1.0,Node Versatility,lh_fusiform,0.5220847001906871,0.265104660748013,-0.2569800394426741
maxSW,aparc,1.0,Node Versatility,lh_inferiorparietal,0.5113907099341858,0.420525494225035,-0.09086521570915079
maxSW,aparc,1.0,Node Versatility,lh_inferiortemporal,0.5494079495515987,0.4725116735448054,-0.07689627600679327
maxSW,aparc,1.0,Node Versatility,lh_insula,0.43972081869664537,0.3949739500228673,-0.044746868673778084
maxSW,aparc,1.0,Node Versatility,lh_isthmuscingulate,0.39662450025735085,0.3971089702235448,0.00048446996619394556
maxSW,aparc,1.0,Node Versatility,lh_lateraloccipital,0.6054449958394624,0.7892643349311019,0.1838193390916395
maxSW,aparc,1.0,Node Versatility,lh_lateralorbitofrontal,0.39362845163630167,0.2475894520343222,-0.14603899960197947
maxSW,aparc,1.0,Node Versatility,lh_lingual,1.0,0.8629757774545642,-0.13702422254543578
maxSW,aparc,1.0,Node Versatility,lh_medialorbitofrontal,0.0,0.23407976339718642,0.23407976339718642
maxSW,aparc,1.0,Node Versatility,lh_middletemporal,0.6474239818483649,0.6330382070277889,-0.014385774820576014
maxSW,aparc,1.0,Node Versatility,lh_paracentral,0.0,0.00278255834025551,0.00278255834025551
maxSW,aparc,1.0,Node Versatility,lh_parahippocampal,0.18355821868790678,0.7016718114909969,0.5181135928030901
maxSW,aparc,1.0,Node Versatility,lh_parsopercularis,0.6032264557684781,0.5439750132424912,-0.05925144252598691
maxSW,aparc,1.0,Node Versatility,lh_parsorbitalis,0.432345872922482,0.41746985068775433,-0.01487602223472767
maxSW,aparc,1.0,Node Versatility,lh_parstriangularis,0.47545459071571744,0.4030102855113442,-0.07244430520437323
maxSW,aparc,1.0,Node Versatility,lh_pericalcarine,0.6408822189543327,0.4525254582786113,-0.18835676067572144
maxSW,aparc,1.0,Node Versatility,lh_postcentral,0.007670705383810585,0.015265114858471656,0.007594409474661072
maxSW,aparc,1.0,Node Versatility,lh_posteriorcingulate,0.5541662244552651,0.6369759753516364,0.08280975089637133
maxSW,aparc,1.0,Node Versatility,lh_precentral,0.4764932248342752,0.5492376700577627,0.0727444452234875
maxSW,aparc,1.0,Node Versatility,lh_precuneus,0.8484330732335649,0.49218794128893834,-0.35624513194462654
maxSW,aparc,1.0,Node Versatility,lh_rostralanteriorcingulate,0.2532125127852193,0.6118139338177192,0.3586014210324999
maxSW,aparc,1.0,Node Versatility,lh_rostralmiddlefrontal,0.42150347066074867,0.6227180012006791,0.20121453053993044
maxSW,aparc,1.0,Node Versatility,lh_superiorfrontal,0.5494079495515987,0.4725116735448054,-0.07689627600679327
maxSW,aparc,1.0,Node Versatility,lh_superiorparietal,0.0,0.00278255834025551,0.00278255834025551
maxSW,aparc,1.0,Node Versatility,lh_superiortemporal,0.514052076698727,0.43241622864002766,-0.08163584805869933
maxSW,aparc,1.0,Node Versatility,lh_supramarginal,0.49903421546443727,0.4030102855113442,-0.09602392995309306
maxSW,aparc,1.0,Node Versatility,lh_temporalpole,0.432345872922482,0.41746985068775433,-0.01487602223472767
maxSW,aparc,1.0,Node Versatility,lh_transversetemporal,0.4353987954256912,0.3949739500228673,-0.04042484540282393
maxSW,aparc,1.0,Node Versatility,rh_bankssts,0.43972081869664537,0.3949739500228673,-0.044746868673778084
maxSW,aparc,1.0,Node Versatility,rh_caudalanteriorcingulate,0.5541662244552651,0.6450649251063892,0.09089870065112415
maxSW,aparc,1.0,Node Versatility,rh_caudalmiddlefrontal,0.3635750086071343,0.3879412474924754,0.024366238885341063
maxSW,aparc,1.0,Node Versatility,rh_cuneus,0.5552496765917174,0.5620111174584655,0.006761440866748125
maxSW,aparc,1.0,Node Versatility,rh_entorhinal,0.432345872922482,0.6744409715264073,0.24209509860392525
maxSW,aparc,1.0,Node Versatility,rh_frontalpole,0.432345872922482,0.41746985068775433,-0.01487602223472767
maxSW,aparc,1.0,Node Versatility,rh_fusiform,0.5499045250690473,0.4044569883294189,-0.1454475367396284
maxSW,aparc,1.0,Node Versatility,rh_inferiorparietal,0.3357551837287741,0.4030102855113442,0.0672551017825701
maxSW,aparc,1.0,Node Versatility,rh_inferiortemporal,0.5494079495515987,0.4725116735448054,-0.07689627600679327
maxSW,aparc,1.0,Node Versatility,rh_insula,0.43972081869664537,0.3949739500228673,-0.044746868673778084
maxSW,aparc,1.0,Node Versatility,rh_isthmuscingulate,0.39662450025735085,0.3971089702235448,0.00048446996619394556
maxSW,aparc,1.0,Node Versatility,rh_lateraloccipital,0.12986299590859585,0.015265114858471656,-0.1145978810501242
maxSW,aparc,1.0,Node Versatility,rh_lateralorbitofrontal,0.39362845163630167,0.29318844032947683,-0.10044001130682484
maxSW,aparc,1.0,Node Versatility,rh_lingual,1.0,0.4493737635521128,-0.5506262364478872
maxSW,aparc,1.0,Node Versatility,rh_medialorbitofrontal,0.0,0.23407976339718642,0.23407976339718642
maxSW,aparc,1.0,Node Versatility,rh_middletemporal,0.6474239818483649,0.6330382070277889,-0.014385774820576014
maxSW,aparc,1.0,Node Versatility,rh_paracentral,0.0,0.061527081447266985,0.061527081447266985
maxSW,aparc,1.0,Node Versatility,rh_parahippocampal,0.18355821868790678,0.4676994537562641,0.2841412350683573
maxSW,aparc,1.0,Node Versatility,rh_parsopercularis,0.3357551837287741,0.37042603877878455,0.03467085505001044
maxSW,aparc,1.0,Node Versatility,rh_parsorbitalis,0.432345872922482,0.41746985068775433,-0.01487602223472767
maxSW,aparc,1.0,Node Versatility,rh_parstriangularis,0.42150347066074867,0.532382111660921,0.1108786410001723
maxSW,aparc,1.0,Node Versatility,rh_pericalcarine,0.6408822189543327,0.4525254582786113,-0.18835676067572144
maxSW,aparc,1.0,Node Versatility,rh_postcentral,0.007670705383810585,0.2621869826744773,0.2545162772906667
maxSW,aparc,1.0,Node Versatility,rh_posteriorcingulate,0.5541662244552651,0.6369759753516364,0.08280975089637133
maxSW,aparc,1.0,Node Versatility,rh_precentral,0.7906254024362425,0.9960549224821296,0.2054295200458871
maxSW,aparc,1.0,Node Versatility,rh_precuneus,0.8484330732335649,0.49218794128893834,-0.35624513194462654
maxSW,aparc,1.0,Node Versatility,rh_rostralanteriorcingulate,0.5522395248922534,0.8574164105720529,0.3051768856797995
maxSW,aparc,1.0,Node Versatility,rh_rostralmiddlefrontal,0.4406808002413597,0.47935402111311554,0.03867322087175584
maxSW,aparc,1.0,Node Versatility,rh_superiorfrontal,0.5494079495515987,0.4725116735448054,-0.07689627600679327
maxSW,aparc,1.0,Node Versatility,rh_superiorparietal,0.0,0.00278255834025551,0.00278255834025551
maxSW,aparc,1.0,Node Versatility,rh_superiortemporal,0.514052076698727,0.43241622864002766,-0.08163584805869933
maxSW,aparc,1.0,Node Versatility,rh_supramarginal,0.3357551837287741,0.37042603877878455,0.03467085505001044
maxSW,aparc,1.0,Node Versatility,rh_temporalpole,0.432345872922482,0.41746985068775433,-0.01487602223472767
maxSW,aparc,1.0,Node Versatility,rh_transversetemporal,0.4353987954256912,0.3949739500228673,-0.04042484540282393
maxSW,aparc,1.0,Node Strength,lh_bankssts,0.6185039834317618,0.5925740272126694,-0.025929956219092443
maxSW,aparc,1.0,Node Strength,lh_caudalanteriorcingulate,0.7716782477717979,0.7939205295713978,0.02224228179959986
maxSW,aparc,1.0,Node Strength,lh_caudalmiddlefrontal,0.9289465594307397,0.9248886812834374,-0.004057878147302296
maxSW,aparc,1.0,Node Strength,lh_cuneus,0.5183615245071115,0.5108534011059449,-0.007508123401166578
maxSW,aparc,1.0,Node Strength,lh_entorhinal,0.517456695283904,0.4565204207784007,-0.06093627450550332
maxSW,aparc,1.0,Node Strength,lh_frontalpole,0.0,0.04982202264755965,0.04982202264755965
maxSW,aparc,1.0,Node Strength,lh_fusiform,0.9533609941172421,0.9581793034639191,0.004818309346677041
maxSW,aparc,1.0,Node Strength,lh_inferiorparietal,0.9942125901150762,0.9819282940853687,-0.012284296029707487
maxSW,aparc,1.0,Node Strength,lh_inferiortemporal,0.8693963290598689,0.8372836492677465,-0.0321126797921224
maxSW,aparc,1.0,Node Strength,lh_insula,0.5058506911383442,0.47938193670314627,-0.026468754435197972
maxSW,aparc,1.0,Node Strength,lh_isthmuscingulate,0.8657631691504527,0.8870621125541926,0.021298943403739945
maxSW,aparc,1.0,Node Strength,lh_lateraloccipital,0.7786039224835982,0.7700725079689653,-0.008531414514632907
maxSW,aparc,1.0,Node Strength,lh_lateralorbitofrontal,0.9793069317213123,0.96989811427832,-0.009408817442992379
maxSW,aparc,1.0,Node Strength,lh_lingual,0.6955112870843425,0.707612379914698,0.012101092830355542
maxSW,aparc,1.0,Node Strength,lh_medialorbitofrontal,0.9368780125347859,0.9167766425598097,-0.020101369974976135
maxSW,aparc,1.0,Node Strength,lh_middletemporal,0.6742417336235528,0.6987969293630729,0.02455519573952014
maxSW,aparc,1.0,Node Strength,lh_paracentral,0.9074879199817205,0.8981041529520799,-0.00938376702964061
maxSW,aparc,1.0,Node Strength,lh_parahippocampal,0.7905055169218406,0.8057822508069151,0.015276733885074556
maxSW,aparc,1.0,Node Strength,lh_parsopercularis,0.955097254504465,0.959978536335011,0.004881281830545925
maxSW,aparc,1.0,Node Strength,lh_parsorbitalis,0.3812070798306843,0.43384442525333455,0.05263734542265025
maxSW,aparc,1.0,Node Strength,lh_parstriangularis,0.9314062925174286,0.9406670792508345,0.009260786733405912
maxSW,aparc,1.0,Node Strength,lh_pericalcarine,0.1678255203917917,0.1568189772902925,-0.011006543101499178
maxSW,aparc,1.0,Node Strength,lh_postcentral,0.8417281545084904,0.8191183930781392,-0.022609761430351205
maxSW,aparc,1.0,Node Strength,lh_posteriorcingulate,0.8857851888892723,0.8890463396157229,0.0032611507264506123
maxSW,aparc,1.0,Node Strength,lh_precentral,0.9731547291386855,0.9654531149593264,-0.007701614179359106
maxSW,aparc,1.0,Node Strength,lh_precuneus,0.9496699169387608,0.953645675474965,0.003975758536204244
maxSW,aparc,1.0,Node Strength,lh_rostralanteriorcingulate,0.7280368751353204,0.7116965560063718,-0.01634031912894862
maxSW,aparc,1.0,Node Strength,lh_rostralmiddlefrontal,0.8844151333551178,0.9013242300766606,0.016909096721542838
maxSW,aparc,1.0,Node Strength,lh_superiorfrontal,0.8824250252725755,0.8792041006287735,-0.00322092464380197
maxSW,aparc,1.0,Node Strength,lh_superiorparietal,0.9132516869726998,0.9289830929989301,0.015731406026230355
maxSW,aparc,1.0,Node Strength,lh_superiortemporal,0.8466810478659769,0.8406825874538849,-0.005998460412091955
maxSW,aparc,1.0,Node Strength,lh_supramarginal,0.9851018588037304,0.9787115049297633,-0.006390353873967025
maxSW,aparc,1.0,Node Strength,lh_temporalpole,0.14141250916758208,0.05607884967980305,-0.08533365948777903
maxSW,aparc,1.0,Node Strength,lh_transversetemporal,0.6840613838339772,0.6702751350173093,-0.013786248816667901
maxSW,aparc,1.0,Node Strength,rh_bankssts,0.4733106669994881,0.517361541730328,0.044050874730839906
maxSW,aparc,1.0,Node Strength,rh_caudalanteriorcingulate,0.7930030447286049,0.7681216647647586,-0.024881379963846317
maxSW,aparc,1.0,Node Strength,rh_caudalmiddlefrontal,0.9576374953864704,0.967640178856001,0.010002683469530593
maxSW,aparc,1.0,Node Strength,rh_cuneus,0.526567563221665,0.517032653607517,-0.009534909614147935
maxSW,aparc,1.0,Node Strength,rh_entorhinal,0.47108929270393385,0.43126732081474284,-0.03982197188919101
maxSW,aparc,1.0,Node Strength,rh_frontalpole,0.07689273986733904,0.09357803582024239,0.016685295952903356
maxSW,aparc,1.0,Node Strength,rh_fusiform,0.9292275094622208,0.9461321518127518,0.01690464235053102
maxSW,aparc,1.0,Node Strength,rh_inferiorparietal,0.9998786031734044,1.0,0.00012139682659562112
maxSW,aparc,1.0,Node Strength,rh_inferiortemporal,0.907745259741094,0.8629974882045945,-0.04474777153649945
maxSW,aparc,1.0,Node Strength,rh_insula,0.4682216986183202,0.48410741828941345,0.015885719671093257
maxSW,aparc,1.0,Node Strength,rh_isthmuscingulate,0.8629253935024176,0.8672774674622726,0.004352073959855041
maxSW,aparc,1.0,Node Strength,rh_lateraloccipital,0.828692646900784,0.84231400335932,0.013621356458536016
maxSW,aparc,1.0,Node Strength,rh_lateralorbitofrontal,0.9887015328723793,0.9781295551148488,-0.010571977757530493
maxSW,aparc,1.0,Node Strength,rh_lingual,0.7238454779085025,0.7376620201630122,0.013816542254509678
maxSW,aparc,1.0,Node Strength,rh_medialorbitofrontal,0.9250947608004193,0.9085169517665326,-0.016577809033886726
maxSW,aparc,1.0,Node Strength,rh_middletemporal,0.7444259979717666,0.7374668836489583,-0.006959114322808269
maxSW,aparc,1.0,Node Strength,rh_paracentral,0.9187466181613898,0.893288168946358,-0.02545844921503182
maxSW,aparc,1.0,Node Strength,rh_parahippocampal,0.8373106405625714,0.8154155505904718,-0.021895089972099657
maxSW,aparc,1.0,Node Strength,rh_parsopercularis,0.9453217428925433,0.9283023434251251,-0.01701939946741826
maxSW,aparc,1.0,Node Strength,rh_parsorbitalis,0.47097776466400687,0.48844712696523934,0.01746936230123247
maxSW,aparc,1.0,Node Strength,rh_parstriangularis,0.9294351970347736,0.9141701027137569,-0.015265094321016748
maxSW,aparc,1.0,Node Strength,rh_pericalcarine,0.1591142830853249,0.21179075549495036,0.05267647240962545
maxSW,aparc,1.0,Node Strength,rh_postcentral,0.8562270544814279,0.7830594979948301,-0.07316755648659778
maxSW,aparc,1.0,Node Strength,rh_posteriorcingulate,0.8807664865867054,0.8868199416172126,0.006053455030507138
maxSW,aparc,1.0,Node Strength,rh_precentral,0.9517651921342566,0.9565672399318556,0.004802047797598963
maxSW,aparc,1.0,Node Strength,rh_precuneus,0.9374422661200345,0.9306114929158781,-0.006830773204156371
maxSW,aparc,1.0,Node Strength,rh_rostralanteriorcingulate,0.7802740276534711,0.7254686153333146,-0.054805412320156455
maxSW,aparc,1.0,Node Strength,rh_rostralmiddlefrontal,0.8898760085480577,0.8915090417770024,0.0016330332289447025
maxSW,aparc,1.0,Node Strength,rh_superiorfrontal,0.9058379391340213,0.9132100435793065,0.0073721044452851325
maxSW,aparc,1.0,Node Strength,rh_superiorparietal,0.8922311830404432,0.9170349935764388,0.024803810535995563
maxSW,aparc,1.0,Node Strength,rh_superiortemporal,0.8490454491275065,0.8481764054985979,-0.0008690436289086056
maxSW,aparc,1.0,Node Strength,rh_supramarginal,0.9674856351184938,0.9691421122835885,0.0016564771650946497
maxSW,aparc,1.0,Node Strength,rh_temporalpole,0.20249995117382547,0.12169562530750007,-0.0808043258663254
maxSW,aparc,1.0,Node Strength,rh_transversetemporal,0.6254530142937783,0.6076930413151829,-0.01775997297859544
maxSW,aparc,1.0,Local Efficiency,lh_bankssts,0.6671285450700289,0.6390711535211535,-0.028057391548875432
maxSW,aparc,1.0,Local Efficiency,lh_caudalanteriorcingulate,0.809368277365025,0.8264944658317863,0.017126188466761283
maxSW,aparc,1.0,Local Efficiency,lh_caudalmiddlefrontal,0.9400360984296926,0.9326159015547801,-0.007420196874912466
maxSW,aparc,1.0,Local Efficiency,lh_cuneus,0.5656945574851249,0.5540466558913372,-0.011647901593787702
maxSW,aparc,1.0,Local Efficiency,lh_entorhinal,0.5784268712710425,0.515331588208258,-0.06309528306278456
maxSW,aparc,1.0,Local Efficiency,lh_frontalpole,0.0,0.057447725663773985,0.057447725663773985
maxSW,aparc,1.0,Local Efficiency,lh_fusiform,0.9620147254811536,0.962383725678185,0.0003690001970313439
maxSW,aparc,1.0,Local Efficiency,lh_inferiorparietal,0.9956948616356609,0.981976752847567,-0.013718108788093875
maxSW,aparc,1.0,Local Efficiency,lh_inferiortemporal,0.888228959696715,0.8570324220133607,-0.031196537683354286
maxSW,aparc,1.0,Local Efficiency,lh_insula,0.5559753419133732,0.5289824012485244,-0.026992940664848808
maxSW,aparc,1.0,Local Efficiency,lh_isthmuscingulate,0.893363139906978,0.9074450371405658,0.01408189723358777
maxSW,aparc,1.0,Local Efficiency,lh_lateraloccipital,0.8090341147704747,0.7960279530862386,-0.013006161684236073
maxSW,aparc,1.0,Local Efficiency,lh_lateralorbitofrontal,0.9856994728910358,0.9733659580221674,-0.012333514868868356
maxSW,aparc,1.0,Local Efficiency,lh_lingual,0.7316721694675379,0.7381380378530915,0.00646586838555363
maxSW,aparc,1.0,Local Efficiency,lh_medialorbitofrontal,0.9522933282537819,0.9323698347337794,-0.019923493520002444
maxSW,aparc,1.0,Local Efficiency,lh_middletemporal,0.7128537424597324,0.7319800551444879,0.01912631268475551
maxSW,aparc,1.0,Local Efficiency,lh_paracentral,0.9255804027334799,0.9131174065154687,-0.012462996218011169
maxSW,aparc,1.0,Local Efficiency,lh_parahippocampal,0.8308433723183396,0.8398989586424972,0.009055586324157594
maxSW,aparc,1.0,Local Efficiency,lh_parsopercularis,0.9645663327424173,0.964983448177463,0.0004171154350456341
maxSW,aparc,1.0,Local Efficiency,lh_parsorbitalis,0.43283909823253386,0.4825594689264091,0.04972037069387525
maxSW,aparc,1.0,Local Efficiency,lh_parstriangularis,0.944999448560165,0.9488472113855407,0.003847762825375689
maxSW,aparc,1.0,Local Efficiency,lh_pericalcarine,0.20859854784514045,0.19488399363232148,-0.013714554212818975
maxSW,aparc,1.0,Local Efficiency,lh_postcentral,0.864693301592898,0.8408511224486522,-0.0238421791442458
maxSW,aparc,1.0,Local Efficiency,lh_posteriorcingulate,0.9045023117840888,0.9035899381717095,-0.0009123736123792803
maxSW,aparc,1.0,Local Efficiency,lh_precentral,0.9784361708609897,0.9685381893104357,-0.009897981550553991
maxSW,aparc,1.0,Local Efficiency,lh_precuneus,0.9562298957847211,0.9559837048006924,-0.00024619098402867134
maxSW,aparc,1.0,Local Efficiency,lh_rostralanteriorcingulate,0.7711920105106749,0.7545282470612872,-0.016663763449387692
maxSW,aparc,1.0,Local Efficiency,lh_rostralmiddlefrontal,0.9055679162058782,0.9153108292223301,0.009742913016451915
maxSW,aparc,1.0,Local Efficiency,lh_superiorfrontal,0.8997457424741723,0.8927061289849604,-0.007039613489211893
maxSW,aparc,1.0,Local Efficiency,lh_superiorparietal,0.9264936548427231,0.936562977910806,0.010069323068082947
maxSW,aparc,1.0,Local Efficiency,lh_superiortemporal,0.8702069596950893,0.8607823565093803,-0.009424603185709035
maxSW,aparc,1.0,Local Efficiency,lh_supramarginal,0.9878950901092618,0.9790468333057402,-0.008848256803521637
maxSW,aparc,1.0,Local Efficiency,lh_temporalpole,0.17216291353129612,0.06597756668530057,-0.10618534684599555
maxSW,aparc,1.0,Local Efficiency,lh_transversetemporal,0.7294422373671725,0.713885469798131,-0.015556767569041563
maxSW,aparc,1.0,Local Efficiency,rh_bankssts,0.5266956032646355,0.5665869553071697,0.039891352042534245
maxSW,aparc,1.0,Local Efficiency,rh_caudalanteriorcingulate,0.8280436252711554,0.8037712021814456,-0.024272423089709783
maxSW,aparc,1.0,Local Efficiency,rh_caudalmiddlefrontal,0.9637626682187251,0.968906769362493,0.005144101143767843
maxSW,aparc,1.0,Local Efficiency,rh_cuneus,0.5753985776163771,0.5618854840154491,-0.013513093600928006
maxSW,aparc,1.0,Local Efficiency,rh_entorhinal,0.5324097402666648,0.4891670547576791,-0.04324268550898569
maxSW,aparc,1.0,Local Efficiency,rh_frontalpole,0.09581369435954598,0.11375964816330937,0.01794595380376339
maxSW,aparc,1.0,Local Efficiency,rh_fusiform,0.942297766660785,0.9530270637196961,0.010729297058911125
maxSW,aparc,1.0,Local Efficiency,rh_inferiorparietal,1.0,0.9965962846390853,-0.003403715360914661
maxSW,aparc,1.0,Local Efficiency,rh_inferiortemporal,0.9229187553092445,0.8798518579459687,-0.04306689736327585
maxSW,aparc,1.0,Local Efficiency,rh_insula,0.5211147802786837,0.5350449853985658,0.013930205119882078
maxSW,aparc,1.0,Local Efficiency,rh_isthmuscingulate,0.8904782551182984,0.8911250335047891,0.0006467783864907428
maxSW,aparc,1.0,Local Efficiency,rh_lateraloccipital,0.8532878033872652,0.8611083357261182,0.007820532338853048
maxSW,aparc,1.0,Local Efficiency,rh_lateralorbitofrontal,0.9923582360463784,0.9793607956194808,-0.012997440426897655
maxSW,aparc,1.0,Local Efficiency,rh_lingual,0.7575205935064754,0.7657927340377981,0.008272140531322747
maxSW,aparc,1.0,Local Efficiency,rh_medialorbitofrontal,0.9422550085096615,0.9250421520922966,-0.01721285641736492
maxSW,aparc,1.0,Local Efficiency,rh_middletemporal,0.7769338874333105,0.7672234137823946,-0.00971047365091593
maxSW,aparc,1.0,Local Efficiency,rh_paracentral,0.9347089154119963,0.9085869442528114,-0.02612197115918491
maxSW,aparc,1.0,Local Efficiency,rh_parahippocampal,0.8687380034883442,0.8448981553815975,-0.023839848106746664
maxSW,aparc,1.0,Local Efficiency,rh_parsopercularis,0.955404886549521,0.9381977265925945,-0.017207159956926565
maxSW,aparc,1.0,Local Efficiency,rh_parsorbitalis,0.523580271541064,0.5395203544345732,0.015940082893509233
maxSW,aparc,1.0,Local Efficiency,rh_parstriangularis,0.943214702117652,0.9277770231818021,-0.015437678935849908
maxSW,aparc,1.0,Local Efficiency,rh_pericalcarine,0.19835374225154895,0.2541155942127811,0.05576185196123218
maxSW,aparc,1.0,Local Efficiency,rh_postcentral,0.8778729031731517,0.8077428830695444,-0.07013002010360725
maxSW,aparc,1.0,Local Efficiency,rh_posteriorcingulate,0.9013458605994014,0.9027228197231772,0.0013769591237758894
maxSW,aparc,1.0,Local Efficiency,rh_precentral,0.9609622651368408,0.9610277045576984,6.543942085757148e-05
maxSW,aparc,1.0,Local Efficiency,rh_precuneus,0.9463367785556119,0.9364904333379712,-0.009846345217640717
maxSW,aparc,1.0,Local Efficiency,rh_rostralanteriorcingulate,0.8184378546721925,0.7664756096820774,-0.05196224499011515
maxSW,aparc,1.0,Local Efficiency,rh_rostralmiddlefrontal,0.9115485680266406,0.908647811470406,-0.0029007565562346738
maxSW,aparc,1.0,Local Efficiency,rh_superiorfrontal,0.920942097908769,0.9228875495429218,0.0019454516341528283
maxSW,aparc,1.0,Local Efficiency,rh_superiorparietal,0.9088042370151176,0.9266555931547991,0.017851356139681474
maxSW,aparc,1.0,Local Efficiency,rh_superiortemporal,0.8728458489587977,0.8681077085637012,-0.004738140395096457
maxSW,aparc,1.0,Local Efficiency,rh_supramarginal,0.9724839588732801,0.9699439258040576,-0.002540033069222458
maxSW,aparc,1.0,Local Efficiency,rh_temporalpole,0.24297149451103778,0.14516823345437843,-0.09780326105665935
maxSW,aparc,1.0,Local Efficiency,rh_transversetemporal,0.6773441189528192,0.6579178337343042,-0.01942628521851497
maxSW,aparc,1.0,Clustering Coefficient,lh_bankssts,0.667128545070029,0.6390711535211533,-0.028057391548875765
maxSW,aparc,1.0,Clustering Coefficient,lh_caudalanteriorcingulate,0.8093682773650248,0.8264944658317858,0.01712618846676095
maxSW,aparc,1.0,Clustering Coefficient,lh_caudalmiddlefrontal,0.9400360984296924,0.9326159015547792,-0.007420196874913132
maxSW,aparc,1.0,Clustering Coefficient,lh_cuneus,0.5656945574851244,0.5540466558913366,-0.011647901593787813
maxSW,aparc,1.0,Clustering Coefficient,lh_entorhinal,0.5784268712710433,0.5153315882082582,-0.06309528306278511
maxSW,aparc,1.0,Clustering Coefficient,lh_frontalpole,0.0,0.05744772566377381,0.05744772566377381
maxSW,aparc,1.0,Clustering Coefficient,lh_fusiform,0.962014725481154,0.9623837256781844,0.0003690001970304557
maxSW,aparc,1.0,Clustering Coefficient,lh_inferiorparietal,0.9956948616356603,0.9819767528475674,-0.013718108788092986
maxSW,aparc,1.0,Clustering Coefficient,lh_inferiortemporal,0.8882289596967146,0.8570324220133607,-0.031196537683353842
maxSW,aparc,1.0,Clustering Coefficient,lh_insula,0.5559753419133727,0.5289824012485244,-0.026992940664848364
maxSW,aparc,1.0,Clustering Coefficient,lh_isthmuscingulate,0.893363139906978,0.9074450371405656,0.014081897233587548
maxSW,aparc,1.0,Clustering Coefficient,lh_lateraloccipital,0.8090341147704743,0.7960279530862393,-0.013006161684234963
maxSW,aparc,1.0,Clustering Coefficient,lh_lateralorbitofrontal,0.9856994728910358,0.9733659580221672,-0.012333514868868578
maxSW,aparc,1.0,Clustering Coefficient,lh_lingual,0.7316721694675377,0.7381380378530914,0.006465868385553741
maxSW,aparc,1.0,Clustering Coefficient,lh_medialorbitofrontal,0.9522933282537815,0.9323698347337785,-0.019923493520003
maxSW,aparc,1.0,Clustering Coefficient,lh_middletemporal,0.7128537424597318,0.731980055144488,0.019126312684756286
maxSW,aparc,1.0,Clustering Coefficient,lh_paracentral,0.9255804027334795,0.9131174065154687,-0.012462996218010836
maxSW,aparc,1.0,Clustering Coefficient,lh_parahippocampal,0.8308433723183394,0.8398989586424972,0.009055586324157816
maxSW,aparc,1.0,Clustering Coefficient,lh_parsopercularis,0.9645663327424177,0.9649834481774624,0.0004171154350447459
maxSW,aparc,1.0,Clustering Coefficient,lh_parsorbitalis,0.4328390982325338,0.48255946892640944,0.04972037069387564
maxSW,aparc,1.0,Clustering Coefficient,lh_parstriangularis,0.9449994485601648,0.9488472113855411,0.003847762825376244
maxSW,aparc,1.0,Clustering Coefficient,lh_pericalcarine,0.2085985478451405,0.1948839936323217,-0.013714554212818808
maxSW,aparc,1.0,Clustering Coefficient,lh_postcentral,0.8646933015928985,0.8408511224486517,-0.0238421791442468
maxSW,aparc,1.0,Clustering Coefficient,lh_posteriorcingulate,0.9045023117840879,0.9035899381717093,-0.0009123736123786141
maxSW,aparc,1.0,Clustering Coefficient,lh_precentral,0.978436170860989,0.9685381893104357,-0.009897981550553325
maxSW,aparc,1.0,Clustering Coefficient,lh_precuneus,0.9562298957847211,0.9559837048006922,-0.0002461909840288934
maxSW,aparc,1.0,Clustering Coefficient,lh_rostralanteriorcingulate,0.771192010510675,0.7545282470612861,-0.016663763449388913
maxSW,aparc,1.0,Clustering Coefficient,lh_rostralmiddlefrontal,0.9055679162058785,0.9153108292223295,0.009742913016451027
maxSW,aparc,1.0,Clustering Coefficient,lh_superiorfrontal,0.8997457424741717,0.8927061289849598,-0.007039613489211893
maxSW,aparc,1.0,Clustering Coefficient,lh_superiorparietal,0.9264936548427225,0.9365629779108052,0.010069323068082725
maxSW,aparc,1.0,Clustering Coefficient,lh_superiortemporal,0.8702069596950897,0.8607823565093788,-0.009424603185710811
maxSW,aparc,1.0,Clustering Coefficient,lh_supramarginal,0.9878950901092612,0.9790468333057398,-0.008848256803521415
maxSW,aparc,1.0,Clustering Coefficient,lh_temporalpole,0.1721629135312956,0.0659775666853004,-0.10618534684599519
maxSW,aparc,1.0,Clustering Coefficient,lh_transversetemporal,0.7294422373671721,0.7138854697981307,-0.015556767569041341
maxSW,aparc,1.0,Clustering Coefficient,rh_bankssts,0.5266956032646352,0.5665869553071696,0.03989135204253447
maxSW,aparc,1.0,Clustering Coefficient,rh_caudalanteriorcingulate,0.8280436252711554,0.8037712021814452,-0.024272423089710227
maxSW,aparc,1.0,Clustering Coefficient,rh_caudalmiddlefrontal,0.9637626682187246,0.9689067693624921,0.00514410114376751
maxSW,aparc,1.0,Clustering Coefficient,rh_cuneus,0.5753985776163767,0.5618854840154491,-0.013513093600927562
maxSW,aparc,1.0,Clustering Coefficient,rh_entorhinal,0.532409740266665,0.4891670547576787,-0.0432426855089863
maxSW,aparc,1.0,Clustering Coefficient,rh_frontalpole,0.09581369435954609,0.11375964816330947,0.017945953803763376
maxSW,aparc,1.0,Clustering Coefficient,rh_fusiform,0.942297766660785,0.9530270637196961,0.010729297058911125
maxSW,aparc,1.0,Clustering Coefficient,rh_inferiorparietal,1.0,0.996596284639085,-0.003403715360914994
maxSW,aparc,1.0,Clustering Coefficient,rh_inferiortemporal,0.9229187553092445,0.8798518579459684,-0.04306689736327607
maxSW,aparc,1.0,Clustering Coefficient,rh_insula,0.5211147802786839,0.5350449853985654,0.013930205119881522
maxSW,aparc,1.0,Clustering Coefficient,rh_isthmuscingulate,0.8904782551182987,0.8911250335047886,0.0006467783864898546
maxSW,aparc,1.0,Clustering Coefficient,rh_lateraloccipital,0.8532878033872653,0.8611083357261183,0.007820532338853048
maxSW,aparc,1.0,Clustering Coefficient,rh_lateralorbitofrontal,0.9923582360463787,0.9793607956194805,-0.01299744042689821
maxSW,aparc,1.0,Clustering Coefficient,rh_lingual,0.7575205935064762,0.7657927340377979,0.008272140531321748
maxSW,aparc,1.0,Clustering Coefficient,rh_medialorbitofrontal,0.9422550085096624,0.9250421520922957,-0.017212856417366695
maxSW,aparc,1.0,Clustering Coefficient,rh_middletemporal,0.7769338874333103,0.7672234137823943,-0.00971047365091593
maxSW,aparc,1.0,Clustering Coefficient,rh_paracentral,0.9347089154119966,0.9085869442528112,-0.026121971159185464
maxSW,aparc,1.0,Clustering Coefficient,rh_parahippocampal,0.8687380034883443,0.8448981553815964,-0.023839848106747885
maxSW,aparc,1.0,Clustering Coefficient,rh_parsopercularis,0.955404886549521,0.9381977265925936,-0.017207159956927454
maxSW,aparc,1.0,Clustering Coefficient,rh_parsorbitalis,0.5235802715410646,0.5395203544345735,0.0159400828935089
maxSW,aparc,1.0,Clustering Coefficient,rh_parstriangularis,0.9432147021176517,0.9277770231818009,-0.015437678935850796
maxSW,aparc,1.0,Clustering Coefficient,rh_pericalcarine,0.198353742251549,0.2541155942127813,0.05576185196123229
maxSW,aparc,1.0,Clustering Coefficient,rh_postcentral,0.8778729031731518,0.8077428830695448,-0.07013002010360703
maxSW,aparc,1.0,Clustering Coefficient,rh_posteriorcingulate,0.9013458605994011,0.9027228197231761,0.0013769591237750012
maxSW,aparc,1.0,Clustering Coefficient,rh_precentral,0.9609622651368399,0.9610277045576987,6.543942085879273e-05
maxSW,aparc,1.0,Clustering Coefficient,rh_precuneus,0.9463367785556117,0.936490433337971,-0.009846345217640717
maxSW,aparc,1.0,Clustering Coefficient,rh_rostralanteriorcingulate,0.818437854672193,0.7664756096820774,-0.05196224499011559
maxSW,aparc,1.0,Clustering Coefficient,rh_rostralmiddlefrontal,0.9115485680266397,0.9086478114704063,-0.0029007565562334525
maxSW,aparc,1.0,Clustering Coefficient,rh_superiorfrontal,0.9209420979087694,0.9228875495429207,0.001945451634151385
maxSW,aparc,1.0,Clustering Coefficient,rh_superiorparietal,0.9088042370151165,0.9266555931547988,0.01785135613968236
maxSW,aparc,1.0,Clustering Coefficient,rh_superiortemporal,0.8728458489587975,0.868107708563701,-0.004738140395096457
maxSW,aparc,1.0,Clustering Coefficient,rh_supramarginal,0.9724839588732799,0.9699439258040573,-0.0025400330692225692
maxSW,aparc,1.0,Clustering Coefficient,rh_temporalpole,0.2429714945110378,0.14516823345437865,-0.09780326105665915
maxSW,aparc,1.0,Clustering Coefficient,rh_transversetemporal,0.677344118952819,0.6579178337343038,-0.019426285218515194
maxSW,aparc,1.0,Betweenness Centrality,lh_bankssts,0.0,0.0,0.0
maxSW,aparc,1.0,Betweenness Centrality,lh_caudalanteriorcingulate,0.0,0.0,0.0
maxSW,aparc,1.0,Betweenness Centrality,lh_caudalmiddlefrontal,0.0,0.0,0.0
maxSW,aparc,1.0,Betweenness Centrality,lh_cuneus,0.0,0.0,0.0
maxSW,aparc,1.0,Betweenness Centrality,lh_entorhinal,0.009259259259259259,0.0,-0.009259259259259259
maxSW,aparc,1.0,Betweenness Centrality,lh_frontalpole,0.0,0.0,0.0
maxSW,aparc,1.0,Betweenness Centrality,lh_fusiform,0.009259259259259259,0.0,-0.009259259259259259
maxSW,aparc,1.0,Betweenness Centrality,lh_inferiorparietal,0.0,0.0,0.0
maxSW,aparc,1.0,Betweenness Centrality,lh_inferiortemporal,0.09259259259259259,0.018518518518518517,-0.07407407407407407
maxSW,aparc,1.0,Betweenness Centrality,lh_insula,0.0,0.0,0.0
maxSW,aparc,1.0,Betweenness Centrality,lh_isthmuscingulate,0.0,0.0,0.0
maxSW,aparc,1.0,Betweenness Centrality,lh_lateraloccipital,0.027777777777777776,0.009259259259259259,-0.018518518518518517
maxSW,aparc,1.0,Betweenness Centrality,lh_lateralorbitofrontal,0.009259259259259259,0.018518518518518517,0.009259259259259259
maxSW,aparc,1.0,Betweenness Centrality,lh_lingual,0.10185185185185185,0.027777777777777776,-0.07407407407407407
maxSW,aparc,1.0,Betweenness Centrality,lh_medialorbitofrontal,0.046296296296296294,0.0,-0.046296296296296294
maxSW,aparc,1.0,Betweenness Centrality,lh_middletemporal,0.05555555555555555,0.19444444444444445,0.1388888888888889
maxSW,aparc,1.0,Betweenness Centrality,lh_paracentral,0.0,0.0,0.0
maxSW,aparc,1.0,Betweenness Centrality,lh_parahippocampal,0.0,0.037037037037037035,0.037037037037037035
maxSW,aparc,1.0,Betweenness Centrality,lh_parsopercularis,0.009259259259259259,0.0,-0.009259259259259259
maxSW,aparc,1.0,Betweenness Centrality,lh_parsorbitalis,0.018518518518518517,0.3148148148148148,0.2962962962962963
maxSW,aparc,1.0,Betweenness Centrality,lh_parstriangularis,0.0,0.0,0.0
maxSW,aparc,1.0,Betweenness Centrality,lh_pericalcarine,0.0,0.0,0.0
maxSW,aparc,1.0,Betweenness Centrality,lh_postcentral,0.0,0.037037037037037035,0.037037037037037035
maxSW,aparc,1.0,Betweenness Centrality,lh_posteriorcingulate,0.0,0.0,0.0
maxSW,aparc,1.0,Betweenness Centrality,lh_precentral,0.0,0.0,0.0
maxSW,aparc,1.0,Betweenness Centrality,lh_precuneus,0.018518518518518517,0.05555555555555555,0.037037037037037035
maxSW,aparc,1.0,Betweenness Centrality,lh_rostralanteriorcingulate,0.0,0.0,0.0
maxSW,aparc,1.0,Betweenness Centrality,lh_rostralmiddlefrontal,0.0,0.0,0.0
maxSW,aparc,1.0,Betweenness Centrality,lh_superiorfrontal,0.0,0.046296296296296294,0.046296296296296294
maxSW,aparc,1.0,Betweenness Centrality,lh_superiorparietal,0.0,0.009259259259259259,0.009259259259259259
maxSW,aparc,1.0,Betweenness Centrality,lh_superiortemporal,0.009259259259259259,0.0,-0.009259259259259259
maxSW,aparc,1.0,Betweenness Centrality,lh_supramarginal,0.0,0.0,0.0
maxSW,aparc,1.0,Betweenness Centrality,lh_temporalpole,0.0,0.0,0.0
maxSW,aparc,1.0,Betweenness Centrality,lh_transversetemporal,0.0,0.0,0.0
maxSW,aparc,1.0,Betweenness Centrality,rh_bankssts,0.0,0.0,0.0
maxSW,aparc,1.0,Betweenness Centrality,rh_caudalanteriorcingulate,0.0,0.0,0.0
maxSW,aparc,1.0,Betweenness Centrality,rh_caudalmiddlefrontal,0.0,0.0,0.0
maxSW,aparc,1.0,Betweenness Centrality,rh_cuneus,0.0,0.0,0.0
maxSW,aparc,1.0,Betweenness Centrality,rh_entorhinal,0.0,0.0,0.0
maxSW,aparc,1.0,Betweenness Centrality,rh_frontalpole,0.0,0.0,0.0
maxSW,aparc,1.0,Betweenness Centrality,rh_fusiform,0.0,0.037037037037037035,0.037037037037037035
maxSW,aparc,1.0,Betweenness Centrality,rh_inferiorparietal,0.0,0.0,0.0
maxSW,aparc,1.0,Betweenness Centrality,rh_inferiortemporal,0.08333333333333333,0.018518518518518517,-0.06481481481481481
maxSW,aparc,1.0,Betweenness Centrality,rh_insula,0.0,0.0,0.0
maxSW,aparc,1.0,Betweenness Centrality,rh_isthmuscingulate,0.0,0.0,0.0
maxSW,aparc,1.0,Betweenness Centrality,rh_lateraloccipital,0.0,0.018518518518518517,0.018518518518518517
maxSW,aparc,1.0,Betweenness Centrality,rh_lateralorbitofrontal,0.1111111111111111,0.05555555555555555,-0.05555555555555555
maxSW,aparc,1.0,Betweenness Centrality,rh_lingual,0.1574074074074074,0.05555555555555555,-0.10185185185185186
maxSW,aparc,1.0,Betweenness Centrality,rh_medialorbitofrontal,0.07407407407407407,0.07407407407407407,0.0
maxSW,aparc,1.0,Betweenness Centrality,rh_middletemporal,0.1574074074074074,0.39814814814814814,0.24074074074074073
maxSW,aparc,1.0,Betweenness Centrality,rh_paracentral,0.0,0.0,0.0
maxSW,aparc,1.0,Betweenness Centrality,rh_parahippocampal,0.009259259259259259,0.0,-0.009259259259259259
maxSW,aparc,1.0,Betweenness Centrality,rh_parsopercularis,0.0,0.0,0.0
maxSW,aparc,1.0,Betweenness Centrality,rh_parsorbitalis,1.0,0.7777777777777778,-0.2222222222222222
maxSW,aparc,1.0,Betweenness Centrality,rh_parstriangularis,0.0,0.0,0.0
maxSW,aparc,1.0,Betweenness Centrality,rh_pericalcarine,0.0,0.0,0.0
maxSW,aparc,1.0,Betweenness Centrality,rh_postcentral,0.0,0.0,0.0
maxSW,aparc,1.0,Betweenness Centrality,rh_posteriorcingulate,0.0,0.0,0.0
maxSW,aparc,1.0,Betweenness Centrality,rh_precentral,0.0,0.0,0.0
maxSW,aparc,1.0,Betweenness Centrality,rh_precuneus,0.1111111111111111,0.1388888888888889,0.02777777777777779
maxSW,aparc,1.0,Betweenness Centrality,rh_rostralanteriorcingulate,0.0,0.0,0.0
maxSW,aparc,1.0,Betweenness Centrality,rh_rostralmiddlefrontal,0.0,0.0,0.0
maxSW,aparc,1.0,Betweenness Centrality,rh_superiorfrontal,0.0,0.027777777777777776,0.027777777777777776
maxSW,aparc,1.0,Betweenness Centrality,rh_superiorparietal,0.0,0.0,0.0
maxSW,aparc,1.0,Betweenness Centrality,rh_superiortemporal,0.0,0.009259259259259259,0.009259259259259259
maxSW,aparc,1.0,Betweenness Centrality,rh_supramarginal,0.0,0.0,0.0
maxSW,aparc,1.0,Betweenness Centrality,rh_temporalpole,0.0,0.0,0.0
maxSW,aparc,1.0,Betweenness Centrality,rh_transversetemporal,0.0,0.0,0.0
maxSW,aparc,1.0,Eigenvector Centrality,lh_bankssts,0.6177258622390694,0.5965569995559393,-0.02116886268313012
maxSW,aparc,1.0,Eigenvector Centrality,lh_caudalanteriorcingulate,0.7674640464098988,0.792584617607262,0.025120571197363106
maxSW,aparc,1.0,Eigenvector Centrality,lh_caudalmiddlefrontal,0.9272430726449488,0.9292053844494681,0.0019623118045193344
maxSW,aparc,1.0,Eigenvector Centrality,lh_cuneus,0.516361331502995,0.5115186205467697,-0.004842710956225349
maxSW,aparc,1.0,Eigenvector Centrality,lh_entorhinal,0.5054590792639726,0.44827067858165387,-0.05718840068231873
maxSW,aparc,1.0,Eigenvector Centrality,lh_frontalpole,0.0,0.04441167969072774,0.04441167969072774
maxSW,aparc,1.0,Eigenvector Centrality,lh_fusiform,0.9471686785512561,0.9575370997109696,0.010368421159713481
maxSW,aparc,1.0,Eigenvector Centrality,lh_inferiorparietal,0.9885148463204512,0.9824930601214701,-0.006021786198981083
maxSW,aparc,1.0,Eigenvector Centrality,lh_inferiortemporal,0.8606341106867853,0.8334432740263733,-0.027190836660412
maxSW,aparc,1.0,Eigenvector Centrality,lh_insula,0.5098436493967096,0.4889934955857875,-0.02085015381092209
maxSW,aparc,1.0,Eigenvector Centrality,lh_isthmuscingulate,0.8555350269801495,0.8820526640329119,0.026517637052762444
maxSW,aparc,1.0,Eigenvector Centrality,lh_lateraloccipital,0.7690738914025674,0.7651790817035253,-0.003894809699042101
maxSW,aparc,1.0,Eigenvector Centrality,lh_lateralorbitofrontal,0.9697280576323134,0.9674411900822155,-0.002286867550097882
maxSW,aparc,1.0,Eigenvector Centrality,lh_lingual,0.6879083936024485,0.7031950939126637,0.015286700310215173
maxSW,aparc,1.0,Eigenvector Centrality,lh_medialorbitofrontal,0.9242052532521243,0.9098915412278246,-0.014313712024299763
maxSW,aparc,1.0,Eigenvector Centrality,lh_middletemporal,0.6638200319974096,0.692379315657875,0.02855928366046545
maxSW,aparc,1.0,Eigenvector Centrality,lh_paracentral,0.8987638669125446,0.8949932931366319,-0.0037705737759127222
maxSW,aparc,1.0,Eigenvector Centrality,lh_parahippocampal,0.7809093651112325,0.801413872325618,0.02050450721438546
maxSW,aparc,1.0,Eigenvector Centrality,lh_parsopercularis,0.9480266076438874,0.9591726916185142,0.011146083974626797
maxSW,aparc,1.0,Eigenvector Centrality,lh_parsorbitalis,0.3636572592701025,0.4164173049113579,0.052760045641255415
maxSW,aparc,1.0,Eigenvector Centrality,lh_parstriangularis,0.9272658536271958,0.9414956997189481,0.014229846091752263
maxSW,aparc,1.0,Eigenvector Centrality,lh_pericalcarine,0.17559155718470468,0.1678915756733486,-0.007699981511356091
maxSW,aparc,1.0,Eigenvector Centrality,lh_postcentral,0.8324581468835714,0.8145210689527118,-0.017937077930859635
maxSW,aparc,1.0,Eigenvector Centrality,lh_posteriorcingulate,0.879953685103716,0.8894100636099357,0.00945637850621972
maxSW,aparc,1.0,Eigenvector Centrality,lh_precentral,0.967978482494883,0.9655542728007516,-0.002424209694131485
maxSW,aparc,1.0,Eigenvector Centrality,lh_precuneus,0.9447648963936565,0.9539027973019762,0.009137900908319785
maxSW,aparc,1.0,Eigenvector Centrality,lh_rostralanteriorcingulate,0.7221898963586268,0.7110356894156857,-0.011154206942941114
maxSW,aparc,1.0,Eigenvector Centrality,lh_rostralmiddlefrontal,0.8811633772794473,0.902336021344808,0.02117264406536068
maxSW,aparc,1.0,Eigenvector Centrality,lh_superiorfrontal,0.87341924361442,0.8753453457377979,0.0019261021233778486
maxSW,aparc,1.0,Eigenvector Centrality,lh_superiorparietal,0.9067131099095149,0.927235267519177,0.02052215760966203
maxSW,aparc,1.0,Eigenvector Centrality,lh_superiortemporal,0.8431682843347896,0.8430373682664073,-0.00013091606838233627
maxSW,aparc,1.0,Eigenvector Centrality,lh_supramarginal,0.9797305226387026,0.9792835623488172,-0.00044696028988544523
maxSW,aparc,1.0,Eigenvector Centrality,lh_temporalpole,0.13417755545765078,0.053876708884688915,-0.08030084657296187
maxSW,aparc,1.0,Eigenvector Centrality,lh_transversetemporal,0.6810845220816658,0.6704362597056484,-0.010648262376017459
maxSW,aparc,1.0,Eigenvector Centrality,rh_bankssts,0.47811573135620367,0.5246619670568312,0.04654623570062755
maxSW,aparc,1.0,Eigenvector Centrality,rh_caudalanteriorcingulate,0.7868818364134733,0.7675739104253803,-0.019307925988093055
maxSW,aparc,1.0,Eigenvector Centrality,rh_caudalmiddlefrontal,0.9552429924720779,0.970148703076769,0.014905710604691147
maxSW,aparc,1.0,Eigenvector Centrality,rh_cuneus,0.5248573791961804,0.5179504811351071,-0.006906898061073252
maxSW,aparc,1.0,Eigenvector Centrality,rh_entorhinal,0.46077007314769586,0.4220473695552436,-0.03872270359245228
maxSW,aparc,1.0,Eigenvector Centrality,rh_frontalpole,0.07074130841261227,0.08649119581838016,0.015749887405767896
maxSW,aparc,1.0,Eigenvector Centrality,rh_fusiform,0.9233777627161468,0.9450788388717744,0.021701076155627552
maxSW,aparc,1.0,Eigenvector Centrality,rh_inferiorparietal,0.9945175356362149,1.0,0.005482464363785078
maxSW,aparc,1.0,Eigenvector Centrality,rh_inferiortemporal,0.8976753748335812,0.8587632561088402,-0.038912118724740985
maxSW,aparc,1.0,Eigenvector Centrality,rh_insula,0.47447003645352165,0.49457397233247474,0.020103935878953094
maxSW,aparc,1.0,Eigenvector Centrality,rh_isthmuscingulate,0.852372516054518,0.8616790222563223,0.009306506201804288
maxSW,aparc,1.0,Eigenvector Centrality,rh_lateraloccipital,0.819004742912852,0.8369476515802521,0.017942908667400115
maxSW,aparc,1.0,Eigenvector Centrality,rh_lateralorbitofrontal,0.979509536805868,0.9757566415460996,-0.0037528952597684073
maxSW,aparc,1.0,Eigenvector Centrality,rh_lingual,0.7152258841533533,0.7329086726912619,0.01768278853790861
maxSW,aparc,1.0,Eigenvector Centrality,rh_medialorbitofrontal,0.9129474356328917,0.9014637808077384,-0.011483654825153344
maxSW,aparc,1.0,Eigenvector Centrality,rh_middletemporal,0.7342065365315043,0.7319720780290476,-0.0022344585024566266
maxSW,aparc,1.0,Eigenvector Centrality,rh_paracentral,0.9112370768912256,0.8911993132750736,-0.02003776361615195
maxSW,aparc,1.0,Eigenvector Centrality,rh_parahippocampal,0.8291273188475581,0.8128008702249958,-0.016326448622562273
maxSW,aparc,1.0,Eigenvector Centrality,rh_parsopercularis,0.9419259464611792,0.9301501036635935,-0.0117758427975857
maxSW,aparc,1.0,Eigenvector Centrality,rh_parsorbitalis,0.4521194414621602,0.4726391700977707,0.020519728635610468
maxSW,aparc,1.0,Eigenvector Centrality,rh_parstriangularis,0.9249006322145906,0.9145795643588138,-0.0103210678557768
maxSW,aparc,1.0,Eigenvector Centrality,rh_pericalcarine,0.16724739584664805,0.21968692986392324,0.05243953401727519
maxSW,aparc,1.0,Eigenvector Centrality,rh_postcentral,0.8461197020170405,0.7789914232335917,-0.06712827878344874
maxSW,aparc,1.0,Eigenvector Centrality,rh_posteriorcingulate,0.8747011077274961,0.8863102810990778,0.011609173371581738
maxSW,aparc,1.0,Eigenvector Centrality,rh_precentral,0.9466917091659528,0.9567421816316516,0.01005047246569879
maxSW,aparc,1.0,Eigenvector Centrality,rh_precuneus,0.9315393186022899,0.9308596524931986,-0.0006796661090913148
maxSW,aparc,1.0,Eigenvector Centrality,rh_rostralanteriorcingulate,0.7733096097304784,0.725810730917587,-0.04749887881289139
maxSW,aparc,1.0,Eigenvector Centrality,rh_rostralmiddlefrontal,0.8858120984744531,0.8936001733822218,0.007788074907768672
maxSW,aparc,1.0,Eigenvector Centrality,rh_superiorfrontal,0.8961564669068356,0.909155585490591,0.012999118583755354
maxSW,aparc,1.0,Eigenvector Centrality,rh_superiorparietal,0.8855823711141023,0.9144915352785747,0.028909164164472423
maxSW,aparc,1.0,Eigenvector Centrality,rh_superiortemporal,0.8446413035463661,0.8490491688476886,0.004407865301322422
maxSW,aparc,1.0,Eigenvector Centrality,rh_supramarginal,0.964496187046478,0.9717998346445081,0.00730364759803015
maxSW,aparc,1.0,Eigenvector Centrality,rh_temporalpole,0.19278292019599233,0.11646755235827941,-0.07631536783771292
maxSW,aparc,1.0,Eigenvector Centrality,rh_transversetemporal,0.6249895843355182,0.6115019668185443,-0.013487617516973915
maxSW,aparc,1.0,Node Degree,lh_bankssts,0.0,0.0,0.0
maxSW,aparc,1.0,Node Degree,lh_caudalanteriorcingulate,0.0,0.0,0.0
maxSW,aparc,1.0,Node Degree,lh_caudalmiddlefrontal,0.0,0.0,0.0
maxSW,aparc,1.0,Node Degree,lh_cuneus,0.0,0.0,0.0
maxSW,aparc,1.0,Node Degree,lh_entorhinal,0.0,0.0,0.0
maxSW,aparc,1.0,Node Degree,lh_frontalpole,0.0,0.0,0.0
maxSW,aparc,1.0,Node Degree,lh_fusiform,0.0,0.0,0.0
maxSW,aparc,1.0,Node Degree,lh_inferiorparietal,0.0,0.0,0.0
maxSW,aparc,1.0,Node Degree,lh_inferiortemporal,0.0,0.0,0.0
maxSW,aparc,1.0,Node Degree,lh_insula,0.0,0.0,0.0
maxSW,aparc,1.0,Node Degree,lh_isthmuscingulate,0.0,0.0,0.0
maxSW,aparc,1.0,Node Degree,lh_lateraloccipital,0.0,0.0,0.0
maxSW,aparc,1.0,Node Degree,lh_lateralorbitofrontal,0.0,0.0,0.0
maxSW,aparc,1.0,Node Degree,lh_lingual,0.0,0.0,0.0
maxSW,aparc,1.0,Node Degree,lh_medialorbitofrontal,0.0,0.0,0.0
maxSW,aparc,1.0,Node Degree,lh_middletemporal,0.0,0.0,0.0
maxSW,aparc,1.0,Node Degree,lh_paracentral,0.0,0.0,0.0
maxSW,aparc,1.0,Node Degree,lh_parahippocampal,0.0,0.0,0.0
maxSW,aparc,1.0,Node Degree,lh_parsopercularis,0.0,0.0,0.0
maxSW,aparc,1.0,Node Degree,lh_parsorbitalis,0.0,0.0,0.0
maxSW,aparc,1.0,Node Degree,lh_parstriangularis,0.0,0.0,0.0
maxSW,aparc,1.0,Node Degree,lh_pericalcarine,0.0,0.0,0.0
maxSW,aparc,1.0,Node Degree,lh_postcentral,0.0,0.0,0.0
maxSW,aparc,1.0,Node Degree,lh_posteriorcingulate,0.0,0.0,0.0
maxSW,aparc,1.0,Node Degree,lh_precentral,0.0,0.0,0.0
maxSW,aparc,1.0,Node Degree,lh_precuneus,0.0,0.0,0.0
maxSW,aparc,1.0,Node Degree,lh_rostralanteriorcingulate,0.0,0.0,0.0
maxSW,aparc,1.0,Node Degree,lh_rostralmiddlefrontal,0.0,0.0,0.0
maxSW,aparc,1.0,Node Degree,lh_superiorfrontal,0.0,0.0,0.0
maxSW,aparc,1.0,Node Degree,lh_superiorparietal,0.0,0.0,0.0
maxSW,aparc,1.0,Node Degree,lh_superiortemporal,0.0,0.0,0.0
maxSW,aparc,1.0,Node Degree,lh_supramarginal,0.0,0.0,0.0
maxSW,aparc,1.0,Node Degree,lh_temporalpole,0.0,0.0,0.0
maxSW,aparc,1.0,Node Degree,lh_transversetemporal,0.0,0.0,0.0
maxSW,aparc,1.0,Node Degree,rh_bankssts,0.0,0.0,0.0
maxSW,aparc,1.0,Node Degree,rh_caudalanteriorcingulate,0.0,0.0,0.0
maxSW,aparc,1.0,Node Degree,rh_caudalmiddlefrontal,0.0,0.0,0.0
maxSW,aparc,1.0,Node Degree,rh_cuneus,0.0,0.0,0.0
maxSW,aparc,1.0,Node Degree,rh_entorhinal,0.0,0.0,0.0
maxSW,aparc,1.0,Node Degree,rh_frontalpole,0.0,0.0,0.0
maxSW,aparc,1.0,Node Degree,rh_fusiform,0.0,0.0,0.0
maxSW,aparc,1.0,Node Degree,rh_inferiorparietal,0.0,0.0,0.0
maxSW,aparc,1.0,Node Degree,rh_inferiortemporal,0.0,0.0,0.0
maxSW,aparc,1.0,Node Degree,rh_insula,0.0,0.0,0.0
maxSW,aparc,1.0,Node Degree,rh_isthmuscingulate,0.0,0.0,0.0
maxSW,aparc,1.0,Node Degree,rh_lateraloccipital,0.0,0.0,0.0
maxSW,aparc,1.0,Node Degree,rh_lateralorbitofrontal,0.0,0.0,0.0
maxSW,aparc,1.0,Node Degree,rh_lingual,0.0,0.0,0.0
maxSW,aparc,1.0,Node Degree,rh_medialorbitofrontal,0.0,0.0,0.0
maxSW,aparc,1.0,Node Degree,rh_middletemporal,0.0,0.0,0.0
maxSW,aparc,1.0,Node Degree,rh_paracentral,0.0,0.0,0.0
maxSW,aparc,1.0,Node Degree,rh_parahippocampal,0.0,0.0,0.0
maxSW,aparc,1.0,Node Degree,rh_parsopercularis,0.0,0.0,0.0
maxSW,aparc,1.0,Node Degree,rh_parsorbitalis,0.0,0.0,0.0
maxSW,aparc,1.0,Node Degree,rh_parstriangularis,0.0,0.0,0.0
maxSW,aparc,1.0,Node Degree,rh_pericalcarine,0.0,0.0,0.0
maxSW,aparc,1.0,Node Degree,rh_postcentral,0.0,0.0,0.0
maxSW,aparc,1.0,Node Degree,rh_posteriorcingulate,0.0,0.0,0.0
maxSW,aparc,1.0,Node Degree,rh_precentral,0.0,0.0,0.0
maxSW,aparc,1.0,Node Degree,rh_precuneus,0.0,0.0,0.0
maxSW,aparc,1.0,Node Degree,rh_rostralanteriorcingulate,0.0,0.0,0.0
maxSW,aparc,1.0,Node Degree,rh_rostralmiddlefrontal,0.0,0.0,0.0
maxSW,aparc,1.0,Node Degree,rh_superiorfrontal,0.0,0.0,0.0
maxSW,aparc,1.0,Node Degree,rh_superiorparietal,0.0,0.0,0.0
maxSW,aparc,1.0,Node Degree,rh_superiortemporal,0.0,0.0,0.0
maxSW,aparc,1.0,Node Degree,rh_supramarginal,0.0,0.0,0.0
maxSW,aparc,1.0,Node Degree,rh_temporalpole,0.0,0.0,0.0
maxSW,aparc,1.0,Node Degree,rh_transversetemporal,0.0,0.0,0.0
